--------- beginning of system
03-07 12:30:58.091  1823  3013 V AlarmManager: set(null) : type=3 when=287696442whenElapsed287696442maxWhen =287718902 win=22460 interval=0 flags=0x0 pkg = android
03-07 12:30:58.100  1823  2751 V AlarmManager: set(PendingIntent{7b391ce: PendingIntentRecord{13608ef com.google.android.gms/com.google.android.gms.container startService}}) : type=3 when=315647666504whenElapsed315647666504maxWhen =552167666504 win=236520000000 interval=0 flags=0x8 pkg = com.google.android.gms
--------- beginning of main
03-07 12:30:58.149  2763  2763 D Avrcp_ext: buildBrowsablePlayerList 
03-07 12:30:58.153 17223 17359 I dkrw    : (REDACTED) maybeUpdateCacheDataForAddedPackage %s
03-07 12:30:58.156 24181 24224 D PackageReceiver: onReceive()
03-07 12:30:58.156  5225 13287 E Parcel  : Reading a NULL string not supported here.
03-07 12:30:58.159  5225 13287 I chatty  : uid=10446(com.qualcomm.qti.workloadclassifier) WLCServiceHandl identical 2 lines
03-07 12:30:58.162  5225 13287 E Parcel  : Reading a NULL string not supported here.
03-07 12:30:58.162 15661 15661 I NotificationBackend: onReceive intent= Intent { act=android.intent.action.PACKAGE_ADDED dat=package:com.jurnalsaham.jurnalsahamihsg flg=0x4000010 (has extras) }
03-07 12:30:58.163 15661 15689 W ContextImpl: Calling a method in the system process without a qualified user: android.app.ContextImpl.sendBroadcast:1174 android.content.ContextWrapper.sendBroadcast:483 com.coloros.notificationmanager.AppModificationReceiver.notifyAppModified:42 com.coloros.notificationmanager.NotificationBackend.processBroadcast:2304 com.coloros.notificationmanager.NotificationBackend.access$300:97 
03-07 12:30:58.164 10065 10065 I Finsky  : [2] aick - Received: android.intent.action.PACKAGE_ADDED, [RNTEHK_6blyCC_wNG8Yk_0_1l0Hycbve8El6ixm9NOs]
03-07 12:30:58.164  5225 13287 E Parcel  : Reading a NULL string not supported here.
03-07 12:30:58.168  2763  2763 D Avrcp_ext: Fetch the displayName of package - start
03-07 12:30:58.169  5225 13287 E Parcel  : Reading a NULL string not supported here.
03-07 12:30:58.172  1823  2444 I InputReader: Reconfiguring input devices, changes=KEYBOARD_LAYOUTS | 
03-07 12:30:58.174  5225 13287 E Parcel  : Reading a NULL string not supported here.
03-07 12:30:58.179  5225 13287 I chatty  : uid=10446(com.qualcomm.qti.workloadclassifier) WLCServiceHandl identical 3 lines
03-07 12:30:58.183  5225 13287 E Parcel  : Reading a NULL string not supported here.
03-07 12:30:58.184  1216  8539 D TapHttp.CallTrackHelper 47881: responseHeadersEnd https://dc-dragate-sg.heytapmobile.com/v1/stat/rinstall?appid=21000&logtag=0&nonce=2614&timestamp=1772861457&sign=2807f30a227457477d630c508bde51f5
03-07 12:30:58.185  1216  8539 D TapHttp.CallTrackHelper 47881: responseBodyStart https://dc-dragate-sg.heytapmobile.com/v1/stat/rinstall?appid=21000&logtag=0&nonce=2614&timestamp=1772861457&sign=2807f30a227457477d630c508bde51f5
03-07 12:30:58.185  1216  8539 D TapHttp.CallTrackHelper 47881: responseEnd https://dc-dragate-sg.heytapmobile.com/v1/stat/rinstall?appid=21000&logtag=0&nonce=2614&timestamp=1772861457&sign=2807f30a227457477d630c508bde51f5
03-07 12:30:58.185  1216  8539 I TapHttp.SpecialCallServerStub: response online : protocol: http/1.1, code:200 ,url:https://dc-dragate-sg.heytapmobile.com/v1/stat/rinstall?appid=21000&logtag=0&nonce=2614&timestamp=1772861457&sign=2807f30a227457477d630c508bde51f5
03-07 12:30:58.185  1216  8539 I TapHttp.SpecialCallServerStub: response online: host:dc-dragate-sg.heytapmobile.com,headers:Server: nginx
03-07 12:30:58.185  1216  8539 I TapHttp.SpecialCallServerStub: Date: Sat, 07 Mar 2026 05:31:00 GMT
03-07 12:30:58.185  1216  8539 I TapHttp.SpecialCallServerStub: Content-Type: application/json;charset=UTF-8
03-07 12:30:58.185  1216  8539 I TapHttp.SpecialCallServerStub: Content-Length: 23
03-07 12:30:58.185  1216  8539 I TapHttp.SpecialCallServerStub: Connection: keep-alive
03-07 12:30:58.185  1216  8539 I TapHttp.SpecialCallServerStub: Access-Control-Allow-Credentials: true
03-07 12:30:58.185  1216  8539 I TapHttp.SpecialCallServerStub: Access-Control-Allow-Origin: *
03-07 12:30:58.185  1216  8539 I TapHttp.SpecialCallServerStub: Access-Control-Allow-Methods: GET, POST, OPTIONS
03-07 12:30:58.185  1216  8539 I TapHttp.SpecialCallServerStub: Access-Control-Allow-Headers: content-type, Origin, X-Requested-With
03-07 12:30:58.185  1216  8539 I TapHttp.SpecialCallServerStub: Access-Control-Expose-Headers: Content-Length
03-07 12:30:58.185  1216  8539 I TapHttp.SpecialCallServerStub: Access-Control-Max-Age: 86400
03-07 12:30:58.185  1216  8539 I TapHttp.SpecialCallServerStub: TAP-APP-CONF-DIM: compass_dcs:0,dcc_124200:0,dcc_module_switch:0,dcc_20158:0,dcc_2:0,dcc_awareness_sg:0
03-07 12:30:58.185  1216  8539 I TapHttp.SpecialCallServerStub: X-Backend-Host: 21bsm:81
03-07 12:30:58.185  1216  8539 I TapHttp.SpecialCallServerStub: X-Gateway-Host: ec16b1bf4f7e6ed7c4a687f11c269d83b2afd245cc9d429a8965a43ae2a8c5758d39673f303be3899a96be2bf74f21bd
03-07 12:30:58.185  1216  8539 I TapHttp.SpecialCallServerStub: 
03-07 12:30:58.185  5225 13287 E Parcel  : Reading a NULL string not supported here.
03-07 12:30:58.186  2763  2763 D Avrcp_ext: Fetch the displayName of package -YouTube Music end
03-07 12:30:58.186  2763  2763 D Avrcp_ext: svc com.google.android.apps.youtube.music.mediabrowser.MusicBrowserService pkg com.google.android.apps.youtube.music
03-07 12:30:58.188 10248 10248 D SecurityCheck: isOOBEOver 1
03-07 12:30:58.190  2763  2763 D Avrcp_ext: Adding media player info for com.google.android.apps.youtube.music with id 1
03-07 12:30:58.190  2763  2763 D Avrcp_ext: Added MediaPlayerController/MediaPlayerPackage
03-07 12:30:58.190  1216  8539 D TapHttp.CallTrackHelper 47881: responseBodyEnd https://dc-dragate-sg.heytapmobile.com/v1/stat/rinstall?appid=21000&logtag=0&nonce=2614&timestamp=1772861457&sign=2807f30a227457477d630c508bde51f5
03-07 12:30:58.190  1216  8539 D TapHttp.CallTrackHelper 47881: connectionReleased https://dc-dragate-sg.heytapmobile.com/v1/stat/rinstall?appid=21000&logtag=0&nonce=2614&timestamp=1772861457&sign=2807f30a227457477d630c508bde51f5
03-07 12:30:58.190  1216  8539 D TapHttp.CallTrackHelper 47881: callEnd https://dc-dragate-sg.heytapmobile.com/v1/stat/rinstall?appid=21000&logtag=0&nonce=2614&timestamp=1772861457&sign=2807f30a227457477d630c508bde51f5
03-07 12:30:58.190  1216  8539 D TapHttp.CallTrackHelper 47881: call_time : 227
03-07 12:30:58.190  1216  8539 D TapHttp.CallTrackHelper 47881: callEnd https://dc-dragate-sg.heytapmobile.com/v1/stat/rinstall?appid=21000&logtag=0&nonce=2614&timestamp=1772861457&sign=2807f30a227457477d630c508bde51f5
03-07 12:30:58.190  1216  8539 V TapHttp.StatRateHelper: ignore record by sample ratio is 1
03-07 12:30:58.192 16531 16531 I AstScreen.ApplicationStateChangeMonitor: ApplicationStateChangeReceiver onReceive
03-07 12:30:58.192 16531 16531 I AstScreen.ApplicationStateChangeMonitor: ApplicationStateChangeReceiver onReceive, action = android.intent.action.PACKAGE_ADDED packageName = jurnalsahamihsg
03-07 12:30:58.192  2763  2763 D Avrcp_ext: Adding media player info for com.google.android.googlequicksearchbox with id 2
03-07 12:30:58.192  2763  2763 D Avrcp_ext: Added MediaPlayerController/MediaPlayerPackage
03-07 12:30:58.195  2763  2763 D Avrcp_ext: Adding media player info for com.google.android.youtube with id 3
03-07 12:30:58.195  2763  2763 D Avrcp_ext: Added MediaPlayerController/MediaPlayerPackage
03-07 12:30:58.195  3528  3528 I Finsky:background: [2] aica - Received: android.intent.action.PACKAGE_ADDED, [RNTEHK_6blyCC_wNG8Yk_0_1l0Hycbve8El6ixm9NOs]
03-07 12:30:58.196  2763  2763 D Avrcp_ext: Adding media player info for com.heytap.mcs with id 4
03-07 12:30:58.196  2763  2763 D Avrcp_ext: Added MediaPlayerController/MediaPlayerPackage
03-07 12:30:58.197 21515 21648 W ContextImpl: Calling a method in the system process without a qualified user: android.app.ContextImpl.startService:1717 android.content.ContextWrapper.startService:730 com.heytap.mcs.pkginstall.a.a:24 com.heytap.mcs.pkginstall.a.a:10 com.heytap.mcs.pkginstall.a.d:0 
03-07 12:30:58.197  2763  2763 D Avrcp_ext: Adding media player info for com.brave.browser with id 5
03-07 12:30:58.197  2763  2763 D Avrcp_ext: Added MediaPlayerController/MediaPlayerPackage
03-07 12:30:58.198  2763  2763 D Avrcp_ext: Adding media player info for com.spotify.music with id 6
03-07 12:30:58.198  2763  2763 V Avrcp_ext: updateCurrentMediaState: mMediaController: null
03-07 12:30:58.198  2763  2763 V Avrcp_ext: isMusicActive: false getBluetoothPlayState: 2
03-07 12:30:58.198  2763  2763 V Avrcp_ext: updateCurrentMediaState: isPlaying = false
03-07 12:30:58.198  2763  2763 V Avrcp_ext: Media update: id -1-->-1? [MediaAttributes: none] : [MediaAttributes: none]
03-07 12:30:58.198  2763  2763 V Avrcp_ext: newPlayStatus:2 mReportedPlayStatus:-1
03-07 12:30:58.199  2763  2763 V Avrcp_ext: updatePlaybackState, state: PlaybackState {state=2, position=-1, buffered position=0, speed=0.0, updated=287666603, actions=0, custom actions=[], active item id=-1, error=null} device: null
03-07 12:30:58.199  2763  2763 V Avrcp_ext: Device: no name: 
03-07 12:30:58.199  2763  2763 I chatty  : uid=1002(bluetooth) com.android.bluetooth identical 3 lines
03-07 12:30:58.199  2763  2763 V Avrcp_ext: Device: no name: 
03-07 12:30:58.205  2763  2763 E HeadsetStateMachine: returning mCurrentState as Disconnected
03-07 12:30:58.205  2763  2763 D HeadsetService:  isAudioOn: The number of audio connected devices 0
03-07 12:30:58.205  2763  2763 D HeadsetService: isScoOrCallActive(): Call Active:falseCall is Ringing:falseSCO is Active:false
03-07 12:30:58.207  2763  2763 E HeadsetStateMachine: returning mCurrentState as Disconnected
03-07 12:30:58.207  2763  2763 D HeadsetService:  isAudioOn: The number of audio connected devices 0
03-07 12:30:58.207  2763  2763 I Avrcp_ext: updatePlayStatusForDevice: device: null
03-07 12:30:58.207  2763  2763 I Avrcp_ext: Exit updatePlayStatusForDevice
03-07 12:30:58.209  5225 13287 E Parcel  : Reading a NULL string not supported here.
03-07 12:30:58.209  2763  2763 E HeadsetStateMachine: returning mCurrentState as Disconnected
03-07 12:30:58.209  2763  2763 D HeadsetService:  isAudioOn: The number of audio connected devices 0
03-07 12:30:58.209  2763  2763 D HeadsetService: isScoOrCallActive(): Call Active:falseCall is Ringing:falseSCO is Active:false
03-07 12:30:58.209  2763  2763 E HeadsetStateMachine: returning mCurrentState as Disconnected
03-07 12:30:58.210  2763  2763 D HeadsetService:  isAudioOn: The number of audio connected devices 0
03-07 12:30:58.210  2763  2763 I Avrcp_ext: updatePlayStatusForDevice: device: null
03-07 12:30:58.210  2763  2763 I Avrcp_ext: Exit updatePlayStatusForDevice
03-07 12:30:58.210  2763  2763 E HeadsetStateMachine: returning mCurrentState as Disconnected
03-07 12:30:58.210  2763  2763 D HeadsetService:  isAudioOn: The number of audio connected devices 0
03-07 12:30:58.210  2763  2763 D HeadsetService: isScoOrCallActive(): Call Active:falseCall is Ringing:falseSCO is Active:false
03-07 12:30:58.210  5225 13287 E Parcel  : Reading a NULL string not supported here.
03-07 12:30:58.210  2763  2763 E HeadsetStateMachine: returning mCurrentState as Disconnected
03-07 12:30:58.210  2763  2763 D HeadsetService:  isAudioOn: The number of audio connected devices 0
03-07 12:30:58.211  2763  2763 I Avrcp_ext: updatePlayStatusForDevice: device: null
03-07 12:30:58.211  2763  2763 I Avrcp_ext: Exit updatePlayStatusForDevice
03-07 12:30:58.211  2763  2763 E HeadsetStateMachine: returning mCurrentState as Disconnected
03-07 12:30:58.211  2763  2763 D HeadsetService:  isAudioOn: The number of audio connected devices 0
03-07 12:30:58.211  2763  2763 D HeadsetService: isScoOrCallActive(): Call Active:falseCall is Ringing:falseSCO is Active:false
03-07 12:30:58.212  2763  2763 E HeadsetStateMachine: returning mCurrentState as Disconnected
03-07 12:30:58.212  2763  2763 D HeadsetService:  isAudioOn: The number of audio connected devices 0
03-07 12:30:58.212  2763  2763 I Avrcp_ext: updatePlayStatusForDevice: device: null
03-07 12:30:58.212  2763  2763 I Avrcp_ext: Exit updatePlayStatusForDevice
03-07 12:30:58.215  1823  2008 W Looper  : Slow dispatch took 131ms android.ui h=com.android.server.am.ActivityManagerService$UiHandler c=null m=31
03-07 12:30:58.216  1134  2525 D AudioPolicyService: updateUidStates_l() allowCapture=true because of on TOP AND uses VOICE_RECOGNITION OR uses HOTWORD
03-07 12:30:58.216  1134  2525 D AudioPolicyService: updateUidStates_l() current->uid=10070 current->pid=17223 allowCapture=1 UidState=5 apmStat=1
03-07 12:30:58.216  1823  2750 V OplusLocationStatusMonitor: give up it, I have record it early
03-07 12:30:58.222 10065 10065 I Finsky  : [2] DTU: Received onPackageAdded, replacing: true
03-07 12:30:58.225  2763  2763 E HeadsetStateMachine: returning mCurrentState as Disconnected
03-07 12:30:58.225  2763  2763 D HeadsetService:  isAudioOn: The number of audio connected devices 0
03-07 12:30:58.225  2763  2763 D HeadsetService: isScoOrCallActive(): Call Active:falseCall is Ringing:falseSCO is Active:false
03-07 12:30:58.227  5225 13287 E Parcel  : Reading a NULL string not supported here.
03-07 12:30:58.230  5225 13287 E Parcel  : Reading a NULL string not supported here.
03-07 12:30:58.231  2763  2763 E HeadsetStateMachine: returning mCurrentState as Disconnected
03-07 12:30:58.232  2763  2763 D HeadsetService:  isAudioOn: The number of audio connected devices 0
03-07 12:30:58.232  2763  2763 I Avrcp_ext: updatePlayStatusForDevice: device: null
03-07 12:30:58.232  2763  2763 I Avrcp_ext: Exit updatePlayStatusForDevice
03-07 12:30:58.232  2763  2763 D Avrcp_ext: Enter sendPlayPosNotificationRsp
03-07 12:30:58.232  2763  2763 I chatty  : uid=1002(bluetooth) com.android.bluetooth identical 3 lines
03-07 12:30:58.232  2763  2763 D Avrcp_ext: Enter sendPlayPosNotificationRsp
03-07 12:30:58.232  2763  2763 V Avrcp_ext: Exit updatePlayerStateAndPosition
03-07 12:30:58.232  2763  2763 D Avrcp_ext: Added MediaPlayerController/MediaPlayerPackage
03-07 12:30:58.234  2763  2763 D Avrcp_ext: Adding media player info for com.ss.android.ugc.trill with id 7
03-07 12:30:58.234  2763  2763 D Avrcp_ext: Added MediaPlayerController/MediaPlayerPackage
03-07 12:30:58.237  5225 13287 E Parcel  : Reading a NULL string not supported here.
03-07 12:30:58.238  5225 13287 E Parcel  : Reading a NULL string not supported here.
03-07 12:30:58.239  2763  2763 D Avrcp_ext: Adding media player info for com.ss.android.ugc.trill with id 7
03-07 12:30:58.239  2763  2763 D Avrcp_ext: Added MediaPlayerController/MediaPlayerPackage
03-07 12:30:58.240  5225 13287 E Parcel  : Reading a NULL string not supported here.
03-07 12:30:58.240  3528  7550 I Finsky:background: [55000] Wrote row to frosting DB: 510802
03-07 12:30:58.247  2763  2763 D Avrcp_ext: Adding media player info for com.ss.android.ugc.trill with id 7
03-07 12:30:58.247  2763  2763 D Avrcp_ext: Added MediaPlayerController/MediaPlayerPackage
03-07 12:30:58.247 15661 15661 D StartupManager_Unstable: derestrictUnstableApp: not unstable app :com.jurnalsaham.jurnalsahamihsg
03-07 12:30:58.247  1823  2750 D LocationManagerService: request c0c3d30 gps Request[ACCURACY_FINE gps interval=0 fastestInterval=0] from com.shopee.id(10030 foreground)
03-07 12:30:58.247  1823  2750 D OplusGnssWhiteListProxy: on get OplusGnssWhiteListProxy!
03-07 12:30:58.249  1823  2750 I chatty  : uid=1000(system) Binder:1823_5 identical 32 lines
03-07 12:30:58.249  1823  2750 D OplusGnssWhiteListProxy: on get OplusGnssWhiteListProxy!
03-07 12:30:58.249  2763  2763 D Avrcp_ext: Adding media player info for com.ss.android.ugc.trill with id 7
03-07 12:30:58.249  2763  2763 D Avrcp_ext: Added MediaPlayerController/MediaPlayerPackage
03-07 12:30:58.250  5225 13287 E Parcel  : Reading a NULL string not supported here.
03-07 12:30:58.252  2763  2763 D Avrcp_ext: Adding media player info for org.telegram.messenger with id 8
03-07 12:30:58.252  2763  2763 D Avrcp_ext: Added MediaPlayerController/MediaPlayerPackage
03-07 12:30:58.252  2763  2763 V Avrcp_ext: updateCurrentMediaState: mMediaController: null
03-07 12:30:58.253  2763  2763 V Avrcp_ext: isMusicActive: false getBluetoothPlayState: 2
03-07 12:30:58.253  2763  2763 V Avrcp_ext: updateCurrentMediaState: isPlaying = false
03-07 12:30:58.253  2763  2763 V Avrcp_ext: Media update: id -1-->-1? [MediaAttributes: none] : [MediaAttributes: none]
03-07 12:30:58.253  2763  2763 V Avrcp_ext: newPlayStatus:2 mReportedPlayStatus:-1
03-07 12:30:58.253  2763  2763 V Avrcp_ext: updatePlaybackState, state: PlaybackState {state=2, position=-1, buffered position=0, speed=0.0, updated=287666657, actions=0, custom actions=[], active item id=-1, error=null} device: null
03-07 12:30:58.253  2763  2763 V Avrcp_ext: Device: no name: 
03-07 12:30:58.253  2763  2763 I chatty  : uid=1002(bluetooth) com.android.bluetooth identical 3 lines
03-07 12:30:58.253  2763  2763 V Avrcp_ext: Device: no name: 
03-07 12:30:58.254  5225 13287 E Parcel  : Reading a NULL string not supported here.
03-07 12:30:58.255  1823  2750 D OplusGnssWhiteListProxy: on get OplusGnssWhiteListProxy!
03-07 12:30:58.256  5225 13287 E Parcel  : Reading a NULL string not supported here.
03-07 12:30:58.257  1823  2750 D OplusGnssWhiteListProxy: on get OplusGnssWhiteListProxy!
03-07 12:30:58.258  1823  2750 I chatty  : uid=1000(system) Binder:1823_5 identical 22 lines
03-07 12:30:58.258  1823  2750 D OplusGnssWhiteListProxy: on get OplusGnssWhiteListProxy!
03-07 12:30:58.258  5225 13287 E Parcel  : Reading a NULL string not supported here.
03-07 12:30:58.258  1823  2750 D OplusGnssWhiteListProxy: on get OplusGnssWhiteListProxy!
03-07 12:30:58.259  1823  2750 I chatty  : uid=1000(system) Binder:1823_5 identical 27 lines
03-07 12:30:58.259  1823  2750 D OplusGnssWhiteListProxy: on get OplusGnssWhiteListProxy!
03-07 12:30:58.259 21100  7563 I Fitness : (REDACTED) FitCleanupIntentOperation received Intent %s
03-07 12:30:58.259  1823  2750 D OplusGnssWhiteListProxy: on get OplusGnssWhiteListProxy!
03-07 12:30:58.259  1823  2750 I chatty  : uid=1000(system) Binder:1823_5 identical 27 lines
03-07 12:30:58.260  1823  2750 D OplusGnssWhiteListProxy: on get OplusGnssWhiteListProxy!
03-07 12:30:58.260  5225 13287 E Parcel  : Reading a NULL string not supported here.
03-07 12:30:58.260  1823  2750 D OplusGnssWhiteListProxy: on get OplusGnssWhiteListProxy!
03-07 12:30:58.262  1823  2549 D JobScheduler.Temperature: get temperature=32.0
03-07 12:30:58.262  1823  2750 I chatty  : uid=1000(system) Binder:1823_5 identical 12 lines
03-07 12:30:58.262  1823  2750 D OplusGnssWhiteListProxy: on get OplusGnssWhiteListProxy!
03-07 12:30:58.262  5225 13287 E Parcel  : Reading a NULL string not supported here.
03-07 12:30:58.262  1823  2750 D OplusGnssWhiteListProxy: on get OplusGnssWhiteListProxy!
03-07 12:30:58.262  1823  2750 I chatty  : uid=1000(system) Binder:1823_5 identical 1 line
03-07 12:30:58.262  1823  2750 D OplusGnssWhiteListProxy: on get OplusGnssWhiteListProxy!
03-07 12:30:58.262  2763  2763 E HeadsetStateMachine: returning mCurrentState as Disconnected
03-07 12:30:58.262  2763  2763 D HeadsetService:  isAudioOn: The number of audio connected devices 0
03-07 12:30:58.262  2763  2763 D HeadsetService: isScoOrCallActive(): Call Active:falseCall is Ringing:falseSCO is Active:false
03-07 12:30:58.262  1823  2750 D OplusGnssWhiteListProxy: on get OplusGnssWhiteListProxy!
03-07 12:30:58.262  1823  2750 I chatty  : uid=1000(system) Binder:1823_5 identical 7 lines
03-07 12:30:58.262  1823  2750 D OplusGnssWhiteListProxy: on get OplusGnssWhiteListProxy!
03-07 12:30:58.262 10065 10065 I Finsky  : [2] AIM: AppInfoCacheUpdater -> invalidating apps: [com.jurnalsaham.jurnalsahamihsg]
03-07 12:30:58.263  2763  2763 E HeadsetStateMachine: returning mCurrentState as Disconnected
03-07 12:30:58.263  2763  2763 D HeadsetService:  isAudioOn: The number of audio connected devices 0
03-07 12:30:58.263  2763  2763 I Avrcp_ext: updatePlayStatusForDevice: device: null
03-07 12:30:58.263 10065 10065 I Finsky  : [2] AIM: AppInfoManager-Perf > getApps > called for 1 apps
03-07 12:30:58.263  2763  2763 I Avrcp_ext: Exit updatePlayStatusForDevice
03-07 12:30:58.263  1823  2750 D OplusGnssWhiteListProxy: on get OplusGnssWhiteListProxy!
03-07 12:30:58.263  1823  2750 I chatty  : uid=1000(system) Binder:1823_5 identical 10 lines
03-07 12:30:58.263  1823  2750 D OplusGnssWhiteListProxy: on get OplusGnssWhiteListProxy!
03-07 12:30:58.263  2763  2763 E HeadsetStateMachine: returning mCurrentState as Disconnected
03-07 12:30:58.263  2763  2763 D HeadsetService:  isAudioOn: The number of audio connected devices 0
03-07 12:30:58.263  2763  2763 D HeadsetService: isScoOrCallActive(): Call Active:falseCall is Ringing:falseSCO is Active:false
03-07 12:30:58.264  1823  2750 D OplusGnssWhiteListProxy: on get OplusGnssWhiteListProxy!
03-07 12:30:58.264  1823  2750 I chatty  : uid=1000(system) Binder:1823_5 identical 19 lines
03-07 12:30:58.264  1823  2750 D OplusGnssWhiteListProxy: on get OplusGnssWhiteListProxy!
03-07 12:30:58.264 10065 10108 I Finsky  : [53165] AIM: AppInfoManager-Perf > OnDeviceAppInfo > cacheHitCount=0, cacheMissCount=1. Missed  in cache (limit 10) : [com.jurnalsaham.jurnalsahamihsg]
03-07 12:30:58.264  1823  2750 D OplusGnssWhiteListProxy: on get OplusGnssWhiteListProxy!
03-07 12:30:58.264  1823  2750 I chatty  : uid=1000(system) Binder:1823_5 identical 4 lines
03-07 12:30:58.264  1823  2750 D OplusGnssWhiteListProxy: on get OplusGnssWhiteListProxy!
03-07 12:30:58.264  2763  2763 E HeadsetStateMachine: returning mCurrentState as Disconnected
03-07 12:30:58.264  2763  2763 D HeadsetService:  isAudioOn: The number of audio connected devices 0
03-07 12:30:58.264  2763  2763 I Avrcp_ext: updatePlayStatusForDevice: device: null
03-07 12:30:58.264  2763  2763 I Avrcp_ext: Exit updatePlayStatusForDevice
03-07 12:30:58.265  1823  2750 D OplusGnssWhiteListProxy: on get OplusGnssWhiteListProxy!
03-07 12:30:58.265  1823  2750 I chatty  : uid=1000(system) Binder:1823_5 identical 4 lines
03-07 12:30:58.265  1823  2750 D OplusGnssWhiteListProxy: on get OplusGnssWhiteListProxy!
03-07 12:30:58.265  2763  2763 E HeadsetStateMachine: returning mCurrentState as Disconnected
03-07 12:30:58.265  2763  2763 D HeadsetService:  isAudioOn: The number of audio connected devices 0
03-07 12:30:58.265  2763  2763 D HeadsetService: isScoOrCallActive(): Call Active:falseCall is Ringing:falseSCO is Active:false
03-07 12:30:58.265  2763  2763 E HeadsetStateMachine: returning mCurrentState as Disconnected
03-07 12:30:58.265  2763  2763 D HeadsetService:  isAudioOn: The number of audio connected devices 0
03-07 12:30:58.265  2763  2763 I Avrcp_ext: updatePlayStatusForDevice: device: null
03-07 12:30:58.265  2763  2763 I Avrcp_ext: Exit updatePlayStatusForDevice
03-07 12:30:58.266  2763  2763 E HeadsetStateMachine: returning mCurrentState as Disconnected
03-07 12:30:58.266  2763  2763 D HeadsetService:  isAudioOn: The number of audio connected devices 0
03-07 12:30:58.266  2763  2763 D HeadsetService: isScoOrCallActive(): Call Active:falseCall is Ringing:falseSCO is Active:false
03-07 12:30:58.265  1823  2750 D OplusGnssWhiteListProxy: on get OplusGnssWhiteListProxy!
03-07 12:30:58.266  1823  2750 I chatty  : uid=1000(system) Binder:1823_5 identical 19 lines
03-07 12:30:58.266  1823  2750 D OplusGnssWhiteListProxy: on get OplusGnssWhiteListProxy!
03-07 12:30:58.267  2763  2763 E HeadsetStateMachine: returning mCurrentState as Disconnected
03-07 12:30:58.267  2763  2763 D HeadsetService:  isAudioOn: The number of audio connected devices 0
03-07 12:30:58.267  2763  2763 I Avrcp_ext: updatePlayStatusForDevice: device: null
03-07 12:30:58.267  2763  2763 I Avrcp_ext: Exit updatePlayStatusForDevice
03-07 12:30:58.267  2763  2763 E HeadsetStateMachine: returning mCurrentState as Disconnected
03-07 12:30:58.267  2763  2763 D HeadsetService:  isAudioOn: The number of audio connected devices 0
03-07 12:30:58.267  2763  2763 D HeadsetService: isScoOrCallActive(): Call Active:falseCall is Ringing:falseSCO is Active:false
03-07 12:30:58.267  2763  2763 E HeadsetStateMachine: returning mCurrentState as Disconnected
03-07 12:30:58.267  2763  2763 D HeadsetService:  isAudioOn: The number of audio connected devices 0
03-07 12:30:58.267  2763  2763 I Avrcp_ext: updatePlayStatusForDevice: device: null
03-07 12:30:58.267  2763  2763 I Avrcp_ext: Exit updatePlayStatusForDevice
03-07 12:30:58.267  2763  2763 D Avrcp_ext: Enter sendPlayPosNotificationRsp
03-07 12:30:58.267  2763  2763 I chatty  : uid=1002(bluetooth) com.android.bluetooth identical 3 lines
03-07 12:30:58.267  2763  2763 D Avrcp_ext: Enter sendPlayPosNotificationRsp
03-07 12:30:58.267  2763  2763 V Avrcp_ext: Exit updatePlayerStateAndPosition
03-07 12:30:58.267  2763  2763 D Avrcp_ext: Exit handlePackageModified
03-07 12:30:58.268 10065  7556 I Finsky  : [53749] SCH: Received scheduling request: Id: 12-1, Constraints: [{ L: 15000, D: 86400000, C: CHARGING_NONE, I: IDLE_NONE, N: NET_ANY, B: BATTERY_ANY }]
03-07 12:30:58.268  1823  2750 D OplusGnssWhiteListProxy: on get OplusGnssWhiteListProxy!
03-07 12:30:58.268  1823  2750 I chatty  : uid=1000(system) Binder:1823_5 identical 2 lines
03-07 12:30:58.268  1823  2750 D OplusGnssWhiteListProxy: on get OplusGnssWhiteListProxy!
03-07 12:30:58.271  5225 13287 E Parcel  : Reading a NULL string not supported here.
03-07 12:30:58.271  1823  2750 D OplusGnssWhiteListProxy: on get OplusGnssWhiteListProxy!
03-07 12:30:58.271 10065 10109 I Finsky  : [53166] AIM: Got app ownership map. App counts: . Unique apps: 0
03-07 12:30:58.272 10065 10109 E Finsky  : [53166] [Counters] attempted to use a non-positive increment for: 4752
03-07 12:30:58.272  1823  2750 D OplusGnssWhiteListProxy: on get OplusGnssWhiteListProxy!
03-07 12:30:58.272  1823  2750 I chatty  : uid=1000(system) Binder:1823_5 identical 2 lines
03-07 12:30:58.272  1823  2750 D OplusGnssWhiteListProxy: on get OplusGnssWhiteListProxy!
03-07 12:30:58.272 10065 10111 I Finsky  : [53168] AIM: AppInfoManager-Perf > OnDeviceAppInfo > cacheHitCount=1, cacheMissCount=0. Missed  in cache (limit 10) : []
03-07 12:30:58.272  1823  2750 D OplusGnssWhiteListProxy: on get OplusGnssWhiteListProxy!
03-07 12:30:58.272  1823  2750 I chatty  : uid=1000(system) Binder:1823_5 identical 16 lines
03-07 12:30:58.272  1823  2750 D OplusGnssWhiteListProxy: on get OplusGnssWhiteListProxy!
03-07 12:30:58.272 10065 10109 I Finsky  : [53166] AIM: Got app ownership map. App counts: . Unique apps: 0
03-07 12:30:58.272  1823  2750 D OplusGnssWhiteListProxy: on get OplusGnssWhiteListProxy!
03-07 12:30:58.272 10065 10109 E Finsky  : [53166] [Counters] attempted to use a non-positive increment for: 4752
03-07 12:30:58.272  1823  2750 D OplusGnssWhiteListProxy: on get OplusGnssWhiteListProxy!
03-07 12:30:58.272  1823  2750 D OplusGnssWhiteListProxy: on get OplusGnssWhiteListProxy!
03-07 12:30:58.272 10065 10111 E Finsky  : [53168] [Counters] attempted to use a non-positive increment for: 4753
03-07 12:30:58.272  1823  2750 D OplusGnssWhiteListProxy: on get OplusGnssWhiteListProxy!
03-07 12:30:58.272  1823  2750 I chatty  : uid=1000(system) Binder:1823_5 identical 2 lines
03-07 12:30:58.272  1823  2750 D OplusGnssWhiteListProxy: on get OplusGnssWhiteListProxy!
03-07 12:30:58.272 10065 10109 E Finsky  : [53166] [Counters] attempted to use a non-positive increment for: 4753
03-07 12:30:58.272  1823  2750 D OplusGnssWhiteListProxy: on get OplusGnssWhiteListProxy!
03-07 12:30:58.275  1823  1871 E IntervalStats: Unable to parse usage stats package 5
03-07 12:30:58.275  1823  1871 E IntervalStats: Unable to parse usage stats package 30
03-07 12:30:58.275  1823  1871 E IntervalStats: Unable to parse usage stats package 219
03-07 12:30:58.275  1823  1871 E IntervalStats: Unable to parse usage stats package 306
03-07 12:30:58.275  1823  1871 E IntervalStats: Unable to parse usage stats package 332
03-07 12:30:58.275  1823  1871 E IntervalStats: Unable to parse usage stats package 573
03-07 12:30:58.276  1823  1871 E IntervalStats: Unable to parse usage stats package 635
03-07 12:30:58.276  1823  1871 E IntervalStats: Unable to parse usage stats package 641
03-07 12:30:58.276  1823  1871 E IntervalStats: Unable to parse usage stats package 891
03-07 12:30:58.276  1823  1871 E IntervalStats: Unable to parse usage stats package 970
03-07 12:30:58.276  1823  1871 E IntervalStats: Unable to parse usage stats package 1003
03-07 12:30:58.276  1823  1871 E IntervalStats: Unable to parse usage stats package 1217
03-07 12:30:58.276  1823  1871 E IntervalStats: Unable to parse usage stats package 1375
03-07 12:30:58.276  1823  1871 E IntervalStats: Unable to parse usage stats package 1850
03-07 12:30:58.276  1823  1871 E IntervalStats: Unable to parse usage stats package 1888
03-07 12:30:58.276  1823  1871 E IntervalStats: Unable to parse usage stats package 1972
03-07 12:30:58.276  1823  1871 E IntervalStats: Unable to parse usage stats package 2274
03-07 12:30:58.276  1823  1871 E IntervalStats: Unable to parse usage stats package 2283
03-07 12:30:58.276  1823  1871 E IntervalStats: Unable to parse usage stats package 2286
03-07 12:30:58.276  1823  1871 E IntervalStats: Unable to parse usage stats package 2391
03-07 12:30:58.276  1823  1871 E IntervalStats: Unable to parse usage stats package 2468
03-07 12:30:58.276  1823  1871 E IntervalStats: Unable to parse usage stats package 2470
03-07 12:30:58.275  1823  2750 I chatty  : uid=1000(system) Binder:1823_5 identical 132 lines
03-07 12:30:58.275  1823  2750 D OplusGnssWhiteListProxy: on get OplusGnssWhiteListProxy!
03-07 12:30:58.276  5225 13287 E Parcel  : Reading a NULL string not supported here.
03-07 12:30:58.276  1823  1871 E IntervalStats: Unable to parse usage stats package 2556
03-07 12:30:58.276  1823  1871 E IntervalStats: Unable to parse usage stats package 2573
03-07 12:30:58.276  1823  1871 E IntervalStats: Unable to parse usage stats package 2583
03-07 12:30:58.276  1823  1871 E IntervalStats: Unable to parse usage stats package 2624
03-07 12:30:58.276  1823  1871 E IntervalStats: Unable to parse usage stats package 2626
03-07 12:30:58.277  1823  1871 E IntervalStats: Unable to parse usage stats package 2695
03-07 12:30:58.277  1823  1871 E IntervalStats: Unable to parse usage stats package 2703
03-07 12:30:58.277  1823  1871 E IntervalStats: Unable to parse usage stats package 2708
03-07 12:30:58.277  1823  1871 E IntervalStats: Unable to parse usage stats package 2720
03-07 12:30:58.277  1823  1871 E IntervalStats: Unable to parse usage stats package 2724
03-07 12:30:58.277  1823  1871 E IntervalStats: Unable to parse usage stats package 2725
03-07 12:30:58.277  1823  1871 E IntervalStats: Unable to parse usage stats package 2726
03-07 12:30:58.277  1823  1871 E IntervalStats: Unable to parse usage stats package 2760
03-07 12:30:58.277  1823  1871 E IntervalStats: Unable to parse usage stats package 2772
03-07 12:30:58.277  1823  1871 E IntervalStats: Unable to parse usage stats package 2773
03-07 12:30:58.277  1823  1871 E IntervalStats: Unable to parse usage stats package 2774
03-07 12:30:58.277  1823  1871 E IntervalStats: Unable to parse usage stats package 2804
03-07 12:30:58.277  1823  1871 E IntervalStats: Unable to parse usage stats package 2805
03-07 12:30:58.277  1823  1871 E IntervalStats: Unable to parse usage stats package 2880
03-07 12:30:58.277  1823  1871 E IntervalStats: Unable to parse usage stats package 2889
03-07 12:30:58.277  1823  1871 E IntervalStats: Unable to parse usage stats package 2890
03-07 12:30:58.277  1823  1871 E IntervalStats: Unable to parse usage stats package 2901
03-07 12:30:58.277  1823  1871 E IntervalStats: Unable to parse usage stats package 2905
03-07 12:30:58.277  1823  1871 E IntervalStats: Unable to parse usage stats package 2906
03-07 12:30:58.277  1823  1871 E IntervalStats: Unable to parse usage stats package 2933
03-07 12:30:58.277  1823  1871 E IntervalStats: Unable to parse usage stats package 2934
03-07 12:30:58.277  1823  1871 E IntervalStats: Unable to parse usage stats package 2935
03-07 12:30:58.277  1823  1871 E IntervalStats: Unable to parse usage stats package 2936
03-07 12:30:58.277  1823  1871 E IntervalStats: Unable to parse usage stats package 2937
03-07 12:30:58.277  1823  1871 E IntervalStats: Unable to parse usage stats package 2938
03-07 12:30:58.277  1823  1871 E IntervalStats: Unable to parse usage stats package 2939
03-07 12:30:58.277  1823  1871 E IntervalStats: Unable to parse usage stats package 2940
03-07 12:30:58.277  1823  1871 E IntervalStats: Unable to parse usage stats package 2941
03-07 12:30:58.277  1823  1871 E IntervalStats: Unable to parse usage stats package 2942
03-07 12:30:58.277  1823  1871 E IntervalStats: Unable to parse usage stats package 2943
03-07 12:30:58.277  1823  1871 E IntervalStats: Unable to parse usage stats package 2944
03-07 12:30:58.277  1823  1871 E IntervalStats: Unable to parse usage stats package 2945
03-07 12:30:58.277  1823  1871 E IntervalStats: Unable to parse usage stats package 2946
03-07 12:30:58.277  1823  1871 E IntervalStats: Unable to parse usage stats package 2947
03-07 12:30:58.277  1823  1871 E IntervalStats: Unable to parse usage stats package 2948
03-07 12:30:58.277  1823  1871 E IntervalStats: Unable to parse usage stats package 2951
03-07 12:30:58.277  1823  1871 E IntervalStats: Unable to parse usage stats package 2952
03-07 12:30:58.277  1823  1871 E IntervalStats: Unable to parse usage stats package 2954
03-07 12:30:58.277  1823  1871 E IntervalStats: Unable to parse usage stats package 2955
03-07 12:30:58.299 10065 10108 E Parcel  : Reading a NULL string not supported here.
03-07 12:30:58.303 10065 10108 E Parcel  : Reading a NULL string not supported here.
03-07 12:30:58.318  1823  2750 D OplusGnssWhiteListProxy: on get OplusGnssWhiteListProxy!
03-07 12:30:58.320  1823  5656 D OplusPackageManager: removePkgFromNotLaunchedList com.jurnalsaham.jurnalsahamihsg
03-07 12:30:58.320  1823  5656 I ActivityTaskManager: START u0 {flg=0x10000000 cmp=com.jurnalsaham.jurnalsahamihsg/org.kivy.android.PythonActivity mCallingUid=2000} from uid 2000 and from pid 7580
03-07 12:30:58.319  1823  2750 I chatty  : uid=1000(system) Binder:1823_5 identical 6 lines
03-07 12:30:58.319  1823  2750 D OplusGnssWhiteListProxy: on get OplusGnssWhiteListProxy!
03-07 12:30:58.323  1108  1148 E ANDR-PERF-UTIL: Failed to read /sys/class/devfreq/soc:qcom,cpu0-llcc-ddr-lat/min_freq
03-07 12:30:58.323  1108  1148 E ANDR-PERF-OPTSHANDLER: Failed to read /sys/class/devfreq/soc:qcom,cpu0-llcc-ddr-lat/min_freq
03-07 12:30:58.323  1108  1148 E ANDR-PERF-RESOURCEQS: Failed to apply optimization [13, 12]
03-07 12:30:58.323  1108  1148 E ANDR-PERF-UTIL: Failed to read /sys/class/devfreq/soc:qcom,cpu6-llcc-ddr-lat/min_freq
03-07 12:30:58.323  1108  1148 E ANDR-PERF-OPTSHANDLER: Failed to read /sys/class/devfreq/soc:qcom,cpu6-llcc-ddr-lat/min_freq
03-07 12:30:58.323  1108  1148 E ANDR-PERF-RESOURCEQS: Failed to apply optimization [13, 12]
03-07 12:30:58.325  1108  1148 E ANDR-PERF-UTIL: Failed to read /sys/class/devfreq/soc:qcom,cpu0-cpu-llcc-lat/mem_latency/ratio_ceil
03-07 12:30:58.325  1108  1148 E ANDR-PERF-OPTSHANDLER: Failed to read /sys/class/devfreq/soc:qcom,cpu0-cpu-llcc-lat/mem_latency/ratio_ceil
03-07 12:30:58.325  1108  1148 E ANDR-PERF-RESOURCEQS: Failed to apply optimization [13, 8]
03-07 12:30:58.325  1108  1148 E ANDR-PERF-UTIL: Failed to read /sys/class/devfreq/soc:qcom,cpu4-cpu-llcc-lat/mem_latency/ratio_ceil
03-07 12:30:58.325  1108  1148 E ANDR-PERF-OPTSHANDLER: Failed to read /sys/class/devfreq/soc:qcom,cpu4-cpu-llcc-lat/mem_latency/ratio_ceil
03-07 12:30:58.325  1108  1148 E ANDR-PERF-RESOURCEQS: Failed to apply optimization [13, 9]
03-07 12:30:58.327  3294  3812 W Launcher.ColorLauncherModel: onGreenPointAppsUpdate pkgNames is invalid 
03-07 12:30:58.331  3528  7550 I Finsky:background: [55000] Wrote row to frosting DB: 510803
03-07 12:30:58.339 10065 10098 I Finsky  : [53158] WM::SCH: Logging work initialize for 12-1
03-07 12:30:58.342  1823  2750 D OplusGnssWhiteListProxy: on get OplusGnssWhiteListProxy!
03-07 12:30:58.344  1823  2750 I chatty  : uid=1000(system) Binder:1823_5 identical 32 lines
03-07 12:30:58.344  1823  2750 D OplusGnssWhiteListProxy: on get OplusGnssWhiteListProxy!
03-07 12:30:58.347  3294  3294 W Launcher.AlphabeticalAppsList: updateAdapterItems
03-07 12:30:58.348  3294  3294 W Launcher.AlphabeticalAppsList: drawAppSort cost to muchTime sortCost = 1 sectionUpdateCost = 0 adapterUpdateCost = 1
03-07 12:30:58.349 19464 20576 I LocationUtil: [, , 0]:<<seabank>> 1D73A2DBE9C627EB80A9E23BFF287B3988924E600D391DDEE87E633A0CE4845DDCA7AB8E4EEDEDBF279E0F42DB59EDA037852DA02336CE3ABDD389B06C09EAD3
03-07 12:30:58.351 15661 15661 I RemovableAppProvider: receive action oppo.intent.action.PACKAGE_ADDED
03-07 12:30:58.351 15661 15686 I RemovableAppProvider: handleMessagae what = 20190303
03-07 12:30:58.351 15661 15686 D RemovableAppProvider: onPackageAdded
03-07 12:30:58.351 15661 15686 D RemovableAppProvider: package com.jurnal**********alsahamihsg isn't removable app
03-07 12:30:58.352  1823  5656 V SensorManager: setScreenShotDisableImpl
03-07 12:30:58.353  1823  5656 D SensorService: debug_oplusGeminiProximity setScreenShotDisable in SensorService
03-07 12:30:58.354  1823  5656 E ColorZoomWindowManagerService: onConfigurationChanged rotation not changed - prevRotation: 0
03-07 12:30:58.355 10065 10112 E Parcel  : Reading a NULL string not supported here.
03-07 12:30:58.356 10065 10111 E Parcel  : Reading a NULL string not supported here.
03-07 12:30:58.357  1108  1148 E ANDR-PERF-UTIL: Failed to read /sys/class/devfreq/soc:qcom,cpu0-llcc-ddr-lat/min_freq
03-07 12:30:58.357  1108  1148 E ANDR-PERF-OPTSHANDLER: Failed to read /sys/class/devfreq/soc:qcom,cpu0-llcc-ddr-lat/min_freq
03-07 12:30:58.357  1108  1148 E ANDR-PERF-RESOURCEQS: Failed to apply optimization [13, 12]
03-07 12:30:58.357  1108  1148 E ANDR-PERF-UTIL: Failed to read /sys/class/devfreq/soc:qcom,cpu6-llcc-ddr-lat/min_freq
03-07 12:30:58.357  1108  1148 E ANDR-PERF-OPTSHANDLER: Failed to read /sys/class/devfreq/soc:qcom,cpu6-llcc-ddr-lat/min_freq
03-07 12:30:58.357  1108  1148 E ANDR-PERF-RESOURCEQS: Failed to apply optimization [13, 12]
03-07 12:30:58.359 10065 10111 E Parcel  : Reading a NULL string not supported here.
03-07 12:30:58.370 10065 10112 E Parcel  : Reading a NULL string not supported here.
03-07 12:30:58.359  1823  5656 E ColorZoomWindowManagerService: onConfigurationChanged rotation not changed - prevRotation: 0
03-07 12:30:58.376  1823  5656 D ColorZoomWindowRUSConfigManager: isSupportZoomModeWithPolicyLocked: target = com.jurnalsaham.jurnalsahamihsg/org.kivy.android.PythonActivity
03-07 12:30:58.376  1823  5656 D ColorZoomWindowRUSConfigManager: targetPkg = com.jurnalsaham.jurnalsahamihsg
03-07 12:30:58.376  1823  5656 V ColorZoomWindowManagerService: unSupportZoom: false ,callingPid: 7580 ,sourceStack: null
03-07 12:30:58.376 10065 10112 E Parcel  : Reading a NULL string not supported here.
03-07 12:30:58.377  1108  1148 E ANDR-PERF-UTIL: Failed to read /sys/class/devfreq/soc:qcom,cpu0-cpu-llcc-lat/mem_latency/ratio_ceil
03-07 12:30:58.377  1108  1148 E ANDR-PERF-OPTSHANDLER: Failed to read /sys/class/devfreq/soc:qcom,cpu0-cpu-llcc-lat/mem_latency/ratio_ceil
03-07 12:30:58.377  1108  1148 E ANDR-PERF-RESOURCEQS: Failed to apply optimization [13, 8]
03-07 12:30:58.377  1108  1148 E ANDR-PERF-UTIL: Failed to read /sys/class/devfreq/soc:qcom,cpu4-cpu-llcc-lat/mem_latency/ratio_ceil
03-07 12:30:58.377  1108  1148 E ANDR-PERF-OPTSHANDLER: Failed to read /sys/class/devfreq/soc:qcom,cpu4-cpu-llcc-lat/mem_latency/ratio_ceil
03-07 12:30:58.377  1108  1148 E ANDR-PERF-RESOURCEQS: Failed to apply optimization [13, 9]
03-07 12:30:58.377  1823  5656 D ActivityTrigger: ActivityTrigger activityPauseTrigger 
03-07 12:30:58.387  1823  5656 D ActivityTaskManager: setWillCloseOrEnterPip:true ActivityRecord:ActivityRecord{d5fbe0b u0 com.oppo.launcher/.Launcher t2} callers:com.android.server.wm.ActivityStack.resumeTopActivityInnerLocked:1921 com.android.server.wm.ActivityStack.resumeTopActivityUncheckedLocked:1710 com.android.server.wm.RootWindowContainer.resumeFocusedStacksTopActivities:2476 com.android.server.wm.ActivityStarter.startActivityInner:2288 com.android.server.wm.ActivityStarter.startActivityUnchecked:1997 
03-07 12:30:58.393 10065 10112 E Parcel  : Reading a NULL string not supported here.
03-07 12:30:58.401 10065 10111 E Parcel  : Reading a NULL string not supported here.
03-07 12:30:58.402 10065 10112 E Parcel  : Reading a NULL string not supported here.
03-07 12:30:58.403  1823  1872 D ActivityTaskManager: setWillCloseOrEnterPip:false ActivityRecord:ActivityRecord{d5fbe0b u0 com.oppo.launcher/.Launcher t2} callers:com.android.server.wm.ActivityStack.completePauseLocked:1325 com.android.server.wm.ActivityRecord.activityPaused:5483 com.android.server.wm.ActivityTaskManagerService.activityPaused:1998 android.app.IActivityTaskManager$Stub.onTransact:1956 com.android.server.wm.OppoActivityTaskManagerService.onTransact:174 
03-07 12:30:58.406 10065 10112 E Parcel  : Reading a NULL string not supported here.
03-07 12:30:58.407  1823  1872 V SensorManager: setScreenShotDisableImpl
03-07 12:30:58.407  1823  1872 D SensorService: debug_oplusGeminiProximity setScreenShotDisable in SensorService
03-07 12:30:58.407  1108  1148 E ANDR-PERF-UTIL: Failed to read /sys/class/devfreq/soc:qcom,cpu0-llcc-ddr-lat/min_freq
03-07 12:30:58.407  1108  1148 E ANDR-PERF-OPTSHANDLER: Failed to read /sys/class/devfreq/soc:qcom,cpu0-llcc-ddr-lat/min_freq
03-07 12:30:58.407  1108  1148 E ANDR-PERF-RESOURCEQS: Failed to apply optimization [13, 12]
03-07 12:30:58.407  1108  1148 E ANDR-PERF-UTIL: Failed to read /sys/class/devfreq/soc:qcom,cpu6-llcc-ddr-lat/min_freq
03-07 12:30:58.407  1108  1148 E ANDR-PERF-OPTSHANDLER: Failed to read /sys/class/devfreq/soc:qcom,cpu6-llcc-ddr-lat/min_freq
03-07 12:30:58.407  1108  1148 E ANDR-PERF-RESOURCEQS: Failed to apply optimization [13, 12]
03-07 12:30:58.407  1823  1872 I ColorHansManager : ColorHansManager : resume pkg: com.jurnalsaham.jurnalsahamihsg, uid:10773, prev pkg: com.oppo.launcher, prev uid: 10049
03-07 12:30:58.408 10065 10108 E Parcel  : Reading a NULL string not supported here.
03-07 12:30:58.408  1823  3138 I ColorHansManager : enter fastfreezer
03-07 12:30:58.408  1823  1872 V SensorManager: setScreenShotDisableImpl
03-07 12:30:58.408  1823  1872 D SensorService: debug_oplusGeminiProximity setScreenShotDisable in SensorService
03-07 12:30:58.409 10065 10111 E Parcel  : Reading a NULL string not supported here.
03-07 12:30:58.410  1108  1148 E ANDR-PERF-UTIL: Failed to read /sys/class/devfreq/soc:qcom,cpu0-cpu-llcc-lat/mem_latency/ratio_ceil
03-07 12:30:58.410  1108  1148 E ANDR-PERF-OPTSHANDLER: Failed to read /sys/class/devfreq/soc:qcom,cpu0-cpu-llcc-lat/mem_latency/ratio_ceil
03-07 12:30:58.410  1108  1148 E ANDR-PERF-RESOURCEQS: Failed to apply optimization [13, 8]
03-07 12:30:58.410  1108  1148 E ANDR-PERF-UTIL: Failed to read /sys/class/devfreq/soc:qcom,cpu4-cpu-llcc-lat/mem_latency/ratio_ceil
03-07 12:30:58.410  1108  1148 E ANDR-PERF-OPTSHANDLER: Failed to read /sys/class/devfreq/soc:qcom,cpu4-cpu-llcc-lat/mem_latency/ratio_ceil
03-07 12:30:58.410  1108  1148 E ANDR-PERF-RESOURCEQS: Failed to apply optimization [13, 9]
03-07 12:30:58.410 10065 10112 E Parcel  : Reading a NULL string not supported here.
03-07 12:30:58.410  1823  1872 V SensorManager: setScreenShotDisableImpl
03-07 12:30:58.410  1823  1872 D SensorService: debug_oplusGeminiProximity setScreenShotDisable in SensorService
03-07 12:30:58.411  1108  1148 E ANDR-PERF-UTIL: Failed to read /sys/class/devfreq/soc:qcom,cpu0-llcc-ddr-lat/min_freq
03-07 12:30:58.411  1108  1148 E ANDR-PERF-OPTSHANDLER: Failed to read /sys/class/devfreq/soc:qcom,cpu0-llcc-ddr-lat/min_freq
03-07 12:30:58.411  1108  1148 E ANDR-PERF-RESOURCEQS: Failed to apply optimization [13, 12]
03-07 12:30:58.411  1108  1148 E ANDR-PERF-UTIL: Failed to read /sys/class/devfreq/soc:qcom,cpu6-llcc-ddr-lat/min_freq
03-07 12:30:58.411  1108  1148 E ANDR-PERF-OPTSHANDLER: Failed to read /sys/class/devfreq/soc:qcom,cpu6-llcc-ddr-lat/min_freq
03-07 12:30:58.411  1108  1148 E ANDR-PERF-RESOURCEQS: Failed to apply optimization [13, 12]
03-07 12:30:58.413 10065 10109 I Finsky  : [53166] AIM: AppInfoManager-Perf > ItemModel > CacheSize=199, cacheHitCount=0, cacheMissCount=0, total appsWithNoServerDataCount=17. Missed  in cache (limit 10) : []
03-07 12:30:58.414  1823  5657 D CompatibilityChangeReporter: Compat change id reported: 135634846; UID 1000; state: DISABLED
03-07 12:30:58.414  1823  2008 W Looper  : Slow dispatch took 130ms android.ui h=com.android.server.am.ActivityManagerService$UiHandler c=null m=31
03-07 12:30:58.415 10065 10108 E Parcel  : Reading a NULL string not supported here.
03-07 12:30:58.416 10065 10112 E Parcel  : Reading a NULL string not supported here.
03-07 12:30:58.417 10065 10109 I Finsky  : [53166] AIM: AppInfoManager-Perf > ItemModel > CacheSize=199, cacheHitCount=0, cacheMissCount=0, total appsWithNoServerDataCount=17. Missed  in cache (limit 10) : []
03-07 12:30:58.419  1823  3138 I ColorHansManager : freeze uid: 10757 package: com.kajokangin.indosaham reason: fastfreezer|10773 scene: FastFreezerScene
03-07 12:30:58.420  1108  1148 E ANDR-PERF-UTIL: Failed to read /sys/class/devfreq/soc:qcom,cpu0-cpu-llcc-lat/mem_latency/ratio_ceil
03-07 12:30:58.420  1108  1148 E ANDR-PERF-OPTSHANDLER: Failed to read /sys/class/devfreq/soc:qcom,cpu0-cpu-llcc-lat/mem_latency/ratio_ceil
03-07 12:30:58.420  1108  1148 E ANDR-PERF-RESOURCEQS: Failed to apply optimization [13, 8]
03-07 12:30:58.420  1108  1148 E ANDR-PERF-UTIL: Failed to read /sys/class/devfreq/soc:qcom,cpu4-cpu-llcc-lat/mem_latency/ratio_ceil
03-07 12:30:58.420  1108  1148 E ANDR-PERF-OPTSHANDLER: Failed to read /sys/class/devfreq/soc:qcom,cpu4-cpu-llcc-lat/mem_latency/ratio_ceil
03-07 12:30:58.420  1108  1148 E ANDR-PERF-RESOURCEQS: Failed to apply optimization [13, 9]
03-07 12:30:58.420 10065 10108 E Parcel  : Reading a NULL string not supported here.
03-07 12:30:58.420  1823  3138 I ColorHansManager : freeze uid: 10006 package: com.wakeup.howear reason: fastfreezer|10773 scene: FastFreezerScene
03-07 12:30:58.420  1108  1148 E ANDR-PERF-UTIL: Failed to read /sys/class/devfreq/soc:qcom,cpu0-llcc-ddr-lat/min_freq
03-07 12:30:58.420  1108  1148 E ANDR-PERF-OPTSHANDLER: Failed to read /sys/class/devfreq/soc:qcom,cpu0-llcc-ddr-lat/min_freq
03-07 12:30:58.420  1108  1148 E ANDR-PERF-RESOURCEQS: Failed to apply optimization [13, 12]
03-07 12:30:58.420  1108  1148 E ANDR-PERF-UTIL: Failed to read /sys/class/devfreq/soc:qcom,cpu6-llcc-ddr-lat/min_freq
03-07 12:30:58.420  1108  1148 E ANDR-PERF-OPTSHANDLER: Failed to read /sys/class/devfreq/soc:qcom,cpu6-llcc-ddr-lat/min_freq
03-07 12:30:58.420  1108  1148 E ANDR-PERF-RESOURCEQS: Failed to apply optimization [13, 12]
03-07 12:30:58.423 10065 10111 E Parcel  : Reading a NULL string not supported here.
03-07 12:30:58.423 10065 10112 E Parcel  : Reading a NULL string not supported here.
03-07 12:30:58.425  1108  1148 E ANDR-PERF-UTIL: Failed to read /sys/class/devfreq/soc:qcom,cpu0-cpu-llcc-lat/mem_latency/ratio_ceil
03-07 12:30:58.425  1108  1148 E ANDR-PERF-OPTSHANDLER: Failed to read /sys/class/devfreq/soc:qcom,cpu0-cpu-llcc-lat/mem_latency/ratio_ceil
03-07 12:30:58.425  1108  1148 E ANDR-PERF-RESOURCEQS: Failed to apply optimization [13, 8]
03-07 12:30:58.425  1108  1148 E ANDR-PERF-UTIL: Failed to read /sys/class/devfreq/soc:qcom,cpu4-cpu-llcc-lat/mem_latency/ratio_ceil
03-07 12:30:58.425  1108  1148 E ANDR-PERF-OPTSHANDLER: Failed to read /sys/class/devfreq/soc:qcom,cpu4-cpu-llcc-lat/mem_latency/ratio_ceil
03-07 12:30:58.425  1108  1148 E ANDR-PERF-RESOURCEQS: Failed to apply optimization [13, 9]
03-07 12:30:58.426  1108  1148 E ANDR-PERF-UTIL: Failed to read /sys/class/devfreq/soc:qcom,cpu0-llcc-ddr-lat/min_freq
03-07 12:30:58.426  1108  1148 E ANDR-PERF-OPTSHANDLER: Failed to read /sys/class/devfreq/soc:qcom,cpu0-llcc-ddr-lat/min_freq
03-07 12:30:58.426  1108  1148 E ANDR-PERF-RESOURCEQS: Failed to apply optimization [13, 12]
03-07 12:30:58.426  1108  1148 E ANDR-PERF-UTIL: Failed to read /sys/class/devfreq/soc:qcom,cpu6-llcc-ddr-lat/min_freq
03-07 12:30:58.426  1108  1148 E ANDR-PERF-OPTSHANDLER: Failed to read /sys/class/devfreq/soc:qcom,cpu6-llcc-ddr-lat/min_freq
03-07 12:30:58.426  1108  1148 E ANDR-PERF-RESOURCEQS: Failed to apply optimization [13, 12]
03-07 12:30:58.426 10065 10111 E Parcel  : Reading a NULL string not supported here.
03-07 12:30:58.427  1108  1148 E ANDR-PERF-UTIL: Failed to read /sys/class/devfreq/soc:qcom,cpu0-cpu-llcc-lat/mem_latency/ratio_ceil
03-07 12:30:58.427  1108  1148 E ANDR-PERF-OPTSHANDLER: Failed to read /sys/class/devfreq/soc:qcom,cpu0-cpu-llcc-lat/mem_latency/ratio_ceil
03-07 12:30:58.427  1108  1148 E ANDR-PERF-RESOURCEQS: Failed to apply optimization [13, 8]
03-07 12:30:58.427  1108  1148 E ANDR-PERF-UTIL: Failed to read /sys/class/devfreq/soc:qcom,cpu4-cpu-llcc-lat/mem_latency/ratio_ceil
03-07 12:30:58.427  1108  1148 E ANDR-PERF-OPTSHANDLER: Failed to read /sys/class/devfreq/soc:qcom,cpu4-cpu-llcc-lat/mem_latency/ratio_ceil
03-07 12:30:58.427  1108  1148 E ANDR-PERF-RESOURCEQS: Failed to apply optimization [13, 9]
03-07 12:30:58.428  1823  3138 I ColorHansManager : freeze uid: 10282 package: com.tokopedia.sellerapp reason: fastfreezer|10773 scene: FastFreezerScene
03-07 12:30:58.428 10065 10108 E Parcel  : Reading a NULL string not supported here.
03-07 12:30:58.429  1823  2012 D OppoPhoneWindowManager: RevertColorDrawableInDarkMode packageName = com.jurnalsaham.jurnalsahamihsg; versionCode = 1021100;result = false; time:246615
03-07 12:30:58.430 10065 10111 E Parcel  : Reading a NULL string not supported here.
03-07 12:30:58.432 10065 10112 E Parcel  : Reading a NULL string not supported here.
03-07 12:30:58.432 10065 10109 I Finsky  : [53166] AIM: AppInfoManager-Perf > getApps > data collection finished
03-07 12:30:58.433 10065 10109 I Finsky  : [53166] AIM: AppInfoManager-Perf > maybeDestroyAppInfoManager is called. actives = 1
03-07 12:30:58.433  3294  3294 E Launcher.ColorBubbleTextView: mForceHideDot is false
03-07 12:30:58.433 10065 10109 I Finsky  : [53166] SCH: Scheduling phonesky job Id: 12-1, CT: 1772861458026, Constraints: [{ L: 15000, D: 86400000, C: CHARGING_NONE, I: IDLE_NONE, N: NET_ANY, B: BATTERY_ANY }]
03-07 12:30:58.433  3294  3294 E Launcher.ColorBubbleTextView: mForceHideDot is false
03-07 12:30:58.433  3294  3294 E Launcher.ColorBubbleTextView: mForceHideDot is false
03-07 12:30:58.435 10065 10108 E Parcel  : Reading a NULL string not supported here.
03-07 12:30:58.437  3294  3294 E Launcher.ColorBubbleTextView: mForceHideDot is false
03-07 12:30:58.441  1823  3138 I ColorHansManager : freeze uid: 10030 package: com.shopee.id reason: fastfreezer|10773 scene: FastFreezerScene
03-07 12:30:58.443 10065 10108 E Parcel  : Reading a NULL string not supported here.
03-07 12:30:58.443  1823  3138 I ColorHansManager : freeze uid: 10294 package: hk.easyvan.app.client reason: fastfreezer|10773 scene: FastFreezerScene
03-07 12:30:58.445  1823  1823 W Looper  : Slow dispatch took 310ms main h=android.app.ActivityThread$H c=android.app.-$$Lambda$LoadedApk$ReceiverDispatcher$Args$_BumDX2UKsnxLVrE6UJsJZkotuA@2a59a6c m=0
03-07 12:30:58.445  1823  3138 I ColorHansManager : freeze uid: 10167 package: com.instagram.android reason: fastfreezer|10773 scene: FastFreezerScene
03-07 12:30:58.445  1823  1823 W Looper  : Slow delivery took 310ms main h=android.app.ActivityThread$H c=android.app.-$$Lambda$LoadedApk$ReceiverDispatcher$Args$_BumDX2UKsnxLVrE6UJsJZkotuA@117d835 m=0
03-07 12:30:58.446  1823  1823 D OplusNfHooksHelper: Received broadcast:android.intent.action.PACKAGE_ADDED
03-07 12:30:58.446  1823  1823 D OplusSlaManager: Received broadcast:android.intent.action.PACKAGE_ADDED
03-07 12:30:58.447  1823  2012 D ColorViewRootUtil: initSwipState, isDisplayCompatApp false
03-07 12:30:58.447  1823  2012 D ColorViewRootUtil: mScreenHeight 2340, mScreenWidth 1080
03-07 12:30:58.448  1823  2012 D WindowManager: Add to mViews: DecorView@af038a5[jurnalsahamihsg],pkg= com.jurnalsaham.jurnalsahamihsg
03-07 12:30:58.448  1823  3138 I ColorHansManager : freeze uid: 10296 package: com.instagram.barcelona reason: fastfreezer|10773 scene: FastFreezerScene
03-07 12:30:58.449  1823  2012 D OppoDisplayPolicy: com.jurnalsaham.jurnalsahamihsg, no change cutoutMode: 0
03-07 12:30:58.451  1823  3138 I ColorHansManager : freeze uid: 10171 package: com.ss.android.ugc.trill reason: fastfreezer|10773 scene: FastFreezerScene
03-07 12:30:58.453 10065 10111 E Parcel  : Reading a NULL string not supported here.
03-07 12:30:58.453  7603  7603 W Zygote  : Unable to open libbeluga.so: dlopen failed: library "libbeluga.so" not found.
03-07 12:30:58.454   919   919 D Zygote  : Forked child process 7603
03-07 12:30:58.455  1823  3138 I ColorHansManager : freeze uid: 10307 package: com.truecaller reason: fastfreezer|10773 scene: FastFreezerScene
03-07 12:30:58.457 10065 10111 E Parcel  : Reading a NULL string not supported here.
03-07 12:30:58.462 10065 10108 E Parcel  : Reading a NULL string not supported here.
03-07 12:30:58.463 10065 10109 I Finsky  : [53166] SCH: Scheduling 1 system job(s)
03-07 12:30:58.463 10065 10109 D BaseJobBuilder: set process for client: com.android.vending
03-07 12:30:58.463 10065 10109 I Finsky  : [53166] SCH: Scheduling system job Id: 9231, L: 14563, D: 77951907, C: false, I: false, N: 1
03-07 12:30:58.464 10065 10111 E Parcel  : Reading a NULL string not supported here.
03-07 12:30:58.466  1823  5656 I InputDispatcher: Focus left window: Window{6f358e8 u0 com.oppo.launcher/com.oppo.launcher.Launcher} in display 0
03-07 12:30:58.466  1823  2012 D OppoDisplayPolicy: com.jurnalsaham.jurnalsahamihsg, no change cutoutMode: 0
03-07 12:30:58.467  1823  5656 D ColorInputMethodManagerServiceEx: onHandleImeWindowVisibleStatus handledVis: 0, switcher visible: 0, switcher active: 0, needsToShowImeSwitcher: false
03-07 12:30:58.469  1823  3138 I ColorHansManager : freeze uid: 10455 package: com.facebook.katana reason: fastfreezer|10773 scene: FastFreezerScene
03-07 12:30:58.469 10065 10108 E Parcel  : Reading a NULL string not supported here.
03-07 12:30:58.474  1823  2012 D WindowManager: WARNING: focused app window can't receive keys, focusedApp:ActivityRecord{d5fbe0b u0 com.oppo.launcher/.Launcher t2} window:Window{6f358e8 u0 com.oppo.launcher/com.oppo.launcher.Launcher}
03-07 12:30:58.474  1823  2012 D WindowManager: isRecentsAnimationConsumingAppInput:false isParentWindowHidden:false mAnimatingExit:false mRelayoutCalled:true
03-07 12:30:58.474  1823  2012 V WindowManager: Changing focus from Window{6f358e8 u0 com.oppo.launcher/com.oppo.launcher.Launcher} to null,diplayid=0
03-07 12:30:58.474 10065 10108 E Parcel  : Reading a NULL string not supported here.
03-07 12:30:58.476  1823  2012 D Theia.NoFocusWindow: FocusWindowErrorScene CheckFreezeScreen
03-07 12:30:58.476  1823  2012 V OplusZoomWindowDecorViewHelper: setLastReportedMergedConfiguration mZoomDisplayHeight: 2340 getDecorView.DecorView@af038a5[jurnalsahamihsg]
03-07 12:30:58.477 10065 10108 E Parcel  : Reading a NULL string not supported here.
03-07 12:30:58.478 19906 20131 D HoraeHelper: getAllShellTemps tSize : 4
03-07 12:30:58.479 19906 20131 D HoraeHelper: Thermal length:1
03-07 12:30:58.487  1823  3138 I ColorHansManager : freeze uid: 10203 package: com.tokopedia.tkpd reason: fastfreezer|10773 scene: FastFreezerScene
03-07 12:30:58.488  1823  3138 I ColorHansManager : freeze uid: 10100 package: com.nearme.gamecenter reason: fastfreezer|10773 scene: FastFreezerScene
03-07 12:30:58.490  1823  3138 I ColorHansManager : freeze uid: 10613 package: com.alibaba.intl.android.apps.poseidon reason: fastfreezer|10773 scene: FastFreezerScene
03-07 12:30:58.491  7603  7603 E .mcs.statistic: Unknown bits set in runtime_flags: 0x40000000
03-07 12:30:58.495  1150  3964 D DispPerfService: onframeavailable pid=1823, slot=0, seq=14858, name=system_server:Splash Screen com.jurnalsaham.jurnalsahamihsg#0
03-07 12:30:58.498  7603  7603 E .mcs.statistic: Not starting debugger since process cannot load the jdwp agent.
03-07 12:30:58.508  7603  7603 E RefClass: java.lang.reflect.InvocationTargetException
03-07 12:30:58.509  7603  7603 I OneTrace: Mark active for pid=7603? true
03-07 12:30:58.520 23306 23336 E Parcel  : Reading a NULL string not supported here.
03-07 12:30:58.522  3528  3528 I Finsky:background: [2] aica - Received: android.intent.action.PACKAGE_ADDED, [RNTEHK_6blyCC_wNG8Yk_0_1l0Hycbve8El6ixm9NOs]
03-07 12:30:58.523 10065 10065 I Finsky  : [2] aick - Received: android.intent.action.PACKAGE_ADDED, [RNTEHK_6blyCC_wNG8Yk_0_1l0Hycbve8El6ixm9NOs]
03-07 12:30:58.542  1134  2525 D AudioPolicyService: updateUidStates_l() allowCapture=true because of on TOP AND uses VOICE_RECOGNITION OR uses HOTWORD
03-07 12:30:58.542  1134  2525 D AudioPolicyService: updateUidStates_l() current->uid=10070 current->pid=17223 allowCapture=1 UidState=5 apmStat=1
03-07 12:30:58.542  1134 24353 D AudioPolicyService: updateUidStates_l() allowCapture=true because of on TOP AND uses VOICE_RECOGNITION OR uses HOTWORD
03-07 12:30:58.542  1134 24353 D AudioPolicyService: updateUidStates_l() current->uid=10070 current->pid=17223 allowCapture=1 UidState=5 apmStat=1
03-07 12:30:58.558  1823  3470 D LocationManagerService: request 918ed67 network Request[POWER_LOW network interval=0 fastestInterval=0] from com.shopee.id(10030 foreground)
03-07 12:30:58.558  1823  3470 D OplusGnssWhiteListProxy: on get OplusGnssWhiteListProxy!
03-07 12:30:58.562  1823  2370 W ActivityManager: Slow operation: 149ms so far, now at startProcess: done updating battery stats
03-07 12:30:58.562  1823  2370 W ActivityManager: Slow operation: 149ms so far, now at startProcess: building log message
03-07 12:30:58.562  1823  2370 I ActivityManager: Start proc 7603:com.heytap.mcs.statistics/1000 for content provider {com.heytap.mcs/com.heytap.mcs.biz.statistics.provider.StatisticsContentProvider}
03-07 12:30:58.562  1823  2370 W ActivityManager: Slow operation: 149ms so far, now at startProcess: starting to update pids map
03-07 12:30:58.562  1823  3470 I chatty  : uid=1000(system) Binder:1823_B identical 18 lines
03-07 12:30:58.563  1823  3470 D OplusGnssWhiteListProxy: on get OplusGnssWhiteListProxy!
03-07 12:30:58.563 10065 10065 I Finsky  : [2] aick - Deduping intent android.intent.action.PACKAGE_ADDED
03-07 12:30:58.563  1823  2370 W ActivityManager: Slow operation: 150ms so far, now at startProcess: done updating pids map
03-07 12:30:58.563  1823  2370 D ColorAppStartupManager: Now Begin Monitor App StartInfo's Time == 287666967
03-07 12:30:58.566  3528  3528 I Finsky:background: [2] aica - Deduping intent android.intent.action.PACKAGE_ADDED
03-07 12:30:58.570  1823  3470 D OplusGnssWhiteListProxy: on get OplusGnssWhiteListProxy!
03-07 12:30:58.573  1823  3470 I chatty  : uid=1000(system) Binder:1823_B identical 76 lines
03-07 12:30:58.573  1823  3470 D OplusGnssWhiteListProxy: on get OplusGnssWhiteListProxy!
03-07 12:30:58.573  3528  7550 I Finsky:background: [55000] Wrote row to frosting DB: 510804
03-07 12:30:58.573  1823  3470 D OplusGnssWhiteListProxy: on get OplusGnssWhiteListProxy!
03-07 12:30:58.573  1823  3470 I chatty  : uid=1000(system) Binder:1823_B identical 4 lines
03-07 12:30:58.573  1823  3470 D OplusGnssWhiteListProxy: on get OplusGnssWhiteListProxy!
03-07 12:30:58.573 23306  7583 I Auth    : (REDACTED) [SupervisedAccountIntentOperation] onHandleIntent: %s
03-07 12:30:58.573  1823  3470 D OplusGnssWhiteListProxy: on get OplusGnssWhiteListProxy!
03-07 12:30:58.580  1823  3470 I chatty  : uid=1000(system) Binder:1823_B identical 77 lines
03-07 12:30:58.580  1823  3470 D OplusGnssWhiteListProxy: on get OplusGnssWhiteListProxy!
03-07 12:30:58.580  2640  2666 D OplusCoreAppService: isPackageContainsOplusCertificates be called
03-07 12:30:58.580  1823  3470 D OplusGnssWhiteListProxy: on get OplusGnssWhiteListProxy!
03-07 12:30:58.580  1823  3470 I chatty  : uid=1000(system) Binder:1823_B identical 1 line
03-07 12:30:58.580  1823  3470 D OplusGnssWhiteListProxy: on get OplusGnssWhiteListProxy!
03-07 12:30:58.581  1823  2370 V SensorManager: setScreenShotDisableImpl
03-07 12:30:58.581  1823  2370 D SensorService: debug_oplusGeminiProximity setScreenShotDisable in SensorService
03-07 12:30:58.581  1823  3470 D OplusGnssWhiteListProxy: on get OplusGnssWhiteListProxy!
03-07 12:30:58.582  1823  3470 I chatty  : uid=1000(system) Binder:1823_B identical 22 lines
03-07 12:30:58.582  1823  3470 D OplusGnssWhiteListProxy: on get OplusGnssWhiteListProxy!
03-07 12:30:58.583  1108  1148 E ANDR-PERF-UTIL: Failed to read /sys/class/devfreq/soc:qcom,cpu0-llcc-ddr-lat/min_freq
03-07 12:30:58.583  1108  1148 E ANDR-PERF-OPTSHANDLER: Failed to read /sys/class/devfreq/soc:qcom,cpu0-llcc-ddr-lat/min_freq
03-07 12:30:58.583  1108  1148 E ANDR-PERF-RESOURCEQS: Failed to apply optimization [13, 12]
03-07 12:30:58.583  1108  1148 E ANDR-PERF-UTIL: Failed to read /sys/class/devfreq/soc:qcom,cpu6-llcc-ddr-lat/min_freq
03-07 12:30:58.583  1108  1148 E ANDR-PERF-OPTSHANDLER: Failed to read /sys/class/devfreq/soc:qcom,cpu6-llcc-ddr-lat/min_freq
03-07 12:30:58.583  1108  1148 E ANDR-PERF-RESOURCEQS: Failed to apply optimization [13, 12]
03-07 12:30:58.585  1108  1148 E ANDR-PERF-UTIL: Failed to read /sys/class/devfreq/soc:qcom,cpu0-cpu-llcc-lat/mem_latency/ratio_ceil
03-07 12:30:58.585  1108  1148 E ANDR-PERF-OPTSHANDLER: Failed to read /sys/class/devfreq/soc:qcom,cpu0-cpu-llcc-lat/mem_latency/ratio_ceil
03-07 12:30:58.585  1108  1148 E ANDR-PERF-RESOURCEQS: Failed to apply optimization [13, 8]
03-07 12:30:58.585  1108  1148 E ANDR-PERF-UTIL: Failed to read /sys/class/devfreq/soc:qcom,cpu4-cpu-llcc-lat/mem_latency/ratio_ceil
03-07 12:30:58.585  1108  1148 E ANDR-PERF-OPTSHANDLER: Failed to read /sys/class/devfreq/soc:qcom,cpu4-cpu-llcc-lat/mem_latency/ratio_ceil
03-07 12:30:58.585  1108  1148 E ANDR-PERF-RESOURCEQS: Failed to apply optimization [13, 9]
03-07 12:30:58.588  7603  7603 I oplus.android.OplusFrameworkFactoryImpl: get feature:IOplusScreenModeFeature
03-07 12:30:58.588  7603  7603 I oplus.android.OplusFrameworkFactoryImpl: getOplusScreenModeFeature
03-07 12:30:58.591  6229  6247 E IHansComunication: HANS printMessageBody: RCVed message body: type = 0, port = 86870, caller_pid = 1823, caller_uid = 1000, target_pid = 11175, target_uid = 10171, pkg_cmd = -1
03-07 12:30:58.591  6229  6247 E IHansComunication: HANS printMessageBody: RCVed message body: type = 0, port = 86870, caller_pid = 1823, caller_uid = 1000, target_pid = 31216, target_uid = 10167, pkg_cmd = -1
03-07 12:30:58.591  6229  6247 E IHansComunication: HANS printMessageBody: RCVed message body: type = 0, port = 86870, caller_pid = 1823, caller_uid = 1000, target_pid = 4629, target_uid = 99505, pkg_cmd = -1
03-07 12:30:58.596  6229  6247 E IHansComunication: HANS printMessageBody: RCVed message body: type = 0, port = 86870, caller_pid = 1823, caller_uid = 1000, target_pid = 32208, target_uid = 10613, pkg_cmd = -1
03-07 12:30:58.597 23306 23336 E Parcel  : Reading a NULL string not supported here.
03-07 12:30:58.599  6229  6247 E IHansComunication: HANS printMessageBody: RCVed message body: type = 0, port = 86870, caller_pid = 1823, caller_uid = 1000, target_pid = 32224, target_uid = 10455, pkg_cmd = -1
03-07 12:30:58.599  6229  6247 E IHansComunication: HANS printMessageBody: RCVed message body: type = 0, port = 86870, caller_pid = 1823, caller_uid = 1000, target_pid = 6988, target_uid = 10757, pkg_cmd = -1
03-07 12:30:58.602  6229  6247 E IHansComunication: HANS printMessageBody: RCVed message body: type = 0, port = 86870, caller_pid = 1823, caller_uid = 1000, target_pid = 4122, target_uid = 10296, pkg_cmd = -1
03-07 12:30:58.602  6229  6247 E IHansComunication: HANS printMessageBody: RCVed message body: type = 0, port = 86870, caller_pid = 1823, caller_uid = 1000, target_pid = 3420, target_uid = 10100, pkg_cmd = -1
03-07 12:30:58.604  6229  6247 E IHansComunication: HANS printMessageBody: RCVed message body: type = 0, port = 86870, caller_pid = 1823, caller_uid = 1000, target_pid = 5452, target_uid = 10294, pkg_cmd = -1
03-07 12:30:58.604  6229  6247 E IHansComunication: HANS printMessageBody: RCVed message body: type = 0, port = 86870, caller_pid = 1823, caller_uid = 1000, target_pid = 5616, target_uid = 10282, pkg_cmd = -1
03-07 12:30:58.605  6229  6247 E IHansComunication: HANS printMessageBody: RCVed message body: type = 0, port = 86870, caller_pid = 1823, caller_uid = 1000, target_pid = 32603, target_uid = 10203, pkg_cmd = -1
03-07 12:30:58.605  6229  6247 E IHansComunication: HANS printMessageBody: RCVed message body: type = 0, port = 86870, caller_pid = 1823, caller_uid = 1000, target_pid = 24202, target_uid = 10307, pkg_cmd = -1
03-07 12:30:58.606  6229  6247 E IHansComunication: HANS printMessageBody: RCVed message body: type = 0, port = 86870, caller_pid = 1823, caller_uid = 1000, target_pid = 19464, target_uid = 10030, pkg_cmd = -1
03-07 12:30:58.606  6229  6247 E IHansComunication: HANS printMessageBody: RCVed message body: type = 0, port = 86870, caller_pid = 1823, caller_uid = 1000, target_pid = 21521, target_uid = 10030, pkg_cmd = -1
03-07 12:30:58.608  6229  6247 E IHansComunication: HANS printMessageBody: RCVed message body: type = 0, port = 86870, caller_pid = 1823, caller_uid = 1000, target_pid = 24169, target_uid = 10006, pkg_cmd = -1
03-07 12:30:58.613  1823  1823 W Looper  : Slow dispatch took 153ms main h=android.app.ActivityThread$H c=android.app.-$$Lambda$LoadedApk$ReceiverDispatcher$Args$_BumDX2UKsnxLVrE6UJsJZkotuA@2c9fca3 m=0
03-07 12:30:58.613  1823  1823 D OpenID  : action=android.intent.action.PACKAGE_ADDED
03-07 12:30:58.613  1823  1823 D OpenID  : pkgName:com.jurnalsaham.jurnalsahamihsg,isreplace=true
03-07 12:30:58.613  1823  1823 D OppoBrightUtils: CtsTest = false
03-07 12:30:58.614  1823  1823 D OppoBaseLightsService: isCtsHardwareTestCases = false
03-07 12:30:58.619 23306 23336 E Parcel  : Reading a NULL string not supported here.
03-07 12:30:58.620  7603  7603 E libc    : Access denied finding property "ro.odm.prev.product.name"
03-07 12:30:58.622  2640  2666 D OplusCoreAppService: isPackageContainsOplusCertificates be called
03-07 12:30:58.635  7603  7603 I .mcs.statistic: The ClassLoaderContext is a special shared library.
03-07 12:30:58.627  7603  7603 W .mcs.statistics: type=1400 audit(0.0:213613): avc: denied { write } for name="com.heytap.mcs-rbqbAyb9ZQRRGREWdx21sg==" dev="sda14" ino=8537 scontext=u:r:system_app:s0 tcontext=u:object_r:apk_data_file:s0 tclass=dir permissive=0
03-07 12:30:58.651  1823  1823 V BackupManagerConstants: getFullBackupIntervalMilliseconds(...) returns 86400000
03-07 12:30:58.651  1823  1823 V BackupManagerConstants: getFullBackupRequiredNetworkType(...) returns 2
03-07 12:30:58.651  1823  1823 V BackupManagerConstants: getFullBackupRequireCharging(...) returns true
03-07 12:30:58.651  1823  1823 D BaseJobBuilder: set process for client: system_server
03-07 12:30:58.660 15661 15661 I NotificationBackend: onReceive intent= Intent { act=android.intent.action.PACKAGE_REPLACED dat=package:com.jurnalsaham.jurnalsahamihsg flg=0x4000010 (has extras) }
03-07 12:30:58.660 16531 16531 I AstScreen.ApplicationStateChangeMonitor: ApplicationStateChangeReceiver onReceive
03-07 12:30:58.660 16531 16531 I AstScreen.ApplicationStateChangeMonitor: ApplicationStateChangeReceiver onReceive, action = android.intent.action.PACKAGE_REPLACED packageName = jurnalsahamihsg
03-07 12:30:58.660 24181 24224 D PackageReceiver: onReceive()
03-07 12:30:58.660  1823  2154 I ColorHansManager : unfreeze uid: 10100 package: com.nearme.gamecenter reason: Broadcast scene: FastFreezerScene
03-07 12:30:58.660 15661 15689 W ContextImpl: Calling a method in the system process without a qualified user: android.app.ContextImpl.sendBroadcast:1174 android.content.ContextWrapper.sendBroadcast:483 com.coloros.notificationmanager.AppModificationReceiver.notifyAppModified:42 com.coloros.notificationmanager.NotificationBackend.processBroadcast:2304 com.coloros.notificationmanager.NotificationBackend.access$300:97 
03-07 12:30:58.671  1823  2008 W Looper  : Slow dispatch took 257ms android.ui h=com.android.server.am.ActivityManagerService$UiHandler c=null m=53
03-07 12:30:58.672  1823  2008 W Looper  : Slow delivery took 295ms android.ui h=com.android.server.wm.BarController$BarHandler c=com.android.server.wm.-$$Lambda$StatusBarController$1$x4q7e0Eysf0ynMSdT1A-JN_ucuI@9ed05cd m=0
03-07 12:30:58.672  1823  2537 W ActivityManager: Unable to start service Intent { cmp=com.google.android.googlequicksearchbox/com.google.android.apps.gsa.tasks.BackgroundTasksJobService (has extras) } U=0: not found
03-07 12:30:58.672  1823  2537 D JobScheduler: Error executing JobStatus{3ed959f #u0a70/-480 com.google.android.googlequicksearchbox/com.google.android.apps.gsa.tasks.BackgroundTasksJobService u=0 s=10070 TIME=-3d7h54m3s617ms:-3d7h54m3s617ms NET PERIODIC PERSISTED READY}
03-07 12:30:58.674 18141 18179 I PermissionControllerServiceImpl: Updating user sensitive for uid 10773
03-07 12:30:58.701 23306  7572 I NearbyDiscovery: (REDACTED) processGrantSlicePermission: %s
03-07 12:30:58.703  1823  2011 D CompatibilityChangeReporter: Compat change id reported: 135634846; UID 10773; state: DISABLED
03-07 12:30:58.704  1823  2046 D CompatibilityChangeReporter: Compat change id reported: 143937733; UID 10773; state: ENABLED
03-07 12:30:58.705  1823  2011 D PowerManagerService: setScreenBrightnessOverrideFromWindowManagerInternal brightness=NaN mScreenBrightnessOverrideFromWindowManager=NaN
03-07 12:30:58.709  7603  7603 I Perf    : Connecting to perf service.
03-07 12:30:58.711  2640  2666 D OplusCoreAppService: isPackageContainsOplusCertificates be called
03-07 12:30:58.740   919   919 D Zygote  : Forked child process 7647
03-07 12:30:58.744  7647  7647 W Zygote  : Unable to open libbeluga.so: dlopen failed: library "libbeluga.so" not found.
03-07 12:30:58.755  7647  7647 I jurnalsahamihs: Late-enabling -Xcheck:jni
03-07 12:30:58.787 23306  7591 W SQLiteLog: (28) double-quoted string literal: "com.jurnalsaham.jurnalsahamihsg"
03-07 12:30:58.790  7647  7647 I jurnalsahamihs: Unquickening 21 vdex files!
03-07 12:30:58.797 17223 17238 I hbox:interacto: Background concurrent copying GC freed 122908(8914KB) AllocSpace objects, 0(0B) LOS objects, 49% free, 10MB/21MB, paused 122us total 187.966ms
03-07 12:30:58.803  7647  7647 E jurnalsahamihs: Unknown bits set in runtime_flags: 0x40000000
03-07 12:30:58.812 15572 15578 I adbd    : jdwp connection from 7647
03-07 12:30:58.824  6229  6247 E IHansComunication: HANS printMessageBody: RCVed message body: type = 0, port = 86870, caller_pid = 1823, caller_uid = 1000, target_pid = 11175, target_uid = 10171, pkg_cmd = -1
03-07 12:30:58.824  6229  6247 E IHansComunication: HANS printMessageBody: RCVed message body: type = 0, port = 86870, caller_pid = 1823, caller_uid = 1000, target_pid = 31216, target_uid = 10167, pkg_cmd = -1
03-07 12:30:58.824  6229  6247 E IHansComunication: HANS printMessageBody: RCVed message body: type = 0, port = 86870, caller_pid = 1823, caller_uid = 1000, target_pid = 4629, target_uid = 99505, pkg_cmd = -1
03-07 12:30:58.826  3294  3294 W Launcher.AlphabeticalAppsList: updateAdapterItems
03-07 12:30:58.827  3294  3294 W Launcher.AlphabeticalAppsList: drawAppSort cost to muchTime sortCost = 1 sectionUpdateCost = 0 adapterUpdateCost = 1
03-07 12:30:58.827 23306 27487 E Parcel  : Reading a NULL string not supported here.
03-07 12:30:58.828  7647  7647 E RefClass: java.lang.reflect.InvocationTargetException
03-07 12:30:58.829  7603  7603 E Perf    :  perftest packageName : com.heytap.mcs App is allowed to use Hide APIs  
03-07 12:30:58.829  7647  7647 I OneTrace: Mark active for pid=7647? true
03-07 12:30:58.833  6229  6247 E IHansComunication: HANS printMessageBody: RCVed message body: type = 0, port = 86870, caller_pid = 1823, caller_uid = 1000, target_pid = 32208, target_uid = 10613, pkg_cmd = -1
03-07 12:30:58.833  6229  6247 E IHansComunication: HANS printMessageBody: RCVed message body: type = 0, port = 86870, caller_pid = 1823, caller_uid = 1000, target_pid = 32224, target_uid = 10455, pkg_cmd = -1
03-07 12:30:58.834  6229  6247 E IHansComunication: HANS printMessageBody: RCVed message body: type = 0, port = 86870, caller_pid = 1823, caller_uid = 1000, target_pid = 6988, target_uid = 10757, pkg_cmd = -1
03-07 12:30:58.834  6229  6247 E IHansComunication: HANS printMessageBody: RCVed message body: type = 0, port = 86870, caller_pid = 1823, caller_uid = 1000, target_pid = 4122, target_uid = 10296, pkg_cmd = -1
03-07 12:30:58.835  6229  6247 E IHansComunication: HANS printMessageBody: RCVed message body: type = 0, port = 86870, caller_pid = 1823, caller_uid = 1000, target_pid = 5452, target_uid = 10294, pkg_cmd = -1
03-07 12:30:58.836  6229  6247 E IHansComunication: HANS printMessageBody: RCVed message body: type = 0, port = 86870, caller_pid = 1823, caller_uid = 1000, target_pid = 5616, target_uid = 10282, pkg_cmd = -1
03-07 12:30:58.837  6229  6247 E IHansComunication: HANS printMessageBody: RCVed message body: type = 0, port = 86870, caller_pid = 1823, caller_uid = 1000, target_pid = 32603, target_uid = 10203, pkg_cmd = -1
03-07 12:30:58.838  6229  6247 E IHansComunication: HANS printMessageBody: RCVed message body: type = 0, port = 86870, caller_pid = 1823, caller_uid = 1000, target_pid = 24202, target_uid = 10307, pkg_cmd = -1
03-07 12:30:58.839  6229  6247 E IHansComunication: HANS printMessageBody: RCVed message body: type = 0, port = 86870, caller_pid = 1823, caller_uid = 1000, target_pid = 19464, target_uid = 10030, pkg_cmd = -1
03-07 12:30:58.839  6229  6247 E IHansComunication: HANS printMessageBody: RCVed message body: type = 0, port = 86870, caller_pid = 1823, caller_uid = 1000, target_pid = 21521, target_uid = 10030, pkg_cmd = -1
03-07 12:30:58.841  6229  6247 E IHansComunication: HANS printMessageBody: RCVed message body: type = 0, port = 86870, caller_pid = 1823, caller_uid = 1000, target_pid = 24169, target_uid = 10006, pkg_cmd = -1
03-07 12:30:58.855 23306 25746 W OplusExSystemServiceHelper: checkOplusExSystemService intent getComponent is null
03-07 12:30:58.860  1823  1872 D CompatibilityChangeReporter: Compat change id reported: 135634846; UID 1000; state: DISABLED
03-07 12:30:58.863  1823  2008 W Looper  : Slow dispatch took 191ms android.ui h=com.android.server.am.ActivityManagerService$UiHandler c=null m=31
03-07 12:30:58.864  1108  1148 E ANDR-PERF-UTIL: Failed to read /sys/class/devfreq/soc:qcom,cpu0-llcc-ddr-lat/min_freq
03-07 12:30:58.864  1108  1148 E ANDR-PERF-OPTSHANDLER: Failed to read /sys/class/devfreq/soc:qcom,cpu0-llcc-ddr-lat/min_freq
03-07 12:30:58.864  1108  1148 E ANDR-PERF-RESOURCEQS: Failed to apply optimization [13, 12]
03-07 12:30:58.864 23306 27487 E Parcel  : Reading a NULL string not supported here.
03-07 12:30:58.864  1108  1148 E ANDR-PERF-UTIL: Failed to read /sys/class/devfreq/soc:qcom,cpu6-llcc-ddr-lat/min_freq
03-07 12:30:58.864  1108  1148 E ANDR-PERF-OPTSHANDLER: Failed to read /sys/class/devfreq/soc:qcom,cpu6-llcc-ddr-lat/min_freq
03-07 12:30:58.864  1108  1148 E ANDR-PERF-RESOURCEQS: Failed to apply optimization [13, 12]
03-07 12:30:58.865  1134 24353 D AudioPolicyService: updateUidStates_l() allowCapture=true because of on TOP AND uses VOICE_RECOGNITION OR uses HOTWORD
03-07 12:30:58.865  1134 24353 D AudioPolicyService: updateUidStates_l() current->uid=10070 current->pid=17223 allowCapture=1 UidState=5 apmStat=1
03-07 12:30:58.865  1134 24353 D AudioPolicyService: updateUidStates_l() allowCapture=true because of on TOP AND uses VOICE_RECOGNITION OR uses HOTWORD
03-07 12:30:58.865  1134 24353 D AudioPolicyService: updateUidStates_l() current->uid=10070 current->pid=17223 allowCapture=1 UidState=5 apmStat=1
03-07 12:30:58.865  1134 24353 D AudioPolicyService: updateUidStates_l() allowCapture=true because of on TOP AND uses VOICE_RECOGNITION OR uses HOTWORD
03-07 12:30:58.865  1134 24353 D AudioPolicyService: updateUidStates_l() current->uid=10070 current->pid=17223 allowCapture=1 UidState=5 apmStat=1
03-07 12:30:58.865  1108  1148 E ANDR-PERF-UTIL: Failed to read /sys/class/devfreq/soc:qcom,cpu0-cpu-llcc-lat/mem_latency/ratio_ceil
03-07 12:30:58.865  1108  1148 E ANDR-PERF-OPTSHANDLER: Failed to read /sys/class/devfreq/soc:qcom,cpu0-cpu-llcc-lat/mem_latency/ratio_ceil
03-07 12:30:58.865  1108  1148 E ANDR-PERF-RESOURCEQS: Failed to apply optimization [13, 8]
03-07 12:30:58.865  1108  1148 E ANDR-PERF-UTIL: Failed to read /sys/class/devfreq/soc:qcom,cpu4-cpu-llcc-lat/mem_latency/ratio_ceil
03-07 12:30:58.865  1108  1148 E ANDR-PERF-OPTSHANDLER: Failed to read /sys/class/devfreq/soc:qcom,cpu4-cpu-llcc-lat/mem_latency/ratio_ceil
03-07 12:30:58.865  1108  1148 E ANDR-PERF-RESOURCEQS: Failed to apply optimization [13, 9]
03-07 12:30:58.866  1823  2046 W ActivityManager: Slow operation: 165ms so far, now at startProcess: done updating battery stats
03-07 12:30:58.866  1823  2046 W ActivityManager: Slow operation: 166ms so far, now at startProcess: building log message
03-07 12:30:58.866  1823  2046 I ActivityManager: Start proc 7647:com.jurnalsaham.jurnalsahamihsg/u0a773 for pre-top-activity {com.jurnalsaham.jurnalsahamihsg/org.kivy.android.PythonActivity}
03-07 12:30:58.866  1823  2046 W ActivityManager: Slow operation: 166ms so far, now at startProcess: starting to update pids map
03-07 12:30:58.866  1823  2046 W ActivityManager: Slow operation: 166ms so far, now at startProcess: done updating pids map
03-07 12:30:58.870 23306 27487 E Parcel  : Reading a NULL string not supported here.
03-07 12:30:58.874  7603  7603 I LoadedApk: No resource references to update in package com.heytap.mcs.kit_sys_integrity
03-07 12:30:58.875  7603  7603 I LoadedApk: No resource references to update in package com.heytap.mcs.kit_quickapp
03-07 12:30:58.875  7603  7603 I LoadedApk: No resource references to update in package com.heytap.mcs.kit_region
03-07 12:30:58.875  7603  7603 I LoadedApk: No resource references to update in package com.heytap.mcs.kit_mcs
03-07 12:30:58.878  7603  7603 D NetworkSecurityConfig: No Network Security Config specified, using platform default
03-07 12:30:58.879  7603  7603 D NetworkSecurityConfig: No Network Security Config specified, using platform default
03-07 12:30:58.881 23306 27487 E Parcel  : Reading a NULL string not supported here.
03-07 12:30:58.884  7603  7603 I MultiDex: VM with version 2.1.0 has multidex support
03-07 12:30:58.884  7603  7603 I MultiDex: Installing application
03-07 12:30:58.884  7603  7603 I MultiDex: VM has multidex support, MultiDex support library is disabled.
03-07 12:30:58.885  7603  7603 I MSP-LOG-APP-: create msplog:logcat
03-07 12:30:58.891  1823  3350 W ContextImpl: Calling a method in the system process without a qualified user: android.app.ContextImpl.startService:1717 com.oplus.util.OplusStatisticsImpl.startService:216 com.oplus.util.OplusStatisticsImpl.sendDataToDCS:192 com.oplus.util.OplusStatisticsImpl.onCommonSync:84 com.oplus.util.OplusStatisticsImpl$1.run:124 
03-07 12:30:58.892 23306 27487 E Parcel  : Reading a NULL string not supported here.
03-07 12:30:58.897  7603  7603 E SignatureUtil: reflectWechatPay onError: android.app.OplusActivityManager.addFastAppWCPay [class java.lang.String, class java.lang.String]
03-07 12:30:58.897  7603  7603 E SignatureUtil: reflectWechatPay onError: android.app.OplusActivityManager.removeFastAppWCPay [class java.lang.String, class java.lang.String]
03-07 12:30:58.901  6229  6247 E IHansComunication: HANS printMessageBody: RCVed message body: type = 0, port = 86870, caller_pid = 1823, caller_uid = 1000, target_pid = 11175, target_uid = 10171, pkg_cmd = -1
03-07 12:30:58.901 23306 27487 E Parcel  : Reading a NULL string not supported here.
03-07 12:30:58.901  7672  7672 W Zygote  : Unable to open libbeluga.so: dlopen failed: library "libbeluga.so" not found.
03-07 12:30:58.903  6229  6247 E IHansComunication: HANS printMessageBody: RCVed message body: type = 0, port = 86870, caller_pid = 1823, caller_uid = 1000, target_pid = 31216, target_uid = 10167, pkg_cmd = -1
03-07 12:30:58.903  6229  6247 E IHansComunication: HANS printMessageBody: RCVed message body: type = 0, port = 86870, caller_pid = 1823, caller_uid = 1000, target_pid = 4629, target_uid = 99505, pkg_cmd = -1
03-07 12:30:58.904 23306 27487 E Parcel  : Reading a NULL string not supported here.
03-07 12:30:58.905 23306 27487 E Parcel  : Reading a NULL string not supported here.
03-07 12:30:58.908  6229  6247 E IHansComunication: HANS printMessageBody: RCVed message body: type = 0, port = 86870, caller_pid = 1823, caller_uid = 1000, target_pid = 32208, target_uid = 10613, pkg_cmd = -1
03-07 12:30:58.908 23306 27487 E Parcel  : Reading a NULL string not supported here.
03-07 12:30:58.910  7603  7603 I Application: addBackgroundRestrictedInfo use: 18
03-07 12:30:58.911  7603  7603 W SkyEye.HandlerThread: warning: create new handler thread with name skyEye_auto_speed_thread,alive thread size:1
03-07 12:30:58.913  6229  6247 E IHansComunication: HANS printMessageBody: RCVed message body: type = 0, port = 86870, caller_pid = 1823, caller_uid = 1000, target_pid = 32224, target_uid = 10455, pkg_cmd = -1
03-07 12:30:58.914  6229  6247 E IHansComunication: HANS printMessageBody: RCVed message body: type = 0, port = 86870, caller_pid = 1823, caller_uid = 1000, target_pid = 6988, target_uid = 10757, pkg_cmd = -1
03-07 12:30:58.914  6229  6247 E IHansComunication: HANS printMessageBody: RCVed message body: type = 0, port = 86870, caller_pid = 1823, caller_uid = 1000, target_pid = 4122, target_uid = 10296, pkg_cmd = -1
03-07 12:30:58.916  3294  3294 E Launcher.ColorBubbleTextView: mForceHideDot is false
03-07 12:30:58.916  6229  6247 E IHansComunication: HANS printMessageBody: RCVed message body: type = 0, port = 86870, caller_pid = 1823, caller_uid = 1000, target_pid = 5452, target_uid = 10294, pkg_cmd = -1
03-07 12:30:58.917 23306 27487 E Parcel  : Reading a NULL string not supported here.
03-07 12:30:58.917  6229  6247 E IHansComunication: HANS printMessageBody: RCVed message body: type = 0, port = 86870, caller_pid = 1823, caller_uid = 1000, target_pid = 5616, target_uid = 10282, pkg_cmd = -1
03-07 12:30:58.917  7603  7603 I Application: Application init: 
03-07 12:30:58.919  7603  7603 I KitInfoManager: Kit infos: {cloudctrl=KitInfo{kitName='cloudctrl', kitVersionCode=10000, kitVersionName='1.0.0', kitApplicationClass='com.heytap.msp.cloudctrl.CloudCtrlApplication', callMothodInterval=0}, kit-core=KitInfo{kitName='kit-core', kitVersionCode=0, kitVersionName='', kitApplicationClass='com.heytap.msp.v2.MspCoreApplication', callMothodInterval=0}, sysintegrity=KitInfo{kitName='sysintegrity', kitVersionCode=0, kitVersionName='', kitApplicationClass='com.oplus.omes.srp.SrpApplication', callMothodInterval=0}, kit-mcs=KitInfo{kitName='kit-mcs', kitVersionCode=0, kitVersionName='', kitApplicationClass='com.heytap.mcs.msp.McsForMspApplication', callMothodInterval=0}, regionkit=KitInfo{kitName='regionkit', kitVersionCode=0, kitVersionName='', kitApplicationClass='com.heytap.msp.kit.region.RegionKitApplication', callMothodInterval=0}, instant=KitInfo{kitName='instant', kitVersionCode=0, kitVersionName='', kitApplicationClass='com.nearme.instant.platform.Application', callMothodInterval=0}}
03-07 12:30:58.920  6229  6247 E IHansComunication: HANS printMessageBody: RCVed message body: type = 0, port = 86870, caller_pid = 1823, caller_uid = 1000, target_pid = 32603, target_uid = 10203, pkg_cmd = -1
03-07 12:30:58.921 23306 27487 E Parcel  : Reading a NULL string not supported here.
03-07 12:30:58.921  7603  7603 I AbstractModuleApplication: AbstractModuleApplication attachBaseContext com.heytap.mcs.statistics
03-07 12:30:58.922  6229  6247 E IHansComunication: HANS printMessageBody: RCVed message body: type = 0, port = 86870, caller_pid = 1823, caller_uid = 1000, target_pid = 24202, target_uid = 10307, pkg_cmd = -1
03-07 12:30:58.923  6229  6247 E IHansComunication: HANS printMessageBody: RCVed message body: type = 0, port = 86870, caller_pid = 1823, caller_uid = 1000, target_pid = 19464, target_uid = 10030, pkg_cmd = -1
03-07 12:30:58.923  6229  6247 E IHansComunication: HANS printMessageBody: RCVed message body: type = 0, port = 86870, caller_pid = 1823, caller_uid = 1000, target_pid = 21521, target_uid = 10030, pkg_cmd = -1
03-07 12:30:58.925  6229  6247 E IHansComunication: HANS printMessageBody: RCVed message body: type = 0, port = 86870, caller_pid = 1823, caller_uid = 1000, target_pid = 24169, target_uid = 10006, pkg_cmd = -1
03-07 12:30:58.927   919   919 D Zygote  : Forked child process 7672
03-07 12:30:58.928 23306 27487 E Parcel  : Reading a NULL string not supported here.
03-07 12:30:58.929  1823  2046 W ActivityManager: Slow operation: 71ms so far, now at startProcess: returned from zygote!
03-07 12:30:58.935 23306 27487 E Parcel  : Reading a NULL string not supported here.
03-07 12:30:58.936  7672  7672 E .mcs.appservic: Unknown bits set in runtime_flags: 0x40000000
03-07 12:30:58.937 23306 27487 E Parcel  : Reading a NULL string not supported here.
03-07 12:30:58.940 23306 27487 I chatty  : uid=10036(com.google.android.gms) lowpool[500] identical 1 line
03-07 12:30:58.942 23306 27487 E Parcel  : Reading a NULL string not supported here.
03-07 12:30:58.942  2640  2666 D OplusCoreAppService: isPackageContainsOplusCertificates be called
03-07 12:30:58.944 23306 27487 E Parcel  : Reading a NULL string not supported here.
03-07 12:30:58.944  7672  7672 E .mcs.appservic: Not starting debugger since process cannot load the jdwp agent.
03-07 12:30:58.945 23306 27487 E Parcel  : Reading a NULL string not supported here.
03-07 12:30:58.949 23306 27487 E Parcel  : Reading a NULL string not supported here.
03-07 12:30:58.950 23306  5683 I Icing   : IndexChimeraService.getServiceInterface callingPackage=com.google.android.gms componentName=AppsCorpus serviceId=36
03-07 12:30:58.955  1823  2008 W Looper  : Drained
03-07 12:30:58.955  1134  2525 D AudioPolicyService: updateUidStates_l() allowCapture=true because of on TOP AND uses VOICE_RECOGNITION OR uses HOTWORD
03-07 12:30:58.955  1134  2525 D AudioPolicyService: updateUidStates_l() current->uid=10070 current->pid=17223 allowCapture=1 UidState=5 apmStat=1
03-07 12:30:58.958  7672  7672 E RefClass: java.lang.reflect.InvocationTargetException
03-07 12:30:58.959  7672  7672 I OneTrace: Mark active for pid=7672? true
03-07 12:30:58.966 23306 21989 E Parcel  : Reading a NULL string not supported here.
03-07 12:30:58.968  3878  3896 W System  : A resource failed to call close. 
03-07 12:30:58.985  1823  3438 V AlarmManager: set(PendingIntent{b90bcd6: PendingIntentRecord{965b0cc com.google.android.gms/com.google.android.gms.scheduler broadcastIntent}}) : type=3 when=287677373whenElapsed287677373maxWhen =287677373 win=0 interval=0 flags=0x0 pkg = com.google.android.gms
03-07 12:30:58.996  1823  4357 I ColorAppSwitchManagerService: appswitch hasProcess ActivityRecord{6c726bb u0 com.jurnalsaham.jurnalsahamihsg/org.kivy.android.PythonActivity t33113}
03-07 12:30:58.969  3878  3896 I chatty  : uid=10091(com.android.chrome) FinalizerDaemon identical 1 line
03-07 12:30:58.969  3878  3896 W System  : A resource failed to call close. 
03-07 12:30:58.997  1823  3461 V DCSEX-AppSwitchManager: OnAppSwitchObserver: onAppExit , info = OplusAppExitInfo = {  targetName = com.oppo.launcher hasResumingActivity = true resumingPackageName = com.jurnalsaham.jurnalsahamihsg resumingActivityName = org.kivy.android.PythonActivity resumingWindowMode = 1 isResumingMultiApp = false isResumingFirstStart = true extension = Bundle[{taskId=33113, uid=10773}]}
03-07 12:30:58.997  1823  4357 I InputDispatcher: setFocusedApplication displayId=0 ActivityRecord{6c726bb u0 com.jurnalsaham.jurnalsahamihsg/org.kivy.android.PythonActivity t33113}
03-07 12:30:58.998  1823  8266 D DCSEX-AppLaunchEventRecorder: onAppSwitch from = com.oppo.launcher to = com.jurnalsaham.jurnalsahamihsg
03-07 12:30:59.001 15661 13043 W OppoGuardElf: ThermalControlUtils: mForegroundPkg=com.jurnalsaham.jurnalsahamihsg
03-07 12:30:59.001  1108  1148 E ANDR-PERF-UTIL: Failed to read /sys/class/devfreq/soc:qcom,cpu0-llcc-ddr-lat/min_freq
03-07 12:30:59.001  1108  1148 E ANDR-PERF-OPTSHANDLER: Failed to read /sys/class/devfreq/soc:qcom,cpu0-llcc-ddr-lat/min_freq
03-07 12:30:59.002  1108  1148 E ANDR-PERF-RESOURCEQS: Failed to apply optimization [13, 12]
03-07 12:30:59.002  1108  1148 E ANDR-PERF-UTIL: Failed to read /sys/class/devfreq/soc:qcom,cpu6-llcc-ddr-lat/min_freq
03-07 12:30:59.002  1108  1148 E ANDR-PERF-OPTSHANDLER: Failed to read /sys/class/devfreq/soc:qcom,cpu6-llcc-ddr-lat/min_freq
03-07 12:30:59.002  1108  1148 E ANDR-PERF-RESOURCEQS: Failed to apply optimization [13, 12]
03-07 12:30:59.003  1108  1148 E ANDR-PERF-UTIL: Failed to read /sys/class/devfreq/soc:qcom,cpu0-cpu-llcc-lat/mem_latency/ratio_ceil
03-07 12:30:59.003  1108  1148 E ANDR-PERF-OPTSHANDLER: Failed to read /sys/class/devfreq/soc:qcom,cpu0-cpu-llcc-lat/mem_latency/ratio_ceil
03-07 12:30:59.003  1108  1148 E ANDR-PERF-RESOURCEQS: Failed to apply optimization [13, 8]
03-07 12:30:59.004  1108  1148 E ANDR-PERF-UTIL: Failed to read /sys/class/devfreq/soc:qcom,cpu4-cpu-llcc-lat/mem_latency/ratio_ceil
03-07 12:30:59.004  1108  1148 E ANDR-PERF-OPTSHANDLER: Failed to read /sys/class/devfreq/soc:qcom,cpu4-cpu-llcc-lat/mem_latency/ratio_ceil
03-07 12:30:59.004  1108  1148 E ANDR-PERF-RESOURCEQS: Failed to apply optimization [13, 9]
03-07 12:30:59.006  1823  3461 I ColorResourcePreloadManager: resume pkg: com.jurnalsaham.jurnalsahamihsg, uid:10773, prev pkg: com.oppo.launcher, prev uid: 10049
03-07 12:30:59.007  1823  3461 V DCSEX-AppSwitchManager: OnAppSwitchObserver: onAppEnter , info = OplusAppEnterInfo = {  windowMode = 1 targetName = com.jurnalsaham.jurnalsahamihsg multiApp = false firstStart = true launchedFromPackage = com.android.shell intent = Intent { flg=0x10000000 cmp=com.jurnalsaham.jurnalsahamihsg/org.kivy.android.PythonActivity mCallingUid=2000 } extension = Bundle[{taskId=33113, uid=10773}]}
03-07 12:30:59.008  4264 10786 D ZoomAppController: ignore onAppEnter: Invalid cvActionFlag = 0
03-07 12:30:59.022  7647  7647 I oplus.android.OplusFrameworkFactoryImpl: get feature:IOplusScreenModeFeature
03-07 12:30:59.023  7647  7647 I oplus.android.OplusFrameworkFactoryImpl: getOplusScreenModeFeature
03-07 12:30:58.997  1823  4357 I ColorAppSwitchManagerService: appswitch hasProcess ActivityRecord{6c726bb u0 com.jurnalsaham.jurnalsahamihsg/org.kivy.android.PythonActivity t33113}
03-07 12:30:59.030  1823  3470 E OppoThermalStats: Error getting package info: com.jurnalsaham.jurnalsahamihsg
03-07 12:30:59.032  1150  1150 D OppoExLayer: ~Layer() sequence=14854, name=Surface(name=501053e StatusBar)/@0xbaa88ec - animation-leash#1@0x7453b37000
03-07 12:30:59.032  1150  1150 D OppoExLayer: ~Layer() sequence=14849, name=Surface(name=1412601 NavigationBar0)/@0x71346e7 - animation-leash#0@0x7473128000
03-07 12:30:59.043  7647  7647 E libc    : Access denied finding property "ro.odm.prev.product.name"
03-07 12:30:59.047  1823  2046 W ActivityManager: Slow operation: 188ms so far, now at startProcess: done updating battery stats
03-07 12:30:59.047  2640  2666 D OplusCoreAppService: isPackageContainsOplusCertificates be called
03-07 12:30:59.047  1823  2046 W ActivityManager: Slow operation: 189ms so far, now at startProcess: building log message
03-07 12:30:59.047  1823  2046 I ActivityManager: Start proc 7672:com.heytap.mcs.appservice/1000 for content provider {com.heytap.mcs/com.heytap.mcs.biz.appservice.provider.AppServiceContentProvider}
03-07 12:30:59.047  1823  2046 W ActivityManager: Slow operation: 189ms so far, now at startProcess: starting to update pids map
03-07 12:30:59.047  7603  7603 I MspBaseApplication: current processName:com.heytap.mcs.statistics,pid:7603
03-07 12:30:59.047  7603  7603 I AbstractModuleApplication: AbstractModuleApplication init com.heytap.mcs.statistics
03-07 12:30:59.047  1823  2046 W ActivityManager: Slow operation: 189ms so far, now at startProcess: done updating pids map
03-07 12:30:59.054  1823  2011 D OplusKeepAliveManager: TOP_APP is ProcessRecord{c4ddec4 7647:com.jurnalsaham.jurnalsahamihsg/u0a773} uid is 10773
03-07 12:30:59.067  7647  7647 I Perf    : Connecting to perf service.
03-07 12:30:59.072  7647  7647 E Perf    :  perftest packageName : com.jurnalsaham.jurnalsahamihsg App is allowed to use Hide APIs  
03-07 12:30:59.072  7672  7672 I oplus.android.OplusFrameworkFactoryImpl: get feature:IOplusScreenModeFeature
03-07 12:30:59.073  7672  7672 I oplus.android.OplusFrameworkFactoryImpl: getOplusScreenModeFeature
03-07 12:30:59.075  1823  1834 I system_server: Background concurrent copying GC freed 603599(80MB) AllocSpace objects, 274(11MB) LOS objects, 18% free, 103MB/127MB, paused 1.932ms total 1.287s
03-07 12:30:59.078  7603  7698 I TetheringManager: registerTetheringEventCallback:com.heytap.mcs
03-07 12:30:59.078  7647  7647 D NetworkSecurityConfig: No Network Security Config specified, using platform default
03-07 12:30:59.080  1823  2537 W ActivityManager: Unable to start service Intent { cmp=com.google.android.googlequicksearchbox/com.google.android.apps.gsa.tasks.BackgroundTasksJobService (has extras) } U=0: not found
03-07 12:30:59.080  1823  2537 D JobScheduler: Error executing JobStatus{1c8a2af #u0a70/-486 com.google.android.googlequicksearchbox/com.google.android.apps.gsa.tasks.BackgroundTasksJobService u=0 s=10070 TIME=-3d7h54m4s27ms:-3d7h54m4s27ms NET PERIODIC PERSISTED READY}
03-07 12:30:59.083  1823  3199 D ConnectivityService: requestNetwork for uid/pid:1000/7603 NetworkRequest [ TRACK_DEFAULT id=18777, [ Capabilities: INTERNET&NOT_RESTRICTED&TRUSTED Uid: 1000 AdministratorUids: [] RequestorUid: 1000 RequestorPackageName: com.heytap.mcs] ]
03-07 12:30:59.083  1823  2512 D ConnectivityService: NetReassign [18777 : null �? 167]
03-07 12:30:59.079  7647  7647 D NetworkSecurityConfig: No Network Security Config specified, using platform default
03-07 12:30:59.083  1823  2474 D UntrustedWifiNetworkFactory: got request NetworkRequest [ TRACK_DEFAULT id=18777, [ Capabilities: INTERNET&NOT_RESTRICTED&TRUSTED Uid: 1000 AdministratorUids: [] RequestorUid: 1000 RequestorPackageName: com.heytap.mcs] ] with score 79 and providerId 6
03-07 12:30:59.084  1823  4212 D AS.AudioService: getParameters() keyValuePairs:OPLUS_AUDIO_GET_FOCUS_STACK
03-07 12:30:59.084  1823  2474 D WifiNetworkFactory: got request NetworkRequest [ TRACK_DEFAULT id=18777, [ Capabilities: INTERNET&NOT_RESTRICTED&TRUSTED Uid: 1000 AdministratorUids: [] RequestorUid: 1000 RequestorPackageName: com.heytap.mcs] ] with score 79 and providerId 6
03-07 12:30:59.084  1823  2502 D OplusWifiNetworkFactory2: got request NetworkRequest [ TRACK_DEFAULT id=18777, [ Capabilities: INTERNET&NOT_RESTRICTED&TRUSTED Uid: 1000 AdministratorUids: [] RequestorUid: 1000 RequestorPackageName: com.heytap.mcs] ] with score 79 and providerId 6
03-07 12:30:59.084  1823  2604 D Ethernet: got request NetworkRequest [ TRACK_DEFAULT id=18777, [ Capabilities: INTERNET&NOT_RESTRICTED&TRUSTED Uid: 1000 AdministratorUids: [] RequestorUid: 1000 RequestorPackageName: com.heytap.mcs] ] with score 79 and providerId 6
03-07 12:30:59.091  7603  7644 I MMKV    : Disable checkProcessMode()
03-07 12:30:59.095 10065 10102 I Finsky  : [53162] WM::SCH: Logging work initialize for 12-1
03-07 12:30:59.097  7603  7644 I MMKV    : current API level = 30, libc++_shared=0
03-07 12:30:59.097  7603  7644 I MMKV    : <MMKV.cpp:165::initialize> version v1.2.15, page size 4096, arch arm64-v8a
03-07 12:30:59.097  7603  7644 I MMKV    : <MMKV.cpp:176::initialize> armv8 AES instructions is supported
03-07 12:30:59.098  1108  1148 E ANDR-PERF-UTIL: Failed to read /sys/class/devfreq/soc:qcom,cpu0-llcc-ddr-lat/min_freq
03-07 12:30:59.098  1108  1148 E ANDR-PERF-OPTSHANDLER: Failed to read /sys/class/devfreq/soc:qcom,cpu0-llcc-ddr-lat/min_freq
03-07 12:30:59.098  1108  1148 E ANDR-PERF-RESOURCEQS: Failed to apply optimization [13, 12]
03-07 12:30:59.098  1108  1148 E ANDR-PERF-UTIL: Failed to read /sys/class/devfreq/soc:qcom,cpu6-llcc-ddr-lat/min_freq
03-07 12:30:59.098  1108  1148 E ANDR-PERF-OPTSHANDLER: Failed to read /sys/class/devfreq/soc:qcom,cpu6-llcc-ddr-lat/min_freq
03-07 12:30:59.098  1108  1148 E ANDR-PERF-RESOURCEQS: Failed to apply optimization [13, 12]
03-07 12:30:59.100 15661 13043 W OppoGuardElf: ThermalControllHandler: tempLevel=4,userMode=2,gameUserMode=-1,appType=-1,envTempType=0,appStates=[]
03-07 12:30:59.097  7603  7644 I MMKV    : <MMKV.cpp:184::initialize> armv8 CRC32 instructions is supported
03-07 12:30:59.101  7603  7603 I McsForMspApplication: metaData key = mspcore_push_prxoy_com.nearme.instant.platform, value = instant:30
03-07 12:30:59.101  7603  7644 I MMKV    : <MMKV.cpp:208::initializeMMKV> root dir: /data/user_de/0/com.heytap.mcs/files/mmkv
03-07 12:30:59.101  7603  7603 I MspBaseApplication: app version:2.1.23_ce1820b_250904_mcs_oppoexp_sea,2012312
03-07 12:30:59.101  7603  7644 I MMKV    : <MemoryFile.cpp:97::open> open fd[0x4e], /data/user_de/0/com.heytap.mcs/files/mmkv/mmkv_com.heytap.mcs.config
03-07 12:30:59.101  7603  7644 I MMKV    : <MemoryFile.cpp:97::open> open fd[0x4f], /data/user_de/0/com.heytap.mcs/files/mmkv/mmkv_com.heytap.mcs.config.crc
03-07 12:30:59.102  7603  7644 I MMKV    : <MMKV_IO.cpp:81::loadFromFile> loading [mmkv_com.heytap.mcs.config] with 25131 actual size, file size 32768, InterProcess 1, meta info version:3
03-07 12:30:59.102  7603  7644 I MMKV    : <MMKV_IO.cpp:86::loadFromFile> loading [mmkv_com.heytap.mcs.config] with crc 3407023574 sequence 247 version 3
03-07 12:30:59.102  7603  7644 I MMKV    : <MMKV_IO.cpp:130::loadFromFile> loaded [mmkv_com.heytap.mcs.config] with 88 key-values
03-07 12:30:59.103 15661 13043 W OppoGuardElf: ThermalControllerCenter: mSafetyState=10000
03-07 12:30:59.104  1108  1148 E ANDR-PERF-UTIL: Failed to read /sys/class/devfreq/soc:qcom,cpu0-cpu-llcc-lat/mem_latency/ratio_ceil
03-07 12:30:59.104  1108  1148 E ANDR-PERF-OPTSHANDLER: Failed to read /sys/class/devfreq/soc:qcom,cpu0-cpu-llcc-lat/mem_latency/ratio_ceil
03-07 12:30:59.104  1108  1148 E ANDR-PERF-RESOURCEQS: Failed to apply optimization [13, 8]
03-07 12:30:59.104  1108  1148 E ANDR-PERF-UTIL: Failed to read /sys/class/devfreq/soc:qcom,cpu4-cpu-llcc-lat/mem_latency/ratio_ceil
03-07 12:30:59.104  1108  1148 E ANDR-PERF-OPTSHANDLER: Failed to read /sys/class/devfreq/soc:qcom,cpu4-cpu-llcc-lat/mem_latency/ratio_ceil
03-07 12:30:59.104  1108  1148 E ANDR-PERF-RESOURCEQS: Failed to apply optimization [13, 9]
03-07 12:30:59.105 23306 25746 W OplusExSystemServiceHelper: checkOplusExSystemService intent getComponent is null
03-07 12:30:59.105  1150  1231 W DisplayIdentification: Invalid EDID: falling back to serial number due to missing display name.
03-07 12:30:59.105  1150  1231 W DisplayIdentification: Invalid EDID: falling back to ASCII text due to missing serial number.
03-07 12:30:59.106  1823  2011 D PowerManagerService: setScreenBrightnessOverrideFromWindowManagerInternal brightness=NaN mScreenBrightnessOverrideFromWindowManager=NaN
03-07 12:30:59.114  7672  7672 E libc    : Access denied finding property "ro.odm.prev.product.name"
03-07 12:30:59.117  2640  2666 D OplusCoreAppService: isPackageContainsOplusCertificates be called
03-07 12:30:59.117  6042  6531 D DateUtils: country : 
03-07 12:30:59.121  7672  7672 I .mcs.appservic: The ClassLoaderContext is a special shared library.
03-07 12:30:59.122  7647  7707 E libEGL  : Invalid file path for libcolorx-loader.so
03-07 12:30:59.123  7647  7647 I oplus.android.OplusFrameworkFactoryImpl: getOplusRedPacketManager
03-07 12:30:59.126  7647  7647 V PythonActivity: PythonActivity onCreate running
03-07 12:30:59.127  7647  7647 V PythonActivity: About to do super onCreate
03-07 12:30:59.127  7647  7647 V SDL     : Device: RMX1971
03-07 12:30:59.127  7647  7647 V SDL     : Model: RMX1971
03-07 12:30:59.127  7647  7647 V SDL     : onCreate()
03-07 12:30:59.127  7647  7647 V PythonActivity: Did super onCreate
03-07 12:30:59.127  7647  7647 V SDL     : getting identifier
03-07 12:30:59.127  7647  7647 V SDL     : kind is layout and name lottie
03-07 12:30:59.127  7647  7647 V SDL     : result is 0
03-07 12:30:59.127  7647  7647 E jurnalsahamihs: Invalid ID 0x00000000.
03-07 12:30:59.128  7647  7647 V SDL     : couldn't find lottie layout or animation, trying static splash
03-07 12:30:59.128  7647  7647 V SDL     : getting identifier
03-07 12:30:59.128  7647  7647 V SDL     : kind is drawable and name presplash
03-07 12:30:59.128  7647  7647 V SDL     : result is 2130771969
03-07 12:30:59.128  7603  7644 I MMKV    : Disable checkProcessMode()
03-07 12:30:59.129  7603  7644 I MMKV    : <MMKV.cpp:208::initializeMMKV> root dir: /data/user_de/0/com.heytap.mcs/files/mmkv
03-07 12:30:59.129  7603  7644 I MMKV    : <MemoryFile.cpp:97::open> open fd[0x50], /data/user_de/0/com.heytap.mcs/files/mmkv/mmkv_com.heytap.mcs.static.backup
03-07 12:30:59.129  7603  7644 I MMKV    : <MemoryFile.cpp:97::open> open fd[0x51], /data/user_de/0/com.heytap.mcs/files/mmkv/mmkv_com.heytap.mcs.static.backup.crc
03-07 12:30:59.129  7603  7644 I MMKV    : <MMKV_IO.cpp:81::loadFromFile> loading [mmkv_com.heytap.mcs.static.backup] with 244 actual size, file size 8192, InterProcess 1, meta info version:3
03-07 12:30:59.129  7603  7644 I MMKV    : <MMKV_IO.cpp:86::loadFromFile> loading [mmkv_com.heytap.mcs.static.backup] with crc 3516125215 sequence 74 version 3
03-07 12:30:59.129  7603  7644 I MMKV    : <MMKV_IO.cpp:130::loadFromFile> loaded [mmkv_com.heytap.mcs.static.backup] with 0 key-values
03-07 12:30:59.117  7672  7672 W .mcs.appservice: type=1400 audit(0.0:213614): avc: denied { write } for name="com.heytap.mcs-rbqbAyb9ZQRRGREWdx21sg==" dev="sda14" ino=8537 scontext=u:r:system_app:s0 tcontext=u:object_r:apk_data_file:s0 tclass=dir permissive=0
03-07 12:30:59.133 15661 13043 W OppoGuardElf: ThermalControllHandler: tempGear=4,configItemName=common_config
03-07 12:30:59.135 15661 15758 W OppoGuardElf: ThermalControllHandler: MSG_THERMAL_CONTROL_CATEGORY_CHANGED
03-07 12:30:59.136  7647  7647 V SDL     : asked to get string presplash_color
03-07 12:30:59.136  7647  7647 V SDL     : getting identifier
03-07 12:30:59.136  7647  7647 V SDL     : kind is string and name presplash_color
03-07 12:30:59.137  7647  7647 V SDL     : result is 2131034113
03-07 12:30:59.142  6042  6531 D DateUtils: country : 
03-07 12:30:59.107  1823  2011 I chatty  : uid=1000(system) android.display identical 1 line
03-07 12:30:59.107  1823  2011 D PowerManagerService: setScreenBrightnessOverrideFromWindowManagerInternal brightness=NaN mScreenBrightnessOverrideFromWindowManager=NaN
03-07 12:30:59.147  1823  5653 D ColorAppListInterceptManager: shouldFilterTask
03-07 12:30:59.147  1823  5653 D ColorAppListInterceptManager: shouldFilterTask::packageName = com.jurnalsaham.jurnalsahamihsg
03-07 12:30:59.147  1823  5653 D ColorAppListInterceptManager: shouldFilterTask
03-07 12:30:59.147  1823  5653 D ColorAppListInterceptManager: shouldFilterTask::packageName = com.ss.android.ugc.trill
03-07 12:30:59.142  6042  6531 D DateUtils: country : 
03-07 12:30:59.150  1823  2444 I InputReader: Reconfiguring input devices, changes=KEYBOARD_LAYOUTS | 
03-07 12:30:59.156  6042  6531 D DateUtils: country : 
03-07 12:30:59.163  7647  7647 V SDL     : onStart()
03-07 12:30:59.164  1823  2040 W Searchables: No web search activity found
03-07 12:30:59.166  7647  7647 V PythonActivity: onResume()
03-07 12:30:59.166  7647  7647 V SDL     : onResume()
03-07 12:30:59.166  1823  2008 D OplusAppBwCore: onUidImportance: 10773, 100
03-07 12:30:59.167  7647  7647 D OplusInputMethodUtil: init DEBUG to false, update DEBUG_IME to false
03-07 12:30:59.167  1134  2525 D AudioPolicyService: updateUidStates_l() allowCapture=true because of on TOP AND uses VOICE_RECOGNITION OR uses HOTWORD
03-07 12:30:59.167  1134  2525 D AudioPolicyService: updateUidStates_l() current->uid=10070 current->pid=17223 allowCapture=1 UidState=5 apmStat=1
03-07 12:30:59.167  1134  2525 D AudioPolicyService: updateUidStates_l() allowCapture=true because of on TOP AND uses VOICE_RECOGNITION OR uses HOTWORD
03-07 12:30:59.167  1134  2525 D AudioPolicyService: updateUidStates_l() current->uid=10070 current->pid=17223 allowCapture=1 UidState=5 apmStat=1
03-07 12:30:59.167  1134  2525 D AudioPolicyService: updateUidStates_l() allowCapture=true because of on TOP AND uses VOICE_RECOGNITION OR uses HOTWORD
03-07 12:30:59.168  1134  2525 D AudioPolicyService: updateUidStates_l() current->uid=10070 current->pid=17223 allowCapture=1 UidState=5 apmStat=1
03-07 12:30:59.169  1823  2154 W BroadcastQueue: Background execution not allowed: receiving Intent { act=android.intent.action.PACKAGE_ADDED dat=package:com.jurnalsaham.jurnalsahamihsg flg=0x4000010 (has extras) } to com.google.android.packageinstaller/com.android.packageinstaller.PackageInstalledReceiver
03-07 12:30:59.170  1823  2154 W BroadcastQueue: Background execution not allowed: receiving Intent { act=android.intent.action.PACKAGE_ADDED dat=package:com.jurnalsaham.jurnalsahamihsg flg=0x4000010 (has extras) } to com.android.vending/com.google.android.finsky.packagemonitor.impl.PackageMonitorReceiverImpl$RegisteredReceiver
03-07 12:30:59.171  1823  2537 W ActivityManager: Unable to start service Intent { cmp=com.google.android.googlequicksearchbox/com.google.android.apps.gsa.tasks.BackgroundTasksJobService (has extras) } U=0: not found
03-07 12:30:59.172  1823  2537 D JobScheduler: Error executing JobStatus{1c21645 #u0a70/-352 com.google.android.googlequicksearchbox/com.google.android.apps.gsa.tasks.BackgroundTasksJobService u=0 s=10070 TIME=-3d7h54m4s118ms:-3d7h54m4s118ms NET PERIODIC PERSISTED READY}
03-07 12:30:59.174  1823  2154 W BroadcastQueue: Background execution not allowed: receiving Intent { act=android.intent.action.PACKAGE_ADDED dat=package:com.jurnalsaham.jurnalsahamihsg flg=0x4000010 (has extras) } to com.android.vending/com.google.android.finsky.packagemonitor.backgroundimpl.BackgroundPackageMonitorReceiverImpl$RegisteredReceiver
03-07 12:30:59.175  1823  2154 W BroadcastQueue: Background execution not allowed: receiving Intent { act=android.intent.action.PACKAGE_ADDED dat=package:com.jurnalsaham.jurnalsahamihsg flg=0x4000010 (has extras) } to com.coloros.safecenter/.startupapp.StartupReceiver
03-07 12:30:59.175  1823  2154 W BroadcastQueue: Background execution not allowed: receiving Intent { act=android.intent.action.PACKAGE_ADDED dat=package:com.jurnalsaham.jurnalsahamihsg flg=0x4000010 (has extras) } to com.google.android.gms/.gass.chimera.PackageChangeBroadcastReceiver
03-07 12:30:59.175  4401  4443 E oiface  : packageSwitch pkg com.jurnalsaham.jurnalsahamihsg, enter
03-07 12:30:59.175 23306 23336 E Parcel  : Reading a NULL string not supported here.
03-07 12:30:59.175  1823  2154 W BroadcastQueue: Background execution not allowed: receiving Intent { act=android.intent.action.PACKAGE_ADDED dat=package:com.jurnalsaham.jurnalsahamihsg flg=0x4000010 (has extras) } to com.google.android.gms/.chimera.GmsIntentOperationService$PersistentTrustedReceiver
03-07 12:30:59.175  4401  4443 E oiface  : current package is com.jurnalsaham.jurnalsahamihsg and pid is 7647
03-07 12:30:59.175  1823  2154 W BroadcastQueue: Background execution not allowed: receiving Intent { act=android.intent.action.PACKAGE_ADDED dat=package:com.jurnalsaham.jurnalsahamihsg flg=0x4000010 (has extras) } to com.heytap.cloud/.receiver.ColorCloudReceiver
03-07 12:30:59.176  1823  2154 W BroadcastQueue: Background execution not allowed: receiving Intent { act=android.intent.action.PACKAGE_ADDED dat=package:com.jurnalsaham.jurnalsahamihsg flg=0x4000010 (has extras) } to com.heytap.market/com.heytap.cdo.client.domain.receiver.PackageReceiver
03-07 12:30:59.176  1823  2011 D PowerManagerService: setScreenBrightnessOverrideFromWindowManagerInternal brightness=NaN mScreenBrightnessOverrideFromWindowManager=NaN
03-07 12:30:59.176  1823  2011 D PowerManagerService: setScreenBrightnessOverrideFromWindowManagerInternal brightness=NaN mScreenBrightnessOverrideFromWindowManager=NaN
03-07 12:30:59.180  1823  2154 W BroadcastQueue: Background execution not allowed: receiving Intent { act=android.intent.action.PACKAGE_ADDED dat=package:com.jurnalsaham.jurnalsahamihsg flg=0x4000010 (has extras) } to com.nearme.gamecenter/com.heytap.cdo.client.domain.receiver.PackageReceiver
03-07 12:30:59.181  7647  7710 V PythonActivity: Ready to unpack
03-07 12:30:59.181  1823  2154 W BroadcastQueue: Background execution not allowed: receiving Intent { act=android.intent.action.PACKAGE_ADDED dat=package:com.jurnalsaham.jurnalsahamihsg flg=0x4000010 (has extras) } to com.facebook.katana/com.facebook.feed.platformads.AppInstallReceiver
03-07 12:30:59.183  7647  7710 V pythonutil: Unpacking private app
03-07 12:30:59.187  1823  2154 W BroadcastQueue: Background execution not allowed: receiving Intent { act=android.intent.action.PACKAGE_ADDED dat=package:com.jurnalsaham.jurnalsahamihsg flg=0x4000010 (has extras) } to com.google.android.apps.nbu.files/.documentbrowser.browselanding.rootcontainerlist.receiver.PackageChangeReceiver_Receiver
03-07 12:30:59.190  7647  7647 I OplusFeatureCache: Milliseconds spent on init(): 14
03-07 12:30:59.191  7647  7710 V pythonutil: Data version is f6d6a532ab7df75899153307cf5bef874f4fcc3f
03-07 12:30:59.193  7647  7710 V pythonutil: Extracting private assets.
03-07 12:30:59.202  1823  2154 W BroadcastQueue: Background execution not allowed: receiving Intent { act=android.intent.action.PACKAGE_ADDED dat=package:com.jurnalsaham.jurnalsahamihsg flg=0x4000010 (has extras) } to com.ss.android.ugc.trill/com.ss.android.common.applog.HotsoonReceiver
03-07 12:30:59.204  7647  7647 D OplusSlideAnimOptHelper: scrollEffectOpt enable = false
03-07 12:30:59.206  7647  7647 D ColorViewRootUtil: initSwipState, isDisplayCompatApp false
03-07 12:30:59.206  7647  7647 D ColorViewRootUtil: mScreenHeight 2340, mScreenWidth 1080
03-07 12:30:59.210 23306 23306 D BoundBrokerSvc: onBind: Intent { act=com.google.android.gms.feedback.internal.IFeedbackService dat=chimera-action: cmp=com.google.android.gms/.chimera.GmsBoundBrokerService }
03-07 12:30:59.210 23306 23306 D BoundBrokerSvc: Loading bound service for intent: Intent { act=com.google.android.gms.feedback.internal.IFeedbackService dat=chimera-action: cmp=com.google.android.gms/.chimera.GmsBoundBrokerService }
03-07 12:30:59.210  7647  7647 D WindowManager: Add to mViews: DecorView@5c11d05[PythonActivity],pkg= com.jurnalsaham.jurnalsahamihsg
03-07 12:30:59.212  1823  2537 W ActivityManager: Unable to start service Intent { cmp=com.google.android.googlequicksearchbox/com.google.android.apps.gsa.tasks.BackgroundTasksJobService (has extras) } U=0: not found
03-07 12:30:59.213  1823  2537 D JobScheduler: Error executing JobStatus{cab19a #u0a70/-370 com.google.android.googlequicksearchbox/com.google.android.apps.gsa.tasks.BackgroundTasksJobService u=0 s=10070 TIME=-3d7h54m4s159ms:-3d7h54m4s159ms NET CHARGING PERIODIC PERSISTED READY}
03-07 12:30:59.214 15661 15716 I Quality-log: sysanimskip :25
03-07 12:30:59.227  4401  4441 E oiface  : Average freq 770896 for 203s.
03-07 12:30:59.227  4401  4441 E oiface  : Average freq 828940 for 203s.
03-07 12:30:59.217  1823  1823 W Binder:1823_7: type=1400 audit(0.0:213615): avc: denied { open } for path="/sys/devices/platform/soc/5000000.qcom,kgsl-3d0/kgsl/kgsl-3d0/freq_table_mhz" dev="sysfs" ino=46177 scontext=u:r:system_server:s0 tcontext=u:object_r:sysfs_kgsl:s0 tclass=file permissive=0
03-07 12:30:59.228 10248 10351 E AppPlatformAvailability: AppPlatform not installed
03-07 12:30:59.229  1823  3013 E ORMS_Platform : OplusResourceManagerPlatformUtils: readFile function exception:/sys/devices/platform/soc/5000000.qcom,kgsl-3d0/kgsl/kgsl-3d0/freq_table_mhz: open failed: EACCES (Permission denied)
03-07 12:30:59.230  4401  4441 E oiface  : get gpu freq table failed
03-07 12:30:59.232 10248 10248 I PhoneManager.RealTimeMonitorReceiver: installer=
03-07 12:30:59.239  1823  5656 D OppoDisplayPolicy: com.jurnalsaham.jurnalsahamihsg, no change cutoutMode: 0
03-07 12:30:59.243  4401  4441 E oiface  : client  not found, skipped
03-07 12:30:59.243  4401  4441 D oiface  : forground package is com.jurnalsaham.jurnalsahamihsg
03-07 12:30:59.244  7672  7672 I Perf    : Connecting to perf service.
03-07 12:30:59.256 10248 10423 E PhoneManager.ZeroLaunchHelper:  handlerCheckZeroLaunch metaData error!
03-07 12:30:59.259 10248 10346 E PhoneManager.ScanVirusUtil:  platform not support
03-07 12:30:59.260 23306 27487 E Parcel  : Reading a NULL string not supported here.
03-07 12:30:59.262  7672  7672 E Perf    :  perftest packageName : com.heytap.mcs App is allowed to use Hide APIs  
03-07 12:30:59.266 23306 27487 E Parcel  : Reading a NULL string not supported here.
03-07 12:30:59.272 23306 27487 E Parcel  : Reading a NULL string not supported here.
03-07 12:30:59.275  1823  4212 D OppoDisplayPolicy: com.jurnalsaham.jurnalsahamihsg, no change cutoutMode: 0
03-07 12:30:59.276 23306 27487 E Parcel  : Reading a NULL string not supported here.
03-07 12:30:59.276  7672  7672 I LoadedApk: No resource references to update in package com.heytap.mcs.kit_sys_integrity
03-07 12:30:59.277  7672  7672 I LoadedApk: No resource references to update in package com.heytap.mcs.kit_quickapp
03-07 12:30:59.277  7672  7672 I LoadedApk: No resource references to update in package com.heytap.mcs.kit_region
03-07 12:30:59.277  7672  7672 I LoadedApk: No resource references to update in package com.heytap.mcs.kit_mcs
03-07 12:30:59.279 23306 27487 E Parcel  : Reading a NULL string not supported here.
03-07 12:30:59.284  1823  4212 V WindowManager: Changing focus from null to Window{f8ba2a5 u0 com.jurnalsaham.jurnalsahamihsg/org.kivy.android.PythonActivity},diplayid=0
03-07 12:30:59.286  7672  7672 D NetworkSecurityConfig: No Network Security Config specified, using platform default
03-07 12:30:59.287  7672  7672 D NetworkSecurityConfig: No Network Security Config specified, using platform default
03-07 12:30:59.288  7672  7672 I MultiDex: VM with version 2.1.0 has multidex support
03-07 12:30:59.288  7672  7672 I MultiDex: Installing application
03-07 12:30:59.288  7672  7672 I MultiDex: VM has multidex support, MultiDex support library is disabled.
03-07 12:30:59.290  1823  4212 D Theia.NoFocusWindow: FocusWindowErrorScene cancelCheckFreezeScreen
03-07 12:30:59.290 15661 26507 W ContextImpl: Calling a method in the system process without a qualified user: android.app.ContextImpl.startService:1717 android.content.ContextWrapper.startService:730 com.oppo.a.a.c.a.a:13 com.oppo.a.a.c.a.a:234 com.oppo.a.a.a.c.a:16 
03-07 12:30:59.291 23306 27487 E Parcel  : Reading a NULL string not supported here.
03-07 12:30:59.292  1823  2011 D PowerManagerService: setScreenBrightnessOverrideFromWindowManagerInternal brightness=NaN mScreenBrightnessOverrideFromWindowManager=NaN
03-07 12:30:59.294  7647  7647 V OplusZoomWindowDecorViewHelper: setLastReportedMergedConfiguration mZoomDisplayHeight: 2340 getDecorView.DecorView@5c11d05[PythonActivity]
03-07 12:30:59.296  7647  7705 E libEGL  : Invalid file path for libcolorx-loader.so
03-07 12:30:59.296  7647  7705 I AdrenoGLES-0: QUALCOMM build                   : 5af5ff1, Iff02ff076a
03-07 12:30:59.296  7647  7705 I AdrenoGLES-0: Build Date                       : 01/05/21
03-07 12:30:59.296  7647  7705 I AdrenoGLES-0: OpenGL ES Shader Compiler Version: EV031.32.02.06
03-07 12:30:59.296  7647  7705 I AdrenoGLES-0: Local Branch                     : mybrancheb4f33c0-fd8a-f1f2-ab18-5cb90179c3d8
03-07 12:30:59.296  7647  7705 I AdrenoGLES-0: Remote Branch                    : quic/gfx-adreno.lnx.1.0.r114-rel
03-07 12:30:59.296  7647  7705 I AdrenoGLES-0: Remote Branch                    : NONE
03-07 12:30:59.296  7647  7705 I AdrenoGLES-0: Reconstruct Branch               : NOTHING
03-07 12:30:59.296  7647  7705 I AdrenoGLES-0: Build Config                     : S P 10.0.7 AArch64
03-07 12:30:59.296  7647  7705 I AdrenoGLES-0: Driver Path                      : /vendor/lib64/egl/libGLESv2_adreno.so
03-07 12:30:59.297 23306 27487 E Parcel  : Reading a NULL string not supported here.
03-07 12:30:59.300 23306 27487 I chatty  : uid=10036(com.google.android.gms) lowpool[500] identical 1 line
03-07 12:30:59.303 23306 27487 E Parcel  : Reading a NULL string not supported here.
03-07 12:30:59.304  7647  7705 I AdrenoGLES-0: PFP: 0x016ee190, ME: 0x00000000
03-07 12:30:59.306 23306 27487 E Parcel  : Reading a NULL string not supported here.
03-07 12:30:59.310 23306 27487 E Parcel  : Reading a NULL string not supported here.
03-07 12:30:59.314  7647  7705 E libEGL  : Invalid file path for libcolorx-loader.so
03-07 12:30:59.323  7647  7705 I chatty  : uid=10773(com.jurnalsaham.jurnalsahamihsg) RenderThread identical 55 lines
03-07 12:30:59.323  7647  7705 E libEGL  : Invalid file path for libcolorx-loader.so
03-07 12:30:59.313 23306 27487 E Parcel  : Reading a NULL string not supported here.
03-07 12:30:59.323  7647  7705 E libEGL  : Invalid file path for libcolorx-loader.so
03-07 12:30:59.323  7672  7672 I MSP-LOG-APP-: create msplog:logcat
03-07 12:30:59.323  7647  7705 E libEGL  : Invalid file path for libcolorx-loader.so
03-07 12:30:59.330  1823  2008 W Looper  : Slow dispatch took 114ms android.ui h=com.android.server.am.ActivityManagerService$UiHandler c=null m=31
03-07 12:30:59.331 15661 15661 W ContextImpl: Calling a method in the system process without a qualified user: android.app.ContextImpl.startService:1717 android.content.ContextWrapper.startService:730 android.content.ContextWrapper.startService:730 com.coloros.safecenter.appfrozen.receiver.AppFrozenReceiver.onReceive:236 android.app.ActivityThread.handleReceiver:4355 
03-07 12:30:59.324  7647  7705 I chatty  : uid=10773(com.jurnalsaham.jurnalsahamihsg) RenderThread identical 7 lines
03-07 12:30:59.324  7647  7705 E libEGL  : Invalid file path for libcolorx-loader.so
03-07 12:30:59.332 15661 15661 D Intent  : disableDeathOnFileUriExposure com.coloros.safecenter
03-07 12:30:59.332  1150  1150 D OppoExLayer: ~Layer() sequence=14862, name=Surface(name=1412601 NavigationBar0)/@0x71346e7 - animation-leash#1@0x7456f40000
03-07 12:30:59.332  1150  1150 D OppoExLayer: ~Layer() sequence=14861, name=Surface(name=501053e StatusBar)/@0xbaa88ec - animation-leash#0@0x7464eab000
03-07 12:30:59.334  1823  2012 V ColorZoomWindowManagerService: onAnimationFinished:  r = ActivityRecord{d5fbe0b u0 com.oppo.launcher/.Launcher t2}
03-07 12:30:59.335  1823  2012 I OplusMirageDisplayManagerService: onAnimationFinished:
03-07 12:30:59.335  1823  2012 V ColorZoomWindowManagerService: onAnimationFinished:  r = ActivityRecord{6c726bb u0 com.jurnalsaham.jurnalsahamihsg/org.kivy.android.PythonActivity t33113}
03-07 12:30:59.335  1823  2012 I ColorAppSwitchManagerService:  handleAppVisible , r = ActivityRecord{6c726bb u0 com.jurnalsaham.jurnalsahamihsg/org.kivy.android.PythonActivity t33113}
03-07 12:30:59.333   625   625 I hwservicemanager: getTransport: Cannot find entry android.hardware.graphics.mapper@4.0::IMapper/default in either framework or device manifest.
03-07 12:30:59.336  1823  2012 I OplusMirageDisplayManagerService: onAnimationFinished:
03-07 12:30:59.336  7647  7705 I Gralloc4: mapper 4.x is not supported
03-07 12:30:59.337   625   625 I hwservicemanager: getTransport: Cannot find entry android.hardware.graphics.mapper@3.0::IMapper/default in either framework or device manifest.
03-07 12:30:59.337  7647  7705 W Gralloc3: mapper 3.x is not supported
03-07 12:30:59.340 10248 10346 I PhoneManager.OplusVirusEngine: scanPackage() >>>>>>>>> 
03-07 12:30:59.342  7672  7672 E SignatureUtil: reflectWechatPay onError: android.app.OplusActivityManager.addFastAppWCPay [class java.lang.String, class java.lang.String]
03-07 12:30:59.343  7672  7672 E SignatureUtil: reflectWechatPay onError: android.app.OplusActivityManager.removeFastAppWCPay [class java.lang.String, class java.lang.String]
03-07 12:30:59.345  1823  2751 E ORMS_Platform : OplusResourceManagerPlatformUtils: readFile function exception:/sys/devices/platform/soc/5000000.qcom,kgsl-3d0/kgsl/kgsl-3d0/freq_table_mhz: open failed: EACCES (Permission denied)
03-07 12:30:59.345  4401  4441 E oiface  : get gpu freq table failed
03-07 12:30:59.337  1823  1823 W Binder:1823_6: type=1400 audit(0.0:213616): avc: denied { open } for path="/sys/devices/platform/soc/5000000.qcom,kgsl-3d0/kgsl/kgsl-3d0/freq_table_mhz" dev="sysfs" ino=46177 scontext=u:r:system_server:s0 tcontext=u:object_r:sysfs_kgsl:s0 tclass=file permissive=0
03-07 12:30:59.347 23306 27487 E Parcel  : Reading a NULL string not supported here.
03-07 12:30:59.348  7672  7672 I Application: addBackgroundRestrictedInfo use: 15
03-07 12:30:59.350  7672  7672 W SkyEye.HandlerThread: warning: create new handler thread with name skyEye_auto_speed_thread,alive thread size:1
03-07 12:30:59.354  5123  5123 W ContextImpl: Calling a method in the system process without a qualified user: android.app.ContextImpl.startService:1717 android.content.ContextWrapper.startService:730 android.content.ContextWrapper.startService:730 com.coloros.securitypermission.permission.OppoPermissionReceiver.a:669 com.coloros.securitypermission.permission.OppoPermissionReceiver.onReceive:272 
03-07 12:30:59.365  7672  7672 I Application: Application init: 
03-07 12:30:59.365  1150  1150 D OppoExLayer: ~Layer() sequence=14860, name=Surface(name=Task=2)/@0x825ae65 - animation-leash#0@0x7464e58000
03-07 12:30:59.365  1150  1150 D OppoExLayer: ~Layer() sequence=14859, name=Surface(name=Task=33113)/@0x7fe0e - animation-leash#0@0x746efc0000
03-07 12:30:59.367 15661  7725 D StartupManager: getStartupRestrictSwitch: false
03-07 12:30:59.367 15661  7725 D StartupManager: getBlackListDefault start
03-07 12:30:59.369  7672  7672 I KitInfoManager: Kit infos: {cloudctrl=KitInfo{kitName='cloudctrl', kitVersionCode=10000, kitVersionName='1.0.0', kitApplicationClass='com.heytap.msp.cloudctrl.CloudCtrlApplication', callMothodInterval=0}, kit-core=KitInfo{kitName='kit-core', kitVersionCode=0, kitVersionName='', kitApplicationClass='com.heytap.msp.v2.MspCoreApplication', callMothodInterval=0}, sysintegrity=KitInfo{kitName='sysintegrity', kitVersionCode=0, kitVersionName='', kitApplicationClass='com.oplus.omes.srp.SrpApplication', callMothodInterval=0}, kit-mcs=KitInfo{kitName='kit-mcs', kitVersionCode=0, kitVersionName='', kitApplicationClass='com.heytap.mcs.msp.McsForMspApplication', callMothodInterval=0}, regionkit=KitInfo{kitName='regionkit', kitVersionCode=0, kitVersionName='', kitApplicationClass='com.heytap.msp.kit.region.RegionKitApplication', callMothodInterval=0}, instant=KitInfo{kitName='instant', kitVersionCode=0, kitVersionName='', kitApplicationClass='com.nearme.instant.platform.Application', callMothodInterval=0}}
03-07 12:30:59.370  7672  7672 I AbstractModuleApplication: AbstractModuleApplication attachBaseContext com.heytap.mcs.appservice
03-07 12:30:59.354 23306 27487 E Parcel  : Reading a NULL string not supported here.
03-07 12:30:59.373 15661  7725 D StartupManager: getBlackList start
03-07 12:30:59.374 23306 27487 E Parcel  : Reading a NULL string not supported here.
03-07 12:30:59.378  1823  2011 D PowerManagerService: setScreenBrightnessOverrideFromWindowManagerInternal brightness=NaN mScreenBrightnessOverrideFromWindowManager=NaN
03-07 12:30:59.378  1823  2011 I chatty  : uid=1000(system) android.display identical 3 lines
03-07 12:30:59.378  1823  2011 D PowerManagerService: setScreenBrightnessOverrideFromWindowManagerInternal brightness=NaN mScreenBrightnessOverrideFromWindowManager=NaN
03-07 12:30:59.393  5123  5123 W ContextImpl: Calling a method in the system process without a qualified user: android.app.ContextImpl.startService:1717 android.content.ContextWrapper.startService:730 android.content.ContextWrapper.startService:730 com.coloros.securitypermission.permission.OppoPermissionReceiver.a:669 com.coloros.securitypermission.permission.OppoPermissionReceiver.onReceive:276 
03-07 12:30:59.404  1823  2537 W ActivityManager: Unable to start service Intent { cmp=com.google.android.googlequicksearchbox/com.google.android.apps.gsa.tasks.BackgroundTasksJobService (has extras) } U=0: not found
03-07 12:30:59.405  1823  2537 D JobScheduler: Error executing JobStatus{6d7a8e #u0a70/-256 com.google.android.googlequicksearchbox/com.google.android.apps.gsa.tasks.BackgroundTasksJobService u=0 s=10070 TIME=-3d7h54m4s352ms:-3d7h54m4s352ms NET CHARGING PERIODIC PERSISTED READY}
03-07 12:30:59.386 23306 27487 I chatty  : uid=10036(com.google.android.gms) lowpool[500] identical 3 lines
03-07 12:30:59.389 23306 27487 E Parcel  : Reading a NULL string not supported here.
03-07 12:30:59.407 15661  7738 I SafeCenter.DexOptRecordManager: handlePackageInstallEvent for com.jurnal**********alsahamihsg
03-07 12:30:59.410  7672  7672 I MspBaseApplication: current processName:com.heytap.mcs.appservice,pid:7672
03-07 12:30:59.410  7672  7672 I AbstractModuleApplication: AbstractModuleApplication init com.heytap.mcs.appservice
03-07 12:30:59.413 15661  7738 I SafeCenter.DexOptRecordManager: install happened for com.jurnal**********alsahamihsg which is not thresh yet
03-07 12:30:59.416 23306  5622 I Icing   : Usage reports ok 0, Failed Usage reports 0, indexed 0, rejected 0
03-07 12:30:59.427  1823  2537 W ActivityManager: Unable to start service Intent { cmp=com.coloros.deepthinker/com.coloros.proton.learn.schedule.TrainJobService (has extras) } U=0: not found
03-07 12:30:59.427  1823  2537 D JobScheduler: Error executing JobStatus{e63504a #1000/648162385 com.coloros.deepthinker/com.coloros.proton.learn.schedule.TrainJobService u=0 s=1000 TIME=-3d7h54m4s345ms:-3d7h54m4s345ms PERSISTED READY}
03-07 12:30:59.428  1134  2525 D AudioPolicyService: updateUidStates_l() allowCapture=true because of on TOP AND uses VOICE_RECOGNITION OR uses HOTWORD
03-07 12:30:59.429  1134  2525 D AudioPolicyService: updateUidStates_l() current->uid=10070 current->pid=17223 allowCapture=1 UidState=5 apmStat=1
03-07 12:30:59.439  1150  1231 D DispPerfService: onframeavailable pid=7647, slot=0, seq=14864, name=com.jurnalsaham.jurnalsahamihsg:com.jurnalsaham.jurnalsahamihsg/org.kivy.android.PythonActivity#0
03-07 12:30:59.441  7672  7672 I McsForMspApplication: metaData key = mspcore_push_prxoy_com.nearme.instant.platform, value = instant:30
03-07 12:30:59.442  7672  7672 I MspBaseApplication: app version:2.1.23_ce1820b_250904_mcs_oppoexp_sea,2012312
03-07 12:30:59.442  3528  3528 I Finsky:background: [2] aica - Received: android.intent.action.PACKAGE_ADDED, [RNTEHK_6blyCC_wNG8Yk_0_1l0Hycbve8El6ixm9NOs]
03-07 12:30:59.443 10065 10065 I Finsky  : [2] aick - Received: android.intent.action.PACKAGE_ADDED, [RNTEHK_6blyCC_wNG8Yk_0_1l0Hycbve8El6ixm9NOs]
03-07 12:30:59.446 21100 17464 E Parcel  : Reading a NULL string not supported here.
03-07 12:30:59.454  1823  3138 I ColorHansManager : unfreeze uid: 10167 package: com.instagram.android reason: F-direct scene: FastFreezerScene
03-07 12:30:59.454 31216 31216 I Choreographer: Skipped 60 frames!  The application may be doing too much work on its main thread.
03-07 12:30:59.455  1823  3138 I ColorHansManager : unfreeze uid: 10307 package: com.truecaller reason: F-direct scene: FastFreezerScene
03-07 12:30:59.456  1823  3138 I ColorHansManager : unfreeze uid: 10455 package: com.facebook.katana reason: F-direct scene: FastFreezerScene
03-07 12:30:59.457  1823  3138 I ColorHansManager : unfreeze uid: 10757 package: com.kajokangin.indosaham reason: F-direct scene: FastFreezerScene
03-07 12:30:59.457  1823  3138 I ColorHansManager : unfreeze uid: 10613 package: com.alibaba.intl.android.apps.poseidon reason: F-direct scene: FastFreezerScene
03-07 12:30:59.458  1823  3138 I ColorHansManager : uid: 10613, state: M -> D
03-07 12:30:59.458  1823  3138 I ColorHansManager : unfreeze uid: 10296 package: com.instagram.barcelona reason: F-direct scene: FastFreezerScene
03-07 12:30:59.459  1823  3138 I ColorHansManager : uid: 10296, state: M -> D
03-07 12:30:59.459  1823  3138 I ColorHansManager : unfreeze uid: 10294 package: hk.easyvan.app.client reason: F-direct scene: FastFreezerScene
03-07 12:30:59.460  1823  3138 I ColorHansManager : uid: 10294, state: M -> D
03-07 12:30:59.460  1823  3138 I ColorHansManager : unfreeze uid: 10282 package: com.tokopedia.sellerapp reason: F-direct scene: FastFreezerScene
03-07 12:30:59.466  1823  5373 I InputDispatcher: Focus entered window: Window{f8ba2a5 u0 com.jurnalsaham.jurnalsahamihsg/org.kivy.android.PythonActivity} in display 0
03-07 12:30:59.467  1823  5562 W ActivityManager: setGlThreads detect 7647 7705
03-07 12:30:59.467  3294  3294 E Parcel  : Reading a NULL string not supported here.
03-07 12:30:59.468  7647  7647 V SDL     : onWindowFocusChanged(): true
03-07 12:30:59.470  1823  4357 D InputMethodManagerService: isSecurity: attribute.packageName=com.jurnalsaham.jurnalsahamihsg
03-07 12:30:59.470  1823  4357 D InputMethodManagerService: isSecurity= false (  enable=false needShow=false inBlackList=false  isExist=true )
03-07 12:30:59.470  1823  3138 I ColorHansManager : uid: 10282, state: M -> D
03-07 12:30:59.472 15661  7738 I SafeCenter.DexOptRecordManager: addDexOptRecordInfo com.jurnalsaham.jurnalsahamihsg*0.1.0*1021100*install**0*
03-07 12:30:59.476  1823  3138 I ColorHansManager : unfreeze uid: 10203 package: com.tokopedia.tkpd reason: F-direct scene: FastFreezerScene
03-07 12:30:59.476  1823  4357 D ColorInputMethodManagerServiceEx: onHandleImeWindowVisibleStatus handledVis: 0, switcher visible: 0, switcher active: 0, needsToShowImeSwitcher: false
03-07 12:30:59.476  1823  3138 I ColorHansManager : uid: 10203, state: M -> D
03-07 12:30:59.477  1823  4357 D ColorInputMethodManagerServiceEx: onHandleImeWindowVisibleStatus handledVis: 0, switcher visible: 0, switcher active: 0, needsToShowImeSwitcher: false
03-07 12:30:59.477  1823  2011 D PowerManagerService: setScreenBrightnessOverrideFromWindowManagerInternal brightness=NaN mScreenBrightnessOverrideFromWindowManager=NaN
03-07 12:30:59.477  1823  3138 I ColorHansManager : unfreeze uid: 10171 package: com.ss.android.ugc.trill reason: F-direct scene: FastFreezerScene
03-07 12:30:59.479  7672  7747 I MMKV    : Disable checkProcessMode()
03-07 12:30:59.479  5123  7746 D PermissionService: onHandleIntent, action=action.PACKAGE_REPLACED current user: 0
03-07 12:30:59.481  5123  7746 E SP      : /my_company/etc/permissions/factory_permission_record: open failed: ENOENT (No such file or directory)
03-07 12:30:59.483  3528  3528 I Finsky:background: [2] aica - Deduping intent android.intent.action.PACKAGE_ADDED
03-07 12:30:59.483  1823  3138 I ColorHansManager : uid: 10171, state: M -> D
03-07 12:30:59.485  7672  7747 I MMKV    : current API level = 30, libc++_shared=0
03-07 12:30:59.485  7672  7747 I MMKV    : <MMKV.cpp:165::initialize> version v1.2.15, page size 4096, arch arm64-v8a
03-07 12:30:59.485  7672  7747 I MMKV    : <MMKV.cpp:176::initialize> armv8 AES instructions is supported
03-07 12:30:59.485  7672  7747 I MMKV    : <MMKV.cpp:184::initialize> armv8 CRC32 instructions is supported
03-07 12:30:59.485  7672  7747 I MMKV    : <MMKV.cpp:208::initializeMMKV> root dir: /data/user_de/0/com.heytap.mcs/files/mmkv
03-07 12:30:59.486  7672  7747 I MMKV    : <MemoryFile.cpp:97::open> open fd[0x4f], /data/user_de/0/com.heytap.mcs/files/mmkv/mmkv_com.heytap.mcs.env.config
03-07 12:30:59.486  3528  3715 I Finsky:background: [54956] RECEIVER_PACKAGE_MONITOR_BACKGROUND#logWorkEndAndFinishGoAsync: SUCCESS
03-07 12:30:59.486  7672  7747 I MMKV    : <MemoryFile.cpp:97::open> open fd[0x50], /data/user_de/0/com.heytap.mcs/files/mmkv/mmkv_com.heytap.mcs.env.config.crc
03-07 12:30:59.486  7672  7747 I MMKV    : <MMKV_IO.cpp:81::loadFromFile> loading [mmkv_com.heytap.mcs.env.config] with 2672 actual size, file size 4096, InterProcess 1, meta info version:3
03-07 12:30:59.486  7672  7747 I MMKV    : <MMKV_IO.cpp:86::loadFromFile> loading [mmkv_com.heytap.mcs.env.config] with crc 1108149752 sequence 4 version 3
03-07 12:30:59.486  7672  7747 I MMKV    : <MMKV_IO.cpp:130::loadFromFile> loaded [mmkv_com.heytap.mcs.env.config] with 2 key-values
03-07 12:30:59.486  7672  7747 I MMKV    : <MemoryFile.cpp:97::open> open fd[0x51], /data/user_de/0/com.heytap.mcs/files/mmkv/mmkv_shared_prefs_alert_status_result
03-07 12:30:59.486  7672  7747 I MMKV    : <MemoryFile.cpp:97::open> open fd[0x52], /data/user_de/0/com.heytap.mcs/files/mmkv/mmkv_shared_prefs_alert_status_result.crc
03-07 12:30:59.486  7672  7747 I MMKV    : <MMKV_IO.cpp:81::loadFromFile> loading [mmkv_shared_prefs_alert_status_result] with 0 actual size, file size 4096, InterProcess 1, meta info version:1
03-07 12:30:59.487  7672  7747 I MMKV    : <MMKV_IO.cpp:130::loadFromFile> loaded [mmkv_shared_prefs_alert_status_result] with 0 key-values
03-07 12:30:59.487  7672  7747 I MMKV    : <MemoryFile.cpp:97::open> open fd[0x53], /data/user_de/0/com.heytap.mcs/files/mmkv/mmkv_com.heytap.mcs.cloudconfig
03-07 12:30:59.487  7672  7747 I MMKV    : <MemoryFile.cpp:97::open> open fd[0x54], /data/user_de/0/com.heytap.mcs/files/mmkv/mmkv_com.heytap.mcs.cloudconfig.crc
03-07 12:30:59.487  1823  3138 I ColorHansManager : unfreeze uid: 10030 package: com.shopee.id reason: F-direct scene: FastFreezerScene
03-07 12:30:59.488  1823  3138 I ColorHansManager : uid: 10030, state: M -> D
03-07 12:30:59.488  1823  3138 I ColorHansManager : unfreeze uid: 10006 package: com.wakeup.howear reason: F-direct scene: FastFreezerScene
03-07 12:30:59.488  1823  3138 I ColorHansManager : uid: 10006, state: M -> D
03-07 12:30:59.488  1823  3138 I ColorHansManager : exit fastfreezer, reason:F-direct
03-07 12:30:59.489  1823  3138 D OppoBasePowerManagerService: do restore jobs
03-07 12:30:59.489 21100 21917 E Parcel  : Reading a NULL string not supported here.
03-07 12:30:59.489  1823  2154 W BroadcastQueue: Background execution not allowed: receiving Intent { act=android.intent.action.PACKAGE_REPLACED dat=package:com.jurnalsaham.jurnalsahamihsg flg=0x4000010 (has extras) } to com.coloros.safecenter/.startupapp.StartupReceiver
03-07 12:30:59.490 23306  5683 I Icing   : IndexChimeraService.getServiceInterface callingPackage=com.google.android.gms componentName=null serviceId=30
03-07 12:30:59.493 21100 21933 E Parcel  : Reading a NULL string not supported here.
03-07 12:30:59.493  7672  7747 I MMKV    : <MMKV_IO.cpp:81::loadFromFile> loading [mmkv_com.heytap.mcs.cloudconfig] with 1341 actual size, file size 4096, InterProcess 1, meta info version:3
03-07 12:30:59.493  7672  7747 I MMKV    : <MMKV_IO.cpp:86::loadFromFile> loading [mmkv_com.heytap.mcs.cloudconfig] with crc 1931867341 sequence 27 version 3
03-07 12:30:59.493  7672  7747 I MMKV    : <MMKV_IO.cpp:130::loadFromFile> loaded [mmkv_com.heytap.mcs.cloudconfig] with 8 key-values
03-07 12:30:59.493  7672  7747 I MMKV    : <MemoryFile.cpp:97::open> open fd[0x55], /data/user_de/0/com.heytap.mcs/files/mmkv/mmkv_com.heytap.mcs.externalconfig
03-07 12:30:59.493  7672  7747 I MMKV    : <MemoryFile.cpp:97::open> open fd[0x56], /data/user_de/0/com.heytap.mcs/files/mmkv/mmkv_com.heytap.mcs.externalconfig.crc
03-07 12:30:59.494  7672  7747 I MMKV    : <MMKV_IO.cpp:81::loadFromFile> loading [mmkv_com.heytap.mcs.externalconfig] with 3679 actual size, file size 4096, InterProcess 1, meta info version:3
03-07 12:30:59.494  7672  7747 I MMKV    : <MMKV_IO.cpp:86::loadFromFile> loading [mmkv_com.heytap.mcs.externalconfig] with crc 3727072818 sequence 16 version 3
03-07 12:30:59.494  7672  7747 I MMKV    : <MMKV_IO.cpp:130::loadFromFile> loaded [mmkv_com.heytap.mcs.externalconfig] with 3 key-values
03-07 12:30:59.494  7672  7747 I MMKV    : <MemoryFile.cpp:97::open> open fd[0x57], /data/user_de/0/com.heytap.mcs/files/mmkv/mmkv_com.heytap.mcs.expfunctionconfig
03-07 12:30:59.494  7672  7747 I MMKV    : <MemoryFile.cpp:97::open> open fd[0x58], /data/user_de/0/com.heytap.mcs/files/mmkv/mmkv_com.heytap.mcs.expfunctionconfig.crc
03-07 12:30:59.494  7672  7747 I MMKV    : <MMKV_IO.cpp:81::loadFromFile> loading [mmkv_com.heytap.mcs.expfunctionconfig] with 844 actual size, file size 4096, InterProcess 1, meta info version:3
03-07 12:30:59.494  7672  7747 I MMKV    : <MMKV_IO.cpp:86::loadFromFile> loading [mmkv_com.heytap.mcs.expfunctionconfig] with crc 2595202799 sequence 1 version 3
03-07 12:30:59.494  7672  7747 I MMKV    : <MMKV_IO.cpp:130::loadFromFile> loaded [mmkv_com.heytap.mcs.expfunctionconfig] with 1 key-values
03-07 12:30:59.495  1823  5656 I SecurityPermissionService: updateCachedPermission pkgName:com.jurnalsaham.jurnalsahamihsg, userId:0, delete:false
03-07 12:30:59.496  1823  3144 I ColorHansManager : stateRToFFreeze--imporant case: pkgName: com.kajokangin.indosaham, reason: lastResumeProtect
03-07 12:30:59.499  1150  1150 D OppoExLayer: ~Layer() sequence=14847, name=com.oppo.launcher/com.oppo.launcher.Launcher#0@0x7473122000
03-07 12:30:59.499 10065 10065 I Finsky  : [2] aick - Deduping intent android.intent.action.PACKAGE_ADDED
03-07 12:30:59.500 10065 10092 I Finsky  : [53155] RECEIVER_PACKAGE_MONITOR#logWorkEndAndFinishGoAsync: SUCCESS
03-07 12:30:59.502  1823  3144 I ColorHansManager : stateRToFFreeze--imporant case: pkgName: com.wakeup.howear, reason: lastResumeProtect
03-07 12:30:59.502  1823  3144 I ColorHansManager : stateRToFFreeze--imporant case: pkgName: id.co.bitcoin, reason: widget
03-07 12:30:59.504  1823  3144 I ColorHansManager : stateRToFFreeze--imporant case: pkgName: com.tokopedia.sellerapp, reason: lastResumeProtect
03-07 12:30:59.504  4239  4239 I GoogleInputMethodService: GoogleInputMethodService.onFinishInput():2113 
03-07 12:30:59.505  1823  3144 I ColorHansManager : stateRToFFreeze--imporant case: pkgName: com.shopee.id, reason: lastResumeProtect
03-07 12:30:59.506  1823  3144 I ColorHansManager : stateRToFFreeze--imporant case: pkgName: hk.easyvan.app.client, reason: lastResumeProtect
03-07 12:30:59.507  1823  3144 I ColorHansManager : stateRToFFreeze--imporant case: pkgName: com.instagram.barcelona, reason: lastResumeProtect
03-07 12:30:59.507  1823  3144 I ColorHansManager : stateRToFFreeze--imporant case: pkgName: com.ss.android.ugc.trill, reason: lastResumeProtect
03-07 12:30:59.508  1823  3144 I ColorHansManager : stateRToFFreeze--imporant case: pkgName: com.tokopedia.tkpd, reason: lastResumeProtect
03-07 12:30:59.509  1823  3144 I ColorHansManager : stateRToFFreeze--imporant case: pkgName: com.alibaba.intl.android.apps.poseidon, reason: lastResumeProtect
03-07 12:30:59.513  4239  4239 I Module  : DeviceLockedStatusModuleProvider$Module.updateDeviceLockedStatus():103 repeatCheckTimes = 0, locked = false
03-07 12:30:59.514  4239  4239 I GoogleInputMethodService: GoogleInputMethodService.onStartInput():1384 onStartInput(EditorInfo{EditorInfo{packageName=com.jurnalsaham.jurnalsahamihsg, inputType=0, inputTypeString=NULL, enableLearning=false, autoCorrection=false, autoComplete=false, imeOptions=0, privateImeOptions=null, actionName=UNSPECIFIED, actionLabel=null, initialSelStart=-1, initialSelEnd=-1, initialCapsMode=0, label=null, fieldId=-1, fieldName=null, extras=null, hintText=null, hintLocales=[]}}, false)
03-07 12:30:59.515  4239  4239 I AndroidIME: LatinIMEBase.updateInputViewCoverNavigation():314 Update input view padding, extendsTouchBelowSpace=false, bottom inset=149
03-07 12:30:59.517  1823  2537 W ActivityManager: Unable to start service Intent { cmp=com.coloros.phonemanager/.safejob.SafeCenterJobService (has extras) } U=0: not found
03-07 12:30:59.518  1823  2011 D PowerManagerService: setScreenBrightnessOverrideFromWindowManagerInternal brightness=NaN mScreenBrightnessOverrideFromWindowManager=NaN
03-07 12:30:59.519  1823  2537 D JobScheduler: Error executing JobStatus{981795f #1000/2009201 com.coloros.phonemanager/.safejob.SafeCenterJobService u=0 s=10563 TIME=-3d7h54m4s458ms:-3d7h54m4s458ms PERIODIC PERSISTED READY}
03-07 12:30:59.520  1823  2154 W BroadcastQueue: Background execution not allowed: receiving Intent { act=android.intent.action.PACKAGE_REPLACED dat=package:com.jurnalsaham.jurnalsahamihsg flg=0x4000010 (has extras) } to com.coloros.securitypermission/.permission.PermissionReceiver
03-07 12:30:59.521  1823  2008 D OplusAppBwCore: onUidImportance: 10049, 125
03-07 12:30:59.521  1134 24353 D AudioPolicyService: updateUidStates_l() allowCapture=true because of on TOP AND uses VOICE_RECOGNITION OR uses HOTWORD
03-07 12:30:59.521  1134 24353 D AudioPolicyService: updateUidStates_l() current->uid=10070 current->pid=17223 allowCapture=1 UidState=5 apmStat=1
03-07 12:30:59.523  1823  2370 D ColorInputMethodManagerServiceEx: onHandleImeWindowVisibleStatus handledVis: 0, switcher visible: 0, switcher active: 0, needsToShowImeSwitcher: false
03-07 12:30:59.524  1134 24353 D AudioPolicyService: updateUidStates_l() allowCapture=true because of on TOP AND uses VOICE_RECOGNITION OR uses HOTWORD
03-07 12:30:59.524  1134 24353 D AudioPolicyService: updateUidStates_l() current->uid=10070 current->pid=17223 allowCapture=1 UidState=5 apmStat=1
03-07 12:30:59.524  1823  2154 W BroadcastQueue: Background execution not allowed: receiving Intent { act=android.intent.action.PACKAGE_REPLACED dat=package:com.jurnalsaham.jurnalsahamihsg flg=0x4000010 (has extras) } to com.google.android.gms/.gass.chimera.PackageChangeBroadcastReceiver
03-07 12:30:59.524  1134 24353 D AudioPolicyService: updateUidStates_l() allowCapture=true because of on TOP AND uses VOICE_RECOGNITION OR uses HOTWORD
03-07 12:30:59.524  1134 24353 D AudioPolicyService: updateUidStates_l() current->uid=10070 current->pid=17223 allowCapture=1 UidState=5 apmStat=1
03-07 12:30:59.524  1134 24353 D AudioPolicyService: updateUidStates_l() allowCapture=true because of on TOP AND uses VOICE_RECOGNITION OR uses HOTWORD
03-07 12:30:59.524  1134 24353 D AudioPolicyService: updateUidStates_l() current->uid=10070 current->pid=17223 allowCapture=1 UidState=5 apmStat=1
03-07 12:30:59.524  1134 24353 D AudioPolicyService: updateUidStates_l() allowCapture=true because of on TOP AND uses VOICE_RECOGNITION OR uses HOTWORD
03-07 12:30:59.524  1134 24353 D AudioPolicyService: updateUidStates_l() current->uid=10070 current->pid=17223 allowCapture=1 UidState=5 apmStat=1
03-07 12:30:59.524  4239  4239 I Module  : DeviceLockedStatusModuleProvider$Module.updateDeviceLockedStatus():103 repeatCheckTimes = 1, locked = false
03-07 12:30:59.524  1823  2154 W BroadcastQueue: Background execution not allowed: receiving Intent { act=android.intent.action.PACKAGE_REPLACED dat=package:com.jurnalsaham.jurnalsahamihsg flg=0x4000010 (has extras) } to com.google.android.gms/.chimera.GmsIntentOperationService$PersistentTrustedReceiver
03-07 12:30:59.525  1823  2007 W Looper  : Slow dispatch took 655ms android.fg h=com.android.server.AppStateTracker$MyHandler c=null m=0
03-07 12:30:59.525  1823  3138 D OppoBasePowerManagerService: do restore jobs
03-07 12:30:59.525  1823  3138 D OppoBasePowerManagerService: do restore jobs
03-07 12:30:59.525  1823  2007 W Looper  : Slow delivery took 656ms android.fg h=com.android.server.AppStateTracker$MyHandler c=null m=1
03-07 12:30:59.525  1823  2007 W Looper  : Drained
03-07 12:30:59.539  1823  2154 W BroadcastQueue: Background execution not allowed: receiving Intent { act=android.intent.action.PACKAGE_REPLACED dat=package:com.jurnalsaham.jurnalsahamihsg flg=0x4000010 (has extras) } to com.heytap.market/com.heytap.cdo.client.domain.receiver.PackageReceiver
03-07 12:30:59.542  3528  7550 I Finsky:background: [55000] Wrote row to frosting DB: 510805
03-07 12:30:59.542  1823  2154 W BroadcastQueue: Background execution not allowed: receiving Intent { act=android.intent.action.PACKAGE_REPLACED dat=package:com.jurnalsaham.jurnalsahamihsg flg=0x4000010 (has extras) } to com.nearme.gamecenter/com.heytap.cdo.client.domain.receiver.PackageReceiver
03-07 12:30:59.542  1823  2154 W BroadcastQueue: Background execution not allowed: receiving Intent { act=android.intent.action.PACKAGE_REPLACED dat=package:com.jurnalsaham.jurnalsahamihsg flg=0x4000010 (has extras) } to com.google.android.apps.nbu.files/.documentbrowser.browselanding.rootcontainerlist.receiver.PackageChangeReceiver_Receiver
03-07 12:30:59.543  1134  1616 D AudioPolicyService: updateUidStates_l() allowCapture=true because of on TOP AND uses VOICE_RECOGNITION OR uses HOTWORD
03-07 12:30:59.543  1134  1616 D AudioPolicyService: updateUidStates_l() current->uid=10070 current->pid=17223 allowCapture=1 UidState=5 apmStat=1
03-07 12:30:59.543  1134  1616 D AudioPolicyService: updateUidStates_l() allowCapture=true because of on TOP AND uses VOICE_RECOGNITION OR uses HOTWORD
03-07 12:30:59.543  1134  1616 D AudioPolicyService: updateUidStates_l() current->uid=10070 current->pid=17223 allowCapture=1 UidState=5 apmStat=1
03-07 12:30:59.546  3273  3273 D CarrierSvcBindHelper: No carrier app for: 0
03-07 12:30:59.547  5123  7746 D PermissionService: onHandleIntent, action=action.RESTORE_OPS current user: 0
03-07 12:30:59.549  1823  2011 D PowerManagerService: setScreenBrightnessOverrideFromWindowManagerInternal brightness=NaN mScreenBrightnessOverrideFromWindowManager=NaN
03-07 12:30:59.553  3273  3273 E PhoneInterfaceManager: [PhoneIntfMgr] getCarrierPackageNamesForIntentAndPhone: No UICC
03-07 12:30:59.554  3273  3273 D CarrierSvcBindHelper: No carrier app for: 1
03-07 12:30:59.558  3273  3273 D CarrierSvcBindHelper: No carrier app for: 0
03-07 12:30:59.560  3273  3273 E PhoneInterfaceManager: [PhoneIntfMgr] getCarrierPackageNamesForIntentAndPhone: No UICC
03-07 12:30:59.560  3273  3273 D CarrierSvcBindHelper: No carrier app for: 1
03-07 12:30:59.591  1823  2040 W Searchables: No web search activity found
03-07 12:30:59.606  3878  3895 W JavaBinder: BinderProxy is being destroyed but the application did not call unlinkToDeath to unlink all of its death recipients beforehand.  Releasing leaked death recipient: qvl
03-07 12:30:59.606  3878  3895 I BpBinder: onLastStrongRef automatically unlinking death recipients: <uncached descriptor>
03-07 12:30:59.622  3273  3273 D PhoneSwitcherNetworkRequstListener: got request NetworkRequest [ TRACK_DEFAULT id=18777, [ Capabilities: INTERNET&NOT_RESTRICTED&TRUSTED Uid: 1000 AdministratorUids: [] RequestorUid: 1000 RequestorPackageName: com.heytap.mcs] ] with score 79 and providerId 6
03-07 12:30:59.625  5123  7752 I SP.UsageAccessUtils: AppOp permission exists for package audioserver but package doesn't exist or did not request UsageStats access
03-07 12:30:59.625  5123  7752 I SP.UsageAccessUtils: AppOp permission exists for package com.whatsapp but package doesn't exist or did not request UsageStats access
03-07 12:30:59.625  5123  7752 I SP.UsageAccessUtils: AppOp permission exists for package com.indopremier.ipot but package doesn't exist or did not request UsageStats access
03-07 12:30:59.625  5123  7752 I SP.UsageAccessUtils: AppOp permission exists for package com.gojek.app but package doesn't exist or did not request UsageStats access
03-07 12:30:59.625  5123  7752 I SP.UsageAccessUtils: AppOp permission exists for package com.shopee.id but package doesn't exist or did not request UsageStats access
03-07 12:30:59.625  5123  7752 I SP.UsageAccessUtils: AppOp permission exists for package com.google.android.gsf but package doesn't exist or did not request UsageStats access
03-07 12:30:59.625  5123  7752 I SP.UsageAccessUtils: AppOp permission exists for package com.oppo.launcher but package doesn't exist or did not request UsageStats access
03-07 12:30:59.625  5123  7752 I SP.UsageAccessUtils: AppOp permission exists for package com.microsoft.appmanager but package doesn't exist or did not request UsageStats access
03-07 12:30:59.625  5123  7752 I SP.UsageAccessUtils: AppOp permission exists for package com.stockbit.android but package doesn't exist or did not request UsageStats access
03-07 12:30:59.625  5123  7752 I SP.UsageAccessUtils: AppOp permission exists for package com.google.android.youtube but package doesn't exist or did not request UsageStats access
03-07 12:30:59.625  5123  7752 I SP.UsageAccessUtils: AppOp permission exists for package com.linkedin.android but package doesn't exist or did not request UsageStats access
03-07 12:30:59.625  5123  7752 I SP.UsageAccessUtils: AppOp permission exists for package com.lemon.lvoverseas but package doesn't exist or did not request UsageStats access
03-07 12:30:59.625  5123  7752 I SP.UsageAccessUtils: AppOp permission exists for package com.exness.android.pa but package doesn't exist or did not request UsageStats access
03-07 12:30:59.625  5123  7752 I SP.UsageAccessUtils: AppOp permission exists for package com.instagram.android but package doesn't exist or did not request UsageStats access
03-07 12:30:59.625  5123  7752 I SP.UsageAccessUtils: AppOp permission exists for package com.ss.android.ugc.trill but package doesn't exist or did not request UsageStats access
03-07 12:30:59.625  5123  7752 I SP.UsageAccessUtils: AppOp permission exists for package com.realme.securitycheck but package doesn't exist or did not request UsageStats access
03-07 12:30:59.625  5123  7752 I SP.UsageAccessUtils: AppOp permission exists for package com.yahoo.mobile.client.android.mail but package doesn't exist or did not request UsageStats access
03-07 12:30:59.625  5123  7752 I SP.UsageAccessUtils: AppOp permission exists for package com.tokopedia.tkpd but package doesn't exist or did not request UsageStats access
03-07 12:30:59.625  5123  7752 I SP.UsageAccessUtils: AppOp permission exists for package com.heytap.browser but package doesn't exist or did not request UsageStats access
03-07 12:30:59.625  5123  7752 I SP.UsageAccessUtils: AppOp permission exists for package com.heytap.themestore but package doesn't exist or did not request UsageStats access
03-07 12:30:59.625  5123  7752 I SP.UsageAccessUtils: AppOp permission exists for package com.xiaomi.smarthome but package doesn't exist or did not request UsageStats access
03-07 12:30:59.625  5123  7752 I SP.UsageAccessUtils: AppOp permission exists for package com.facebook.orca but package doesn't exist or did not request UsageStats access
03-07 12:30:59.625  5123  7752 I SP.UsageAccessUtils: AppOp permission exists for package com.facebook.katana but package doesn't exist or did not request UsageStats access
03-07 12:30:59.629  1823  2040 D ArtManagerInternalImpl: /data/misc/iorapd/com.jurnalsaham.jurnalsahamihsg/1021100/org.kivy.android.PythonActivity/compiled_traces/compiled_trace.pb doesn't exist
03-07 12:30:59.630  1823  2040 I ActivityTaskManager: Displayed com.jurnalsaham.jurnalsahamihsg/org.kivy.android.PythonActivity: +1s132ms
03-07 12:30:59.639 23306 23336 E Parcel  : Reading a NULL string not supported here.
03-07 12:30:59.641  3273  3273 D ImsResolver: maybeAddedImsService, packageName: com.jurnalsaham.jurnalsahamihsg
03-07 12:30:59.667  3273  3273 D CarrierConfigLoader: mHandler: 9 phoneId: 0
03-07 12:30:59.682  1150  1150 D OppoExLayer: ~Layer() sequence=14867, name=Surface(name=650ba21 Splash Screen com.jurnalsaham.jurnalsahamihsg)/@0x41f1eef - animation-leash#0@0x7456f05000
03-07 12:30:59.682  1150  1150 D OppoExLayer: ~Layer() sequence=14857, name=650ba21 Splash Screen com.jurnalsaham.jurnalsahamihsg#0@0x7464eea000
03-07 12:30:59.683  1150  1150 D OppoExLayer: ~Layer() sequence=14858, name=Splash Screen com.jurnalsaham.jurnalsahamihsg#0@0x7456e69000
03-07 12:30:59.755 23306  5622 I Icing   : Usage reports ok 0, Failed Usage reports 0, indexed 0, rejected 0
03-07 12:30:59.803  7647  7710 V python  : extracting after_kivyhome_fix.png
03-07 12:30:59.671  1823  2011 I chatty  : uid=1000(system) android.display identical 2 lines
03-07 12:30:59.691  1823  2011 D PowerManagerService: setScreenBrightnessOverrideFromWindowManagerInternal brightness=NaN mScreenBrightnessOverrideFromWindowManager=NaN
03-07 12:30:59.810  1823  2537 W ActivityManager: Unable to start service Intent { cmp=com.nearme.gamecenter/com.heytap.cdo.client.util.BatteryJobService (has extras) } U=0: not found
03-07 12:30:59.810  1823  2537 D JobScheduler: Error executing JobStatus{dc4f3b7 #u0a100/1 com.nearme.gamecenter/com.heytap.cdo.client.util.BatteryJobService u=0 s=10100 TIME=-3d7h54m4s760ms:-3d7h54m4s760ms CHARGING PERIODIC PERSISTED READY}
03-07 12:30:59.810  7647  7710 V python  : extracting after_restart_post_deploy.png
03-07 12:30:59.810  1823  2537 W ActivityManager: Unable to start service Intent { cmp=com.google.android.googlequicksearchbox/com.google.android.apps.gsa.tasks.BackgroundTasksJobService (has extras) } U=0: not found
03-07 12:30:59.811  1823  2537 D JobScheduler: Error executing JobStatus{f86bacb #u0a70/-358 com.google.android.googlequicksearchbox/com.google.android.apps.gsa.tasks.BackgroundTasksJobService u=0 s=10070 TIME=-3d7h54m4s757ms:-3d7h54m4s757ms NET CHARGING PERIODIC PERSISTED READY}
03-07 12:30:59.812  1823  2537 W ActivityManager: Unable to start service Intent { cmp=com.google.android.googlequicksearchbox/com.google.android.apps.gsa.tasks.BackgroundTasksJobService (has extras) } U=0: not found
03-07 12:30:59.812  1823  2537 D JobScheduler: Error executing JobStatus{f569997 #u0a70/-350 com.google.android.googlequicksearchbox/com.google.android.apps.gsa.tasks.BackgroundTasksJobService u=0 s=10070 TIME=-3d7h54m4s757ms:-3d7h54m4s757ms PERIODIC PERSISTED READY}
03-07 12:30:59.813  1823  2537 W ActivityManager: Unable to start service Intent { cmp=com.google.android.googlequicksearchbox/com.google.android.apps.gsa.tasks.BackgroundTasksJobService (has extras) } U=0: not found
03-07 12:30:59.813  1823  2537 D JobScheduler: Error executing JobStatus{d19c8fd #u0a70/-446 com.google.android.googlequicksearchbox/com.google.android.apps.gsa.tasks.BackgroundTasksJobService u=0 s=10070 TIME=-3d7h54m4s758ms:-3d7h54m4s758ms NET PERIODIC PERSISTED READY}
03-07 12:30:59.814  1823  2537 W ActivityManager: Unable to start service Intent { cmp=com.google.android.googlequicksearchbox/com.google.android.apps.gsa.tasks.BackgroundTasksJobService (has extras) } U=0: not found
03-07 12:30:59.814  1823  2537 D JobScheduler: Error executing JobStatus{c759784 #u0a70/-462 com.google.android.googlequicksearchbox/com.google.android.apps.gsa.tasks.BackgroundTasksJobService u=0 s=10070 TIME=-3d7h54m4s758ms:-3d7h54m4s758ms PERIODIC PERSISTED READY}
03-07 12:30:59.815  1823  2537 W ActivityManager: Unable to start service Intent { cmp=com.google.android.googlequicksearchbox/com.google.android.apps.gsa.tasks.BackgroundTasksJobService (has extras) } U=0: not found
03-07 12:30:59.815  1823  2537 D JobScheduler: Error executing JobStatus{bc75a89 #u0a70/-484 com.google.android.googlequicksearchbox/com.google.android.apps.gsa.tasks.BackgroundTasksJobService u=0 s=10070 TIME=-3d7h54m4s762ms:-3d7h54m4s762ms NET CHARGING PERIODIC PERSISTED READY}
03-07 12:30:59.816  1823  2537 W ActivityManager: Unable to start service Intent { cmp=com.google.android.googlequicksearchbox/com.google.android.apps.gsa.tasks.BackgroundTasksJobService (has extras) } U=0: not found
03-07 12:30:59.817  1823  2537 D JobScheduler: Error executing JobStatus{bbef7f9 #u0a70/-202 com.google.android.googlequicksearchbox/com.google.android.apps.gsa.tasks.BackgroundTasksJobService u=0 s=10070 TIME=-3d7h54m4s762ms:-3d7h54m4s762ms NET CHARGING PERIODIC PERSISTED READY}
03-07 12:30:59.818  1823  2537 W ActivityManager: Unable to start service Intent { cmp=com.google.android.googlequicksearchbox/com.google.android.apps.gsa.tasks.BackgroundTasksJobService (has extras) } U=0: not found
03-07 12:30:59.818  1823  2537 D JobScheduler: Error executing JobStatus{8f2d1c1 #u0a70/-362 com.google.android.googlequicksearchbox/com.google.android.apps.gsa.tasks.BackgroundTasksJobService u=0 s=10070 TIME=-3d7h54m4s765ms:-3d7h54m4s765ms PERIODIC PERSISTED READY}
03-07 12:30:59.819  1823  2537 W ActivityManager: Unable to start service Intent { cmp=com.google.android.googlequicksearchbox/com.google.android.apps.gsa.tasks.BackgroundTasksJobService (has extras) } U=0: not found
03-07 12:30:59.819  1823  2537 D JobScheduler: Error executing JobStatus{8bedc16 #u0a70/-148 com.google.android.googlequicksearchbox/com.google.android.apps.gsa.tasks.BackgroundTasksJobService u=0 s=10070 TIME=-3d7h54m4s765ms:-3d7h54m4s765ms NET PERIODIC PERSISTED READY}
03-07 12:30:59.820  7647  7710 V python  : extracting after_tap_180_2265.png
03-07 12:30:59.820  1823  2537 W ActivityManager: Unable to start service Intent { cmp=com.google.android.googlequicksearchbox/com.google.android.apps.gsa.tasks.BackgroundTasksJobService (has extras) } U=0: not found
03-07 12:30:59.820  1823  2537 D JobScheduler: Error executing JobStatus{7b956ec #u0a70/-324 com.google.android.googlequicksearchbox/com.google.android.apps.gsa.tasks.BackgroundTasksJobService u=0 s=10070 TIME=-3d7h54m4s765ms:-3d7h54m4s765ms CHARGING PERIODIC PERSISTED READY}
03-07 12:30:59.821  1823  2537 W ActivityManager: Unable to start service Intent { cmp=com.google.android.googlequicksearchbox/com.google.android.apps.gsa.tasks.BackgroundTasksJobService (has extras) } U=0: not found
03-07 12:30:59.821  1823  2537 D JobScheduler: Error executing JobStatus{6c4a3a2 #u0a70/-128 com.google.android.googlequicksearchbox/com.google.android.apps.gsa.tasks.BackgroundTasksJobService u=0 s=10070 TIME=-3d7h54m4s766ms:-3d7h54m4s766ms NET PERIODIC PERSISTED READY}
03-07 12:30:59.822  1823  2537 W ActivityManager: Unable to start service Intent { cmp=com.google.android.googlequicksearchbox/com.google.android.apps.gsa.tasks.BackgroundTasksJobService (has extras) } U=0: not found
03-07 12:30:59.822  1823  2537 D JobScheduler: Error executing JobStatus{653eb6d #u0a70/-406 com.google.android.googlequicksearchbox/com.google.android.apps.gsa.tasks.BackgroundTasksJobService u=0 s=10070 TIME=-3d7h54m4s767ms:-3d7h54m4s767ms NET PERIODIC PERSISTED READY}
03-07 12:30:59.824  1823  5650 W ActivityManager: Unable to start service Intent { cmp=com.google.android.googlequicksearchbox/com.google.android.apps.gsa.tasks.BackgroundTasksJobService (has extras) } U=0: not found
03-07 12:30:59.825  1823  5650 D JobScheduler: Error executing JobStatus{3ed959f #u0a70/-480 com.google.android.googlequicksearchbox/com.google.android.apps.gsa.tasks.BackgroundTasksJobService u=0 s=10070 TIME=-3d7h54m4s770ms:-3d7h54m4s770ms NET PERIODIC PERSISTED READY}
03-07 12:30:59.827  1823  5650 W ActivityManager: Unable to start service Intent { cmp=com.google.android.googlequicksearchbox/com.google.android.apps.gsa.tasks.BackgroundTasksJobService (has extras) } U=0: not found
03-07 12:30:59.827  1823  5650 D JobScheduler: Error executing JobStatus{1c8a2af #u0a70/-486 com.google.android.googlequicksearchbox/com.google.android.apps.gsa.tasks.BackgroundTasksJobService u=0 s=10070 TIME=-3d7h54m4s774ms:-3d7h54m4s774ms NET PERIODIC PERSISTED READY}
03-07 12:30:59.829  1823  5650 W ActivityManager: Unable to start service Intent { cmp=com.google.android.googlequicksearchbox/com.google.android.apps.gsa.tasks.BackgroundTasksJobService (has extras) } U=0: not found
03-07 12:30:59.829  1823  5650 D JobScheduler: Error executing JobStatus{1c21645 #u0a70/-352 com.google.android.googlequicksearchbox/com.google.android.apps.gsa.tasks.BackgroundTasksJobService u=0 s=10070 TIME=-3d7h54m4s775ms:-3d7h54m4s775ms NET PERIODIC PERSISTED READY}
03-07 12:30:59.830  1823  5650 W ActivityManager: Unable to start service Intent { cmp=com.google.android.googlequicksearchbox/com.google.android.apps.gsa.tasks.BackgroundTasksJobService (has extras) } U=0: not found
03-07 12:30:59.830  1823  5650 D JobScheduler: Error executing JobStatus{cab19a #u0a70/-370 com.google.android.googlequicksearchbox/com.google.android.apps.gsa.tasks.BackgroundTasksJobService u=0 s=10070 TIME=-3d7h54m4s776ms:-3d7h54m4s776ms NET CHARGING PERIODIC PERSISTED READY}
03-07 12:30:59.832  1823  5650 W ActivityManager: Unable to start service Intent { cmp=com.google.android.googlequicksearchbox/com.google.android.apps.gsa.tasks.BackgroundTasksJobService (has extras) } U=0: not found
03-07 12:30:59.832  1823  5650 D JobScheduler: Error executing JobStatus{6d7a8e #u0a70/-256 com.google.android.googlequicksearchbox/com.google.android.apps.gsa.tasks.BackgroundTasksJobService u=0 s=10070 TIME=-3d7h54m4s779ms:-3d7h54m4s779ms NET CHARGING PERIODIC PERSISTED READY}
03-07 12:30:59.835  1823  5650 W ActivityManager: Unable to start service Intent { cmp=com.coloros.deepthinker/com.coloros.proton.learn.schedule.TrainJobService (has extras) } U=0: not found
03-07 12:30:59.836  1823  5650 D JobScheduler: Error executing JobStatus{e63504a #1000/648162385 com.coloros.deepthinker/com.coloros.proton.learn.schedule.TrainJobService u=0 s=1000 TIME=-3d7h54m4s753ms:-3d7h54m4s753ms PERSISTED READY}
03-07 12:30:59.836  1823  2007 W Looper  : Slow dispatch took 310ms android.fg h=com.android.server.AppStateTracker$MyHandler c=null m=0
03-07 12:30:59.836  1823  2007 W Looper  : Slow delivery took 311ms android.fg h=com.android.server.AppStateTracker$MyHandler c=null m=1
03-07 12:30:59.849 23306  5622 I Icing   : Indexing com.google.android.gms-apps from com.google.android.gms
03-07 12:30:59.867  1823  4211 V AlarmManager: set(null) : type=3 when=287682803whenElapsed287682803maxWhen =287693702 win=10899 interval=0 flags=0x0 pkg = android
03-07 12:30:59.873  1823  1823 W Looper  : Slow dispatch took 1259ms main h=android.app.ActivityThread$H c=android.app.-$$Lambda$LoadedApk$ReceiverDispatcher$Args$_BumDX2UKsnxLVrE6UJsJZkotuA@53f0e4c m=0
03-07 12:30:59.875  1823  5655 V AlarmManager: set(null) : type=2 when=287668290whenElapsed287668290maxWhen =287668290 win=0 interval=0 flags=0x0 pkg = android
03-07 12:30:59.875  7647  7710 V python  : extracting after_tap_540_2265.png
03-07 12:30:59.884  1823  4211 D OppoDisplayPolicy: com.android.systemui, change system app cutoutMode: color always
03-07 12:30:59.887  2640  2666 D OplusCoreAppService: isPackageContainsOplusCertificates be called
03-07 12:30:59.891  1823  2011 D PowerManagerService: setScreenBrightnessOverrideFromWindowManagerInternal brightness=NaN mScreenBrightnessOverrideFromWindowManager=NaN
03-07 12:30:59.888  2640  2666 D OplusCoreAppService: isPackageContainsOplusCertificates be called
03-07 12:30:59.891  3273  3273 E OplusNecManagerHelper: com.oplus.nec.OplusNecManager.notifyOrigSignalStrengthChanged [class android.telephony.SignalStrength, int]
03-07 12:30:59.892  2640  2666 D OplusCoreAppService: isPackageContainsOplusCertificates be called
03-07 12:30:59.893  1823  1823 D OplusNfHooksHelper: Received broadcast:android.intent.action.PACKAGE_REPLACED
03-07 12:30:59.894  1823  1823 D OplusSlaManager: Received broadcast:android.intent.action.PACKAGE_REPLACED
03-07 12:30:59.894 10065 10102 I Finsky  : [53162] [ContentSync] finished, scheduled=true
03-07 12:30:59.894 10065 10111 I Finsky  : [53168] SCH: Scheduling phonesky job Id: 12-1, CT: 1772861458268, Constraints: [{ L: 15000, D: 86400000, C: CHARGING_NONE, I: IDLE_NONE, N: NET_ANY, B: BATTERY_ANY }]
03-07 12:30:59.895  1823  2537 W ActivityManager: Unable to start service Intent { cmp=com.coloros.phonemanager/.safejob.SafeCenterJobService (has extras) } U=0: not found
03-07 12:30:59.895  1823  2537 D JobScheduler: Error executing JobStatus{981795f #1000/2009201 com.coloros.phonemanager/.safejob.SafeCenterJobService u=0 s=10563 TIME=-3d7h54m4s834ms:-3d7h54m4s834ms PERIODIC PERSISTED READY}
03-07 12:30:59.896 23306  5622 E Icing   : Not enough disk space for indexing
03-07 12:30:59.896 23306  5622 I Icing   : Cannot sync untrimmable corpus: no sync
03-07 12:30:59.896 23306  5622 I Icing   : Indexing done com.google.android.gms-apps
03-07 12:30:59.896  2640  2666 D OplusCoreAppService: isPackageContainsOplusCertificates be called
03-07 12:30:59.896 23306  5622 E Icing   : Aborting indexing of corpus apps
03-07 12:30:59.898  2640  2666 D OplusCoreAppService: isPackageContainsOplusCertificates be called
03-07 12:30:59.900  2640  2666 D OplusCoreAppService: isPackageContainsOplusCertificates be called
03-07 12:30:59.904  1134  1616 D AudioPolicyService: updateUidStates_l() allowCapture=true because of on TOP AND uses VOICE_RECOGNITION OR uses HOTWORD
03-07 12:30:59.904  1134  1616 D AudioPolicyService: updateUidStates_l() current->uid=10070 current->pid=17223 allowCapture=1 UidState=5 apmStat=1
03-07 12:30:59.904  1823  2007 W Looper  : Drained
03-07 12:30:59.904 23306  5622 I Icing   : Indexing com.google.android.gms-apps from com.google.android.gms
03-07 12:30:59.904 23306  5622 E Icing   : Not enough disk space for indexing
03-07 12:30:59.904 23306  5622 I Icing   : Cannot sync untrimmable corpus: no sync
03-07 12:30:59.905 23306  5622 I Icing   : Indexing done com.google.android.gms-apps
03-07 12:30:59.905 23306  5622 E Icing   : Aborting indexing of corpus apps
03-07 12:30:59.905  2640  2666 D OplusCoreAppService: isPackageContainsOplusCertificates be called
03-07 12:30:59.907 10065 10108 I Finsky  : [53165] SCH: Scheduling 0 system job(s)
03-07 12:30:59.908 10065 10108 I Finsky  : [53165] [ContentSync] finished, scheduled=true
03-07 12:30:59.908  2640  2666 D OplusCoreAppService: isPackageContainsOplusCertificates be called
03-07 12:30:59.915  1823  1823 V AlarmManager: set(null) : type=2 when=288049271whenElapsed288049271maxWhen =288334985 win=285714 interval=0 flags=0x0 pkg = android
03-07 12:30:59.923  1823  1823 W Looper  : Drained
03-07 12:30:59.910  2640  2666 D OplusCoreAppService: isPackageContainsOplusCertificates be called
03-07 12:30:59.932  4326  7754 D AppFeatureProviderUtils: getStringForFeature: classify-f.apps.coloros.com
03-07 12:30:59.933  1823  4211 D OppoDisplayPolicy: com.android.systemui, change system app cutoutMode: color always
03-07 12:30:59.938  7647  7710 V python  : extracting after_tap_900_2265.png
03-07 12:30:59.938  1823  2011 D PowerManagerService: setScreenBrightnessOverrideFromWindowManagerInternal brightness=NaN mScreenBrightnessOverrideFromWindowManager=NaN
03-07 12:30:59.941  1134  1616 D AudioPolicyService: updateUidStates_l() allowCapture=true because of on TOP AND uses VOICE_RECOGNITION OR uses HOTWORD
03-07 12:30:59.941  1134  1616 D AudioPolicyService: updateUidStates_l() current->uid=10070 current->pid=17223 allowCapture=1 UidState=5 apmStat=1
03-07 12:30:59.941  1134  1616 D AudioPolicyService: updateUidStates_l() allowCapture=true because of on TOP AND uses VOICE_RECOGNITION OR uses HOTWORD
03-07 12:30:59.941  1134  1616 D AudioPolicyService: updateUidStates_l() current->uid=10070 current->pid=17223 allowCapture=1 UidState=5 apmStat=1
03-07 12:31:00.000  7647  7710 V python  : extracting ai_agent.pyc
03-07 12:31:00.001  1823  2428 V AlarmManager: set(null) : type=3 when=287728404whenElapsed287728404maxWhen =287728404 win=0 interval=0 flags=0x1 pkg = android
03-07 12:31:00.002  7647  7710 V python  : extracting app.pyc
03-07 12:31:00.004  3943  3943 I WeatherS_WeatherServiceVersionUtils: serviceVersionCode8002022
03-07 12:31:00.005  3943  3943 I chatty  : uid=10084(com.coloros.alarmclock) identical 1 line
03-07 12:31:00.005  3943  3943 I WeatherS_WeatherServiceVersionUtils: serviceVersionCode8002022
03-07 12:31:00.005  7647  7710 V python  : extracting assets/
03-07 12:31:00.006  7647  7710 V python  : extracting assets/icons/
03-07 12:31:00.006  7647  7710 V python  : extracting assets/icons/profile.png
03-07 12:31:00.006  3943  3943 I WeatherS_WeatherServiceVersionUtils: serviceVersionCode8002022
03-07 12:31:00.007  7647  7710 V python  : extracting assets/icons/search.png
03-07 12:31:00.008  7647  7710 V python  : extracting assets/icons/stream.png
03-07 12:31:00.008  7647  7710 V python  : extracting assets/icons/watch.png
03-07 12:31:00.009  7647  7710 V python  : extracting daily_automation.pyc
03-07 12:31:00.010  7647  7710 V python  : extracting data/
03-07 12:31:00.010  7647  7710 V python  : extracting data/jurnal/
03-07 12:31:00.010  7647  7710 V python  : extracting data/jurnal/dividends.json
03-07 12:31:00.011  7647  7710 V python  : extracting data/jurnal/holdings_override.json
03-07 12:31:00.012  7647  7710 V python  : extracting data/jurnal/transactions.json
03-07 12:31:00.012  7647  7710 V python  : extracting data/orderbook_overrides/
03-07 12:31:00.013  7647  7710 V python  : extracting data/orderbook_overrides/BBCA.json
03-07 12:31:00.013  7647  7710 V python  : extracting data/screening_results/
03-07 12:31:00.014  7647  7710 V python  : extracting data/screening_results/scan_20260221_103910.csv
03-07 12:31:00.014  7647  7710 V python  : extracting data/screening_results/scan_20260221_105957.csv
03-07 12:31:00.015  7647  7710 V python  : extracting data/screening_results/scan_20260221_111401.csv
03-07 12:31:00.016  7647  7710 V python  : extracting data/screening_results/scan_20260221_111910.csv
03-07 12:31:00.017  7647  7710 V python  : extracting data/screening_results/scan_20260221_124304.csv
03-07 12:31:00.017  7647  7710 V python  : extracting data/screening_results/scan_20260221_124320.csv
03-07 12:31:00.018  7647  7710 V python  : extracting data/screening_results/scan_20260221_140211.csv
03-07 12:31:00.019  7647  7710 V python  : extracting data/screening_results/scan_20260221_154947.csv
03-07 12:31:00.019  7647  7710 V python  : extracting data/screening_results/scan_20260221_224247.csv
03-07 12:31:00.020  7647  7710 V python  : extracting data/screening_results/scan_20260221_225341.csv
03-07 12:31:00.021  7647  7710 V python  : extracting data/screening_results/scan_20260221_225550.csv
03-07 12:31:00.021  7647  7710 V python  : extracting data/screening_results/scan_20260221_225645.csv
03-07 12:31:00.022  7647  7710 V python  : extracting data/screening_results/scan_20260221_230042.csv
03-07 12:31:00.022  7647  7710 V python  : extracting data/screening_results/scan_20260221_230359.csv
03-07 12:31:00.023  7647  7710 V python  : extracting data/screening_results/scan_20260221_230952.csv
03-07 12:31:00.024  7647  7710 V python  : extracting data/screening_results/scan_20260222_130757.csv
03-07 12:31:00.024  7647  7710 V python  : extracting data/screening_results/scan_20260223_203744.csv
03-07 12:31:00.025  7647  7710 V python  : extracting data/screening_results/scan_20260228_114207.csv
03-07 12:31:00.026  7647  7710 V python  : extracting data/screening_results/scan_20260304_180804.csv
03-07 12:31:00.026  7647  7710 V python  : extracting data/screening_results/scan_99999999_000000.csv
03-07 12:31:00.027  7647  7710 V python  : extracting data/stockbit_cache/
03-07 12:31:00.027  7647  7710 V python  : extracting data/stockbit_cache/BBCA_analysis_20260221.json
03-07 12:31:00.028  7647  7710 V python  : extracting data/stockbit_cache/BBNI_analysis_20260221.json
03-07 12:31:00.028  7647  7710 V python  : extracting data/stockbit_cache/BBRI_analysis_20260221.json
03-07 12:31:00.029  7647  7710 V python  : extracting data/stockbit_cache/BDMN_analysis_20260221.json
03-07 12:31:00.029  7647  7710 V python  : extracting data/stockbit_cache/BMRI_analysis_20260221.json
03-07 12:31:00.030  7647  7710 V python  : extracting data/stockbit_cache/BSDE_analysis_20260221.json
03-07 12:31:00.030  7647  7710 V python  : extracting data/stockbit_cache/BSIM_analysis_20260221.json
03-07 12:31:00.031  7647  7710 V python  : extracting data/stockbit_cache/BTPN_analysis_20260221.json
03-07 12:31:00.032  7647  7710 V python  : extracting data/stockbit_cache/BUMI_analysis_20260221.json
03-07 12:31:00.032  7647  7710 V python  : extracting data/stockbit_cache/CPIN_analysis_20260221.json
03-07 12:31:00.033  3943  3943 E Parcel  : Reading a NULL string not supported here.
03-07 12:31:00.033  7647  7710 V python  : extracting data/stockbit_cache/CTBN_analysis_20260221.json
03-07 12:31:00.033  7647  7710 V python  : extracting data/stockbit_cache/ENRG_analysis_20260221.json
03-07 12:31:00.034  7647  7710 V python  : extracting data/stockbit_cache/GGRM_analysis_20260221.json
03-07 12:31:00.034  7647  7710 V python  : extracting data/stockbit_cache/HMSP_analysis_20260221.json
03-07 12:31:00.035  7647  7710 V python  : extracting data/stockbit_cache/INCO_analysis_20260221.json
03-07 12:31:00.035  7647  7710 V python  : extracting data/stockbit_cache/INDS_analysis_20260221.json
03-07 12:31:00.036  7647  7710 V python  : extracting data/stockbit_cache/INTP_analysis_20260221.json
03-07 12:31:00.037  7647  7710 V python  : extracting data/stockbit_cache/ITMG_analysis_20260221.json
03-07 12:31:00.037  7647  7710 V python  : extracting data/stockbit_cache/JSMR_analysis_20260221.json
03-07 12:31:00.038  7647  7710 V python  : extracting data/stockbit_cache/KLBF_analysis_20260221.json
03-07 12:31:00.038  7647  7710 V python  : extracting data/stockbit_cache/MEDC_analysis_20260221.json
03-07 12:31:00.039  7647  7710 V python  : extracting data/stockbit_cache/MIKA_analysis_20260221.json
03-07 12:31:00.040  7647  7710 V python  : extracting data/stockbit_cache/MNCN_analysis_20260221.json
03-07 12:31:00.040  7647  7710 V python  : extracting data/stockbit_cache/PGAS_analysis_20260221.json
03-07 12:31:00.041  7647  7710 V python  : extracting data/stockbit_cache/PJAA_analysis_20260221.json
03-07 12:31:00.041  7647  7710 V python  : extracting data/stockbit_cache/RLCO_analysis_20260221.json
03-07 12:31:00.042  7647  7710 V python  : extracting data/stockbit_cache/SMGR_analysis_20260221.json
03-07 12:31:00.042  7647  7710 V python  : extracting data/stockbit_cache/TINS_analysis_20260221.json
03-07 12:31:00.043  7647  7710 V python  : extracting data/stockbit_cache/TLKM_analysis_20260221.json
03-07 12:31:00.043  7647  7710 V python  : extracting data/stockbit_cache/UNTR_analysis_20260221.json
03-07 12:31:00.044  7647  7710 V python  : extracting data/stockbit_cache/UNVR_analysis_20260221.json
03-07 12:31:00.044  7647  7710 V python  : extracting data/stockbit_cache/WIKA_analysis_20260221.json
03-07 12:31:00.045  7647  7710 V python  : extracting data/stockbit_cache/WSKT_analysis_20260221.json
03-07 12:31:00.045  7647  7710 V python  : extracting data/stockbit_cache/ZATA_analysis_20260221.json
03-07 12:31:00.046  7647  7710 V python  : extracting data/test_exports/
03-07 12:31:00.046  7647  7710 V python  : extracting data/test_exports/backup_20260222_070045.json
03-07 12:31:00.047  7647  7710 V python  : extracting data/test_exports/journal_backup_20260222_070045.csv
03-07 12:31:00.047  7647  7710 V python  : extracting data/test_exports/portfolio_backup_20260222_070045.csv
03-07 12:31:00.048  7647  7710 V python  : extracting data/watchlist.json
03-07 12:31:00.048  7647  7710 V python  : extracting desktop_app.pyc
03-07 12:31:00.049  7647  7710 V python  : extracting desktop_app_bak.pyc
03-07 12:31:00.058  7647  7710 V python  : extracting header_after_left2.png
03-07 12:31:00.072  1823  2537 W ActivityManager: Unable to start service Intent { cmp=com.nearme.gamecenter/com.heytap.cdo.client.util.BatteryJobService (has extras) } U=0: not found
03-07 12:31:00.072  1823  2537 D JobScheduler: Error executing JobStatus{dc4f3b7 #u0a100/1 com.nearme.gamecenter/com.heytap.cdo.client.util.BatteryJobService u=0 s=10100 TIME=-3d7h54m5s22ms:-3d7h54m5s22ms CHARGING PERIODIC PERSISTED READY}
03-07 12:31:00.073  1823  2537 W ActivityManager: Unable to start service Intent { cmp=com.google.android.googlequicksearchbox/com.google.android.apps.gsa.tasks.BackgroundTasksJobService (has extras) } U=0: not found
03-07 12:31:00.074  1823  2537 D JobScheduler: Error executing JobStatus{f86bacb #u0a70/-358 com.google.android.googlequicksearchbox/com.google.android.apps.gsa.tasks.BackgroundTasksJobService u=0 s=10070 TIME=-3d7h54m5s20ms:-3d7h54m5s20ms NET CHARGING PERIODIC PERSISTED READY}
03-07 12:31:00.075  1823  2537 W ActivityManager: Unable to start service Intent { cmp=com.google.android.googlequicksearchbox/com.google.android.apps.gsa.tasks.BackgroundTasksJobService (has extras) } U=0: not found
03-07 12:31:00.075  1823  2537 D JobScheduler: Error executing JobStatus{f569997 #u0a70/-350 com.google.android.googlequicksearchbox/com.google.android.apps.gsa.tasks.BackgroundTasksJobService u=0 s=10070 TIME=-3d7h54m5s20ms:-3d7h54m5s20ms PERIODIC PERSISTED READY}
03-07 12:31:00.076  1823  2537 W ActivityManager: Unable to start service Intent { cmp=com.google.android.googlequicksearchbox/com.google.android.apps.gsa.tasks.BackgroundTasksJobService (has extras) } U=0: not found
03-07 12:31:00.077  1823  2537 D JobScheduler: Error executing JobStatus{d19c8fd #u0a70/-446 com.google.android.googlequicksearchbox/com.google.android.apps.gsa.tasks.BackgroundTasksJobService u=0 s=10070 TIME=-3d7h54m5s22ms:-3d7h54m5s22ms NET PERIODIC PERSISTED READY}
03-07 12:31:00.078  1823  2537 W ActivityManager: Unable to start service Intent { cmp=com.google.android.googlequicksearchbox/com.google.android.apps.gsa.tasks.BackgroundTasksJobService (has extras) } U=0: not found
03-07 12:31:00.078  1823  2537 D JobScheduler: Error executing JobStatus{c759784 #u0a70/-462 com.google.android.googlequicksearchbox/com.google.android.apps.gsa.tasks.BackgroundTasksJobService u=0 s=10070 TIME=-3d7h54m5s22ms:-3d7h54m5s22ms PERIODIC PERSISTED READY}
03-07 12:31:00.079  1823  2537 W ActivityManager: Unable to start service Intent { cmp=com.google.android.googlequicksearchbox/com.google.android.apps.gsa.tasks.BackgroundTasksJobService (has extras) } U=0: not found
03-07 12:31:00.079  1823  2537 D JobScheduler: Error executing JobStatus{bc75a89 #u0a70/-484 com.google.android.googlequicksearchbox/com.google.android.apps.gsa.tasks.BackgroundTasksJobService u=0 s=10070 TIME=-3d7h54m5s27ms:-3d7h54m5s27ms NET CHARGING PERIODIC PERSISTED READY}
03-07 12:31:00.081  1823  2537 W ActivityManager: Unable to start service Intent { cmp=com.google.android.googlequicksearchbox/com.google.android.apps.gsa.tasks.BackgroundTasksJobService (has extras) } U=0: not found
03-07 12:31:00.081  1823  2537 D JobScheduler: Error executing JobStatus{bbef7f9 #u0a70/-202 com.google.android.googlequicksearchbox/com.google.android.apps.gsa.tasks.BackgroundTasksJobService u=0 s=10070 TIME=-3d7h54m5s26ms:-3d7h54m5s26ms NET CHARGING PERIODIC PERSISTED READY}
03-07 12:31:00.082  1823  2537 W ActivityManager: Unable to start service Intent { cmp=com.google.android.googlequicksearchbox/com.google.android.apps.gsa.tasks.BackgroundTasksJobService (has extras) } U=0: not found
03-07 12:31:00.083  1823  2537 D JobScheduler: Error executing JobStatus{8f2d1c1 #u0a70/-362 com.google.android.googlequicksearchbox/com.google.android.apps.gsa.tasks.BackgroundTasksJobService u=0 s=10070 TIME=-3d7h54m5s29ms:-3d7h54m5s29ms PERIODIC PERSISTED READY}
03-07 12:31:00.084  1823  2537 W ActivityManager: Unable to start service Intent { cmp=com.google.android.googlequicksearchbox/com.google.android.apps.gsa.tasks.BackgroundTasksJobService (has extras) } U=0: not found
03-07 12:31:00.084  1823  2537 D JobScheduler: Error executing JobStatus{8bedc16 #u0a70/-148 com.google.android.googlequicksearchbox/com.google.android.apps.gsa.tasks.BackgroundTasksJobService u=0 s=10070 TIME=-3d7h54m5s29ms:-3d7h54m5s29ms NET PERIODIC PERSISTED READY}
03-07 12:31:00.086  1823  2537 W ActivityManager: Unable to start service Intent { cmp=com.google.android.googlequicksearchbox/com.google.android.apps.gsa.tasks.BackgroundTasksJobService (has extras) } U=0: not found
03-07 12:31:00.086  1823  2537 D JobScheduler: Error executing JobStatus{7b956ec #u0a70/-324 com.google.android.googlequicksearchbox/com.google.android.apps.gsa.tasks.BackgroundTasksJobService u=0 s=10070 TIME=-3d7h54m5s31ms:-3d7h54m5s31ms CHARGING PERIODIC PERSISTED READY}
03-07 12:31:00.094  1823  3199 E OplusCustomizeRestrictionManagerService: isBiometricDisabled start
03-07 12:31:00.119  7647  7710 V python  : extracting header_after_swipe_left.png
03-07 12:31:00.181  7647  7710 V python  : extracting header_after_up2.png
03-07 12:31:00.183  7647  7710 V python  : extracting header_before2.png
03-07 12:31:00.187  7647  7710 V python  : extracting header_before_swipe.png
03-07 12:31:00.188  7647  7710 V python  : extracting launcher.pyc
03-07 12:31:00.189  7647  7710 V python  : extracting main.pyc
03-07 12:31:00.189  7647  7710 V python  : extracting modules/
03-07 12:31:00.190  7647  7710 V python  : extracting modules/__init__.pyc
03-07 12:31:00.190  7647  7710 V python  : extracting modules/auth.pyc
03-07 12:31:00.191  7647  7710 V python  : extracting modules/bandarmology.pyc
03-07 12:31:00.192  7647  7710 V python  : extracting modules/cloud_sync.pyc
03-07 12:31:00.192  7647  7710 V python  : extracting modules/data_fetcher.pyc
03-07 12:31:00.193  7647  7710 V python  : extracting modules/database.pyc
03-07 12:31:00.193  7647  7710 V python  : extracting modules/jurnal_store.pyc
03-07 12:31:00.194  7647  7710 V python  : extracting modules/orderbook_analyzer.pyc
03-07 12:31:00.195  7647  7710 V python  : extracting modules/orderbook_override.pyc
03-07 12:31:00.195  7647  7710 V python  : extracting modules/quote_fetcher.pyc
03-07 12:31:00.195  7647  7710 V python  : extracting modules/stockbit_fetcher.pyc
03-07 12:31:00.196  7647  7710 V python  : extracting modules/stockbit_scraper.pyc
03-07 12:31:00.197  7647  7710 V python  : extracting modules/supabase_session.pyc
03-07 12:31:00.197  7647  7710 V python  : extracting modules/tradingview_fetcher.pyc
03-07 12:31:00.197  7647  7710 V python  : extracting p4a-recipes/
03-07 12:31:00.198  7647  7710 V python  : extracting p4a-recipes/pyjnius/
03-07 12:31:00.198  7647  7710 V python  : extracting p4a-recipes/pyjnius/__init__.pyc
03-07 12:31:00.198  7647  7710 V python  : extracting screening_after_boxlayout_fix.png
03-07 12:31:00.204  7647  7710 V python  : extracting screening_after_fix.png
03-07 12:31:00.208  7647  7710 V python  : extracting screening_after_fix2.png
03-07 12:31:00.213  7647  7710 V python  : extracting screening_blank_now.png
03-07 12:31:00.215  7647  7710 V python  : extracting screening_controls_compact.png
03-07 12:31:00.220  7647  7710 V python  : extracting screening_controls_outline_small.png
03-07 12:31:00.278  7647  7710 V python  : extracting screening_controls_outline_small_v2.png
03-07 12:31:00.336  7647  7710 V python  : extracting screening_debug.png
03-07 12:31:00.340  7647  7710 V python  : extracting screening_gap_tight_price_color.png
03-07 12:31:00.363  4326  7754 D EventBus: No subscribers registered for event class com.coloros.deepthinker.common.proton.learn.schedule.a.c
03-07 12:31:00.363  4326  7754 D EventBus: No subscribers registered for event class org.greenrobot.eventbus.NoSubscriberEvent
03-07 12:31:00.398  7647  7710 V python  : extracting screening_header_gesture_manual.png
03-07 12:31:00.404  7647  7710 V python  : extracting screening_header_swipe_build.png
03-07 12:31:00.407  7647  7710 V python  : extracting screening_post_fix_blank.png
03-07 12:31:00.423  1108  1148 E ANDR-PERF-UTIL: Failed to read /sys/class/devfreq/soc:qcom,cpu0-llcc-ddr-lat/min_freq
03-07 12:31:00.423  1108  1148 E ANDR-PERF-OPTSHANDLER: Failed to read /sys/class/devfreq/soc:qcom,cpu0-llcc-ddr-lat/min_freq
03-07 12:31:00.423  1108  1148 E ANDR-PERF-RESOURCEQS: Failed to apply optimization [13, 12]
03-07 12:31:00.423  1108  1148 E ANDR-PERF-UTIL: Failed to read /sys/class/devfreq/soc:qcom,cpu6-llcc-ddr-lat/min_freq
03-07 12:31:00.423  1108  1148 E ANDR-PERF-OPTSHANDLER: Failed to read /sys/class/devfreq/soc:qcom,cpu6-llcc-ddr-lat/min_freq
03-07 12:31:00.423  1108  1148 E ANDR-PERF-RESOURCEQS: Failed to apply optimization [13, 12]
03-07 12:31:00.424  1108  1148 E ANDR-PERF-UTIL: Failed to read /sys/class/devfreq/soc:qcom,cpu0-cpu-llcc-lat/mem_latency/ratio_ceil
03-07 12:31:00.425  1108  1148 E ANDR-PERF-OPTSHANDLER: Failed to read /sys/class/devfreq/soc:qcom,cpu0-cpu-llcc-lat/mem_latency/ratio_ceil
03-07 12:31:00.425  1108  1148 E ANDR-PERF-RESOURCEQS: Failed to apply optimization [13, 8]
03-07 12:31:00.425  1108  1148 E ANDR-PERF-UTIL: Failed to read /sys/class/devfreq/soc:qcom,cpu4-cpu-llcc-lat/mem_latency/ratio_ceil
03-07 12:31:00.425  1108  1148 E ANDR-PERF-OPTSHANDLER: Failed to read /sys/class/devfreq/soc:qcom,cpu4-cpu-llcc-lat/mem_latency/ratio_ceil
03-07 12:31:00.425  1108  1148 E ANDR-PERF-RESOURCEQS: Failed to apply optimization [13, 9]
03-07 12:31:00.095  1823  3199 E OplusCustomizeRestrictionManagerService: isBiometricDisabled start
03-07 12:31:00.457  1823  2537 W ActivityManager: Unable to start service Intent { cmp=com.nearme.gamecenter/com.heytap.cdo.client.util.BatteryJobService (has extras) } U=0: not found
03-07 12:31:00.457  1823  2537 D JobScheduler: Error executing JobStatus{dc4f3b7 #u0a100/1 com.nearme.gamecenter/com.heytap.cdo.client.util.BatteryJobService u=0 s=10100 TIME=-3d7h54m5s407ms:-3d7h54m5s407ms CHARGING PERIODIC PERSISTED READY}
03-07 12:31:00.457  1823  2537 W ActivityManager: Unable to start service Intent { cmp=com.google.android.googlequicksearchbox/com.google.android.apps.gsa.tasks.BackgroundTasksJobService (has extras) } U=0: not found
03-07 12:31:00.457  1823  2537 D JobScheduler: Error executing JobStatus{f86bacb #u0a70/-358 com.google.android.googlequicksearchbox/com.google.android.apps.gsa.tasks.BackgroundTasksJobService u=0 s=10070 TIME=-3d7h54m5s404ms:-3d7h54m5s404ms NET CHARGING PERIODIC PERSISTED READY}
03-07 12:31:00.458  1823  2537 W ActivityManager: Unable to start service Intent { cmp=com.google.android.googlequicksearchbox/com.google.android.apps.gsa.tasks.BackgroundTasksJobService (has extras) } U=0: not found
03-07 12:31:00.458  1823  2537 D JobScheduler: Error executing JobStatus{f569997 #u0a70/-350 com.google.android.googlequicksearchbox/com.google.android.apps.gsa.tasks.BackgroundTasksJobService u=0 s=10070 TIME=-3d7h54m5s403ms:-3d7h54m5s403ms PERIODIC PERSISTED READY}
03-07 12:31:00.458  1823  2537 W ActivityManager: Unable to start service Intent { cmp=com.google.android.googlequicksearchbox/com.google.android.apps.gsa.tasks.BackgroundTasksJobService (has extras) } U=0: not found
03-07 12:31:00.459  1823  2537 D JobScheduler: Error executing JobStatus{d19c8fd #u0a70/-446 com.google.android.googlequicksearchbox/com.google.android.apps.gsa.tasks.BackgroundTasksJobService u=0 s=10070 TIME=-3d7h54m5s404ms:-3d7h54m5s404ms NET PERIODIC PERSISTED READY}
03-07 12:31:00.459  1823  2537 W ActivityManager: Unable to start service Intent { cmp=com.google.android.googlequicksearchbox/com.google.android.apps.gsa.tasks.BackgroundTasksJobService (has extras) } U=0: not found
03-07 12:31:00.459  1823  2537 D JobScheduler: Error executing JobStatus{c759784 #u0a70/-462 com.google.android.googlequicksearchbox/com.google.android.apps.gsa.tasks.BackgroundTasksJobService u=0 s=10070 TIME=-3d7h54m5s403ms:-3d7h54m5s403ms PERIODIC PERSISTED READY}
03-07 12:31:00.460  1823  2537 W ActivityManager: Unable to start service Intent { cmp=com.google.android.googlequicksearchbox/com.google.android.apps.gsa.tasks.BackgroundTasksJobService (has extras) } U=0: not found
03-07 12:31:00.460  1823  2537 D JobScheduler: Error executing JobStatus{bc75a89 #u0a70/-484 com.google.android.googlequicksearchbox/com.google.android.apps.gsa.tasks.BackgroundTasksJobService u=0 s=10070 TIME=-3d7h54m5s407ms:-3d7h54m5s407ms NET CHARGING PERIODIC PERSISTED READY}
03-07 12:31:00.463  7647  7710 V python  : extracting screening_post_fix_blank_screeningtab.png
03-07 12:31:00.467  7647  7710 V python  : extracting screening_sticky_android.png
03-07 12:31:00.469  7647  7710 V python  : extracting scripts/
03-07 12:31:00.469  7647  7710 V python  : extracting scripts/cleanup_project.pyc
03-07 12:31:00.470  7647  7710 V python  : extracting sitecustomize.pyc
03-07 12:31:00.470  7647  7710 V python  : extracting p4a_env_vars.txt
03-07 12:31:00.473  7647  7710 V pythonutil: Unpacking /data/app/~~BysbHoD_D68KXejn-XPb2Q==/com.jurnalsaham.jurnalsahamihsg-qcwgZKc3xdyhuRiUkkhaNA==/lib/arm64/libpybundle app
03-07 12:31:00.473  7647  7710 V pythonutil: Data version is f6d6a532ab7df75899153307cf5bef874f4fcc3f
03-07 12:31:00.473  7647  7710 V pythonutil: Extracting /data/app/~~BysbHoD_D68KXejn-XPb2Q==/com.jurnalsaham.jurnalsahamihsg-qcwgZKc3xdyhuRiUkkhaNA==/lib/arm64/libpybundle assets.
03-07 12:31:00.474  7647  7710 V python  : extracting _python_bundle/
03-07 12:31:00.474  7647  7710 V python  : extracting _python_bundle/modules/
03-07 12:31:00.474  7647  7710 V python  : extracting _python_bundle/modules/_asyncio.cpython-311.so
03-07 12:31:00.476  7647  7710 V python  : extracting _python_bundle/modules/_bisect.cpython-311.so
03-07 12:31:00.476  7647  7710 V python  : extracting _python_bundle/modules/_blake2.cpython-311.so
03-07 12:31:00.477  7647  7710 V python  : extracting _python_bundle/modules/_codecs_cn.cpython-311.so
03-07 12:31:00.481  7647  7710 V python  : extracting _python_bundle/modules/_codecs_hk.cpython-311.so
03-07 12:31:00.484  7647  7710 V python  : extracting _python_bundle/modules/_codecs_iso2022.cpython-311.so
03-07 12:31:00.484  7647  7710 V python  : extracting _python_bundle/modules/_codecs_jp.cpython-311.so
03-07 12:31:00.489  7647  7710 V python  : extracting _python_bundle/modules/_codecs_kr.cpython-311.so
03-07 12:31:00.492  7647  7710 V python  : extracting _python_bundle/modules/_codecs_tw.cpython-311.so
03-07 12:31:00.495  7647  7710 V python  : extracting _python_bundle/modules/_contextvars.cpython-311.so
03-07 12:31:00.496  7647  7710 V python  : extracting _python_bundle/modules/_csv.cpython-311.so
03-07 12:31:00.497  7647  7710 V python  : extracting _python_bundle/modules/_ctypes.cpython-311.so
03-07 12:31:00.500  7647  7710 V python  : extracting _python_bundle/modules/_ctypes_test.cpython-311.so
03-07 12:31:00.501  7647  7710 V python  : extracting _python_bundle/modules/_datetime.cpython-311.so
03-07 12:31:00.503 11175 11738 D ThreadBooster: [Scene Stop] After reset priority, droid.ugc.trill priority is -20
03-07 12:31:00.503  7647  7710 V python  : extracting _python_bundle/modules/_decimal.cpython-311.so
03-07 12:31:00.503 11175 11738 D ThreadBooster: [Scene Start] After adjust priority,  droid.ugc.trill priority is -20, tid: 11175
03-07 12:31:00.508  7647  7710 V python  : extracting _python_bundle/modules/_elementtree.cpython-311.so
03-07 12:31:00.510  7647  7710 V python  : extracting _python_bundle/modules/_hashlib.cpython-311.so
03-07 12:31:00.511  7647  7710 V python  : extracting _python_bundle/modules/_heapq.cpython-311.so
03-07 12:31:00.512  7647  7710 V python  : extracting _python_bundle/modules/_json.cpython-311.so
03-07 12:31:00.514  7647  7710 V python  : extracting _python_bundle/modules/_lsprof.cpython-311.so
03-07 12:31:00.514  7647  7710 V python  : extracting _python_bundle/modules/_lzma.cpython-311.so
03-07 12:31:00.515  7647  7710 V python  : extracting _python_bundle/modules/_md5.cpython-311.so
03-07 12:31:00.516  7647  7710 V python  : extracting _python_bundle/modules/_multibytecodec.cpython-311.so
03-07 12:31:00.517  7647  7710 V python  : extracting _python_bundle/modules/_multiprocessing.cpython-311.so
03-07 12:31:00.518  7647  7710 V python  : extracting _python_bundle/modules/_opcode.cpython-311.so
03-07 12:31:00.518  7647  7710 V python  : extracting _python_bundle/modules/_pickle.cpython-311.so
03-07 12:31:00.520  7647  7710 V python  : extracting _python_bundle/modules/_posixsubprocess.cpython-311.so
03-07 12:31:00.521  7647  7710 V python  : extracting _python_bundle/modules/_queue.cpython-311.so
03-07 12:31:00.522  7647  7710 V python  : extracting _python_bundle/modules/_random.cpython-311.so
03-07 12:31:00.523  7647  7710 V python  : extracting _python_bundle/modules/_sha1.cpython-311.so
03-07 12:31:00.523  7647  7710 V python  : extracting _python_bundle/modules/_sha256.cpython-311.so
03-07 12:31:00.524  7647  7710 V python  : extracting _python_bundle/modules/_sha3.cpython-311.so
03-07 12:31:00.524  7647  7710 V python  : extracting _python_bundle/modules/_sha512.cpython-311.so
03-07 12:31:00.525  7647  7710 V python  : extracting _python_bundle/modules/_socket.cpython-311.so
03-07 12:31:00.527  7647  7710 V python  : extracting _python_bundle/modules/_sqlite3.cpython-311.so
03-07 12:31:00.529  7647  7710 V python  : extracting _python_bundle/modules/_ssl.cpython-311.so
03-07 12:31:00.533  7647  7710 V python  : extracting _python_bundle/modules/_statistics.cpython-311.so
03-07 12:31:00.533  7647  7710 V python  : extracting _python_bundle/modules/_struct.cpython-311.so
03-07 12:31:00.534  7647  7710 V python  : extracting _python_bundle/modules/_sysconfigdata__linux_aarch64-linux-android.pyc
03-07 12:31:00.536  7647  7710 V python  : extracting _python_bundle/modules/_testbuffer.cpython-311.so
03-07 12:31:00.537  7647  7710 V python  : extracting _python_bundle/modules/_testcapi.cpython-311.so
03-07 12:31:00.539  7647  7710 V python  : extracting _python_bundle/modules/_testclinic.cpython-311.so
03-07 12:31:00.541  7647  7710 V python  : extracting _python_bundle/modules/_testimportmultiple.cpython-311.so
03-07 12:31:00.541  7647  7710 V python  : extracting _python_bundle/modules/_testinternalcapi.cpython-311.so
03-07 12:31:00.542  7647  7710 V python  : extracting _python_bundle/modules/_testmultiphase.cpython-311.so
03-07 12:31:00.543  7647  7710 V python  : extracting _python_bundle/modules/_typing.cpython-311.so
03-07 12:31:00.543  7647  7710 V python  : extracting _python_bundle/modules/_xxsubinterpreters.cpython-311.so
03-07 12:31:00.544  7647  7710 V python  : extracting _python_bundle/modules/_xxtestfuzz.cpython-311.so
03-07 12:31:00.545  7647  7710 V python  : extracting _python_bundle/modules/_zoneinfo.cpython-311.so
03-07 12:31:00.546  7647  7710 V python  : extracting _python_bundle/modules/array.cpython-311.so
03-07 12:31:00.547  7647  7710 V python  : extracting _python_bundle/modules/audioop.cpython-311.so
03-07 12:31:00.548  7647  7710 V python  : extracting _python_bundle/modules/binascii.cpython-311.so
03-07 12:31:00.549  7647  7710 V python  : extracting _python_bundle/modules/cmath.cpython-311.so
03-07 12:31:00.550  7647  7710 V python  : extracting _python_bundle/modules/fcntl.cpython-311.so
03-07 12:31:00.551  7647  7710 V python  : extracting _python_bundle/modules/math.cpython-311.so
03-07 12:31:00.553  7647  7710 V python  : extracting _python_bundle/modules/mmap.cpython-311.so
03-07 12:31:00.554  7647  7710 V python  : extracting _python_bundle/modules/ossaudiodev.cpython-311.so
03-07 12:31:00.555  7647  7710 V python  : extracting _python_bundle/modules/pyexpat.cpython-311.so
03-07 12:31:00.558  7647  7710 V python  : extracting _python_bundle/modules/resource.cpython-311.so
03-07 12:31:00.559  7647  7710 V python  : extracting _python_bundle/modules/select.cpython-311.so
03-07 12:31:00.560  7647  7710 V python  : extracting _python_bundle/modules/syslog.cpython-311.so
03-07 12:31:00.560  7647  7710 V python  : extracting _python_bundle/modules/termios.cpython-311.so
03-07 12:31:00.561  7647  7710 V python  : extracting _python_bundle/modules/unicodedata.cpython-311.so
03-07 12:31:00.579  7647  7710 V python  : extracting _python_bundle/modules/xxlimited.cpython-311.so
03-07 12:31:00.580  7647  7710 V python  : extracting _python_bundle/modules/xxlimited_35.cpython-311.so
03-07 12:31:00.581  7647  7710 V python  : extracting _python_bundle/modules/zlib.cpython-311.so
03-07 12:31:00.582  7647  7710 V python  : extracting _python_bundle/site-packages/
03-07 12:31:00.582  7647  7710 V python  : extracting _python_bundle/site-packages/0deeb2fec52624e647be__mypyc.so
03-07 12:31:00.587  1108  1148 E ANDR-PERF-UTIL: Failed to read /sys/class/devfreq/soc:qcom,cpu0-llcc-ddr-lat/min_freq
03-07 12:31:00.587  1108  1148 E ANDR-PERF-OPTSHANDLER: Failed to read /sys/class/devfreq/soc:qcom,cpu0-llcc-ddr-lat/min_freq
03-07 12:31:00.587  1108  1148 E ANDR-PERF-RESOURCEQS: Failed to apply optimization [13, 12]
03-07 12:31:00.587  1108  1148 E ANDR-PERF-UTIL: Failed to read /sys/class/devfreq/soc:qcom,cpu6-llcc-ddr-lat/min_freq
03-07 12:31:00.587  1108  1148 E ANDR-PERF-OPTSHANDLER: Failed to read /sys/class/devfreq/soc:qcom,cpu6-llcc-ddr-lat/min_freq
03-07 12:31:00.587  1108  1148 E ANDR-PERF-RESOURCEQS: Failed to apply optimization [13, 12]
03-07 12:31:00.588  7647  7710 V python  : extracting _python_bundle/site-packages/Kivy-2.3.0-py3.11.egg-info/
03-07 12:31:00.588  1108  1148 E ANDR-PERF-UTIL: Failed to read /sys/class/devfreq/soc:qcom,cpu0-cpu-llcc-lat/mem_latency/ratio_ceil
03-07 12:31:00.588  1108  1148 E ANDR-PERF-OPTSHANDLER: Failed to read /sys/class/devfreq/soc:qcom,cpu0-cpu-llcc-lat/mem_latency/ratio_ceil
03-07 12:31:00.588  1108  1148 E ANDR-PERF-RESOURCEQS: Failed to apply optimization [13, 8]
03-07 12:31:00.588  1108  1148 E ANDR-PERF-UTIL: Failed to read /sys/class/devfreq/soc:qcom,cpu4-cpu-llcc-lat/mem_latency/ratio_ceil
03-07 12:31:00.588  1108  1148 E ANDR-PERF-OPTSHANDLER: Failed to read /sys/class/devfreq/soc:qcom,cpu4-cpu-llcc-lat/mem_latency/ratio_ceil
03-07 12:31:00.588  1108  1148 E ANDR-PERF-RESOURCEQS: Failed to apply optimization [13, 9]
03-07 12:31:00.589  7647  7710 V python  : extracting _python_bundle/site-packages/Kivy-2.3.0-py3.11.egg-info/PKG-INFO
03-07 12:31:00.589  7647  7710 V python  : extracting _python_bundle/site-packages/Kivy-2.3.0-py3.11.egg-info/SOURCES.txt
03-07 12:31:00.590  7647  7710 V python  : extracting _python_bundle/site-packages/Kivy-2.3.0-py3.11.egg-info/dependency_links.txt
03-07 12:31:00.591  7647  7710 V python  : extracting _python_bundle/site-packages/Kivy-2.3.0-py3.11.egg-info/requires.txt
03-07 12:31:00.591  7647  7710 V python  : extracting _python_bundle/site-packages/Kivy-2.3.0-py3.11.egg-info/top_level.txt
03-07 12:31:00.591  7647  7710 V python  : extracting _python_bundle/site-packages/_distutils_hack/
03-07 12:31:00.592  7647  7710 V python  : extracting _python_bundle/site-packages/_distutils_hack/__init__.pyc
03-07 12:31:00.592  7647  7710 V python  : extracting _python_bundle/site-packages/_distutils_hack/override.pyc
03-07 12:31:00.593  7647  7710 V python  : extracting _python_bundle/site-packages/android-1.0-py3.11.egg-info/
03-07 12:31:00.593  7647  7710 V python  : extracting _python_bundle/site-packages/android-1.0-py3.11.egg-info/PKG-INFO
03-07 12:31:00.593  7647  7710 V python  : extracting _python_bundle/site-packages/android-1.0-py3.11.egg-info/SOURCES.txt
03-07 12:31:00.594  7647  7710 V python  : extracting _python_bundle/site-packages/android-1.0-py3.11.egg-info/dependency_links.txt
03-07 12:31:00.594  7647  7710 V python  : extracting _python_bundle/site-packages/android-1.0-py3.11.egg-info/top_level.txt
03-07 12:31:00.594  7647  7710 V python  : extracting _python_bundle/site-packages/android/
03-07 12:31:00.595  7647  7710 V python  : extracting _python_bundle/site-packages/android/__init__.pyc
03-07 12:31:00.595  7647  7710 V python  : extracting _python_bundle/site-packages/android/_android.so
03-07 12:31:00.597  7647  7710 V python  : extracting _python_bundle/site-packages/android/_android_billing.so
03-07 12:31:00.599  7647  7710 V python  : extracting _python_bundle/site-packages/android/_ctypes_library_finder.pyc
03-07 12:31:00.599  7647  7710 V python  : extracting _python_bundle/site-packages/android/activity.pyc
03-07 12:31:00.600  7647  7710 V python  : extracting _python_bundle/site-packages/android/billing.pyc
03-07 12:31:00.600  7647  7710 V python  : extracting _python_bundle/site-packages/android/broadcast.pyc
03-07 12:31:00.600  7647  7710 V python  : extracting _python_bundle/site-packages/android/config.pyc
03-07 12:31:00.601  7647  7710 V python  : extracting _python_bundle/site-packages/android/loadingscreen.pyc
03-07 12:31:00.601  7647  7710 V python  : extracting _python_bundle/site-packages/android/mixer.pyc
03-07 12:31:00.602  7647  7710 V python  : extracting _python_bundle/site-packages/android/permissions.pyc
03-07 12:31:00.602  7647  7710 V python  : extracting _python_bundle/site-packages/android/runnable.pyc
03-07 12:31:00.603  7647  7710 V python  : extracting _python_bundle/site-packages/android/storage.pyc
03-07 12:31:00.603  7647  7710 V python  : extracting _python_bundle/site-packages/bin/
03-07 12:31:00.603  7647  7710 V python  : extracting _python_bundle/site-packages/bin/chardetect
03-07 12:31:00.604  7647  7710 V python  : extracting _python_bundle/site-packages/certifi-2026.2.25.dist-info/
03-07 12:31:00.604  7647  7710 V python  : extracting _python_bundle/site-packages/certifi-2026.2.25.dist-info/INSTALLER
03-07 12:31:00.604  7647  7710 V python  : extracting _python_bundle/site-packages/certifi-2026.2.25.dist-info/METADATA
03-07 12:31:00.604  7647  7710 V python  : extracting _python_bundle/site-packages/certifi-2026.2.25.dist-info/RECORD
03-07 12:31:00.605  7647  7710 V python  : extracting _python_bundle/site-packages/certifi-2026.2.25.dist-info/REQUESTED
03-07 12:31:00.605  7647  7710 V python  : extracting _python_bundle/site-packages/certifi-2026.2.25.dist-info/WHEEL
03-07 12:31:00.605  7647  7710 V python  : extracting _python_bundle/site-packages/certifi-2026.2.25.dist-info/licenses/
03-07 12:31:00.606  7647  7710 V python  : extracting _python_bundle/site-packages/certifi-2026.2.25.dist-info/licenses/LICENSE
03-07 12:31:00.606  7647  7710 V python  : extracting _python_bundle/site-packages/certifi-2026.2.25.dist-info/top_level.txt
03-07 12:31:00.606  7647  7710 V python  : extracting _python_bundle/site-packages/certifi/
03-07 12:31:00.607  7647  7710 V python  : extracting _python_bundle/site-packages/certifi/__init__.pyc
03-07 12:31:00.607  7647  7710 V python  : extracting _python_bundle/site-packages/certifi/__main__.pyc
03-07 12:31:00.607  7647  7710 V python  : extracting _python_bundle/site-packages/certifi/cacert.pem
03-07 12:31:00.613  7647  7710 V python  : extracting _python_bundle/site-packages/certifi/core.pyc
03-07 12:31:00.614  7647  7710 V python  : extracting _python_bundle/site-packages/certifi/py.typed
03-07 12:31:00.614  7647  7710 V python  : extracting _python_bundle/site-packages/chardet-7.0.1.dist-info/
03-07 12:31:00.615  7647  7710 V python  : extracting _python_bundle/site-packages/chardet-7.0.1.dist-info/INSTALLER
03-07 12:31:00.615  7647  7710 V python  : extracting _python_bundle/site-packages/chardet-7.0.1.dist-info/METADATA
03-07 12:31:00.616  7647  7710 V python  : extracting _python_bundle/site-packages/chardet-7.0.1.dist-info/RECORD
03-07 12:31:00.616  7647  7710 V python  : extracting _python_bundle/site-packages/chardet-7.0.1.dist-info/REQUESTED
03-07 12:31:00.616  7647  7710 V python  : extracting _python_bundle/site-packages/chardet-7.0.1.dist-info/WHEEL
03-07 12:31:00.617  7647  7710 V python  : extracting _python_bundle/site-packages/chardet-7.0.1.dist-info/entry_points.txt
03-07 12:31:00.617  7647  7710 V python  : extracting _python_bundle/site-packages/chardet-7.0.1.dist-info/licenses/
03-07 12:31:00.617  7647  7710 V python  : extracting _python_bundle/site-packages/chardet-7.0.1.dist-info/licenses/LICENSE
03-07 12:31:00.618  7647  7710 V python  : extracting _python_bundle/site-packages/chardet/
03-07 12:31:00.618  7647  7710 V python  : extracting _python_bundle/site-packages/chardet/__init__.pyc
03-07 12:31:00.618  7647  7710 V python  : extracting _python_bundle/site-packages/chardet/__main__.pyc
03-07 12:31:00.619  7647  7710 V python  : extracting _python_bundle/site-packages/chardet/_utils.pyc
03-07 12:31:00.619  7647  7710 V python  : extracting _python_bundle/site-packages/chardet/_version.pyc
03-07 12:31:00.619  7647  7710 V python  : extracting _python_bundle/site-packages/chardet/cli.pyc
03-07 12:31:00.620  7647  7710 V python  : extracting _python_bundle/site-packages/chardet/detector.pyc
03-07 12:31:00.620  7647  7710 V python  : extracting _python_bundle/site-packages/chardet/enums.pyc
03-07 12:31:00.620  7647  7710 V python  : extracting _python_bundle/site-packages/chardet/equivalences.pyc
03-07 12:31:00.621  7647  7710 V python  : extracting _python_bundle/site-packages/chardet/models/
03-07 12:31:00.621  7647  7710 V python  : extracting _python_bundle/site-packages/chardet/models/__init__.pyc
03-07 12:31:00.622  7647  7710 V python  : extracting _python_bundle/site-packages/chardet/models/__init__.so
03-07 12:31:00.622  7647  7710 V python  : extracting _python_bundle/site-packages/chardet/models/confusion.bin
03-07 12:31:00.623  7647  7710 V python  : extracting _python_bundle/site-packages/chardet/models/models.bin
03-07 12:31:00.637  7647  7710 V python  : extracting _python_bundle/site-packages/chardet/models/training_metadata.yaml
03-07 12:31:00.637  7647  7710 V python  : extracting _python_bundle/site-packages/chardet/pipeline/
03-07 12:31:00.638  7647  7710 V python  : extracting _python_bundle/site-packages/chardet/pipeline/__init__.pyc
03-07 12:31:00.638  7647  7710 V python  : extracting _python_bundle/site-packages/chardet/pipeline/ascii.pyc
03-07 12:31:00.639  7647  7710 V python  : extracting _python_bundle/site-packages/chardet/pipeline/binary.pyc
03-07 12:31:00.639  7647  7710 V python  : extracting _python_bundle/site-packages/chardet/pipeline/bom.pyc
03-07 12:31:00.640  7647  7710 V python  : extracting _python_bundle/site-packages/chardet/pipeline/confusion.pyc
03-07 12:31:00.640  7647  7710 V python  : extracting _python_bundle/site-packages/chardet/pipeline/escape.pyc
03-07 12:31:00.641  7647  7710 V python  : extracting _python_bundle/site-packages/chardet/pipeline/escape.so
03-07 12:31:00.641  7647  7710 V python  : extracting _python_bundle/site-packages/chardet/pipeline/markup.pyc
03-07 12:31:00.642  7647  7710 V python  : extracting _python_bundle/site-packages/chardet/pipeline/orchestrator.pyc
03-07 12:31:00.643  7647  7710 V python  : extracting _python_bundle/site-packages/chardet/pipeline/statistical.pyc
03-07 12:31:00.643  7647  7710 V python  : extracting _python_bundle/site-packages/chardet/pipeline/statistical.so
03-07 12:31:00.643  7647  7710 V python  : extracting _python_bundle/site-packages/chardet/pipeline/structural.pyc
03-07 12:31:00.644  7647  7710 V python  : extracting _python_bundle/site-packages/chardet/pipeline/structural.so
03-07 12:31:00.644  7647  7710 V python  : extracting _python_bundle/site-packages/chardet/pipeline/utf1632.pyc
03-07 12:31:00.645  7647  7710 V python  : extracting _python_bundle/site-packages/chardet/pipeline/utf1632.so
03-07 12:31:00.645  7647  7710 V python  : extracting _python_bundle/site-packages/chardet/pipeline/utf8.pyc
03-07 12:31:00.646  7647  7710 V python  : extracting _python_bundle/site-packages/chardet/pipeline/utf8.so
03-07 12:31:00.646  7647  7710 V python  : extracting _python_bundle/site-packages/chardet/pipeline/validity.pyc
03-07 12:31:00.647  7647  7710 V python  : extracting _python_bundle/site-packages/chardet/pipeline/validity.so
03-07 12:31:00.647  7647  7710 V python  : extracting _python_bundle/site-packages/chardet/py.typed
03-07 12:31:00.647  7647  7710 V python  : extracting _python_bundle/site-packages/chardet/registry.pyc
03-07 12:31:00.648  7647  7710 V python  : extracting _python_bundle/site-packages/distutils-precedence.pth
03-07 12:31:00.648  7647  7710 V python  : extracting _python_bundle/site-packages/easy_install.pyc
03-07 12:31:00.649  7647  7710 V python  : extracting _python_bundle/site-packages/idna-3.11.dist-info/
03-07 12:31:00.649  7647  7710 V python  : extracting _python_bundle/site-packages/idna-3.11.dist-info/INSTALLER
03-07 12:31:00.649  7647  7710 V python  : extracting _python_bundle/site-packages/idna-3.11.dist-info/METADATA
03-07 12:31:00.650  7647  7710 V python  : extracting _python_bundle/site-packages/idna-3.11.dist-info/RECORD
03-07 12:31:00.650  7647  7710 V python  : extracting _python_bundle/site-packages/idna-3.11.dist-info/REQUESTED
03-07 12:31:00.650  7647  7710 V python  : extracting _python_bundle/site-packages/idna-3.11.dist-info/WHEEL
03-07 12:31:00.651  7647  7710 V python  : extracting _python_bundle/site-packages/idna-3.11.dist-info/licenses/
03-07 12:31:00.651  7647  7710 V python  : extracting _python_bundle/site-packages/idna-3.11.dist-info/licenses/LICENSE.md
03-07 12:31:00.652  7647  7710 V python  : extracting _python_bundle/site-packages/idna/
03-07 12:31:00.652  7647  7710 V python  : extracting _python_bundle/site-packages/idna/__init__.pyc
03-07 12:31:00.653  7647  7710 V python  : extracting _python_bundle/site-packages/idna/codec.pyc
03-07 12:31:00.653  7647  7710 V python  : extracting _python_bundle/site-packages/idna/compat.pyc
03-07 12:31:00.653  7647  7710 V python  : extracting _python_bundle/site-packages/idna/core.pyc
03-07 12:31:00.654  7647  7710 V python  : extracting _python_bundle/site-packages/idna/idnadata.pyc
03-07 12:31:00.656  7647  7710 V python  : extracting _python_bundle/site-packages/idna/intranges.pyc
03-07 12:31:00.657  7647  7710 V python  : extracting _python_bundle/site-packages/idna/package_data.pyc
03-07 12:31:00.657  7647  7710 V python  : extracting _python_bundle/site-packages/idna/py.typed
03-07 12:31:00.657  7647  7710 V python  : extracting _python_bundle/site-packages/idna/uts46data.pyc
03-07 12:31:00.660  7647  7710 V python  : extracting _python_bundle/site-packages/jnius/
03-07 12:31:00.660  7647  7710 V python  : extracting _python_bundle/site-packages/jnius/__init__.pyc
03-07 12:31:00.661  7647  7710 V python  : extracting _python_bundle/site-packages/jnius/env.pyc
03-07 12:31:00.662  7647  7710 V python  : extracting _python_bundle/site-packages/jnius/jnius.so
03-07 12:31:00.670  7647  7710 V python  : extracting _python_bundle/site-packages/jnius/reflect.pyc
03-07 12:31:00.671  7647  7710 V python  : extracting _python_bundle/site-packages/jnius/signatures.pyc
03-07 12:31:00.672  7647  7710 V python  : extracting _python_bundle/site-packages/jnius/src/org/
03-07 12:31:00.672  7647  7710 V python  : extracting _python_bundle/site-packages/jnius/src/org/jnius/
03-07 12:31:00.673  7647  7710 V python  : extracting _python_bundle/site-packages/jnius/src/org/jnius/NativeInvocationHandler.class
03-07 12:31:00.673  7647  7710 V python  : extracting _python_bundle/site-packages/jnius/src/org/jnius/NativeInvocationHandler.java
03-07 12:31:00.673  7647  7710 V python  : extracting _python_bundle/site-packages/jnius_config.pyc
03-07 12:31:00.674  7647  7710 V python  : extracting _python_bundle/site-packages/kivy/
03-07 12:31:00.674  7647  7710 V python  : extracting _python_bundle/site-packages/kivy/__init__.pyc
03-07 12:31:00.675  7647  7710 V python  : extracting _python_bundle/site-packages/kivy/_clock.so
03-07 12:31:00.679  7647  7710 V python  : extracting _python_bundle/site-packages/kivy/_event.so
03-07 12:31:00.683  7647  7710 V python  : extracting _python_bundle/site-packages/kivy/_metrics.so
03-07 12:31:00.685  7647  7710 V python  : extracting _python_bundle/site-packages/kivy/_version.pyc
03-07 12:31:00.685  7647  7710 V python  : extracting _python_bundle/site-packages/kivy/animation.pyc
03-07 12:31:00.686  7647  7710 V python  : extracting _python_bundle/site-packages/kivy/app.pyc
03-07 12:31:00.687  7647  7710 V python  : extracting _python_bundle/site-packages/kivy/atlas.pyc
03-07 12:31:00.687  7647  7710 V python  : extracting _python_bundle/site-packages/kivy/base.pyc
03-07 12:31:00.688  7647  7710 V python  : extracting _python_bundle/site-packages/kivy/cache.pyc
03-07 12:31:00.688  7647  7710 V python  : extracting _python_bundle/site-packages/kivy/clock.pyc
03-07 12:31:00.689  7647  7710 V python  : extracting _python_bundle/site-packages/kivy/compat.pyc
03-07 12:31:00.690  7647  7710 V python  : extracting _python_bundle/site-packages/kivy/config.pyc
03-07 12:31:00.690  7647  7710 V python  : extracting _python_bundle/site-packages/kivy/context.pyc
03-07 12:31:00.691  7647  7710 V python  : extracting _python_bundle/site-packages/kivy/core/
03-07 12:31:00.691  7647  7710 V python  : extracting _python_bundle/site-packages/kivy/core/__init__.pyc
03-07 12:31:00.692  7647  7710 V python  : extracting _python_bundle/site-packages/kivy/core/audio/
03-07 12:31:00.692  7647  7710 V python  : extracting _python_bundle/site-packages/kivy/core/audio/__init__.pyc
03-07 12:31:00.693  7647  7710 V python  : extracting _python_bundle/site-packages/kivy/core/audio/audio_android.pyc
03-07 12:31:00.693  7647  7710 V python  : extracting _python_bundle/site-packages/kivy/core/audio/audio_avplayer.pyc
03-07 12:31:00.694  7647  7710 V python  : extracting _python_bundle/site-packages/kivy/core/audio/audio_ffpyplayer.pyc
03-07 12:31:00.694  7647  7710 V python  : extracting _python_bundle/site-packages/kivy/core/audio/audio_gstplayer.pyc
03-07 12:31:00.694  7647  7710 V python  : extracting _python_bundle/site-packages/kivy/core/audio/audio_pygame.pyc
03-07 12:31:00.695  7647  7710 V python  : extracting _python_bundle/site-packages/kivy/core/audio/audio_sdl2.so
03-07 12:31:00.697  7647  7710 V python  : extracting _python_bundle/site-packages/kivy/core/camera/
03-07 12:31:00.697  7647  7710 V python  : extracting _python_bundle/site-packages/kivy/core/camera/__init__.pyc
03-07 12:31:00.698  7647  7710 V python  : extracting _python_bundle/site-packages/kivy/core/camera/camera_android.pyc
03-07 12:31:00.698  7647  7710 V python  : extracting _python_bundle/site-packages/kivy/core/camera/camera_gi.pyc
03-07 12:31:00.699  7647  7710 V python  : extracting _python_bundle/site-packages/kivy/core/camera/camera_opencv.pyc
03-07 12:31:00.699  7647  7710 V python  : extracting _python_bundle/site-packages/kivy/core/camera/camera_picamera.pyc
03-07 12:31:00.700  7647  7710 V python  : extracting _python_bundle/site-packages/kivy/core/clipboard/
03-07 12:31:00.700  7647  7710 V python  : extracting _python_bundle/site-packages/kivy/core/clipboard/__init__.pyc
03-07 12:31:00.700  7647  7710 V python  : extracting _python_bundle/site-packages/kivy/core/clipboard/_clipboard_ext.pyc
03-07 12:31:00.701  7647  7710 V python  : extracting _python_bundle/site-packages/kivy/core/clipboard/_clipboard_sdl2.so
03-07 12:31:00.701  7647  7710 V python  : extracting _python_bundle/site-packages/kivy/core/clipboard/clipboard_android.pyc
03-07 12:31:00.702  7647  7710 V python  : extracting _python_bundle/site-packages/kivy/core/clipboard/clipboard_dbusklipper.pyc
03-07 12:31:00.702  7647  7710 V python  : extracting _python_bundle/site-packages/kivy/core/clipboard/clipboard_dummy.pyc
03-07 12:31:00.703  7647  7710 V python  : extracting _python_bundle/site-packages/kivy/core/clipboard/clipboard_gtk3.pyc
03-07 12:31:00.703  7647  7710 V python  : extracting _python_bundle/site-packages/kivy/core/clipboard/clipboard_nspaste.pyc
03-07 12:31:00.703  7647  7710 V python  : extracting _python_bundle/site-packages/kivy/core/clipboard/clipboard_pygame.pyc
03-07 12:31:00.703  7647  7710 V python  : extracting _python_bundle/site-packages/kivy/core/clipboard/clipboard_sdl2.pyc
03-07 12:31:00.704  7647  7710 V python  : extracting _python_bundle/site-packages/kivy/core/clipboard/clipboard_winctypes.pyc
03-07 12:31:00.704  7647  7710 V python  : extracting _python_bundle/site-packages/kivy/core/clipboard/clipboard_xclip.pyc
03-07 12:31:00.704  7647  7710 V python  : extracting _python_bundle/site-packages/kivy/core/clipboard/clipboard_xsel.pyc
03-07 12:31:00.705  7647  7710 V python  : extracting _python_bundle/site-packages/kivy/core/gl/
03-07 12:31:00.705  7647  7710 V python  : extracting _python_bundle/site-packages/kivy/core/gl/__init__.pyc
03-07 12:31:00.705  7647  7710 V python  : extracting _python_bundle/site-packages/kivy/core/image/
03-07 12:31:00.706  7647  7710 V python  : extracting _python_bundle/site-packages/kivy/core/image/__init__.pyc
03-07 12:31:00.706  7647  7710 V python  : extracting _python_bundle/site-packages/kivy/core/image/_img_sdl2.so
03-07 12:31:00.708  7647  7710 V python  : extracting _python_bundle/site-packages/kivy/core/image/img_dds.pyc
03-07 12:31:00.708  7647  7710 V python  : extracting _python_bundle/site-packages/kivy/core/image/img_ffpyplayer.pyc
03-07 12:31:00.709  7647  7710 V python  : extracting _python_bundle/site-packages/kivy/core/image/img_pil.pyc
03-07 12:31:00.709  7647  7710 V python  : extracting _python_bundle/site-packages/kivy/core/image/img_pygame.pyc
03-07 12:31:00.710  7647  7710 V python  : extracting _python_bundle/site-packages/kivy/core/image/img_sdl2.pyc
03-07 12:31:00.710  7647  7710 V python  : extracting _python_bundle/site-packages/kivy/core/image/img_tex.pyc
03-07 12:31:00.710  7647  7710 V python  : extracting _python_bundle/site-packages/kivy/core/spelling/
03-07 12:31:00.711  7647  7710 V python  : extracting _python_bundle/site-packages/kivy/core/spelling/__init__.pyc
03-07 12:31:00.711  7647  7710 V python  : extracting _python_bundle/site-packages/kivy/core/spelling/spelling_enchant.pyc
03-07 12:31:00.712  7647  7710 V python  : extracting _python_bundle/site-packages/kivy/core/text/
03-07 12:31:00.712  7647  7710 V python  : extracting _python_bundle/site-packages/kivy/core/text/__init__.pyc
03-07 12:31:00.713  7647  7710 V python  : extracting _python_bundle/site-packages/kivy/core/text/_text_sdl2.so
03-07 12:31:00.715  7647  7710 V python  : extracting _python_bundle/site-packages/kivy/core/text/markup.pyc
03-07 12:31:00.716  7647  7710 V python  : extracting _python_bundle/site-packages/kivy/core/text/text_layout.so
03-07 12:31:00.719  7647  7710 V python  : extracting _python_bundle/site-packages/kivy/core/text/text_pango.pyc
03-07 12:31:00.719  7647  7710 V python  : extracting _python_bundle/site-packages/kivy/core/text/text_pil.pyc
03-07 12:31:00.720  7647  7710 V python  : extracting _python_bundle/site-packages/kivy/core/text/text_pygame.pyc
03-07 12:31:00.720  7647  7710 V python  : extracting _python_bundle/site-packages/kivy/core/text/text_sdl2.pyc
03-07 12:31:00.720  7647  7710 V python  : extracting _python_bundle/site-packages/kivy/core/video/
03-07 12:31:00.721  7647  7710 V python  : extracting _python_bundle/site-packages/kivy/core/video/__init__.pyc
03-07 12:31:00.721  7647  7710 V python  : extracting _python_bundle/site-packages/kivy/core/video/video_ffmpeg.pyc
03-07 12:31:00.722  7647  7710 V python  : extracting _python_bundle/site-packages/kivy/core/video/video_ffpyplayer.pyc
03-07 12:31:00.722  7647  7710 V python  : extracting _python_bundle/site-packages/kivy/core/video/video_gstplayer.pyc
03-07 12:31:00.723  7647  7710 V python  : extracting _python_bundle/site-packages/kivy/core/video/video_null.pyc
03-07 12:31:00.723  7647  7710 V python  : extracting _python_bundle/site-packages/kivy/core/window/
03-07 12:31:00.723  7647  7710 V python  : extracting _python_bundle/site-packages/kivy/core/window/__init__.pyc
03-07 12:31:00.725  7647  7710 V python  : extracting _python_bundle/site-packages/kivy/core/window/_window_sdl2.so
03-07 12:31:00.727  7647  7710 V python  : extracting _python_bundle/site-packages/kivy/core/window/window_egl_rpi.pyc
03-07 12:31:00.728  7647  7710 V python  : extracting _python_bundle/site-packages/kivy/core/window/window_info.so
03-07 12:31:00.729  7647  7710 V python  : extracting _python_bundle/site-packages/kivy/core/window/window_pygame.pyc
03-07 12:31:00.729  7647  7710 V python  : extracting _python_bundle/site-packages/kivy/core/window/window_sdl2.pyc
03-07 12:31:00.731  7647  7710 V python  : extracting _python_bundle/site-packages/kivy/data/
03-07 12:31:00.731  7647  7710 V python  : extracting _python_bundle/site-packages/kivy/data/fonts/
03-07 12:31:00.731  7647  7710 V python  : extracting _python_bundle/site-packages/kivy/data/fonts/DejaVuSans.ttf
03-07 12:31:00.746  7647  7710 V python  : extracting _python_bundle/site-packages/kivy/data/fonts/Roboto-Bold.ttf
03-07 12:31:00.750  7647  7710 V python  : extracting _python_bundle/site-packages/kivy/data/fonts/Roboto-BoldItalic.ttf
03-07 12:31:00.755  7647  7710 V python  : extracting _python_bundle/site-packages/kivy/data/fonts/Roboto-Italic.ttf
03-07 12:31:00.759  7647  7710 V python  : extracting _python_bundle/site-packages/kivy/data/fonts/Roboto-Regular.ttf
03-07 12:31:00.763  7647  7710 V python  : extracting _python_bundle/site-packages/kivy/data/fonts/RobotoMono-Regular.ttf
03-07 12:31:00.766  7647  7710 V python  : extracting _python_bundle/site-packages/kivy/data/glsl/
03-07 12:31:00.766  7647  7710 V python  : extracting _python_bundle/site-packages/kivy/data/glsl/default.fs
03-07 12:31:00.767  7647  7710 V python  : extracting _python_bundle/site-packages/kivy/data/glsl/default.png
03-07 12:31:00.767  7647  7710 V python  : extracting _python_bundle/site-packages/kivy/data/glsl/default.vs
03-07 12:31:00.767  7647  7710 V python  : extracting _python_bundle/site-packages/kivy/data/glsl/header.fs
03-07 12:31:00.768  7647  7710 V python  : extracting _python_bundle/site-packages/kivy/data/glsl/header.vs
03-07 12:31:00.768  7647  7710 V python  : extracting _python_bundle/site-packages/kivy/data/images/
03-07 12:31:00.768  7647  7710 V python  : extracting _python_bundle/site-packages/kivy/data/images/background.jpg
03-07 12:31:00.769  7647  7710 V python  : extracting _python_bundle/site-packages/kivy/data/images/cursor.png
03-07 12:31:00.769  7647  7710 V python  : extracting _python_bundle/site-packages/kivy/data/images/defaultshape.png
03-07 12:31:00.769  7647  7710 V python  : extracting _python_bundle/site-packages/kivy/data/images/defaulttheme-0.png
03-07 12:31:00.772  7647  7710 V python  : extracting _python_bundle/site-packages/kivy/data/images/defaulttheme.atlas
03-07 12:31:00.772  7647  7710 V python  : extracting _python_bundle/site-packages/kivy/data/images/image-loading.gif
03-07 12:31:00.773  7647  7710 V python  : extracting _python_bundle/site-packages/kivy/data/images/image-loading.zip
03-07 12:31:00.773  7647  7710 V python  : extracting _python_bundle/site-packages/kivy/data/images/testpattern.png
03-07 12:31:00.773  7647  7710 V python  : extracting _python_bundle/site-packages/kivy/data/keyboards/
03-07 12:31:00.774  7647  7710 V python  : extracting _python_bundle/site-packages/kivy/data/keyboards/azerty.json
03-07 12:31:00.774  7647  7710 V python  : extracting _python_bundle/site-packages/kivy/data/keyboards/de.json
03-07 12:31:00.774  7647  7710 V python  : extracting _python_bundle/site-packages/kivy/data/keyboards/de_CH.json
03-07 12:31:00.775  7647  7710 V python  : extracting _python_bundle/site-packages/kivy/data/keyboards/en_US.json
03-07 12:31:00.775  7647  7710 V python  : extracting _python_bundle/site-packages/kivy/data/keyboards/es_ES.json
03-07 12:31:00.775  7647  7710 V python  : extracting _python_bundle/site-packages/kivy/data/keyboards/fr_CH.json
03-07 12:31:00.776  7647  7710 V python  : extracting _python_bundle/site-packages/kivy/data/keyboards/qwerty.json
03-07 12:31:00.776  7647  7710 V python  : extracting _python_bundle/site-packages/kivy/data/keyboards/qwertz.json
03-07 12:31:00.776  7647  7710 V python  : extracting _python_bundle/site-packages/kivy/data/logo/
03-07 12:31:00.777  7647  7710 V python  : extracting _python_bundle/site-packages/kivy/data/logo/kivy-icon-128.png
03-07 12:31:00.777  7647  7710 V python  : extracting _python_bundle/site-packages/kivy/data/logo/kivy-icon-16.png
03-07 12:31:00.777  7647  7710 V python  : extracting _python_bundle/site-packages/kivy/data/logo/kivy-icon-24.png
03-07 12:31:00.778  7647  7710 V python  : extracting _python_bundle/site-packages/kivy/data/logo/kivy-icon-256.png
03-07 12:31:00.778  7647  7710 V python  : extracting _python_bundle/site-packages/kivy/data/logo/kivy-icon-32.png
03-07 12:31:00.778  7647  7710 V python  : extracting _python_bundle/site-packages/kivy/data/logo/kivy-icon-48.png
03-07 12:31:00.779  7647  7710 V python  : extracting _python_bundle/site-packages/kivy/data/logo/kivy-icon-512.png
03-07 12:31:00.780  7647  7710 V python  : extracting _python_bundle/site-packages/kivy/data/logo/kivy-icon-64.ico
03-07 12:31:00.780  7647  7710 V python  : extracting _python_bundle/site-packages/kivy/data/logo/kivy-icon-64.png
03-07 12:31:00.780  7647  7710 V python  : extracting _python_bundle/site-packages/kivy/data/settings_kivy.json
03-07 12:31:00.781  7647  7710 V python  : extracting _python_bundle/site-packages/kivy/data/style.kv
03-07 12:31:00.782  7647  7710 V python  : extracting _python_bundle/site-packages/kivy/deps/
03-07 12:31:00.782  7647  7710 V python  : extracting _python_bundle/site-packages/kivy/deps/__init__.pyc
03-07 12:31:00.782  7647  7710 V python  : extracting _python_bundle/site-packages/kivy/effects/
03-07 12:31:00.783  7647  7710 V python  : extracting _python_bundle/site-packages/kivy/effects/__init__.pyc
03-07 12:31:00.783  7647  7710 V python  : extracting _python_bundle/site-packages/kivy/effects/dampedscroll.pyc
03-07 12:31:00.783  7647  7710 V python  : extracting _python_bundle/site-packages/kivy/effects/kinetic.pyc
03-07 12:31:00.784  7647  7710 V python  : extracting _python_bundle/site-packages/kivy/effects/opacityscroll.pyc
03-07 12:31:00.784  7647  7710 V python  : extracting _python_bundle/site-packages/kivy/effects/scroll.pyc
03-07 12:31:00.784  7647  7710 V python  : extracting _python_bundle/site-packages/kivy/event.pyc
03-07 12:31:00.785  7647  7710 V python  : extracting _python_bundle/site-packages/kivy/eventmanager/
03-07 12:31:00.785  7647  7710 V python  : extracting _python_bundle/site-packages/kivy/eventmanager/__init__.pyc
03-07 12:31:00.785  7647  7710 V python  : extracting _python_bundle/site-packages/kivy/extras/
03-07 12:31:00.785  7647  7710 V python  : extracting _python_bundle/site-packages/kivy/extras/__init__.pyc
03-07 12:31:00.786  7647  7710 V python  : extracting _python_bundle/site-packages/kivy/extras/highlight.pyc
03-07 12:31:00.786  7647  7710 V python  : extracting _python_bundle/site-packages/kivy/factory.pyc
03-07 12:31:00.786  7647  7710 V python  : extracting _python_bundle/site-packages/kivy/factory_registers.pyc
03-07 12:31:00.787  7647  7710 V python  : extracting _python_bundle/site-packages/kivy/garden/
03-07 12:31:00.787  7647  7710 V python  : extracting _python_bundle/site-packages/kivy/garden/__init__.pyc
03-07 12:31:00.787  7647  7710 V python  : extracting _python_bundle/site-packages/kivy/geometry.pyc
03-07 12:31:00.788  7647  7710 V python  : extracting _python_bundle/site-packages/kivy/gesture.pyc
03-07 12:31:00.788  7647  7710 V python  : extracting _python_bundle/site-packages/kivy/graphics/
03-07 12:31:00.789  7647  7710 V python  : extracting _python_bundle/site-packages/kivy/graphics/__init__.pyc
03-07 12:31:00.789  7647  7710 V python  : extracting _python_bundle/site-packages/kivy/graphics/boxshadow.so
03-07 12:31:00.791  7647  7710 V python  : extracting _python_bundle/site-packages/kivy/graphics/buffer.so
03-07 12:31:00.792  7647  7710 V python  : extracting _python_bundle/site-packages/kivy/graphics/cgl.so
03-07 12:31:00.795  7647  7710 V python  : extracting _python_bundle/site-packages/kivy/graphics/cgl_backend/
03-07 12:31:00.795  7647  7710 V python  : extracting _python_bundle/site-packages/kivy/graphics/cgl_backend/__init__.pyc
03-07 12:31:00.795  7647  7710 V python  : extracting _python_bundle/site-packages/kivy/graphics/cgl_backend/cgl_debug.so
03-07 12:31:00.800  7647  7710 V python  : extracting _python_bundle/site-packages/kivy/graphics/cgl_backend/cgl_gl.so
03-07 12:31:00.801  7647  7710 V python  : extracting _python_bundle/site-packages/kivy/graphics/cgl_backend/cgl_glew.so
03-07 12:31:00.802  7647  7710 V python  : extracting _python_bundle/site-packages/kivy/graphics/cgl_backend/cgl_mock.so
03-07 12:31:00.802  7647  7710 V python  : extracting _python_bundle/site-packages/kivy/graphics/cgl_backend/cgl_sdl2.so
03-07 12:31:00.803  7647  7710 V python  : extracting _python_bundle/site-packages/kivy/graphics/compiler.so
03-07 12:31:00.805  7647  7710 V python  : extracting _python_bundle/site-packages/kivy/graphics/context.so
03-07 12:31:00.808  7647  7710 V python  : extracting _python_bundle/site-packages/kivy/graphics/context_instructions.so
03-07 12:31:00.814  7647  7710 V python  : extracting _python_bundle/site-packages/kivy/graphics/fbo.so
03-07 12:31:00.817  7647  7710 V python  : extracting _python_bundle/site-packages/kivy/graphics/gl_instructions.so
03-07 12:31:00.819  7647  7710 V python  : extracting _python_bundle/site-packages/kivy/graphics/instructions.so
03-07 12:31:00.822  7647  7710 V python  : extracting _python_bundle/site-packages/kivy/graphics/opengl.so
03-07 12:31:00.826  7647  7710 V python  : extracting _python_bundle/site-packages/kivy/graphics/opengl_utils.so
03-07 12:31:00.828  7647  7710 V python  : extracting _python_bundle/site-packages/kivy/graphics/scissor_instructions.so
03-07 12:31:00.830  7647  7710 V python  : extracting _python_bundle/site-packages/kivy/graphics/shader.so
03-07 12:31:00.833  7647  7710 V python  : extracting _python_bundle/site-packages/kivy/graphics/stencil_instructions.so
03-07 12:31:00.835  7647  7710 V python  : extracting _python_bundle/site-packages/kivy/graphics/svg.so
03-07 12:31:00.837 15420 15420 W kworker/0:4: type=1400 audit(0.0:213617): avc: denied { write } for name="oplus_charge" dev="sda14" ino=2359300 scontext=u:r:kernel:s0 tcontext=u:object_r:system_data_file:s0 tclass=dir permissive=0 app=com.jurnalsaham.jurnalsahamihsg
03-07 12:31:00.843  7647  7710 V python  : extracting _python_bundle/site-packages/kivy/graphics/tesselator.so
03-07 12:31:00.847  7647  7710 V python  : extracting _python_bundle/site-packages/kivy/graphics/texture.so
03-07 12:31:00.853  7647  7710 V python  : extracting _python_bundle/site-packages/kivy/graphics/transformation.so
03-07 12:31:00.855  7647  7710 V python  : extracting _python_bundle/site-packages/kivy/graphics/vbo.so
03-07 12:31:00.857  7647  7710 V python  : extracting _python_bundle/site-packages/kivy/graphics/vertex.so
03-07 12:31:00.858  7647  7710 V python  : extracting _python_bundle/site-packages/kivy/graphics/vertex_instructions.so
03-07 12:31:00.860  1823  5816 D BatteryLed: getLightInColorState, oppoLightMgr empty!
03-07 12:31:00.860  1823  1823 D OppoBaseBatteryService: send broadcast : oppo.intent.action.BATTERY_DATA_UPDATE
03-07 12:31:00.860  1823  1823 W ContextImpl: Calling a method in the system process without a qualified user: android.app.ContextImpl.sendBroadcast:1174 com.android.server.OppoBaseBatteryService$2.run:280 android.os.Handler.handleCallback:938 android.os.Handler.dispatchMessage:99 android.os.Looper.loop:263 
03-07 12:31:00.870  7647  7710 V python  : extracting _python_bundle/site-packages/kivy/input/
03-07 12:31:00.870  7647  7710 V python  : extracting _python_bundle/site-packages/kivy/input/__init__.pyc
03-07 12:31:00.871  7647  7710 V python  : extracting _python_bundle/site-packages/kivy/input/factory.pyc
03-07 12:31:00.871  7647  7710 V python  : extracting _python_bundle/site-packages/kivy/input/motionevent.pyc
03-07 12:31:00.872  7647  7710 V python  : extracting _python_bundle/site-packages/kivy/input/postproc/
03-07 12:31:00.873  7647  7710 V python  : extracting _python_bundle/site-packages/kivy/input/postproc/__init__.pyc
03-07 12:31:00.873  7647  7710 V python  : extracting _python_bundle/site-packages/kivy/input/postproc/calibration.pyc
03-07 12:31:00.874  7647  7710 V python  : extracting _python_bundle/site-packages/kivy/input/postproc/dejitter.pyc
03-07 12:31:00.874  7647  7710 V python  : extracting _python_bundle/site-packages/kivy/input/postproc/doubletap.pyc
03-07 12:31:00.874  7647  7710 V python  : extracting _python_bundle/site-packages/kivy/input/postproc/ignorelist.pyc
03-07 12:31:00.875  7647  7710 V python  : extracting _python_bundle/site-packages/kivy/input/postproc/retaintouch.pyc
03-07 12:31:00.875  7647  7710 V python  : extracting _python_bundle/site-packages/kivy/input/postproc/tripletap.pyc
03-07 12:31:00.876  7647  7710 V python  : extracting _python_bundle/site-packages/kivy/input/provider.pyc
03-07 12:31:00.876  7647  7710 V python  : extracting _python_bundle/site-packages/kivy/input/providers/
03-07 12:31:00.876  7647  7710 V python  : extracting _python_bundle/site-packages/kivy/input/providers/__init__.pyc
03-07 12:31:00.877  7647  7710 V python  : extracting _python_bundle/site-packages/kivy/input/providers/androidjoystick.pyc
03-07 12:31:00.877  7647  7710 V python  : extracting _python_bundle/site-packages/kivy/input/providers/leapfinger.pyc
03-07 12:31:00.878  7647  7710 V python  : extracting _python_bundle/site-packages/kivy/input/providers/linuxwacom.pyc
03-07 12:31:00.878  7647  7710 V python  : extracting _python_bundle/site-packages/kivy/input/providers/mouse.pyc
03-07 12:31:00.879  7647  7710 V python  : extracting _python_bundle/site-packages/kivy/input/providers/tuio.pyc
03-07 12:31:00.879  7647  7710 V python  : extracting _python_bundle/site-packages/kivy/input/recorder.pyc
03-07 12:31:00.880  7647  7710 V python  : extracting _python_bundle/site-packages/kivy/input/shape.pyc
03-07 12:31:00.880  7647  7710 V python  : extracting _python_bundle/site-packages/kivy/interactive.pyc
03-07 12:31:00.880  7647  7710 V python  : extracting _python_bundle/site-packages/kivy/lang/
03-07 12:31:00.881  7647  7710 V python  : extracting _python_bundle/site-packages/kivy/lang/__init__.pyc
03-07 12:31:00.881  7647  7710 V python  : extracting _python_bundle/site-packages/kivy/lang/builder.pyc
03-07 12:31:00.882  7647  7710 V python  : extracting _python_bundle/site-packages/kivy/lang/parser.pyc
03-07 12:31:00.883  7647  7710 V python  : extracting _python_bundle/site-packages/kivy/lib/
03-07 12:31:00.883  7647  7710 V python  : extracting _python_bundle/site-packages/kivy/lib/__init__.pyc
03-07 12:31:00.884  7647  7710 V python  : extracting _python_bundle/site-packages/kivy/lib/ddsfile.pyc
03-07 12:31:00.884  7647  7710 V python  : extracting _python_bundle/site-packages/kivy/lib/gstplayer/
03-07 12:31:00.885  7647  7710 V python  : extracting _python_bundle/site-packages/kivy/lib/gstplayer/__init__.pyc
03-07 12:31:00.885  7647  7710 V python  : extracting _python_bundle/site-packages/kivy/lib/mtdev.pyc
03-07 12:31:00.885  7647  7710 V python  : extracting _python_bundle/site-packages/kivy/lib/vidcore_lite/
03-07 12:31:00.886  7647  7710 V python  : extracting _python_bundle/site-packages/kivy/lib/vidcore_lite/__init__.pyc
03-07 12:31:00.886  7647  7710 V python  : extracting _python_bundle/site-packages/kivy/loader.pyc
03-07 12:31:00.887  7647  7710 V python  : extracting _python_bundle/site-packages/kivy/logger.pyc
03-07 12:31:00.887  7647  7710 V python  : extracting _python_bundle/site-packages/kivy/metrics.pyc
03-07 12:31:00.888  7647  7710 V python  : extracting _python_bundle/site-packages/kivy/modules/
03-07 12:31:00.888  7647  7710 V python  : extracting _python_bundle/site-packages/kivy/modules/__init__.pyc
03-07 12:31:00.889  7647  7710 V python  : extracting _python_bundle/site-packages/kivy/modules/_webdebugger.pyc
03-07 12:31:00.892  7647  7710 V python  : extracting _python_bundle/site-packages/kivy/modules/console.pyc
03-07 12:31:00.894  7647  7710 V python  : extracting _python_bundle/site-packages/kivy/modules/cursor.pyc
03-07 12:31:00.894  7647  7710 V python  : extracting _python_bundle/site-packages/kivy/modules/inspector.pyc
03-07 12:31:00.895  7647  7710 V python  : extracting _python_bundle/site-packages/kivy/modules/joycursor.pyc
03-07 12:31:00.896  7647  7710 V python  : extracting _python_bundle/site-packages/kivy/modules/keybinding.pyc
03-07 12:31:00.896  7647  7710 V python  : extracting _python_bundle/site-packages/kivy/modules/monitor.pyc
03-07 12:31:00.896  7647  7710 V python  : extracting _python_bundle/site-packages/kivy/modules/recorder.pyc
03-07 12:31:00.897  7647  7710 V python  : extracting _python_bundle/site-packages/kivy/modules/screen.pyc
03-07 12:31:00.897  7647  7710 V python  : extracting _python_bundle/site-packages/kivy/modules/showborder.pyc
03-07 12:31:00.897  7647  7710 V python  : extracting _python_bundle/site-packages/kivy/modules/touchring.pyc
03-07 12:31:00.898  7647  7710 V python  : extracting _python_bundle/site-packages/kivy/modules/webdebugger.pyc
03-07 12:31:00.898  7647  7710 V python  : extracting _python_bundle/site-packages/kivy/multistroke.pyc
03-07 12:31:00.899  7647  7710 V python  : extracting _python_bundle/site-packages/kivy/network/
03-07 12:31:00.899  7647  7710 V python  : extracting _python_bundle/site-packages/kivy/network/__init__.pyc
03-07 12:31:00.900  7647  7710 V python  : extracting _python_bundle/site-packages/kivy/network/urlrequest.pyc
03-07 12:31:00.900  7647  7710 V python  : extracting _python_bundle/site-packages/kivy/parser.pyc
03-07 12:31:00.901  7647  7710 V python  : extracting _python_bundle/site-packages/kivy/properties.so
03-07 12:31:00.908  7647  7710 V python  : extracting _python_bundle/site-packages/kivy/resources.pyc
03-07 12:31:00.908  7647  7710 V python  : extracting _python_bundle/site-packages/kivy/setupconfig.pyc
03-07 12:31:00.909  7647  7710 V python  : extracting _python_bundle/site-packages/kivy/storage/
03-07 12:31:00.909  7647  7710 V python  : extracting _python_bundle/site-packages/kivy/storage/__init__.pyc
03-07 12:31:00.910  7647  7710 V python  : extracting _python_bundle/site-packages/kivy/storage/dictstore.pyc
03-07 12:31:00.910  7647  7710 V python  : extracting _python_bundle/site-packages/kivy/storage/jsonstore.pyc
03-07 12:31:00.910  7647  7710 V python  : extracting _python_bundle/site-packages/kivy/storage/redisstore.pyc
03-07 12:31:00.911  7647  7710 V python  : extracting _python_bundle/site-packages/kivy/support.pyc
03-07 12:31:00.911  7647  7710 V python  : extracting _python_bundle/site-packages/kivy/tools/
03-07 12:31:00.912  7647  7710 V python  : extracting _python_bundle/site-packages/kivy/tools/__init__.pyc
03-07 12:31:00.912  7647  7710 V python  : extracting _python_bundle/site-packages/kivy/tools/benchmark.pyc
03-07 12:31:00.913  7647  7710 V python  : extracting _python_bundle/site-packages/kivy/tools/changelog_parser.pyc
03-07 12:31:00.913  7647  7710 V python  : extracting _python_bundle/site-packages/kivy/tools/coverage.pyc
03-07 12:31:00.914  7647  7710 V python  : extracting _python_bundle/site-packages/kivy/tools/gallery.pyc
03-07 12:31:00.914  7647  7710 V python  : extracting _python_bundle/site-packages/kivy/tools/generate-icons.pyc
03-07 12:31:00.914  7647  7710 V python  : extracting _python_bundle/site-packages/kivy/tools/gles_compat/
03-07 12:31:00.915  7647  7710 V python  : extracting _python_bundle/site-packages/kivy/tools/gles_compat/subset_gles.pyc
03-07 12:31:00.915  7647  7710 V python  : extracting _python_bundle/site-packages/kivy/tools/highlight/
03-07 12:31:00.915  7647  7710 V python  : extracting _python_bundle/site-packages/kivy/tools/highlight/__init__.pyc
03-07 12:31:00.916  7647  7710 V python  : extracting _python_bundle/site-packages/kivy/tools/highlight/kivy-mode.el
03-07 12:31:00.916  7647  7710 V python  : extracting _python_bundle/site-packages/kivy/tools/highlight/kivy.json-tmlanguage
03-07 12:31:00.916  7647  7710 V python  : extracting _python_bundle/site-packages/kivy/tools/highlight/kivy.tmLanguage
03-07 12:31:00.917  7647  7710 V python  : extracting _python_bundle/site-packages/kivy/tools/highlight/kivy.vim
03-07 12:31:00.917  7647  7710 V python  : extracting _python_bundle/site-packages/kivy/tools/image-testsuite/
03-07 12:31:00.917  7647  7710 V python  : extracting _python_bundle/site-packages/kivy/tools/image-testsuite/README.md
03-07 12:31:00.918  7647  7710 V python  : extracting _python_bundle/site-packages/kivy/tools/image-testsuite/gimp28-testsuite.pyc
03-07 12:31:00.919  7647  7710 V python  : extracting _python_bundle/site-packages/kivy/tools/image-testsuite/imagemagick-testsuite.sh
03-07 12:31:00.919  7647  7710 V python  : extracting _python_bundle/site-packages/kivy/tools/kviewer.pyc
03-07 12:31:00.919  7647  7710 V python  : extracting _python_bundle/site-packages/kivy/tools/packaging/
03-07 12:31:00.920  7647  7710 V python  : extracting _python_bundle/site-packages/kivy/tools/packaging/__init__.pyc
03-07 12:31:00.920  7647  7710 V python  : extracting _python_bundle/site-packages/kivy/tools/packaging/cython_cfg.pyc
03-07 12:31:00.920  7647  7710 V python  : extracting _python_bundle/site-packages/kivy/tools/packaging/factory.pyc
03-07 12:31:00.921  7647  7710 V python  : extracting _python_bundle/site-packages/kivy/tools/packaging/pyinstaller_hooks/
03-07 12:31:00.921  7647  7710 V python  : extracting _python_bundle/site-packages/kivy/tools/packaging/pyinstaller_hooks/__init__.pyc
03-07 12:31:00.922  7647  7710 V python  : extracting _python_bundle/site-packages/kivy/tools/packaging/pyinstaller_hooks/__main__.pyc
03-07 12:31:00.922  7647  7710 V python  : extracting _python_bundle/site-packages/kivy/tools/packaging/pyinstaller_hooks/hook-kivy.pyc
03-07 12:31:00.922  7647  7710 V python  : extracting _python_bundle/site-packages/kivy/tools/packaging/pyinstaller_hooks/pyi_rth_kivy.pyc
03-07 12:31:00.923  7647  7710 V python  : extracting _python_bundle/site-packages/kivy/tools/pep8checker/
03-07 12:31:00.923  7647  7710 V python  : extracting _python_bundle/site-packages/kivy/tools/pep8checker/pep8.pyc
03-07 12:31:00.925  7647  7710 V python  : extracting _python_bundle/site-packages/kivy/tools/pep8checker/pep8kivy.pyc
03-07 12:31:00.925  7647  7710 V python  : extracting _python_bundle/site-packages/kivy/tools/pep8checker/pre-commit.githook
03-07 12:31:00.926  7647  7710 V python  : extracting _python_bundle/site-packages/kivy/tools/precommit_hooks/
03-07 12:31:00.926  7647  7710 V python  : extracting _python_bundle/site-packages/kivy/tools/precommit_hooks/pre-commit-config.yaml
03-07 12:31:00.926  7647  7710 V python  : extracting _python_bundle/site-packages/kivy/tools/report.pyc
03-07 12:31:00.927  7647  7710 V python  : extracting _python_bundle/site-packages/kivy/tools/stub-gl-debug.pyc
03-07 12:31:00.927  7647  7710 V python  : extracting _python_bundle/site-packages/kivy/tools/texturecompress.pyc
03-07 12:31:00.928  7647  7710 V python  : extracting _python_bundle/site-packages/kivy/tools/theming/
03-07 12:31:00.928  7647  7710 V python  : extracting _python_bundle/site-packages/kivy/tools/theming/defaulttheme/
03-07 12:31:00.928  7647  7710 V python  : extracting _python_bundle/site-packages/kivy/tools/theming/defaulttheme/action_bar.png
03-07 12:31:00.929  7647  7710 V python  : extracting _python_bundle/site-packages/kivy/tools/theming/defaulttheme/action_group.png
03-07 12:31:00.929  7647  7710 V python  : extracting _python_bundle/site-packages/kivy/tools/theming/defaulttheme/action_group_disabled.png
03-07 12:31:00.929  7647  7710 V python  : extracting _python_bundle/site-packages/kivy/tools/theming/defaulttheme/action_group_down.png
03-07 12:31:00.930  7647  7710 V python  : extracting _python_bundle/site-packages/kivy/tools/theming/defaulttheme/action_item.png
03-07 12:31:00.930  7647  7710 V python  : extracting _python_bundle/site-packages/kivy/tools/theming/defaulttheme/action_item_down.png
03-07 12:31:00.930  7647  7710 V python  : extracting _python_bundle/site-packages/kivy/tools/theming/defaulttheme/action_view.png
03-07 12:31:00.930  7647  7710 V python  : extracting _python_bundle/site-packages/kivy/tools/theming/defaulttheme/audio-volume-high.png
03-07 12:31:00.931  7647  7710 V python  : extracting _python_bundle/site-packages/kivy/tools/theming/defaulttheme/audio-volume-low.png
03-07 12:31:00.931  7647  7710 V python  : extracting _python_bundle/site-packages/kivy/tools/theming/defaulttheme/audio-volume-medium.png
03-07 12:31:00.931  7647  7710 V python  : extracting _python_bundle/site-packages/kivy/tools/theming/defaulttheme/audio-volume-muted.png
03-07 12:31:00.932  7647  7710 V python  : extracting _python_bundle/site-packages/kivy/tools/theming/defaulttheme/bubble.png
03-07 12:31:00.932  7647  7710 V python  : extracting _python_bundle/site-packages/kivy/tools/theming/defaulttheme/bubble_arrow.png
03-07 12:31:00.933  7647  7710 V python  : extracting _python_bundle/site-packages/kivy/tools/theming/defaulttheme/bubble_btn.png
03-07 12:31:00.933  7647  7710 V python  : extracting _python_bundle/site-packages/kivy/tools/theming/defaulttheme/bubble_btn_pressed.png
03-07 12:31:00.933  7647  7710 V python  : extracting _python_bundle/site-packages/kivy/tools/theming/defaulttheme/button.png
03-07 12:31:00.934  7647  7710 V python  : extracting _python_bundle/site-packages/kivy/tools/theming/defaulttheme/button_disabled.png
03-07 12:31:00.934  7647  7710 V python  : extracting _python_bundle/site-packages/kivy/tools/theming/defaulttheme/button_disabled_pressed.png
03-07 12:31:00.934  7647  7710 V python  : extracting _python_bundle/site-packages/kivy/tools/theming/defaulttheme/button_pressed.png
03-07 12:31:00.935  7647  7710 V python  : extracting _python_bundle/site-packages/kivy/tools/theming/defaulttheme/checkbox_disabled_off.png
03-07 12:31:00.935  7647  7710 V python  : extracting _python_bundle/site-packages/kivy/tools/theming/defaulttheme/checkbox_disabled_on.png
03-07 12:31:00.935  7647  7710 V python  : extracting _python_bundle/site-packages/kivy/tools/theming/defaulttheme/checkbox_off.png
03-07 12:31:00.935  7647  7710 V python  : extracting _python_bundle/site-packages/kivy/tools/theming/defaulttheme/checkbox_on.png
03-07 12:31:00.936  7647  7710 V python  : extracting _python_bundle/site-packages/kivy/tools/theming/defaulttheme/checkbox_radio_disabled_off.png
03-07 12:31:00.936  7647  7710 V python  : extracting _python_bundle/site-packages/kivy/tools/theming/defaulttheme/checkbox_radio_disabled_on.png
03-07 12:31:00.936  7647  7710 V python  : extracting _python_bundle/site-packages/kivy/tools/theming/defaulttheme/checkbox_radio_off.png
03-07 12:31:00.936  7647  7710 V python  : extracting _python_bundle/site-packages/kivy/tools/theming/defaulttheme/checkbox_radio_on.png
03-07 12:31:00.937  7647  7710 V python  : extracting _python_bundle/site-packages/kivy/tools/theming/defaulttheme/close.png
03-07 12:31:00.937  7647  7710 V python  : extracting _python_bundle/site-packages/kivy/tools/theming/defaulttheme/filechooser_file.png
03-07 12:31:00.937  7647  7710 V python  : extracting _python_bundle/site-packages/kivy/tools/theming/defaulttheme/filechooser_folder.png
03-07 12:31:00.938  7647  7710 V python  : extracting _python_bundle/site-packages/kivy/tools/theming/defaulttheme/filechooser_selected.png
03-07 12:31:00.938  7647  7710 V python  : extracting _python_bundle/site-packages/kivy/tools/theming/defaulttheme/image-missing.png
03-07 12:31:00.939  7647  7710 V python  : extracting _python_bundle/site-packages/kivy/tools/theming/defaulttheme/media-playback-pause.png
03-07 12:31:00.939  7647  7710 V python  : extracting _python_bundle/site-packages/kivy/tools/theming/defaulttheme/media-playback-start.png
03-07 12:31:00.939  7647  7710 V python  : extracting _python_bundle/site-packages/kivy/tools/theming/defaulttheme/media-playback-stop.png
03-07 12:31:00.940  7647  7710 V python  : extracting _python_bundle/site-packages/kivy/tools/theming/defaulttheme/modalview-background.png
03-07 12:31:00.940  7647  7710 V python  : extracting _python_bundle/site-packages/kivy/tools/theming/defaulttheme/overflow.png
03-07 12:31:00.940  7647  7710 V python  : extracting _python_bundle/site-packages/kivy/tools/theming/defaulttheme/player-background.png
03-07 12:31:00.940  7647  7710 V python  : extracting _python_bundle/site-packages/kivy/tools/theming/defaulttheme/player-play-overlay.png
03-07 12:31:00.941  7647  7710 V python  : extracting _python_bundle/site-packages/kivy/tools/theming/defaulttheme/previous_normal.png
03-07 12:31:00.941  7647  7710 V python  : extracting _python_bundle/site-packages/kivy/tools/theming/defaulttheme/progressbar.png
03-07 12:31:00.942  7647  7710 V python  : extracting _python_bundle/site-packages/kivy/tools/theming/defaulttheme/progressbar_background.png
03-07 12:31:00.942  7647  7710 V python  : extracting _python_bundle/site-packages/kivy/tools/theming/defaulttheme/ring.png
03-07 12:31:00.942  7647  7710 V python  : extracting _python_bundle/site-packages/kivy/tools/theming/defaulttheme/selector_left.png
03-07 12:31:00.942  7647  7710 V python  : extracting _python_bundle/site-packages/kivy/tools/theming/defaulttheme/selector_middle.png
03-07 12:31:00.943  7647  7710 V python  : extracting _python_bundle/site-packages/kivy/tools/theming/defaulttheme/selector_right.png
03-07 12:31:00.943  7647  7710 V python  : extracting _python_bundle/site-packages/kivy/tools/theming/defaulttheme/separator.png
03-07 12:31:00.943  7647  7710 V python  : extracting _python_bundle/site-packages/kivy/tools/theming/defaulttheme/slider_cursor.png
03-07 12:31:00.944  7647  7710 V python  : extracting _python_bundle/site-packages/kivy/tools/theming/defaulttheme/slider_cursor_disabled.png
03-07 12:31:00.944  7647  7710 V python  : extracting _python_bundle/site-packages/kivy/tools/theming/defaulttheme/sliderh_background.png
03-07 12:31:00.944  7647  7710 V python  : extracting _python_bundle/site-packages/kivy/tools/theming/defaulttheme/sliderh_background_disabled.png
03-07 12:31:00.944  7647  7710 V python  : extracting _python_bundle/site-packages/kivy/tools/theming/defaulttheme/sliderv_background.png
03-07 12:31:00.945  7647  7710 V python  : extracting _python_bundle/site-packages/kivy/tools/theming/defaulttheme/sliderv_background_disabled.png
03-07 12:31:00.945  7647  7710 V python  : extracting _python_bundle/site-packages/kivy/tools/theming/defaulttheme/spinner.png
03-07 12:31:00.945  7647  7710 V python  : extracting _python_bundle/site-packages/kivy/tools/theming/defaulttheme/spinner_disabled.png
03-07 12:31:00.945  7647  7710 V python  : extracting _python_bundle/site-packages/kivy/tools/theming/defaulttheme/spinner_pressed.png
03-07 12:31:00.945  7647  7710 V python  : extracting _python_bundle/site-packages/kivy/tools/theming/defaulttheme/splitter.png
03-07 12:31:00.946  7647  7710 V python  : extracting _python_bundle/site-packages/kivy/tools/theming/defaulttheme/splitter_disabled.png
03-07 12:31:00.946  7647  7710 V python  : extracting _python_bundle/site-packages/kivy/tools/theming/defaulttheme/splitter_disabled_down.png
03-07 12:31:00.946  7647  7710 V python  : extracting _python_bundle/site-packages/kivy/tools/theming/defaulttheme/splitter_disabled_down_h.png
03-07 12:31:00.946  7647  7710 V python  : extracting _python_bundle/site-packages/kivy/tools/theming/defaulttheme/splitter_disabled_h.png
03-07 12:31:00.947  7647  7710 V python  : extracting _python_bundle/site-packages/kivy/tools/theming/defaulttheme/splitter_down.png
03-07 12:31:00.947  7647  7710 V python  : extracting _python_bundle/site-packages/kivy/tools/theming/defaulttheme/splitter_down_h.png
03-07 12:31:00.947  7647  7710 V python  : extracting _python_bundle/site-packages/kivy/tools/theming/defaulttheme/splitter_grip.png
03-07 12:31:00.947  7647  7710 V python  : extracting _python_bundle/site-packages/kivy/tools/theming/defaulttheme/splitter_grip_h.png
03-07 12:31:00.948  7647  7710 V python  : extracting _python_bundle/site-packages/kivy/tools/theming/defaulttheme/splitter_h.png
03-07 12:31:00.948  7647  7710 V python  : extracting _python_bundle/site-packages/kivy/tools/theming/defaulttheme/switch-background.png
03-07 12:31:00.948  7647  7710 V python  : extracting _python_bundle/site-packages/kivy/tools/theming/defaulttheme/switch-background_disabled.png
03-07 12:31:00.948  7647  7710 V python  : extracting _python_bundle/site-packages/kivy/tools/theming/defaulttheme/switch-button.png
03-07 12:31:00.949  7647  7710 V python  : extracting _python_bundle/site-packages/kivy/tools/theming/defaulttheme/switch-button_disabled.png
03-07 12:31:00.949  7647  7710 V python  : extracting _python_bundle/site-packages/kivy/tools/theming/defaulttheme/tab.png
03-07 12:31:00.949  7647  7710 V python  : extracting _python_bundle/site-packages/kivy/tools/theming/defaulttheme/tab_btn.png
03-07 12:31:00.949  7647  7710 V python  : extracting _python_bundle/site-packages/kivy/tools/theming/defaulttheme/tab_btn_disabled.png
03-07 12:31:00.950  7647  7710 V python  : extracting _python_bundle/site-packages/kivy/tools/theming/defaulttheme/tab_btn_disabled_pressed.png
03-07 12:31:00.950  7647  7710 V python  : extracting _python_bundle/site-packages/kivy/tools/theming/defaulttheme/tab_btn_pressed.png
03-07 12:31:00.950  7647  7710 V python  : extracting _python_bundle/site-packages/kivy/tools/theming/defaulttheme/tab_disabled.png
03-07 12:31:00.951  7647  7710 V python  : extracting _python_bundle/site-packages/kivy/tools/theming/defaulttheme/textinput.png
03-07 12:31:00.951  7647  7710 V python  : extracting _python_bundle/site-packages/kivy/tools/theming/defaulttheme/textinput_active.png
03-07 12:31:00.952  7647  7710 V python  : extracting _python_bundle/site-packages/kivy/tools/theming/defaulttheme/textinput_disabled.png
03-07 12:31:00.952  7647  7710 V python  : extracting _python_bundle/site-packages/kivy/tools/theming/defaulttheme/textinput_disabled_active.png
03-07 12:31:00.953  7647  7710 V python  : extracting _python_bundle/site-packages/kivy/tools/theming/defaulttheme/tree_closed.png
03-07 12:31:00.953  7647  7710 V python  : extracting _python_bundle/site-packages/kivy/tools/theming/defaulttheme/tree_opened.png
03-07 12:31:00.953  7647  7710 V python  : extracting _python_bundle/site-packages/kivy/tools/theming/defaulttheme/vkeyboard_background.png
03-07 12:31:00.954  7647  7710 V python  : extracting _python_bundle/site-packages/kivy/tools/theming/defaulttheme/vkeyboard_disabled_background.png
03-07 12:31:00.954  7647  7710 V python  : extracting _python_bundle/site-packages/kivy/tools/theming/defaulttheme/vkeyboard_disabled_key_down.png
03-07 12:31:00.954  7647  7710 V python  : extracting _python_bundle/site-packages/kivy/tools/theming/defaulttheme/vkeyboard_disabled_key_normal.png
03-07 12:31:00.954  7647  7710 V python  : extracting _python_bundle/site-packages/kivy/tools/theming/defaulttheme/vkeyboard_key_down.png
03-07 12:31:00.955  7647  7710 V python  : extracting _python_bundle/site-packages/kivy/tools/theming/defaulttheme/vkeyboard_key_normal.png
03-07 12:31:00.955  7647  7710 V python  : extracting _python_bundle/site-packages/kivy/uix/
03-07 12:31:00.955  7647  7710 V python  : extracting _python_bundle/site-packages/kivy/uix/__init__.pyc
03-07 12:31:00.955  7647  7710 V python  : extracting _python_bundle/site-packages/kivy/uix/accordion.pyc
03-07 12:31:00.956  7647  7710 V python  : extracting _python_bundle/site-packages/kivy/uix/actionbar.pyc
03-07 12:31:00.957  7647  7710 V python  : extracting _python_bundle/site-packages/kivy/uix/anchorlayout.pyc
03-07 12:31:00.957  7647  7710 V python  : extracting _python_bundle/site-packages/kivy/uix/behaviors/
03-07 12:31:00.957  7647  7710 V python  : extracting _python_bundle/site-packages/kivy/uix/behaviors/__init__.pyc
03-07 12:31:00.958  7647  7710 V python  : extracting _python_bundle/site-packages/kivy/uix/behaviors/button.pyc
03-07 12:31:00.958  7647  7710 V python  : extracting _python_bundle/site-packages/kivy/uix/behaviors/codenavigation.pyc
03-07 12:31:00.958  7647  7710 V python  : extracting _python_bundle/site-packages/kivy/uix/behaviors/compoundselection.pyc
03-07 12:31:00.959  7647  7710 V python  : extracting _python_bundle/site-packages/kivy/uix/behaviors/cover.pyc
03-07 12:31:00.960  7647  7710 V python  : extracting _python_bundle/site-packages/kivy/uix/behaviors/drag.pyc
03-07 12:31:00.960  7647  7710 V python  : extracting _python_bundle/site-packages/kivy/uix/behaviors/emacs.pyc
03-07 12:31:00.960  7647  7710 V python  : extracting _python_bundle/site-packages/kivy/uix/behaviors/focus.pyc
03-07 12:31:00.961  7647  7710 V python  : extracting _python_bundle/site-packages/kivy/uix/behaviors/knspace.pyc
03-07 12:31:00.962  7647  7710 V python  : extracting _python_bundle/site-packages/kivy/uix/behaviors/togglebutton.pyc
03-07 12:31:00.962  7647  7710 V python  : extracting _python_bundle/site-packages/kivy/uix/behaviors/touchripple.pyc
03-07 12:31:00.962  7647  7710 V python  : extracting _python_bundle/site-packages/kivy/uix/boxlayout.pyc
03-07 12:31:00.963  7647  7710 V python  : extracting _python_bundle/site-packages/kivy/uix/bubble.pyc
03-07 12:31:00.963  7647  7710 V python  : extracting _python_bundle/site-packages/kivy/uix/button.pyc
03-07 12:31:00.964  7647  7710 V python  : extracting _python_bundle/site-packages/kivy/uix/camera.pyc
03-07 12:31:00.964  7647  7710 V python  : extracting _python_bundle/site-packages/kivy/uix/carousel.pyc
03-07 12:31:00.965  7647  7710 V python  : extracting _python_bundle/site-packages/kivy/uix/checkbox.pyc
03-07 12:31:00.965  7647  7710 V python  : extracting _python_bundle/site-packages/kivy/uix/codeinput.pyc
03-07 12:31:00.966  7647  7710 V python  : extracting _python_bundle/site-packages/kivy/uix/colorpicker.pyc
03-07 12:31:00.966  7647  7710 V python  : extracting _python_bundle/site-packages/kivy/uix/dropdown.pyc
03-07 12:31:00.967  7647  7710 V python  : extracting _python_bundle/site-packages/kivy/uix/effectwidget.pyc
03-07 12:31:00.967  7647  7710 V python  : extracting _python_bundle/site-packages/kivy/uix/filechooser.pyc
03-07 12:31:00.968  7647  7710 V python  : extracting _python_bundle/site-packages/kivy/uix/floatlayout.pyc
03-07 12:31:00.969  7647  7710 V python  : extracting _python_bundle/site-packages/kivy/uix/gesturesurface.pyc
03-07 12:31:00.970  7647  7710 V python  : extracting _python_bundle/site-packages/kivy/uix/gridlayout.pyc
03-07 12:31:00.970  7647  7710 V python  : extracting _python_bundle/site-packages/kivy/uix/image.pyc
03-07 12:31:00.971  7647  7710 V python  : extracting _python_bundle/site-packages/kivy/uix/label.pyc
03-07 12:31:00.972  7647  7710 V python  : extracting _python_bundle/site-packages/kivy/uix/layout.pyc
03-07 12:31:00.972  7647  7710 V python  : extracting _python_bundle/site-packages/kivy/uix/modalview.pyc
03-07 12:31:00.973  7647  7710 V python  : extracting _python_bundle/site-packages/kivy/uix/pagelayout.pyc
03-07 12:31:00.973  7647  7710 V python  : extracting _python_bundle/site-packages/kivy/uix/popup.pyc
03-07 12:31:00.974  7647  7710 V python  : extracting _python_bundle/site-packages/kivy/uix/progressbar.pyc
03-07 12:31:00.974  7647  7710 V python  : extracting _python_bundle/site-packages/kivy/uix/recycleboxlayout.pyc
03-07 12:31:00.974  7647  7710 V python  : extracting _python_bundle/site-packages/kivy/uix/recyclegridlayout.pyc
03-07 12:31:00.975  7647  7710 V python  : extracting _python_bundle/site-packages/kivy/uix/recyclelayout.pyc
03-07 12:31:00.975  7647  7710 V python  : extracting _python_bundle/site-packages/kivy/uix/recycleview/
03-07 12:31:00.976  7647  7710 V python  : extracting _python_bundle/site-packages/kivy/uix/recycleview/__init__.pyc
03-07 12:31:00.976  7647  7710 V python  : extracting _python_bundle/site-packages/kivy/uix/recycleview/datamodel.pyc
03-07 12:31:00.977  7647  7710 V python  : extracting _python_bundle/site-packages/kivy/uix/recycleview/layout.pyc
03-07 12:31:00.977  7647  7710 V python  : extracting _python_bundle/site-packages/kivy/uix/recycleview/views.pyc
03-07 12:31:00.978  7647  7710 V python  : extracting _python_bundle/site-packages/kivy/uix/relativelayout.pyc
03-07 12:31:00.978  7647  7710 V python  : extracting _python_bundle/site-packages/kivy/uix/rst.pyc
03-07 12:31:00.979  7647  7710 V python  : extracting _python_bundle/site-packages/kivy/uix/sandbox.pyc
03-07 12:31:00.980  7647  7710 V python  : extracting _python_bundle/site-packages/kivy/uix/scatter.pyc
03-07 12:31:00.981  7647  7710 V python  : extracting _python_bundle/site-packages/kivy/uix/scatterlayout.pyc
03-07 12:31:00.981  7647  7710 V python  : extracting _python_bundle/site-packages/kivy/uix/screenmanager.pyc
03-07 12:31:00.982  7647  7710 V python  : extracting _python_bundle/site-packages/kivy/uix/scrollview.pyc
03-07 12:31:00.984  7647  7710 V python  : extracting _python_bundle/site-packages/kivy/uix/settings.pyc
03-07 12:31:00.985  7647  7710 V python  : extracting _python_bundle/site-packages/kivy/uix/slider.pyc
03-07 12:31:00.985  7647  7710 V python  : extracting _python_bundle/site-packages/kivy/uix/spinner.pyc
03-07 12:31:00.986  7647  7710 V python  : extracting _python_bundle/site-packages/kivy/uix/splitter.pyc
03-07 12:31:00.986  7647  7710 V python  : extracting _python_bundle/site-packages/kivy/uix/stacklayout.pyc
03-07 12:31:00.986  7647  7710 V python  : extracting _python_bundle/site-packages/kivy/uix/stencilview.pyc
03-07 12:31:00.987  7647  7710 V python  : extracting _python_bundle/site-packages/kivy/uix/switch.pyc
03-07 12:31:00.987  7647  7710 V python  : extracting _python_bundle/site-packages/kivy/uix/tabbedpanel.pyc
03-07 12:31:00.988  7647  7710 V python  : extracting _python_bundle/site-packages/kivy/uix/textinput.pyc
03-07 12:31:00.990  7647  7710 V python  : extracting _python_bundle/site-packages/kivy/uix/togglebutton.pyc
03-07 12:31:00.991  7647  7710 V python  : extracting _python_bundle/site-packages/kivy/uix/treeview.pyc
03-07 12:31:00.991  7647  7710 V python  : extracting _python_bundle/site-packages/kivy/uix/video.pyc
03-07 12:31:00.992  7647  7710 V python  : extracting _python_bundle/site-packages/kivy/uix/videoplayer.pyc
03-07 12:31:00.993  7647  7710 V python  : extracting _python_bundle/site-packages/kivy/uix/vkeyboard.pyc
03-07 12:31:00.993  7647  7710 V python  : extracting _python_bundle/site-packages/kivy/uix/widget.pyc
03-07 12:31:00.994  7647  7710 V python  : extracting _python_bundle/site-packages/kivy/utils.pyc
03-07 12:31:00.995  7647  7710 V python  : extracting _python_bundle/site-packages/kivy/vector.pyc
03-07 12:31:00.995  7647  7710 V python  : extracting _python_bundle/site-packages/kivy/weakmethod.pyc
03-07 12:31:00.996  7647  7710 V python  : extracting _python_bundle/site-packages/kivy/weakproxy.so
03-07 12:31:00.998  7647  7710 V python  : extracting _python_bundle/site-packages/pkg_resources/
03-07 12:31:00.998  1823  3400 I ColorGameSpaceManager: in handleApplicationSwitchInner ---- gamemode = 0 ----mModeStatus = 0
03-07 12:31:00.998  7647  7710 V python  : extracting _python_bundle/site-packages/pkg_resources/__init__.pyc
03-07 12:31:01.001  1108  1148 E ANDR-PERF-UTIL: Failed to read /sys/class/devfreq/soc:qcom,cpu0-llcc-ddr-lat/min_freq
03-07 12:31:01.001  1108  1148 E ANDR-PERF-OPTSHANDLER: Failed to read /sys/class/devfreq/soc:qcom,cpu0-llcc-ddr-lat/min_freq
03-07 12:31:01.001  1108  1148 E ANDR-PERF-RESOURCEQS: Failed to apply optimization [13, 12]
03-07 12:31:01.001  1108  1148 E ANDR-PERF-UTIL: Failed to read /sys/class/devfreq/soc:qcom,cpu6-llcc-ddr-lat/min_freq
03-07 12:31:01.001  1108  1148 E ANDR-PERF-OPTSHANDLER: Failed to read /sys/class/devfreq/soc:qcom,cpu6-llcc-ddr-lat/min_freq
03-07 12:31:01.001  1108  1148 E ANDR-PERF-RESOURCEQS: Failed to apply optimization [13, 12]
03-07 12:31:01.001  1108  1148 E ANDR-PERF-UTIL: Failed to read /sys/class/devfreq/soc:qcom,cpu0-cpu-llcc-lat/mem_latency/ratio_ceil
03-07 12:31:01.001  1108  1148 E ANDR-PERF-OPTSHANDLER: Failed to read /sys/class/devfreq/soc:qcom,cpu0-cpu-llcc-lat/mem_latency/ratio_ceil
03-07 12:31:01.001  1108  1148 E ANDR-PERF-RESOURCEQS: Failed to apply optimization [13, 8]
03-07 12:31:01.001  7647  7710 V python  : extracting _python_bundle/site-packages/pkg_resources/_vendor/
03-07 12:31:01.001  1108  1148 E ANDR-PERF-UTIL: Failed to read /sys/class/devfreq/soc:qcom,cpu4-cpu-llcc-lat/mem_latency/ratio_ceil
03-07 12:31:01.001  1108  1148 E ANDR-PERF-OPTSHANDLER: Failed to read /sys/class/devfreq/soc:qcom,cpu4-cpu-llcc-lat/mem_latency/ratio_ceil
03-07 12:31:01.001  1108  1148 E ANDR-PERF-RESOURCEQS: Failed to apply optimization [13, 9]
03-07 12:31:01.002  7647  7710 V python  : extracting _python_bundle/site-packages/pkg_resources/_vendor/__init__.pyc
03-07 12:31:01.003  7647  7710 V python  : extracting _python_bundle/site-packages/pkg_resources/_vendor/appdirs.pyc
03-07 12:31:01.003  7647  7710 V python  : extracting _python_bundle/site-packages/pkg_resources/_vendor/packaging/
03-07 12:31:01.003  7647  7710 V python  : extracting _python_bundle/site-packages/pkg_resources/_vendor/packaging/__about__.pyc
03-07 12:31:01.004  7647  7710 V python  : extracting _python_bundle/site-packages/pkg_resources/_vendor/packaging/__init__.pyc
03-07 12:31:01.004  7647  7710 V python  : extracting _python_bundle/site-packages/pkg_resources/_vendor/packaging/_compat.pyc
03-07 12:31:01.004  7647  7710 V python  : extracting _python_bundle/site-packages/pkg_resources/_vendor/packaging/_structures.pyc
03-07 12:31:01.005  7647  7710 V python  : extracting _python_bundle/site-packages/pkg_resources/_vendor/packaging/_typing.pyc
03-07 12:31:01.005  7647  7710 V python  : extracting _python_bundle/site-packages/pkg_resources/_vendor/packaging/markers.pyc
03-07 12:31:01.005  7647  7710 V python  : extracting _python_bundle/site-packages/pkg_resources/_vendor/packaging/requirements.pyc
03-07 12:31:01.007  7647  7710 V python  : extracting _python_bundle/site-packages/pkg_resources/_vendor/packaging/specifiers.pyc
03-07 12:31:01.007  7647  7710 V python  : extracting _python_bundle/site-packages/pkg_resources/_vendor/packaging/tags.pyc
03-07 12:31:01.008  7647  7710 V python  : extracting _python_bundle/site-packages/pkg_resources/_vendor/packaging/utils.pyc
03-07 12:31:01.008  7647  7710 V python  : extracting _python_bundle/site-packages/pkg_resources/_vendor/packaging/version.pyc
03-07 12:31:01.009  7647  7710 V python  : extracting _python_bundle/site-packages/pkg_resources/_vendor/pyparsing.pyc
03-07 12:31:01.013  7647  7710 V python  : extracting _python_bundle/site-packages/pkg_resources/extern/
03-07 12:31:01.014  7647  7710 V python  : extracting _python_bundle/site-packages/pkg_resources/extern/__init__.pyc
03-07 12:31:01.015  7647  7710 V python  : extracting _python_bundle/site-packages/pyjnius-1.7.0-py3.11.egg-info/
03-07 12:31:01.015  7647  7710 V python  : extracting _python_bundle/site-packages/pyjnius-1.7.0-py3.11.egg-info/PKG-INFO
03-07 12:31:01.016  7647  7710 V python  : extracting _python_bundle/site-packages/pyjnius-1.7.0-py3.11.egg-info/SOURCES.txt
03-07 12:31:01.016  7647  7710 V python  : extracting _python_bundle/site-packages/pyjnius-1.7.0-py3.11.egg-info/dependency_links.txt
03-07 12:31:01.017  7647  7710 V python  : extracting _python_bundle/site-packages/pyjnius-1.7.0-py3.11.egg-info/requires.txt
03-07 12:31:01.017  7647  7710 V python  : extracting _python_bundle/site-packages/pyjnius-1.7.0-py3.11.egg-info/top_level.txt
03-07 12:31:01.017  7647  7710 V python  : extracting _python_bundle/site-packages/requests-2.32.5.dist-info/
03-07 12:31:01.017  7647  7710 V python  : extracting _python_bundle/site-packages/requests-2.32.5.dist-info/INSTALLER
03-07 12:31:01.018  7647  7710 V python  : extracting _python_bundle/site-packages/requests-2.32.5.dist-info/METADATA
03-07 12:31:01.018  7647  7710 V python  : extracting _python_bundle/site-packages/requests-2.32.5.dist-info/RECORD
03-07 12:31:01.018  7647  7710 V python  : extracting _python_bundle/site-packages/requests-2.32.5.dist-info/REQUESTED
03-07 12:31:01.018  7647  7710 V python  : extracting _python_bundle/site-packages/requests-2.32.5.dist-info/WHEEL
03-07 12:31:01.019  7647  7710 V python  : extracting _python_bundle/site-packages/requests-2.32.5.dist-info/licenses/
03-07 12:31:01.019  7647  7710 V python  : extracting _python_bundle/site-packages/requests-2.32.5.dist-info/licenses/LICENSE
03-07 12:31:01.019  7647  7710 V python  : extracting _python_bundle/site-packages/requests-2.32.5.dist-info/top_level.txt
03-07 12:31:01.020  7647  7710 V python  : extracting _python_bundle/site-packages/requests/
03-07 12:31:01.020  7647  7710 V python  : extracting _python_bundle/site-packages/requests/__init__.pyc
03-07 12:31:01.020  7647  7710 V python  : extracting _python_bundle/site-packages/requests/__version__.pyc
03-07 12:31:01.021  7647  7710 V python  : extracting _python_bundle/site-packages/requests/_internal_utils.pyc
03-07 12:31:01.021  7647  7710 V python  : extracting _python_bundle/site-packages/requests/adapters.pyc
03-07 12:31:01.022  7647  7710 V python  : extracting _python_bundle/site-packages/requests/api.pyc
03-07 12:31:01.022  7647  7710 V python  : extracting _python_bundle/site-packages/requests/auth.pyc
03-07 12:31:01.022  7647  7710 V python  : extracting _python_bundle/site-packages/requests/certs.pyc
03-07 12:31:01.023  7647  7710 V python  : extracting _python_bundle/site-packages/requests/compat.pyc
03-07 12:31:01.023  7647  7710 V python  : extracting _python_bundle/site-packages/requests/cookies.pyc
03-07 12:31:01.024  7647  7710 V python  : extracting _python_bundle/site-packages/requests/exceptions.pyc
03-07 12:31:01.024  7647  7710 V python  : extracting _python_bundle/site-packages/requests/help.pyc
03-07 12:31:01.024  7647  7710 V python  : extracting _python_bundle/site-packages/requests/hooks.pyc
03-07 12:31:01.025  7647  7710 V python  : extracting _python_bundle/site-packages/requests/models.pyc
03-07 12:31:01.026  7647  7710 V python  : extracting _python_bundle/site-packages/requests/packages.pyc
03-07 12:31:01.026  7647  7710 V python  : extracting _python_bundle/site-packages/requests/sessions.pyc
03-07 12:31:01.027  7647  7710 V python  : extracting _python_bundle/site-packages/requests/status_codes.pyc
03-07 12:31:01.027  7647  7710 V python  : extracting _python_bundle/site-packages/requests/structures.pyc
03-07 12:31:01.028  7647  7710 V python  : extracting _python_bundle/site-packages/requests/utils.pyc
03-07 12:31:01.029  5299  5899 I Athena  : MemoryGuardAction: triggerMemory:2000MB, availMemory:2398MB
03-07 12:31:01.029  7647  7710 V python  : extracting _python_bundle/site-packages/setup_sdist.pyc
03-07 12:31:01.029  7647  7710 V python  : extracting _python_bundle/site-packages/setuptools-51.3.3-py3.11.egg-info/
03-07 12:31:01.030  7647  7710 V python  : extracting _python_bundle/site-packages/setuptools-51.3.3-py3.11.egg-info/PKG-INFO
03-07 12:31:01.030  7647  7710 V python  : extracting _python_bundle/site-packages/setuptools-51.3.3-py3.11.egg-info/SOURCES.txt
03-07 12:31:01.030  7647  7710 V python  : extracting _python_bundle/site-packages/setuptools-51.3.3-py3.11.egg-info/dependency_links.txt
03-07 12:31:01.031  7647  7710 V python  : extracting _python_bundle/site-packages/setuptools-51.3.3-py3.11.egg-info/entry_points.txt
03-07 12:31:01.031  7647  7710 V python  : extracting _python_bundle/site-packages/setuptools-51.3.3-py3.11.egg-info/requires.txt
03-07 12:31:01.032  7647  7710 V python  : extracting _python_bundle/site-packages/setuptools-51.3.3-py3.11.egg-info/top_level.txt
03-07 12:31:01.032  7647  7710 V python  : extracting _python_bundle/site-packages/setuptools/
03-07 12:31:01.032  7647  7710 V python  : extracting _python_bundle/site-packages/setuptools/__init__.pyc
03-07 12:31:01.033  7647  7710 V python  : extracting _python_bundle/site-packages/setuptools/_deprecation_warning.pyc
03-07 12:31:01.033  7647  7710 V python  : extracting _python_bundle/site-packages/setuptools/_distutils/
03-07 12:31:01.033  7647  7710 V python  : extracting _python_bundle/site-packages/setuptools/_distutils/__init__.pyc
03-07 12:31:01.034  7647  7710 V python  : extracting _python_bundle/site-packages/setuptools/_distutils/_msvccompiler.pyc
03-07 12:31:01.034  7647  7710 V python  : extracting _python_bundle/site-packages/setuptools/_distutils/archive_util.pyc
03-07 12:31:01.035  7647  7710 V python  : extracting _python_bundle/site-packages/setuptools/_distutils/bcppcompiler.pyc
03-07 12:31:01.035  7647  7710 V python  : extracting _python_bundle/site-packages/setuptools/_distutils/ccompiler.pyc
03-07 12:31:01.036  7647  7710 V python  : extracting _python_bundle/site-packages/setuptools/_distutils/cmd.pyc
03-07 12:31:01.036  7647  7710 V python  : extracting _python_bundle/site-packages/setuptools/_distutils/command/
03-07 12:31:01.037  7647  7710 V python  : extracting _python_bundle/site-packages/setuptools/_distutils/command/__init__.pyc
03-07 12:31:01.037  7647  7710 V python  : extracting _python_bundle/site-packages/setuptools/_distutils/command/bdist.pyc
03-07 12:31:01.037  7647  7710 V python  : extracting _python_bundle/site-packages/setuptools/_distutils/command/bdist_dumb.pyc
03-07 12:31:01.038  7647  7710 V python  : extracting _python_bundle/site-packages/setuptools/_distutils/command/bdist_msi.pyc
03-07 12:31:01.039  7647  7710 V python  : extracting _python_bundle/site-packages/setuptools/_distutils/command/bdist_rpm.pyc
03-07 12:31:01.039  7647  7710 V python  : extracting _python_bundle/site-packages/setuptools/_distutils/command/bdist_wininst.pyc
03-07 12:31:01.040  7647  7710 V python  : extracting _python_bundle/site-packages/setuptools/_distutils/command/build.pyc
03-07 12:31:01.040  7647  7710 V python  : extracting _python_bundle/site-packages/setuptools/_distutils/command/build_clib.pyc
03-07 12:31:01.041  7647  7710 V python  : extracting _python_bundle/site-packages/setuptools/_distutils/command/build_ext.pyc
03-07 12:31:01.042  7647  7710 V python  : extracting _python_bundle/site-packages/setuptools/_distutils/command/build_py.pyc
03-07 12:31:01.042  7647  7710 V python  : extracting _python_bundle/site-packages/setuptools/_distutils/command/build_scripts.pyc
03-07 12:31:01.043  7647  7710 V python  : extracting _python_bundle/site-packages/setuptools/_distutils/command/check.pyc
03-07 12:31:01.043  7647  7710 V python  : extracting _python_bundle/site-packages/setuptools/_distutils/command/clean.pyc
03-07 12:31:01.043  7647  7710 V python  : extracting _python_bundle/site-packages/setuptools/_distutils/command/config.pyc
03-07 12:31:01.044  7647  7710 V python  : extracting _python_bundle/site-packages/setuptools/_distutils/command/install.pyc
03-07 12:31:01.044  7647  7710 V python  : extracting _python_bundle/site-packages/setuptools/_distutils/command/install_data.pyc
03-07 12:31:01.045  7647  7710 V python  : extracting _python_bundle/site-packages/setuptools/_distutils/command/install_egg_info.pyc
03-07 12:31:01.045  7647  7710 V python  : extracting _python_bundle/site-packages/setuptools/_distutils/command/install_headers.pyc
03-07 12:31:01.045  7647  7710 V python  : extracting _python_bundle/site-packages/setuptools/_distutils/command/install_lib.pyc
03-07 12:31:01.046  7647  7710 V python  : extracting _python_bundle/site-packages/setuptools/_distutils/command/install_scripts.pyc
03-07 12:31:01.046  7647  7710 V python  : extracting _python_bundle/site-packages/setuptools/_distutils/command/py37compat.pyc
03-07 12:31:01.046  7647  7710 V python  : extracting _python_bundle/site-packages/setuptools/_distutils/command/register.pyc
03-07 12:31:01.047  7647  7710 V python  : extracting _python_bundle/site-packages/setuptools/_distutils/command/sdist.pyc
03-07 12:31:01.047  7647  7710 V python  : extracting _python_bundle/site-packages/setuptools/_distutils/command/upload.pyc
03-07 12:31:01.048  7647  7710 V python  : extracting _python_bundle/site-packages/setuptools/_distutils/config.pyc
03-07 12:31:01.048  7647  7710 V python  : extracting _python_bundle/site-packages/setuptools/_distutils/core.pyc
03-07 12:31:01.049  7647  7710 V python  : extracting _python_bundle/site-packages/setuptools/_distutils/cygwinccompiler.pyc
03-07 12:31:01.049  7647  7710 V python  : extracting _python_bundle/site-packages/setuptools/_distutils/debug.pyc
03-07 12:31:01.049  7647  7710 V python  : extracting _python_bundle/site-packages/setuptools/_distutils/dep_util.pyc
03-07 12:31:01.050  7647  7710 V python  : extracting _python_bundle/site-packages/setuptools/_distutils/dir_util.pyc
03-07 12:31:01.050  7647  7710 V python  : extracting _python_bundle/site-packages/setuptools/_distutils/dist.pyc
03-07 12:31:01.051  7647  7710 V python  : extracting _python_bundle/site-packages/setuptools/_distutils/errors.pyc
03-07 12:31:01.052  7647  7710 V python  : extracting _python_bundle/site-packages/setuptools/_distutils/extension.pyc
03-07 12:31:01.053  7647  7710 V python  : extracting _python_bundle/site-packages/setuptools/_distutils/fancy_getopt.pyc
03-07 12:31:01.053  7647  7710 V python  : extracting _python_bundle/site-packages/setuptools/_distutils/file_util.pyc
03-07 12:31:01.054  7647  7710 V python  : extracting _python_bundle/site-packages/setuptools/_distutils/filelist.pyc
03-07 12:31:01.054  7647  7710 V python  : extracting _python_bundle/site-packages/setuptools/_distutils/log.pyc
03-07 12:31:01.055  7647  7710 V python  : extracting _python_bundle/site-packages/setuptools/_distutils/msvc9compiler.pyc
03-07 12:31:01.055  7647  7710 V python  : extracting _python_bundle/site-packages/setuptools/_distutils/msvccompiler.pyc
03-07 12:31:01.056  7647  7710 V python  : extracting _python_bundle/site-packages/setuptools/_distutils/py35compat.pyc
03-07 12:31:01.056  7647  7710 V python  : extracting _python_bundle/site-packages/setuptools/_distutils/py38compat.pyc
03-07 12:31:01.057  7647  7710 V python  : extracting _python_bundle/site-packages/setuptools/_distutils/spawn.pyc
03-07 12:31:01.057  7647  7710 V python  : extracting _python_bundle/site-packages/setuptools/_distutils/sysconfig.pyc
03-07 12:31:01.057  7647  7710 V python  : extracting _python_bundle/site-packages/setuptools/_distutils/text_file.pyc
03-07 12:31:01.058  7647  7710 V python  : extracting _python_bundle/site-packages/setuptools/_distutils/unixccompiler.pyc
03-07 12:31:01.058  7647  7710 V python  : extracting _python_bundle/site-packages/setuptools/_distutils/util.pyc
03-07 12:31:01.059  7647  7710 V python  : extracting _python_bundle/site-packages/setuptools/_distutils/version.pyc
03-07 12:31:01.059  7647  7710 V python  : extracting _python_bundle/site-packages/setuptools/_distutils/versionpredicate.pyc
03-07 12:31:01.060  7647  7710 V python  : extracting _python_bundle/site-packages/setuptools/_imp.pyc
03-07 12:31:01.060  7647  7710 V python  : extracting _python_bundle/site-packages/setuptools/_vendor/
03-07 12:31:01.060  7647  7710 V python  : extracting _python_bundle/site-packages/setuptools/_vendor/__init__.pyc
03-07 12:31:01.061  7647  7710 V python  : extracting _python_bundle/site-packages/setuptools/_vendor/ordered_set.pyc
03-07 12:31:01.061  7647  7710 V python  : extracting _python_bundle/site-packages/setuptools/_vendor/packaging/
03-07 12:31:01.061  7647  7710 V python  : extracting _python_bundle/site-packages/setuptools/_vendor/packaging/__about__.pyc
03-07 12:31:01.062  7647  7710 V python  : extracting _python_bundle/site-packages/setuptools/_vendor/packaging/__init__.pyc
03-07 12:31:01.062  7647  7710 V python  : extracting _python_bundle/site-packages/setuptools/_vendor/packaging/_compat.pyc
03-07 12:31:01.062  7647  7710 V python  : extracting _python_bundle/site-packages/setuptools/_vendor/packaging/_structures.pyc
03-07 12:31:01.063  7647  7710 V python  : extracting _python_bundle/site-packages/setuptools/_vendor/packaging/_typing.pyc
03-07 12:31:01.063  7647  7710 V python  : extracting _python_bundle/site-packages/setuptools/_vendor/packaging/markers.pyc
03-07 12:31:01.063  7647  7710 V python  : extracting _python_bundle/site-packages/setuptools/_vendor/packaging/requirements.pyc
03-07 12:31:01.064  7647  7710 V python  : extracting _python_bundle/site-packages/setuptools/_vendor/packaging/specifiers.pyc
03-07 12:31:01.064  7647  7710 V python  : extracting _python_bundle/site-packages/setuptools/_vendor/packaging/tags.pyc
03-07 12:31:01.065  7647  7710 V python  : extracting _python_bundle/site-packages/setuptools/_vendor/packaging/utils.pyc
03-07 12:31:01.065  7647  7710 V python  : extracting _python_bundle/site-packages/setuptools/_vendor/packaging/version.pyc
03-07 12:31:01.066  7647  7710 V python  : extracting _python_bundle/site-packages/setuptools/_vendor/pyparsing.pyc
03-07 12:31:01.070  7647  7710 V python  : extracting _python_bundle/site-packages/setuptools/archive_util.pyc
03-07 12:31:01.070  7647  7710 V python  : extracting _python_bundle/site-packages/setuptools/build_meta.pyc
03-07 12:31:01.071  7647  7710 V python  : extracting _python_bundle/site-packages/setuptools/cli-32.exe
03-07 12:31:01.073  7647  7710 V python  : extracting _python_bundle/site-packages/setuptools/cli-64.exe
03-07 12:31:01.075  7647  7710 V python  : extracting _python_bundle/site-packages/setuptools/cli.exe
03-07 12:31:01.077  7647  7710 V python  : extracting _python_bundle/site-packages/setuptools/command/
03-07 12:31:01.077  7647  7710 V python  : extracting _python_bundle/site-packages/setuptools/command/__init__.pyc
03-07 12:31:01.078  7647  7710 V python  : extracting _python_bundle/site-packages/setuptools/command/alias.pyc
03-07 12:31:01.078  7647  7710 V python  : extracting _python_bundle/site-packages/setuptools/command/bdist_egg.pyc
03-07 12:31:01.079  7647  7710 V python  : extracting _python_bundle/site-packages/setuptools/command/bdist_rpm.pyc
03-07 12:31:01.079  7647  7710 V python  : extracting _python_bundle/site-packages/setuptools/command/bdist_wininst.pyc
03-07 12:31:01.079  7647  7710 V python  : extracting _python_bundle/site-packages/setuptools/command/build_clib.pyc
03-07 12:31:01.080  7647  7710 V python  : extracting _python_bundle/site-packages/setuptools/command/build_ext.pyc
03-07 12:31:01.080  7647  7710 V python  : extracting _python_bundle/site-packages/setuptools/command/build_py.pyc
03-07 12:31:01.081  7647  7710 V python  : extracting _python_bundle/site-packages/setuptools/command/develop.pyc
03-07 12:31:01.082  7647  7710 V python  : extracting _python_bundle/site-packages/setuptools/command/dist_info.pyc
03-07 12:31:01.082  7647  7710 V python  : extracting _python_bundle/site-packages/setuptools/command/easy_install.pyc
03-07 12:31:01.084  7647  7710 V python  : extracting _python_bundle/site-packages/setuptools/command/egg_info.pyc
03-07 12:31:01.085  7647  7710 V python  : extracting _python_bundle/site-packages/setuptools/command/install.pyc
03-07 12:31:01.086  7647  7710 V python  : extracting _python_bundle/site-packages/setuptools/command/install_egg_info.pyc
03-07 12:31:01.086  7647  7710 V python  : extracting _python_bundle/site-packages/setuptools/command/install_lib.pyc
03-07 12:31:01.087  7647  7710 V python  : extracting _python_bundle/site-packages/setuptools/command/install_scripts.pyc
03-07 12:31:01.087  7647  7710 V python  : extracting _python_bundle/site-packages/setuptools/command/launcher manifest.xml
03-07 12:31:01.087  7647  7710 V python  : extracting _python_bundle/site-packages/setuptools/command/py36compat.pyc
03-07 12:31:01.088  7647  7710 V python  : extracting _python_bundle/site-packages/setuptools/command/register.pyc
03-07 12:31:01.088  7647  7710 V python  : extracting _python_bundle/site-packages/setuptools/command/rotate.pyc
03-07 12:31:01.088  7647  7710 V python  : extracting _python_bundle/site-packages/setuptools/command/saveopts.pyc
03-07 12:31:01.089  7647  7710 V python  : extracting _python_bundle/site-packages/setuptools/command/sdist.pyc
03-07 12:31:01.089  7647  7710 V python  : extracting _python_bundle/site-packages/setuptools/command/setopt.pyc
03-07 12:31:01.089  7647  7710 V python  : extracting _python_bundle/site-packages/setuptools/command/test.pyc
03-07 12:31:01.090  7647  7710 V python  : extracting _python_bundle/site-packages/setuptools/command/upload.pyc
03-07 12:31:01.090  7647  7710 V python  : extracting _python_bundle/site-packages/setuptools/command/upload_docs.pyc
03-07 12:31:01.091  7647  7710 V python  : extracting _python_bundle/site-packages/setuptools/config.pyc
03-07 12:31:01.092  7647  7710 V python  : extracting _python_bundle/site-packages/setuptools/dep_util.pyc
03-07 12:31:01.092  7647  7710 V python  : extracting _python_bundle/site-packages/setuptools/depends.pyc
03-07 12:31:01.093  7647  7710 V python  : extracting _python_bundle/site-packages/setuptools/dist.pyc
03-07 12:31:01.094  7647  7710 V python  : extracting _python_bundle/site-packages/setuptools/errors.pyc
03-07 12:31:01.094  7647  7710 V python  : extracting _python_bundle/site-packages/setuptools/extension.pyc
03-07 12:31:01.094  7647  7710 V python  : extracting _python_bundle/site-packages/setuptools/extern/
03-07 12:31:01.095  7647  7710 V python  : extracting _python_bundle/site-packages/setuptools/extern/__init__.pyc
03-07 12:31:01.095  7647  7710 V python  : extracting _python_bundle/site-packages/setuptools/glob.pyc
03-07 12:31:01.096  7647  7710 V python  : extracting _python_bundle/site-packages/setuptools/gui-32.exe
03-07 12:31:01.097  7647  7710 V python  : extracting _python_bundle/site-packages/setuptools/gui-64.exe
03-07 12:31:01.099  7647  7710 V python  : extracting _python_bundle/site-packages/setuptools/gui.exe
03-07 12:31:01.101  7647  7710 V python  : extracting _python_bundle/site-packages/setuptools/installer.pyc
03-07 12:31:01.102  7647  7710 V python  : extracting _python_bundle/site-packages/setuptools/launch.pyc
03-07 12:31:01.102  7647  7710 V python  : extracting _python_bundle/site-packages/setuptools/lib2to3_ex.pyc
03-07 12:31:01.103  7647  7710 V python  : extracting _python_bundle/site-packages/setuptools/monkey.pyc
03-07 12:31:01.103  7647  7710 V python  : extracting _python_bundle/site-packages/setuptools/msvc.pyc
03-07 12:31:01.104  7647  7710 V python  : extracting _python_bundle/site-packages/setuptools/namespaces.pyc
03-07 12:31:01.105  7647  7710 V python  : extracting _python_bundle/site-packages/setuptools/package_index.pyc
03-07 12:31:01.106  7647  7710 V python  : extracting _python_bundle/site-packages/setuptools/py34compat.pyc
03-07 12:31:01.106  7647  7710 V python  : extracting _python_bundle/site-packages/setuptools/sandbox.pyc
03-07 12:31:01.107  7647  7710 V python  : extracting _python_bundle/site-packages/setuptools/script (dev).tmpl
03-07 12:31:01.107  7647  7710 V python  : extracting _python_bundle/site-packages/setuptools/script.tmpl
03-07 12:31:01.107  7647  7710 V python  : extracting _python_bundle/site-packages/setuptools/ssl_support.pyc
03-07 12:31:01.108  7647  7710 V python  : extracting _python_bundle/site-packages/setuptools/unicode_utils.pyc
03-07 12:31:01.108  7647  7710 V python  : extracting _python_bundle/site-packages/setuptools/version.pyc
03-07 12:31:01.108  7647  7710 V python  : extracting _python_bundle/site-packages/setuptools/wheel.pyc
03-07 12:31:01.109  7647  7710 V python  : extracting _python_bundle/site-packages/setuptools/windows_support.pyc
03-07 12:31:01.109  7647  7710 V python  : extracting _python_bundle/site-packages/six-1.15.0-py3.11.egg-info/
03-07 12:31:01.109  7647  7710 V python  : extracting _python_bundle/site-packages/six-1.15.0-py3.11.egg-info/PKG-INFO
03-07 12:31:01.110  7647  7710 V python  : extracting _python_bundle/site-packages/six-1.15.0-py3.11.egg-info/SOURCES.txt
03-07 12:31:01.110  7647  7710 V python  : extracting _python_bundle/site-packages/six-1.15.0-py3.11.egg-info/dependency_links.txt
03-07 12:31:01.110  7647  7710 V python  : extracting _python_bundle/site-packages/six-1.15.0-py3.11.egg-info/top_level.txt
03-07 12:31:01.110  7647  7710 V python  : extracting _python_bundle/site-packages/six.pyc
03-07 12:31:01.111  7647  7710 V python  : extracting _python_bundle/site-packages/urllib3-2.6.3.dist-info/
03-07 12:31:01.112  7647  7710 V python  : extracting _python_bundle/site-packages/urllib3-2.6.3.dist-info/INSTALLER
03-07 12:31:01.112  7647  7710 V python  : extracting _python_bundle/site-packages/urllib3-2.6.3.dist-info/METADATA
03-07 12:31:01.113  7647  7710 V python  : extracting _python_bundle/site-packages/urllib3-2.6.3.dist-info/RECORD
03-07 12:31:01.113  7647  7710 V python  : extracting _python_bundle/site-packages/urllib3-2.6.3.dist-info/REQUESTED
03-07 12:31:01.113  7647  7710 V python  : extracting _python_bundle/site-packages/urllib3-2.6.3.dist-info/WHEEL
03-07 12:31:01.113  7647  7710 V python  : extracting _python_bundle/site-packages/urllib3-2.6.3.dist-info/licenses/
03-07 12:31:01.114  7647  7710 V python  : extracting _python_bundle/site-packages/urllib3-2.6.3.dist-info/licenses/LICENSE.txt
03-07 12:31:01.114  7647  7710 V python  : extracting _python_bundle/site-packages/urllib3/
03-07 12:31:01.114  7647  7710 V python  : extracting _python_bundle/site-packages/urllib3/__init__.pyc
03-07 12:31:01.115  7647  7710 V python  : extracting _python_bundle/site-packages/urllib3/_base_connection.pyc
03-07 12:31:01.115  7647  7710 V python  : extracting _python_bundle/site-packages/urllib3/_collections.pyc
03-07 12:31:01.116  7647  7710 V python  : extracting _python_bundle/site-packages/urllib3/_request_methods.pyc
03-07 12:31:01.116  7647  7710 V python  : extracting _python_bundle/site-packages/urllib3/_version.pyc
03-07 12:31:01.116  7647  7710 V python  : extracting _python_bundle/site-packages/urllib3/connection.pyc
03-07 12:31:01.117  7647  7710 V python  : extracting _python_bundle/site-packages/urllib3/connectionpool.pyc
03-07 12:31:01.118  7647  7710 V python  : extracting _python_bundle/site-packages/urllib3/contrib/
03-07 12:31:01.118  7647  7710 V python  : extracting _python_bundle/site-packages/urllib3/contrib/__init__.pyc
03-07 12:31:01.119  7647  7710 V python  : extracting _python_bundle/site-packages/urllib3/contrib/emscripten/
03-07 12:31:01.119  7647  7710 V python  : extracting _python_bundle/site-packages/urllib3/contrib/emscripten/__init__.pyc
03-07 12:31:01.119  7647  7710 V python  : extracting _python_bundle/site-packages/urllib3/contrib/emscripten/connection.pyc
03-07 12:31:01.120  7647  7710 V python  : extracting _python_bundle/site-packages/urllib3/contrib/emscripten/emscripten_fetch_worker.js
03-07 12:31:01.120  7647  7710 V python  : extracting _python_bundle/site-packages/urllib3/contrib/emscripten/fetch.pyc
03-07 12:31:01.121  7647  7710 V python  : extracting _python_bundle/site-packages/urllib3/contrib/emscripten/request.pyc
03-07 12:31:01.121  7647  7710 V python  : extracting _python_bundle/site-packages/urllib3/contrib/emscripten/response.pyc
03-07 12:31:01.122  7647  7710 V python  : extracting _python_bundle/site-packages/urllib3/contrib/pyopenssl.pyc
03-07 12:31:01.122  7647  7710 V python  : extracting _python_bundle/site-packages/urllib3/contrib/socks.pyc
03-07 12:31:01.123  7647  7710 V python  : extracting _python_bundle/site-packages/urllib3/exceptions.pyc
03-07 12:31:01.123  7647  7710 V python  : extracting _python_bundle/site-packages/urllib3/fields.pyc
03-07 12:31:01.124  7647  7710 V python  : extracting _python_bundle/site-packages/urllib3/filepost.pyc
03-07 12:31:01.124  7647  7710 V python  : extracting _python_bundle/site-packages/urllib3/http2/
03-07 12:31:01.125  7647  7710 V python  : extracting _python_bundle/site-packages/urllib3/http2/__init__.pyc
03-07 12:31:01.125  7647  7710 V python  : extracting _python_bundle/site-packages/urllib3/http2/connection.pyc
03-07 12:31:01.125  7647  7710 V python  : extracting _python_bundle/site-packages/urllib3/http2/probe.pyc
03-07 12:31:01.126  7647  7710 V python  : extracting _python_bundle/site-packages/urllib3/poolmanager.pyc
03-07 12:31:01.126  7647  7710 V python  : extracting _python_bundle/site-packages/urllib3/py.typed
03-07 12:31:01.127  7647  7710 V python  : extracting _python_bundle/site-packages/urllib3/response.pyc
03-07 12:31:01.128  7647  7710 V python  : extracting _python_bundle/site-packages/urllib3/util/
03-07 12:31:01.128  7647  7710 V python  : extracting _python_bundle/site-packages/urllib3/util/__init__.pyc
03-07 12:31:01.128  7647  7710 V python  : extracting _python_bundle/site-packages/urllib3/util/connection.pyc
03-07 12:31:01.129  7647  7710 V python  : extracting _python_bundle/site-packages/urllib3/util/proxy.pyc
03-07 12:31:01.129  7647  7710 V python  : extracting _python_bundle/site-packages/urllib3/util/request.pyc
03-07 12:31:01.129  7647  7710 V python  : extracting _python_bundle/site-packages/urllib3/util/response.pyc
03-07 12:31:01.130  7647  7710 V python  : extracting _python_bundle/site-packages/urllib3/util/retry.pyc
03-07 12:31:01.130  7647  7710 V python  : extracting _python_bundle/site-packages/urllib3/util/ssl_.pyc
03-07 12:31:01.131  7647  7710 V python  : extracting _python_bundle/site-packages/urllib3/util/ssl_match_hostname.pyc
03-07 12:31:01.131  7647  7710 V python  : extracting _python_bundle/site-packages/urllib3/util/ssltransport.pyc
03-07 12:31:01.132  7647  7710 V python  : extracting _python_bundle/site-packages/urllib3/util/timeout.pyc
03-07 12:31:01.132  7647  7710 V python  : extracting _python_bundle/site-packages/urllib3/util/url.pyc
03-07 12:31:01.133  7647  7710 V python  : extracting _python_bundle/site-packages/urllib3/util/util.pyc
03-07 12:31:01.133  7647  7710 V python  : extracting _python_bundle/site-packages/urllib3/util/wait.pyc
03-07 12:31:01.134  7647  7710 V python  : extracting _python_bundle/site-packages/usr/local/
03-07 12:31:01.134  7647  7710 V python  : extracting _python_bundle/site-packages/usr/local/bin/
03-07 12:31:01.134  7647  7710 V python  : extracting _python_bundle/site-packages/usr/local/bin/easy_install
03-07 12:31:01.135  7647  7710 V python  : extracting _python_bundle/site-packages/usr/local/bin/easy_install-3.11
03-07 12:31:01.135  7647  7710 V python  : extracting _python_bundle/stdlib.zip
03-07 12:31:01.250  7647  7647 V pythonutil: Checking pattern libsqlite3\.so against libSDL2.so
03-07 12:31:01.250  7647  7647 V pythonutil: Checking pattern libsqlite3\.so against libSDL2_ttf.so
03-07 12:31:01.250  7647  7647 V pythonutil: Checking pattern libsqlite3\.so against libSDL2_mixer.so
03-07 12:31:01.251  7647  7647 V pythonutil: Checking pattern libsqlite3\.so against libssl1.1.so
03-07 12:31:01.251  7647  7647 V pythonutil: Checking pattern libsqlite3\.so against libpybundle.so
03-07 12:31:01.251  7647  7647 V pythonutil: Checking pattern libsqlite3\.so against libmain.so
03-07 12:31:01.251  7647  7647 V pythonutil: Checking pattern libsqlite3\.so against libpython3.11.so
03-07 12:31:01.251  7647  7647 V pythonutil: Checking pattern libsqlite3\.so against libcrypto1.1.so
03-07 12:31:01.251  7647  7647 V pythonutil: Checking pattern libsqlite3\.so against libffi.so
03-07 12:31:01.251  7647  7647 V pythonutil: Checking pattern libsqlite3\.so against libsqlite3.so
03-07 12:31:01.251  7647  7647 V pythonutil: Pattern libsqlite3\.so matched file libsqlite3.so
03-07 12:31:01.251  7647  7647 V pythonutil: Checking pattern libsqlite3\.so against libSDL2_image.so
03-07 12:31:01.251  7647  7647 V pythonutil: Checking pattern libffi\.so against libSDL2.so
03-07 12:31:01.251  7647  7647 V pythonutil: Checking pattern libffi\.so against libSDL2_ttf.so
03-07 12:31:01.251  7647  7647 V pythonutil: Checking pattern libffi\.so against libSDL2_mixer.so
03-07 12:31:01.251  7647  7647 V pythonutil: Checking pattern libffi\.so against libssl1.1.so
03-07 12:31:01.251  7647  7647 V pythonutil: Checking pattern libffi\.so against libpybundle.so
03-07 12:31:01.251  7647  7647 V pythonutil: Checking pattern libffi\.so against libmain.so
03-07 12:31:01.252  7647  7647 V pythonutil: Checking pattern libffi\.so against libpython3.11.so
03-07 12:31:01.252  7647  7647 V pythonutil: Checking pattern libffi\.so against libcrypto1.1.so
03-07 12:31:01.252  7647  7647 V pythonutil: Checking pattern libffi\.so against libffi.so
03-07 12:31:01.252  7647  7647 V pythonutil: Pattern libffi\.so matched file libffi.so
03-07 12:31:01.252  7647  7647 V pythonutil: Checking pattern libffi\.so against libsqlite3.so
03-07 12:31:01.252  7647  7647 V pythonutil: Checking pattern libffi\.so against libSDL2_image.so
03-07 12:31:01.252  7647  7647 V pythonutil: Checking pattern libpng16\.so against libSDL2.so
03-07 12:31:01.252  7647  7647 V pythonutil: Checking pattern libpng16\.so against libSDL2_ttf.so
03-07 12:31:01.252  7647  7647 V pythonutil: Checking pattern libpng16\.so against libSDL2_mixer.so
03-07 12:31:01.252  7647  7647 V pythonutil: Checking pattern libpng16\.so against libssl1.1.so
03-07 12:31:01.252  7647  7647 V pythonutil: Checking pattern libpng16\.so against libpybundle.so
03-07 12:31:01.252  7647  7647 V pythonutil: Checking pattern libpng16\.so against libmain.so
03-07 12:31:01.252  7647  7647 V pythonutil: Checking pattern libpng16\.so against libpython3.11.so
03-07 12:31:01.252  7647  7647 V pythonutil: Checking pattern libpng16\.so against libcrypto1.1.so
03-07 12:31:01.252  7647  7647 V pythonutil: Checking pattern libpng16\.so against libffi.so
03-07 12:31:01.252  7647  7647 V pythonutil: Checking pattern libpng16\.so against libsqlite3.so
03-07 12:31:01.252  7647  7647 V pythonutil: Checking pattern libpng16\.so against libSDL2_image.so
03-07 12:31:01.253  7647  7647 V pythonutil: Checking pattern libssl.*\.so against libSDL2.so
03-07 12:31:01.253  7647  7647 V pythonutil: Checking pattern libssl.*\.so against libSDL2_ttf.so
03-07 12:31:01.253  7647  7647 V pythonutil: Checking pattern libssl.*\.so against libSDL2_mixer.so
03-07 12:31:01.253  7647  7647 V pythonutil: Checking pattern libssl.*\.so against libssl1.1.so
03-07 12:31:01.253  7647  7647 V pythonutil: Pattern libssl.*\.so matched file libssl1.1.so
03-07 12:31:01.253  7647  7647 V pythonutil: Checking pattern libssl.*\.so against libpybundle.so
03-07 12:31:01.253  7647  7647 V pythonutil: Checking pattern libssl.*\.so against libmain.so
03-07 12:31:01.253  7647  7647 V pythonutil: Checking pattern libssl.*\.so against libpython3.11.so
03-07 12:31:01.253  7647  7647 V pythonutil: Checking pattern libssl.*\.so against libcrypto1.1.so
03-07 12:31:01.253  7647  7647 V pythonutil: Checking pattern libssl.*\.so against libffi.so
03-07 12:31:01.253  7647  7647 V pythonutil: Checking pattern libssl.*\.so against libsqlite3.so
03-07 12:31:01.253  7647  7647 V pythonutil: Checking pattern libssl.*\.so against libSDL2_image.so
03-07 12:31:01.253  7647  7647 V pythonutil: Checking pattern libcrypto.*\.so against libSDL2.so
03-07 12:31:01.253  7647  7647 V pythonutil: Checking pattern libcrypto.*\.so against libSDL2_ttf.so
03-07 12:31:01.253  7647  7647 V pythonutil: Checking pattern libcrypto.*\.so against libSDL2_mixer.so
03-07 12:31:01.253  7647  7647 V pythonutil: Checking pattern libcrypto.*\.so against libssl1.1.so
03-07 12:31:01.253  7647  7647 V pythonutil: Checking pattern libcrypto.*\.so against libpybundle.so
03-07 12:31:01.253  7647  7647 V pythonutil: Checking pattern libcrypto.*\.so against libmain.so
03-07 12:31:01.253  7647  7647 V pythonutil: Checking pattern libcrypto.*\.so against libpython3.11.so
03-07 12:31:01.253  7647  7647 V pythonutil: Checking pattern libcrypto.*\.so against libcrypto1.1.so
03-07 12:31:01.253  7647  7647 V pythonutil: Pattern libcrypto.*\.so matched file libcrypto1.1.so
03-07 12:31:01.253  7647  7647 V pythonutil: Checking pattern libcrypto.*\.so against libffi.so
03-07 12:31:01.253  7647  7647 V pythonutil: Checking pattern libcrypto.*\.so against libsqlite3.so
03-07 12:31:01.254  7647  7647 V pythonutil: Checking pattern libcrypto.*\.so against libSDL2_image.so
03-07 12:31:01.254  7647  7647 V pythonutil: Checking pattern libSDL2\.so against libSDL2.so
03-07 12:31:01.254  7647  7647 V pythonutil: Pattern libSDL2\.so matched file libSDL2.so
03-07 12:31:01.254  7647  7647 V pythonutil: Checking pattern libSDL2\.so against libSDL2_ttf.so
03-07 12:31:01.254  7647  7647 V pythonutil: Checking pattern libSDL2\.so against libSDL2_mixer.so
03-07 12:31:01.254  7647  7647 V pythonutil: Checking pattern libSDL2\.so against libssl1.1.so
03-07 12:31:01.254  7647  7647 V pythonutil: Checking pattern libSDL2\.so against libpybundle.so
03-07 12:31:01.254  7647  7647 V pythonutil: Checking pattern libSDL2\.so against libmain.so
03-07 12:31:01.254  7647  7647 V pythonutil: Checking pattern libSDL2\.so against libpython3.11.so
03-07 12:31:01.254  7647  7647 V pythonutil: Checking pattern libSDL2\.so against libcrypto1.1.so
03-07 12:31:01.254  7647  7647 V pythonutil: Checking pattern libSDL2\.so against libffi.so
03-07 12:31:01.254  7647  7647 V pythonutil: Checking pattern libSDL2\.so against libsqlite3.so
03-07 12:31:01.254  7647  7647 V pythonutil: Checking pattern libSDL2\.so against libSDL2_image.so
03-07 12:31:01.254  7647  7647 V pythonutil: Checking pattern libSDL2_image\.so against libSDL2.so
03-07 12:31:01.254  7647  7647 V pythonutil: Checking pattern libSDL2_image\.so against libSDL2_ttf.so
03-07 12:31:01.254  7647  7647 V pythonutil: Checking pattern libSDL2_image\.so against libSDL2_mixer.so
03-07 12:31:01.254  7647  7647 V pythonutil: Checking pattern libSDL2_image\.so against libssl1.1.so
03-07 12:31:01.254  7647  7647 V pythonutil: Checking pattern libSDL2_image\.so against libpybundle.so
03-07 12:31:01.254  7647  7647 V pythonutil: Checking pattern libSDL2_image\.so against libmain.so
03-07 12:31:01.254  7647  7647 V pythonutil: Checking pattern libSDL2_image\.so against libpython3.11.so
03-07 12:31:01.254  7647  7647 V pythonutil: Checking pattern libSDL2_image\.so against libcrypto1.1.so
03-07 12:31:01.254  7647  7647 V pythonutil: Checking pattern libSDL2_image\.so against libffi.so
03-07 12:31:01.255  7647  7647 V pythonutil: Checking pattern libSDL2_image\.so against libsqlite3.so
03-07 12:31:01.255  7647  7647 V pythonutil: Checking pattern libSDL2_image\.so against libSDL2_image.so
03-07 12:31:01.255  7647  7647 V pythonutil: Pattern libSDL2_image\.so matched file libSDL2_image.so
03-07 12:31:01.255  7647  7647 V pythonutil: Checking pattern libSDL2_mixer\.so against libSDL2.so
03-07 12:31:01.255  7647  7647 V pythonutil: Checking pattern libSDL2_mixer\.so against libSDL2_ttf.so
03-07 12:31:01.255  7647  7647 V pythonutil: Checking pattern libSDL2_mixer\.so against libSDL2_mixer.so
03-07 12:31:01.255  7647  7647 V pythonutil: Pattern libSDL2_mixer\.so matched file libSDL2_mixer.so
03-07 12:31:01.255  7647  7647 V pythonutil: Checking pattern libSDL2_mixer\.so against libssl1.1.so
03-07 12:31:01.255  7647  7647 V pythonutil: Checking pattern libSDL2_mixer\.so against libpybundle.so
03-07 12:31:01.255  7647  7647 V pythonutil: Checking pattern libSDL2_mixer\.so against libmain.so
03-07 12:31:01.255  7647  7647 V pythonutil: Checking pattern libSDL2_mixer\.so against libpython3.11.so
03-07 12:31:01.255  7647  7647 V pythonutil: Checking pattern libSDL2_mixer\.so against libcrypto1.1.so
03-07 12:31:01.255  7647  7647 V pythonutil: Checking pattern libSDL2_mixer\.so against libffi.so
03-07 12:31:01.255  7647  7647 V pythonutil: Checking pattern libSDL2_mixer\.so against libsqlite3.so
03-07 12:31:01.255  7647  7647 V pythonutil: Checking pattern libSDL2_mixer\.so against libSDL2_image.so
03-07 12:31:01.255  7647  7647 V pythonutil: Checking pattern libSDL2_ttf\.so against libSDL2.so
03-07 12:31:01.255  7647  7647 V pythonutil: Checking pattern libSDL2_ttf\.so against libSDL2_ttf.so
03-07 12:31:01.255  7647  7647 V pythonutil: Pattern libSDL2_ttf\.so matched file libSDL2_ttf.so
03-07 12:31:01.255  7647  7647 V pythonutil: Checking pattern libSDL2_ttf\.so against libSDL2_mixer.so
03-07 12:31:01.255  7647  7647 V pythonutil: Checking pattern libSDL2_ttf\.so against libssl1.1.so
03-07 12:31:01.255  7647  7647 V pythonutil: Checking pattern libSDL2_ttf\.so against libpybundle.so
03-07 12:31:01.255  7647  7647 V pythonutil: Checking pattern libSDL2_ttf\.so against libmain.so
03-07 12:31:01.255  7647  7647 V pythonutil: Checking pattern libSDL2_ttf\.so against libpython3.11.so
03-07 12:31:01.256  7647  7647 V pythonutil: Checking pattern libSDL2_ttf\.so against libcrypto1.1.so
03-07 12:31:01.256  7647  7647 V pythonutil: Checking pattern libSDL2_ttf\.so against libffi.so
03-07 12:31:01.256  7647  7647 V pythonutil: Checking pattern libSDL2_ttf\.so against libsqlite3.so
03-07 12:31:01.256  7647  7647 V pythonutil: Checking pattern libSDL2_ttf\.so against libSDL2_image.so
03-07 12:31:01.256  7647  7647 V pythonutil: Loading library: sqlite3
03-07 12:31:01.257  7647  7647 V pythonutil: Loading library: ffi
03-07 12:31:01.257  7647  7647 V pythonutil: Loading library: ssl1.1
03-07 12:31:01.259  7647  7647 V pythonutil: Loading library: crypto1.1
03-07 12:31:01.259  7647  7647 V pythonutil: Loading library: SDL2
03-07 12:31:01.261  7647  7647 V pythonutil: Loading library: SDL2_image
03-07 12:31:01.262  7647  7647 V pythonutil: Loading library: SDL2_mixer
03-07 12:31:01.262  7647  7647 V pythonutil: Loading library: SDL2_ttf
03-07 12:31:01.265  7647  7647 V pythonutil: Loading library: python3.5m
03-07 12:31:01.267  7647  7647 V pythonutil: Library loading error: dlopen failed: library "libpython3.5m.so" not found
03-07 12:31:01.267  7647  7647 V pythonutil: Loading library: python3.6m
03-07 12:31:01.268  7647  7647 V pythonutil: Library loading error: dlopen failed: library "libpython3.6m.so" not found
03-07 12:31:01.268  7647  7647 V pythonutil: Loading library: python3.7m
03-07 12:31:01.269  7647  7647 V pythonutil: Library loading error: dlopen failed: library "libpython3.7m.so" not found
03-07 12:31:01.269  7647  7647 V pythonutil: Loading library: python3.8
03-07 12:31:01.270  7647  7647 V pythonutil: Library loading error: dlopen failed: library "libpython3.8.so" not found
03-07 12:31:01.270  7647  7647 V pythonutil: Loading library: python3.9
03-07 12:31:01.271  7647  7647 V pythonutil: Library loading error: dlopen failed: library "libpython3.9.so" not found
03-07 12:31:01.271  7647  7647 V pythonutil: Loading library: python3.10
03-07 12:31:01.272  7647  7647 V pythonutil: Library loading error: dlopen failed: library "libpython3.10.so" not found
03-07 12:31:01.272  7647  7647 V pythonutil: Loading library: python3.11
03-07 12:31:01.274  7647  7647 V pythonutil: Loading library: main
03-07 12:31:01.276  7647  7647 V pythonutil: Loaded everything!
03-07 12:31:01.276  7647  7647 V SDL     : nativeSetupJNI()
03-07 12:31:01.277  7647  7647 V SDL     : AUDIO nativeSetupJNI()
03-07 12:31:01.278  7647  7647 V SDL     : CONTROLLER nativeSetupJNI()
03-07 12:31:01.295  7647  7647 E Parcel  : Reading a NULL string not supported here.
03-07 12:31:01.299  7647  7647 I chatty  : uid=10773(com.jurnalsaham.jurnalsahamihsg) SDLActivity identical 28 lines
03-07 12:31:01.299  7647  7647 E Parcel  : Reading a NULL string not supported here.
03-07 12:31:01.302  7647  7647 V PythonActivity: Setting env vars for start.c and Python to use
03-07 12:31:01.302  7647  7647 V PythonActivity: Access to our meta-data...
03-07 12:31:01.304  7647  7647 I PythonActivity: Surface will NOT be transparent
03-07 12:31:01.323  1823  3199 D OppoDisplayPolicy: com.jurnalsaham.jurnalsahamihsg, no change cutoutMode: 0
03-07 12:31:01.331  1823  2011 D PowerManagerService: setScreenBrightnessOverrideFromWindowManagerInternal brightness=NaN mScreenBrightnessOverrideFromWindowManager=NaN
03-07 12:31:01.344  7647  7647 V SDL     : surfaceCreated()
03-07 12:31:01.344  7647  7647 V SDL     : surfaceChanged()
03-07 12:31:01.345  7647  7647 V SDL     : Window size: 1080x2083
03-07 12:31:01.345  7647  7647 V SDL     : Device size: 1080x2340
03-07 12:31:01.346  7647  7647 V SensorManager: RegisterListener bmi160 Accelerometer Non-wakeup type:1 delay:20000us by org.libsdl.app.SDLSurface
03-07 12:31:01.347  7647  7647 E Parcel  : Reading a NULL string not supported here.
03-07 12:31:01.347  1823  4211 D SensorService: createSensorEventConnection, mCurrentOperatingMode = 0, requestedMode = 0
03-07 12:31:01.350  1150  1150 E OppoExLayer: using cid as pid, cid=7647, name=Background for -SurfaceView - com.jurnalsaham.jurnalsahamihsg/org.kivy.android.PythonActivity#0
03-07 12:31:01.351  1823  4211 W SensorService: SensorEventConnection sensor handle=11, package = org.libsdl.app.SDLSurface enable
03-07 12:31:01.351  1823  4211 E SensorService: Required app org.libsdl.app.SDLSurface, uid 10773, pid 7647
03-07 12:31:01.352  1823  4211 D SensorService: OplusSensorServiceUtils, sensorType=1
03-07 12:31:01.352  1823  4211 D SensorService: Calling batch handle==11 flags=0rate=20000000 timeout== 0
03-07 12:31:01.352  1823  4211 D SensorService: SensorDevice::batch: ident=0x7c1c45c500, handle=0x0000000b, flags=0, period_ns=20000000 timeout=0
03-07 12:31:01.352  1823  4211 D SensorService: 	>>> curr_period=50000000 min_period=20000000 curr_timeout=0 min_timeout=0
03-07 12:31:01.352  1823  4211 D SensorService: 	>>> actuating h/w BATCH 0x0000000b 20000000 0
03-07 12:31:01.352  1093  1093 I sensors-hal: batch:254, android.sensor.accelerometer/11, period=20000000, max_latency=0
03-07 12:31:01.352  1093  1093 I sensors-hal: batch:276, android.sensor.accelerometer/11, period=20000000, max_latency=0 request completed
03-07 12:31:01.352  1823  4211 D SensorService: 	>>> actuating h/w flush 11
03-07 12:31:01.353  1093 10193 I sensors-hal: ssc_conn_resp_cb:672, resp_value = 0
03-07 12:31:01.353  1093  1093 I sensors-hal: flush:296, android.sensor.accelerometer/11
03-07 12:31:01.374  1093  1093 I sensors-hal: flush:302, android.sensor.accelerometer/11 completed
03-07 12:31:01.374  1823  4211 D SensorService: recordConnection in enable
03-07 12:31:01.374  1823  4211 D SensorService: Calling activate on 11
03-07 12:31:01.374  1823  4211 D SensorService: SensorDevice::activate: ident=0x7c1c45c500, handle=0x0000000b, enabled=1, count=3
03-07 12:31:01.374  1823  4211 D SensorService: enable index=0
03-07 12:31:01.374  1823  4211 D SensorService: info.numActiveClients() = 3, info.isActive = 1
03-07 12:31:01.374  1823  4211 D SensorService: activateHardware = 0
03-07 12:31:01.375  1093 10193 I sensors-hal: ssc_conn_resp_cb:672, resp_value = 0
03-07 12:31:01.375  7647  7647 V SensorManager: RegisterListener bmi160 Accelerometer Non-wakeup type:1 delay:20000us by org.libsdl.app.SDLSurface
03-07 12:31:01.375  7647  7764 V SDL     : Running main function SDL_main from library /data/app/~~BysbHoD_D68KXejn-XPb2Q==/com.jurnalsaham.jurnalsahamihsg-qcwgZKc3xdyhuRiUkkhaNA==/lib/arm64/libmain.so
03-07 12:31:01.375  7647  7764 V PythonActivity: appConfirmedActive() -> preparing loading screen removal
03-07 12:31:01.375  7647  7764 V SDL     : nativeRunMain()
03-07 12:31:01.376  1823  2392 D SensorService: flush complete event sensor==11 
03-07 12:31:01.376  1823  2392 D SensorService: flush complete event sensor==11 
03-07 12:31:01.376  1823  2392 D SensorService: First flush event for sensor==11 
03-07 12:31:01.376  1823  2392 D SensorService: flush complete event sensor==11 
03-07 12:31:01.376  1823  2392 I chatty  : uid=1000(system) SensorService identical 7 lines
03-07 12:31:01.376  1823  2392 D SensorService: flush complete event sensor==11 
03-07 12:31:01.377  7647  7764 I python  : Initializing Python for Android
03-07 12:31:01.377  7647  7764 I python  : Setting additional env vars from p4a_env_vars.txt
03-07 12:31:01.377  7647  7764 I python  : Changing directory to the one provided by ANDROID_ARGUMENT
03-07 12:31:01.377  7647  7764 I python  : /data/user/0/com.jurnalsaham.jurnalsahamihsg/files/app
03-07 12:31:01.377  7647  7764 I python  : Preparing to initialize python
03-07 12:31:01.377  7647  7764 I python  : _python_bundle dir exists
03-07 12:31:01.377  7647  7764 I python  : calculated paths to be...
03-07 12:31:01.377  7647  7764 I python  : /data/user/0/com.jurnalsaham.jurnalsahamihsg/files/app/_python_bundle/stdlib.zip:/data/user/0/com.jurnalsaham.jurnalsahamihsg/files/app/_python_bundle/modules
03-07 12:31:01.377  7647  7764 I python  : set wchar paths...
03-07 12:31:01.384  1823  4211 D InputMethodManagerService: isSecurity: attribute.packageName=com.jurnalsaham.jurnalsahamihsg
03-07 12:31:01.384  1823  4211 D InputMethodManagerService: isSecurity= false (  enable=false needShow=false inBlackList=false  isExist=true )
03-07 12:31:01.384 10248 28648 W PhoneManager.VirusRomUpdateUtil: readVirusWhiteListMD5() VIRUS_CONFIG_LIST_FILE not exist.
03-07 12:31:01.385 10248 28648 W PhoneManager.VirusRomUpdateUtil: readCloudBlackList() VIRUS_CONFIG_LIST_FILE not exist.
03-07 12:31:01.386  4239  4239 I GoogleInputMethodService: GoogleInputMethodService.onFinishInput():2113 
03-07 12:31:01.388  4239  4239 I Module  : DeviceLockedStatusModuleProvider$Module.updateDeviceLockedStatus():103 repeatCheckTimes = 0, locked = false
03-07 12:31:01.389  4239  4239 I GoogleInputMethodService: GoogleInputMethodService.onStartInput():1384 onStartInput(EditorInfo{EditorInfo{packageName=com.jurnalsaham.jurnalsahamihsg, inputType=0, inputTypeString=NULL, enableLearning=false, autoCorrection=false, autoComplete=false, imeOptions=0, privateImeOptions=null, actionName=UNSPECIFIED, actionLabel=null, initialSelStart=-1, initialSelEnd=-1, initialCapsMode=0, label=null, fieldId=-1, fieldName=null, extras=null, hintText=null, hintLocales=[]}}, false)
03-07 12:31:01.389  4239  4239 I AndroidIME: LatinIMEBase.updateInputViewCoverNavigation():314 Update input view padding, extendsTouchBelowSpace=false, bottom inset=149
03-07 12:31:01.390  4239  4239 I Module  : DeviceLockedStatusModuleProvider$Module.updateDeviceLockedStatus():103 repeatCheckTimes = 1, locked = false
03-07 12:31:01.395  1823  5650 D OppoDisplayPolicy: com.jurnalsaham.jurnalsahamihsg, no change cutoutMode: 0
03-07 12:31:01.398 10248 10341 E ActivityThread: Failed to find provider info for com.oplus.securitypermission.AppControlCenterProvider
03-07 12:31:01.402  1823  2011 D PowerManagerService: setScreenBrightnessOverrideFromWindowManagerInternal brightness=NaN mScreenBrightnessOverrideFromWindowManager=NaN
03-07 12:31:01.414  1134  2525 D AudioPolicyService: updateUidStates_l() allowCapture=true because of on TOP AND uses VOICE_RECOGNITION OR uses HOTWORD
03-07 12:31:01.414  1134  2525 D AudioPolicyService: updateUidStates_l() current->uid=10070 current->pid=17223 allowCapture=1 UidState=5 apmStat=1
03-07 12:31:01.415  1823  2537 W ActivityManager: Unable to start service Intent { cmp=com.google.android.googlequicksearchbox/com.google.android.apps.gsa.tasks.BackgroundTasksJobService (has extras) } U=0: not found
03-07 12:31:01.415  1823  2537 D JobScheduler: Error executing JobStatus{bbef7f9 #u0a70/-202 com.google.android.googlequicksearchbox/com.google.android.apps.gsa.tasks.BackgroundTasksJobService u=0 s=10070 TIME=-3d7h54m6s361ms:-3d7h54m6s361ms NET CHARGING PERIODIC PERSISTED READY}
03-07 12:31:01.418  1823  2537 W ActivityManager: Unable to start service Intent { cmp=com.google.android.googlequicksearchbox/com.google.android.apps.gsa.tasks.BackgroundTasksJobService (has extras) } U=0: not found
03-07 12:31:01.418  1823  2537 D JobScheduler: Error executing JobStatus{8f2d1c1 #u0a70/-362 com.google.android.googlequicksearchbox/com.google.android.apps.gsa.tasks.BackgroundTasksJobService u=0 s=10070 TIME=-3d7h54m6s364ms:-3d7h54m6s364ms PERIODIC PERSISTED READY}
03-07 12:31:01.419  1823  2537 W ActivityManager: Unable to start service Intent { cmp=com.google.android.googlequicksearchbox/com.google.android.apps.gsa.tasks.BackgroundTasksJobService (has extras) } U=0: not found
03-07 12:31:01.419  1823  2537 D JobScheduler: Error executing JobStatus{8bedc16 #u0a70/-148 com.google.android.googlequicksearchbox/com.google.android.apps.gsa.tasks.BackgroundTasksJobService u=0 s=10070 TIME=-3d7h54m6s364ms:-3d7h54m6s364ms NET PERIODIC PERSISTED READY}
03-07 12:31:01.420  1823  2537 W ActivityManager: Unable to start service Intent { cmp=com.google.android.googlequicksearchbox/com.google.android.apps.gsa.tasks.BackgroundTasksJobService (has extras) } U=0: not found
03-07 12:31:01.407  7647  7647 W SDLThread: type=1400 audit(0.0:213618): avc: granted { execute } for path="/data/data/com.jurnalsaham.jurnalsahamihsg/files/app/_python_bundle/modules/zlib.cpython-311.so" dev="sda14" ino=3569277 scontext=u:r:untrusted_app:s0:c5,c259,c512,c768 tcontext=u:object_r:app_data_file:s0:c5,c259,c512,c768 tclass=file app=com.lazada.android
03-07 12:31:01.420  1823  2537 D JobScheduler: Error executing JobStatus{7b956ec #u0a70/-324 com.google.android.googlequicksearchbox/com.google.android.apps.gsa.tasks.BackgroundTasksJobService u=0 s=10070 TIME=-3d7h54m6s366ms:-3d7h54m6s366ms CHARGING PERIODIC PERSISTED READY}
03-07 12:31:01.422  1823  2537 W ActivityManager: Unable to start service Intent { cmp=com.google.android.googlequicksearchbox/com.google.android.apps.gsa.tasks.BackgroundTasksJobService (has extras) } U=0: not found
03-07 12:31:01.422  1823  2537 D JobScheduler: Error executing JobStatus{6c4a3a2 #u0a70/-128 com.google.android.googlequicksearchbox/com.google.android.apps.gsa.tasks.BackgroundTasksJobService u=0 s=10070 TIME=-3d7h54m6s366ms:-3d7h54m6s366ms NET PERIODIC PERSISTED READY}
03-07 12:31:01.423  1823  2537 W ActivityManager: Unable to start service Intent { cmp=com.google.android.googlequicksearchbox/com.google.android.apps.gsa.tasks.BackgroundTasksJobService (has extras) } U=0: not found
03-07 12:31:01.423  1823  2537 D JobScheduler: Error executing JobStatus{653eb6d #u0a70/-406 com.google.android.googlequicksearchbox/com.google.android.apps.gsa.tasks.BackgroundTasksJobService u=0 s=10070 TIME=-3d7h54m6s367ms:-3d7h54m6s367ms NET PERIODIC PERSISTED READY}
03-07 12:31:01.424 10248  6564 E ActivityThread: Failed to find provider info for com.oplus.securityguard.SecurityEventProvider
03-07 12:31:01.424 10248  6564 W PhoneManager.SecurityGuardRiskAppSyncUtil: notifyRiskAppRemoved provider null
03-07 12:31:01.424  1823  4211 W ActivityManager: Unable to start service Intent { cmp=com.google.android.googlequicksearchbox/com.google.android.apps.gsa.tasks.BackgroundTasksJobService (has extras) } U=0: not found
03-07 12:31:01.424  1823  4211 D JobScheduler: Error executing JobStatus{3ed959f #u0a70/-480 com.google.android.googlequicksearchbox/com.google.android.apps.gsa.tasks.BackgroundTasksJobService u=0 s=10070 TIME=-3d7h54m6s370ms:-3d7h54m6s370ms NET PERIODIC PERSISTED READY}
03-07 12:31:01.426  1823  4211 W ActivityManager: Unable to start service Intent { cmp=com.google.android.googlequicksearchbox/com.google.android.apps.gsa.tasks.BackgroundTasksJobService (has extras) } U=0: not found
03-07 12:31:01.426  1823  4211 D JobScheduler: Error executing JobStatus{1c8a2af #u0a70/-486 com.google.android.googlequicksearchbox/com.google.android.apps.gsa.tasks.BackgroundTasksJobService u=0 s=10070 TIME=-3d7h54m6s373ms:-3d7h54m6s373ms NET PERIODIC PERSISTED READY}
03-07 12:31:01.427  1823  4211 W ActivityManager: Unable to start service Intent { cmp=com.google.android.googlequicksearchbox/com.google.android.apps.gsa.tasks.BackgroundTasksJobService (has extras) } U=0: not found
03-07 12:31:01.427  1823  4211 D JobScheduler: Error executing JobStatus{1c21645 #u0a70/-352 com.google.android.googlequicksearchbox/com.google.android.apps.gsa.tasks.BackgroundTasksJobService u=0 s=10070 TIME=-3d7h54m6s373ms:-3d7h54m6s373ms NET PERIODIC PERSISTED READY}
03-07 12:31:01.428  1823  4211 W ActivityManager: Unable to start service Intent { cmp=com.google.android.googlequicksearchbox/com.google.android.apps.gsa.tasks.BackgroundTasksJobService (has extras) } U=0: not found
03-07 12:31:01.428  1823  4211 D JobScheduler: Error executing JobStatus{cab19a #u0a70/-370 com.google.android.googlequicksearchbox/com.google.android.apps.gsa.tasks.BackgroundTasksJobService u=0 s=10070 TIME=-3d7h54m6s374ms:-3d7h54m6s374ms NET CHARGING PERIODIC PERSISTED READY}
03-07 12:31:01.429  1823  4211 W ActivityManager: Unable to start service Intent { cmp=com.google.android.googlequicksearchbox/com.google.android.apps.gsa.tasks.BackgroundTasksJobService (has extras) } U=0: not found
03-07 12:31:01.429  1823  4211 D JobScheduler: Error executing JobStatus{6d7a8e #u0a70/-256 com.google.android.googlequicksearchbox/com.google.android.apps.gsa.tasks.BackgroundTasksJobService u=0 s=10070 TIME=-3d7h54m6s377ms:-3d7h54m6s377ms NET CHARGING PERIODIC PERSISTED READY}
03-07 12:31:01.430  7647  7764 I python  : Initialized python
03-07 12:31:01.430  7647  7764 I python  : AND: Init threads
03-07 12:31:01.431  1823  4211 W ActivityManager: Unable to start service Intent { cmp=com.coloros.deepthinker/com.coloros.proton.learn.schedule.TrainJobService (has extras) } U=0: not found
03-07 12:31:01.431  7647  7764 I python  : testing python print redirection
03-07 12:31:01.431  1823  4211 D JobScheduler: Error executing JobStatus{e63504a #1000/648162385 com.coloros.deepthinker/com.coloros.proton.learn.schedule.TrainJobService u=0 s=1000 TIME=-3d7h54m6s348ms:-3d7h54m6s348ms PERSISTED READY}
03-07 12:31:01.432  7647  7764 I python  : Android path ['.', '/data/user/0/com.jurnalsaham.jurnalsahamihsg/files/app/_python_bundle/stdlib.zip', '/data/user/0/com.jurnalsaham.jurnalsahamihsg/files/app/_python_bundle/modules', '/data/user/0/com.jurnalsaham.jurnalsahamihsg/files/app/_python_bundle/site-packages']
03-07 12:31:01.432  7647  7764 I python  : os.environ is environ({'PATH': '/product/bin:/apex/com.android.runtime/bin:/apex/com.android.art/bin:/system_ext/bin:/system/bin:/system/xbin:/odm/bin:/vendor/bin:/vendor/xbin', 'ANDROID_BOOTLOGO': '1', 'ANDROID_ROOT': '/system', 'ANDROID_ASSETS': '/system/app', 'ANDROID_DATA': '/data', 'ANDROID_STORAGE': '/storage', 'ANDROID_ART_ROOT': '/apex/com.android.art', 'ANDROID_I18N_ROOT': '/apex/com.android.i18n', 'ANDROID_TZDATA_ROOT': '/apex/com.android.tzdata', 'EXTERNAL_STORAGE': '/sdcard', 'ASEC_MOUNTPOINT': '/mnt/asec', 'BOOTCLASSPATH': '/apex/com.android.art/javalib/core-oj.jar:/apex/com.android.art/javalib/core-libart.jar:/apex/com.android.art/javalib/core-icu4j.jar:/apex/com.android.art/javalib/okhttp.jar:/apex/com.android.art/javalib/bouncycastle.jar:/apex/com.android.art/javalib/apache-xml.jar:/system/framework/framework.jar:/system/framework/ext.jar:/system/framework/telephony-common.jar:/system/framework/voip-common.jar:/system/framework/ims-common.jar:/system/framework/framework-atb-backward-compatibility.jar:/system/framework/oplus-framework.jar:/system/framework/coloros-support-wrapper.jar:/system/framework/ifaamanager.jar:/system/framework/tcmiface.jar:/system/framework/telephony-ext.jar:/system/framework/qcom.fmradio.jar:/system/framework/QPerformance.jar:/system/framework/UxPerformance.jar:/system/framework/WfdCommon.jar:/apex/com.android.conscrypt/javalib/conscrypt.jar:/apex/com.android.media/javalib/updatable-media.jar:/apex/com.android.mediaprovider/javalib/framework-mediaprovider.jar:/apex/com.android.os.statsd/javalib/framework-statsd.jar:/apex/com.android.permission/javalib/framework-permission.jar:/apex/com.android.sdkext/javalib/framework-sdkextensions.jar:/apex/com.android.wifi/javalib/framework-wifi.jar:/apex/com.android.tethering/javalib/framework-tethering.jar', 'DEX2OATBOOTCLASSPATH': '/apex/com.android.art/javalib/core-oj.jar:/apex/com.android.art/javalib/core-libart.jar:/apex/com.android.art/javalib/core-icu4j.jar:/apex/com.android.art/javalib/okhttp.jar:/apex/com.android.art/javalib/bouncycastle.jar:/apex/com.android.art/javalib/apache-xml.jar:/system/framework/framework.jar:/system/framework/ext.jar:/system/framework/telephony-common.jar:/system/framework/voip-common.jar:/system/framework/ims-common.jar:/system/framework/framework-atb-backward-compatibility.jar:/system/framework/oplus-framework.jar:/system/framework/coloros-support-wrapper.jar:/system/framework/ifaamanager.jar:/system/framework/tcmiface.jar:/system/framework/telephony-ext.jar:/system/framework/qcom.fmradio.jar:/system/framework/QPerformance.jar:/system/framework/UxPerformance.jar:/system/framework/WfdCommon.jar', 'SYSTEMSERVERCLASSPATH': '/system/framework/com.android.location.provider.jar:/system/framework/services.jar:/system/framework/ethernet-service.jar:/system/framework/oplus-services.jar:/system/framework/coloros-internal-services.jar:/system/framework/oplus-service-jobscheduler.jar:/apex/com.android.permission/javalib/service-permission.jar:/apex/com.android.wifi/javalib/service-wifi.jar:/apex/com.android.ipsec/javalib/android.net.ipsec.ike.jar', 'MY_CUSTOM_ROOT': '/my_custom', 'MY_SPECIAL_PRELOAD_ROOT': '/special_preload', 'MY_CARRIER_ROOT': '/my_carrier', 'MY_REGION_ROOT': '/my_region', 'MY_COMPANY_ROOT': '/my_company', 'MY_ENGINEER_ROOT': '/my_engineering', 'MY_ENGINEERING_ROOT': '/my_engineering', 'MY_PRODUCT_ROOT': '/my_product', 'MY_VERSION_ROOT': '/my_version', 'MY_OPERATOR_ROOT': '/my_carrier', 'MY_COUNTRY_ROOT': '/my_region', 'MY_ODM_ROOT': '/odm', 'MY_PRELOAD_ROOT': '/my_preload', 'MY_HEYTAP_ROOT': '/my_heytap', 'MY_STOCK_ROOT': '/my_stock', 'OPPO_CUSTOM_ROOT': '/my_company', 'OPPO_ENGINEER_ROOT': '/my_engineering', 'OPPO_PRODUCT_ROOT': '/my_product', 'OPPO_VERSION_ROOT': '/my_version', 'MY_MANIFEST_ROOT': '/my_manifest', 'DOWNLOAD_CACHE': '/data/cache', 'XKIT': '/system/system_ext/xbin/xkit_10', 'ANDROID_SOCKET_zygote': '21', 'ANDROID_SOCKET_usap_pool_primary': '22', 'ANDROID_ENTRYPOINT': 'main.pyc', 'ANDROID_ARGUMENT': '/data/user/0/com.jurnalsaham.jurnalsahamihsg/files
03-07 12:31:01.432  7647  7764 I python  : Android kivy bootstrap done. __name__ is __main__
03-07 12:31:01.432  7647  7764 I python  : AND: Ran string
03-07 12:31:01.432  7647  7764 I python  : Run user program, change dir and execute entrypoint
03-07 12:31:01.444  1823  4211 I ColorListManagerImpl: removeStageProtectInfo from com.coloros.phonemanager for com.coloros.phonemanager
03-07 12:31:01.467  7647  7647 W SDLThread: type=1400 audit(0.0:213619): avc: granted { execute } for path="/data/data/com.jurnalsaham.jurnalsahamihsg/files/app/_python_bundle/modules/_json.cpython-311.so" dev="sda14" ino=3567115 scontext=u:r:untrusted_app:s0:c5,c259,c512,c768 tcontext=u:object_r:app_data_file:s0:c5,c259,c512,c768 tclass=file app=com.lazada.android
03-07 12:31:01.487  7647  7647 W SDLThread: type=1400 audit(0.0:213620): avc: granted { execute } for path="/data/data/com.jurnalsaham.jurnalsahamihsg/files/app/_python_bundle/modules/_lzma.cpython-311.so" dev="sda14" ino=3567239 scontext=u:r:untrusted_app:s0:c5,c259,c512,c768 tcontext=u:object_r:app_data_file:s0:c5,c259,c512,c768 tclass=file app=com.lazada.android
03-07 12:31:01.497  7647  7647 W SDLThread: type=1400 audit(0.0:213621): avc: granted { execute } for path="/data/data/com.jurnalsaham.jurnalsahamihsg/files/app/_python_bundle/modules/_typing.cpython-311.so" dev="sda14" ino=3568625 scontext=u:r:untrusted_app:s0:c5,c259,c512,c768 tcontext=u:object_r:app_data_file:s0:c5,c259,c512,c768 tclass=file app=com.lazada.android
03-07 12:31:01.587  7647  7764 I python  : [INFO   ] [Logger      ] Record log in /data/user/0/com.jurnalsaham.jurnalsahamihsg/files/.kivy/logs/kivy_26-03-07_24.txt
03-07 12:31:01.587  7647  7764 I python  : [INFO   ] [Kivy        ] v2.3.0
03-07 12:31:01.587  7647  7764 I python  : [INFO   ] [Kivy        ] Installed at "/data/user/0/com.jurnalsaham.jurnalsahamihsg/files/app/_python_bundle/site-packages/kivy/__init__.pyc"
03-07 12:31:01.587  7647  7764 I python  : [INFO   ] [Python      ] v3.11.5 (main, Mar  6 2026, 19:02:38) [Clang 14.0.6 (https://android.googlesource.com/toolchain/llvm-project 4c603efb0
03-07 12:31:01.587  7647  7764 I python  : [INFO   ] [Python      ] Interpreter at ""
03-07 12:31:01.588  7647  7764 I python  : [INFO   ] [Logger      ] Purge log fired. Processing...
03-07 12:31:01.589  7647  7764 I python  : [INFO   ] [Logger      ] Purge finished!
03-07 12:31:01.593 10248  7735 E ActivityThread: Failed to find provider info for com.oplus.securitypermission.AppControlCenterProvider
03-07 12:31:01.593 10248  7735 W PhoneManager.AppControlRepository: getAppControlledAppList, provider not found
03-07 12:31:01.594 10248  7735 E PhoneManager.VirusCommonUtils:  java.lang.NoSuchMethodException: android.os.ISecurityPermissionService$Stub$Proxy.putRiskAppList [class android.os.Bundle]
03-07 12:31:01.594 10248  7735 E PhoneManager.VirusCommonUtils: 	at java.lang.Class.getMethod(Class.java:2072)
03-07 12:31:01.594 10248  7735 E PhoneManager.VirusCommonUtils: 	at java.lang.Class.getDeclaredMethod(Class.java:2050)
03-07 12:31:01.594 10248  7735 E PhoneManager.VirusCommonUtils: 	at com.oplus.phonemanager.virusdetect.util.VirusCommonUtils$sendVirusToOplusPermission$1.invokeSuspend(VirusCommonUtils.kt:329)
03-07 12:31:01.594 10248  7735 E PhoneManager.VirusCommonUtils: 	at kotlin.coroutines.jvm.internal.BaseContinuationImpl.resumeWith(ContinuationImpl.kt:11)
03-07 12:31:01.594 10248  7735 E PhoneManager.VirusCommonUtils: 	at kotlinx.coroutines.DispatchedTask.run(DispatchedTask.kt:129)
03-07 12:31:01.594 10248  7735 E PhoneManager.VirusCommonUtils: 	at kotlinx.coroutines.internal.LimitedDispatcher$Worker.run(LimitedDispatcher.kt:4)
03-07 12:31:01.594 10248  7735 E PhoneManager.VirusCommonUtils: 	at kotlinx.coroutines.scheduling.TaskImpl.run(Tasks.kt:3)
03-07 12:31:01.594 10248  7735 E PhoneManager.VirusCommonUtils: 	at kotlinx.coroutines.scheduling.CoroutineScheduler.runSafely(CoroutineScheduler.kt:1)
03-07 12:31:01.594 10248  7735 E PhoneManager.VirusCommonUtils: 	at kotlinx.coroutines.scheduling.CoroutineScheduler$Worker.executeTask(CoroutineScheduler.kt:15)
03-07 12:31:01.594 10248  7735 E PhoneManager.VirusCommonUtils: 	at kotlinx.coroutines.scheduling.CoroutineScheduler$Worker.runWorker(CoroutineScheduler.kt:29)
03-07 12:31:01.594 10248  7735 E PhoneManager.VirusCommonUtils: 	at kotlinx.coroutines.scheduling.CoroutineScheduler$Worker.run(CoroutineScheduler.kt:1)
03-07 12:31:01.901  3273  3273 E OplusNecManagerHelper: com.oplus.nec.OplusNecManager.notifyOrigSignalStrengthChanged [class android.telephony.SignalStrength, int]
03-07 12:31:02.087  7647  7647 W SDLThread: type=1400 audit(0.0:213634): avc: granted { execute } for path="/data/data/com.jurnalsaham.jurnalsahamihsg/files/app/_python_bundle/modules/_socket.cpython-311.so" dev="sda14" ino=3568102 scontext=u:r:untrusted_app:s0:c5,c259,c512,c768 tcontext=u:object_r:app_data_file:s0:c5,c259,c512,c768 tclass=file app=com.lazada.android
03-07 12:31:02.087  7647  7647 W SDLThread: type=1400 audit(0.0:213635): avc: granted { execute } for path="/data/data/com.jurnalsaham.jurnalsahamihsg/files/app/_python_bundle/modules/array.cpython-311.so" dev="sda14" ino=3568758 scontext=u:r:untrusted_app:s0:c5,c259,c512,c768 tcontext=u:object_r:app_data_file:s0:c5,c259,c512,c768 tclass=file app=com.lazada.android
03-07 12:31:02.097  7647  7647 W SDLThread: type=1400 audit(0.0:213636): avc: granted { execute } for path="/data/data/com.jurnalsaham.jurnalsahamihsg/files/app/_python_bundle/modules/_ssl.cpython-311.so" dev="sda14" ino=3568204 scontext=u:r:untrusted_app:s0:c5,c259,c512,c768 tcontext=u:object_r:app_data_file:s0:c5,c259,c512,c768 tclass=file app=com.lazada.android
03-07 12:31:02.107  7647  7647 W SDLThread: type=1400 audit(0.0:213637): avc: granted { execute } for path="/data/data/com.jurnalsaham.jurnalsahamihsg/files/app/_python_bundle/modules/binascii.cpython-311.so" dev="sda14" ino=3568791 scontext=u:r:untrusted_app:s0:c5,c259,c512,c768 tcontext=u:object_r:app_data_file:s0:c5,c259,c512,c768 tclass=file app=com.lazada.android
03-07 12:31:02.107  7647  7647 W SDLThread: type=1400 audit(0.0:213638): avc: granted { execute } for path="/data/data/com.jurnalsaham.jurnalsahamihsg/files/app/_python_bundle/modules/_contextvars.cpython-311.so" dev="sda14" ino=3566595 scontext=u:r:untrusted_app:s0:c5,c259,c512,c768 tcontext=u:object_r:app_data_file:s0:c5,c259,c512,c768 tclass=file app=com.lazada.android
03-07 12:31:02.162  7647  7764 I python  : [INFO   ] [Factory     ] 195 symbols loaded
03-07 12:31:02.392  7647  7764 I python  : [INFO   ] [Image       ] Providers: img_tex, img_dds, img_sdl2 (img_pil, img_ffpyplayer ignored)
03-07 12:31:02.421  7647  7764 I python  : [INFO   ] [Text        ] Provider: sdl2
03-07 12:31:02.453  7647  7764 I python  : [INFO   ] [Window      ] Provider: sdl2
03-07 12:31:02.466  7647  7764 V hidapi  : initialize(true, false)
03-07 12:31:02.470  7647  7764 E libEGL  : Invalid file path for libcolorx-loader.so
03-07 12:31:02.471  7647  7764 I chatty  : uid=10773(com.jurnalsaham.jurnalsahamihsg) SDLThread identical 8 lines
03-07 12:31:02.471  7647  7764 E libEGL  : Invalid file path for libcolorx-loader.so
03-07 12:31:02.471  7647  7764 V SDL     : setOrientation() requestedOrientation=1 width=800 height=600 resizable=true hint=Portrait
03-07 12:31:02.472  7647  7764 E libEGL  : Invalid file path for libcolorx-loader.so
03-07 12:31:02.473  7647  7764 I SDL/APP : pixel format wanted SDL_PIXELFORMAT_RGBA8888 (1), got SDL_PIXELFORMAT_RGBA8888 (1)
03-07 12:31:02.473  7647  7764 E libEGL  : Invalid file path for libcolorx-loader.so
03-07 12:31:02.474  7647  7764 I chatty  : uid=10773(com.jurnalsaham.jurnalsahamihsg) SDLThread identical 1 line
03-07 12:31:02.474  7647  7764 E libEGL  : Invalid file path for libcolorx-loader.so
03-07 12:31:02.475  7647  7764 I python  : [INFO   ] [GL          ] Using the "OpenGL ES 2" graphics system
03-07 12:31:02.475  7647  7764 E libEGL  : Invalid file path for libcolorx-loader.so
03-07 12:31:02.480  7647  7764 I chatty  : uid=10773(com.jurnalsaham.jurnalsahamihsg) SDLThread identical 127 lines
03-07 12:31:02.480  7647  7764 E libEGL  : Invalid file path for libcolorx-loader.so
03-07 12:31:02.480  7647  7764 I python  : [INFO   ] [GL          ] Backend used <sdl2>
03-07 12:31:02.480  7647  7764 I python  : [INFO   ] [GL          ] OpenGL version <b'OpenGL ES 3.2 V@0502.0 (GIT@5af5ff1, Iff02ff076a, 1609853540) (Date:01/05/21)'>
03-07 12:31:02.480  7647  7764 I python  : [INFO   ] [GL          ] OpenGL vendor <b'Qualcomm'>
03-07 12:31:02.481  7647  7764 I python  : [INFO   ] [GL          ] OpenGL renderer <b'Adreno (TM) 616'>
03-07 12:31:02.481  7647  7764 I python  : [INFO   ] [GL          ] OpenGL parsed version: 3, 2
03-07 12:31:02.481  7647  7764 I python  : [INFO   ] [GL          ] Texture max size <16384>
03-07 12:31:02.481  7647  7764 I python  : [INFO   ] [GL          ] Texture max units <16>
03-07 12:31:02.484  1823  5650 D OppoDisplayPolicy: com.jurnalsaham.jurnalsahamihsg, no change cutoutMode: 0
03-07 12:31:02.487  1823  2211 D DisplayPowerController: Animating brightness: target=977.0, rate=3200.0, source= 10
03-07 12:31:02.489  1823  2011 D PowerManagerService: setScreenBrightnessOverrideFromWindowManagerInternal brightness=NaN mScreenBrightnessOverrideFromWindowManager=NaN
03-07 12:31:02.491  1823  2211 D OplusDisplayPowerControllerFeature: RECORD:onUpdatePowerState policy:3 state:2 brightness:977
03-07 12:31:02.499  1823  2626 W LightsService: setBrightness brightness: 37.0, brightnessMode:0
03-07 12:31:02.501  1823  4211 D OppoDisplayPolicy: com.jurnalsaham.jurnalsahamihsg, no change cutoutMode: 0
03-07 12:31:02.510  1823  2011 D PowerManagerService: setScreenBrightnessOverrideFromWindowManagerInternal brightness=NaN mScreenBrightnessOverrideFromWindowManager=NaN
03-07 12:31:02.511  1823  2626 D OplusFeatureDCBacklight: notifySfRepaintEverything begin mCurrentDCMode:-1
03-07 12:31:02.516  4122  4263 D AudioManager: getStreamVolume packageName=com.instagram.barcelona, index=5, streamType=3
03-07 12:31:02.517 32224 29126 D AudioManager: getStreamVolume packageName=com.facebook.katana, index=0, streamType=1
03-07 12:31:02.517  1823  2626 W LightsService: setBrightness brightness: 91.0, brightnessMode:0
03-07 12:31:02.520  1823  2626 D OplusFeatureDCBacklight: notifySfRepaintEverything begin mCurrentDCMode:-1
03-07 12:31:02.523  4122  4263 D AudioManager: getStreamVolume packageName=com.instagram.barcelona, index=5, streamType=3
03-07 12:31:02.524 32224 29126 D AudioManager: getStreamVolume packageName=com.facebook.katana, index=0, streamType=1
03-07 12:31:02.527  7647  7764 I python  : [INFO   ] [Window      ] auto add sdl2 input provider
03-07 12:31:02.528  7647  7764 I python  : [INFO   ] [Window      ] virtual keyboard not allowed, single mode, not docked
03-07 12:31:02.533  1823  2626 W LightsService: setBrightness brightness: 144.0, brightnessMode:0
03-07 12:31:02.536  1823  2626 D OplusFeatureDCBacklight: notifySfRepaintEverything begin mCurrentDCMode:-1
03-07 12:31:02.538  7647  7764 I python  : [desktop_app.py.bak] UI build: Top10 subnav includes Analisis
03-07 12:31:02.538  4122  4263 D AudioManager: getStreamVolume packageName=com.instagram.barcelona, index=5, streamType=3
03-07 12:31:02.539 32224 29126 D AudioManager: getStreamVolume packageName=com.facebook.katana, index=0, streamType=1
03-07 12:31:02.549  1823  2626 W LightsService: setBrightness brightness: 198.0, brightnessMode:0
03-07 12:31:02.553  1823  2626 D OplusFeatureDCBacklight: notifySfRepaintEverything begin mCurrentDCMode:-1
03-07 12:31:02.557  4122  4263 D AudioManager: getStreamVolume packageName=com.instagram.barcelona, index=5, streamType=3
03-07 12:31:02.558 32224 29126 D AudioManager: getStreamVolume packageName=com.facebook.katana, index=0, streamType=1
03-07 12:31:02.566  1823  2626 D ScreenMode: enter DC and low brightness mode:false
03-07 12:31:02.567  1823  2626 W LightsService: setBrightness brightness: 251.0, brightnessMode:0
03-07 12:31:02.568  1823  2011 D PowerManagerService: setScreenBrightnessOverrideFromWindowManagerInternal brightness=NaN mScreenBrightnessOverrideFromWindowManager=NaN
03-07 12:31:02.570  1150  1231 D DispPerfService: getHwcRefreshRate,2773, check hwc mode fail, mode=-22
03-07 12:31:02.570  1150  1231 D DispPerfService: AIRefreshRate close 0,2
03-07 12:31:02.570  1150  1150 D OppoExSurfaceFlinger: RESOLUTIONSWITCH get resolution (1080, 2340) for config 0 !
03-07 12:31:02.571  1823  2626 D OppoBaseLightsService: notifyFlingerLight color=251code=21005
03-07 12:31:02.572  1823  2626 D OplusFeatureDCBacklight: notifySfRepaintEverything begin mCurrentDCMode:-1
03-07 12:31:02.570  1150  1150 I chatty  : uid=1000(system) /system/bin/surfaceflinger identical 1 line
03-07 12:31:02.570  1150  1150 D OppoExSurfaceFlinger: RESOLUTIONSWITCH get resolution (1080, 2340) for config 0 !
03-07 12:31:02.575  4122  4263 D AudioManager: getStreamVolume packageName=com.instagram.barcelona, index=5, streamType=3
03-07 12:31:02.576 32224 29126 D AudioManager: getStreamVolume packageName=com.facebook.katana, index=0, streamType=1
03-07 12:31:02.582  1823  2626 W LightsService: setBrightness brightness: 304.0, brightnessMode:0
03-07 12:31:02.588  4122  4263 D AudioManager: getStreamVolume packageName=com.instagram.barcelona, index=5, streamType=3
03-07 12:31:02.589 32224 29126 D AudioManager: getStreamVolume packageName=com.facebook.katana, index=0, streamType=1
03-07 12:31:02.599  1823  2626 W LightsService: setBrightness brightness: 358.0, brightnessMode:0
03-07 12:31:02.607 32224 29126 D AudioManager: getStreamVolume packageName=com.facebook.katana, index=0, streamType=1
03-07 12:31:02.608  4122  4263 D AudioManager: getStreamVolume packageName=com.instagram.barcelona, index=5, streamType=3
03-07 12:31:02.616  1823  2626 W LightsService: setBrightness brightness: 411.0, brightnessMode:0
03-07 12:31:02.624 32224 29126 D AudioManager: getStreamVolume packageName=com.facebook.katana, index=0, streamType=1
03-07 12:31:02.625  4122  4263 D AudioManager: getStreamVolume packageName=com.instagram.barcelona, index=5, streamType=3
03-07 12:31:02.633  1823  2626 W LightsService: setBrightness brightness: 465.0, brightnessMode:0
03-07 12:31:02.645 32224 29126 D AudioManager: getStreamVolume packageName=com.facebook.katana, index=0, streamType=1
03-07 12:31:02.647  4122  4263 D AudioManager: getStreamVolume packageName=com.instagram.barcelona, index=5, streamType=3
03-07 12:31:02.650  1823  2626 W LightsService: setBrightness brightness: 518.0, brightnessMode:0
03-07 12:31:02.660 32224 29126 D AudioManager: getStreamVolume packageName=com.facebook.katana, index=0, streamType=1
03-07 12:31:02.662  4122  4263 D AudioManager: getStreamVolume packageName=com.instagram.barcelona, index=5, streamType=3
03-07 12:31:02.666  1823  2626 W LightsService: setBrightness brightness: 572.0, brightnessMode:0
03-07 12:31:02.675 32224 29126 D AudioManager: getStreamVolume packageName=com.facebook.katana, index=0, streamType=1
03-07 12:31:02.677  4122  4263 D AudioManager: getStreamVolume packageName=com.instagram.barcelona, index=5, streamType=3
03-07 12:31:02.683  1823  2626 W LightsService: setBrightness brightness: 625.0, brightnessMode:0
03-07 12:31:02.691 32224 29126 D AudioManager: getStreamVolume packageName=com.facebook.katana, index=0, streamType=1
03-07 12:31:02.693  4122  4263 D AudioManager: getStreamVolume packageName=com.instagram.barcelona, index=5, streamType=3
03-07 12:31:02.699  1823  2626 W LightsService: setBrightness brightness: 679.0, brightnessMode:0
03-07 12:31:02.707  4122  4263 D AudioManager: getStreamVolume packageName=com.instagram.barcelona, index=5, streamType=3
03-07 12:31:02.708 32224 29126 D AudioManager: getStreamVolume packageName=com.facebook.katana, index=0, streamType=1
03-07 12:31:02.716  1823  2626 W LightsService: setBrightness brightness: 732.0, brightnessMode:0
03-07 12:31:02.725 32224 29126 D AudioManager: getStreamVolume packageName=com.facebook.katana, index=0, streamType=1
03-07 12:31:02.731  4122  4263 D AudioManager: getStreamVolume packageName=com.instagram.barcelona, index=5, streamType=3
03-07 12:31:02.733  1823  2626 W LightsService: setBrightness brightness: 786.0, brightnessMode:0
03-07 12:31:02.746  4122  4263 D AudioManager: getStreamVolume packageName=com.instagram.barcelona, index=5, streamType=3
03-07 12:31:02.747 32224 29126 D AudioManager: getStreamVolume packageName=com.facebook.katana, index=0, streamType=1
03-07 12:31:02.749  1823  2626 W LightsService: setBrightness brightness: 840.0, brightnessMode:0
03-07 12:31:02.765  1823  2626 W LightsService: setBrightness brightness: 893.0, brightnessMode:0
03-07 12:31:02.783  1823  2626 W LightsService: setBrightness brightness: 947.0, brightnessMode:0
03-07 12:31:02.792 20101 20332 E Parcel  : Reading a NULL string not supported here.
03-07 12:31:02.794  4122  4263 D AudioManager: getStreamVolume packageName=com.instagram.barcelona, index=5, streamType=3
03-07 12:31:02.795 20101 20332 E Parcel  : Reading a NULL string not supported here.
03-07 12:31:02.796 32224 29126 D AudioManager: getStreamVolume packageName=com.facebook.katana, index=0, streamType=1
03-07 12:31:02.797 20101 20332 E Parcel  : Reading a NULL string not supported here.
03-07 12:31:02.799  1823  2626 W LightsService: setBrightness brightness: 977.0, brightnessMode:0
03-07 12:31:02.799  1823  2211 D DisplayPowerController: Animating brightness: target=977.0, rate=3200.0, source= 10
03-07 12:31:02.798 20101 20332 I chatty  : uid=10550(com.coloros.gamespace) pool-7-thread-1 identical 1 line
03-07 12:31:02.800 20101 20332 E Parcel  : Reading a NULL string not supported here.
03-07 12:31:02.800 32224 29126 D AudioManager: getStreamVolume packageName=com.facebook.katana, index=0, streamType=1
03-07 12:31:02.801 20101 20332 E Parcel  : Reading a NULL string not supported here.
03-07 12:31:02.801  4122  4263 D AudioManager: getStreamVolume packageName=com.instagram.barcelona, index=5, streamType=3
03-07 12:31:02.803 20101 20332 E Parcel  : Reading a NULL string not supported here.
03-07 12:31:02.804 20101 20332 I chatty  : uid=10550(com.coloros.gamespace) pool-7-thread-1 identical 1 line
03-07 12:31:02.806 20101 20332 E Parcel  : Reading a NULL string not supported here.
03-07 12:31:02.807  4398  4438 E horae   : 0: back:31900,frame:31900,front:31900,  +(0), 1 ,31900
03-07 12:31:02.807 20101 20332 E Parcel  : Reading a NULL string not supported here.
03-07 12:31:02.808  4122  4263 D AudioManager: getStreamVolume packageName=com.instagram.barcelona, index=5, streamType=3
03-07 12:31:02.810 32224 29126 D AudioManager: getStreamVolume packageName=com.facebook.katana, index=0, streamType=1
03-07 12:31:02.811  4122  4263 D AudioManager: getStreamVolume packageName=com.instagram.barcelona, index=5, streamType=3
03-07 12:31:02.812 20101 20332 E Parcel  : Reading a NULL string not supported here.
03-07 12:31:02.815 20101 20332 E Parcel  : Reading a NULL string not supported here.
03-07 12:31:02.814  3379  3402 D OplusNotificationManager: getOpenid--pkg:com.coloros.gamespace,uid:10550,type:GUID
03-07 12:31:02.815 19068 19106 E OpenID  : com.coloros.gamespace:GUID:ret:T
03-07 12:31:02.817 20101 20332 E Parcel  : Reading a NULL string not supported here.
03-07 12:31:02.818 20101 20238 E Parcel  : Reading a NULL string not supported here.
03-07 12:31:02.819 20101 20332 E Parcel  : Reading a NULL string not supported here.
03-07 12:31:02.820  7647  7764 I python  : [ERROR  ] [[Nav] switch_tab failed idx=0] name '_autosize_button_to_text' is not defined
03-07 12:31:02.820  7647  7764 I python  : Traceback (most recent call last):
03-07 12:31:02.820  7647  7764 I python  :   File "/Users/donnytakeshi/Documents/jurnal-saham-ihsg/.buildozer/android/app/desktop_app_bak.py", line 9804, in switch_tab
03-07 12:31:02.820  7647  7764 I python  :   File "/Users/donnytakeshi/Documents/jurnal-saham-ihsg/.buildozer/android/app/desktop_app_bak.py", line 1131, in __init__
03-07 12:31:02.820  7647  7764 I python  : NameError: name '_autosize_button_to_text' is not defined
03-07 12:31:02.821 20101 20332 E Parcel  : Reading a NULL string not supported here.
03-07 12:31:02.822 20101 20238 E Parcel  : Reading a NULL string not supported here.
03-07 12:31:02.825 20101 20238 E Parcel  : Reading a NULL string not supported here.
03-07 12:31:02.825 20101 20332 E Parcel  : Reading a NULL string not supported here.
03-07 12:31:02.827 20101 20238 E Parcel  : Reading a NULL string not supported here.
03-07 12:31:02.829 20101 20332 E Parcel  : Reading a NULL string not supported here.
03-07 12:31:02.829  7647  7764 I python  : [WARNING] [Base        ] Unknown <android> provider
03-07 12:31:02.830  7647  7764 I python  : [INFO   ] [Base        ] Start application main loop
03-07 12:31:02.831 20101 20238 E Parcel  : Reading a NULL string not supported here.
03-07 12:31:02.833 20101 20332 E Parcel  : Reading a NULL string not supported here.
03-07 12:31:02.833  1823  3013 D OppoDisplayPolicy: com.jurnalsaham.jurnalsahamihsg, no change cutoutMode: 0
03-07 12:31:02.835 20101 20238 E Parcel  : Reading a NULL string not supported here.
03-07 12:31:02.835  7647  7764 I python  : [INFO   ] [GL          ] NPOT texture support is available
03-07 12:31:02.836 20101 20332 E Parcel  : Reading a NULL string not supported here.
03-07 12:31:02.838 20101 20238 E Parcel  : Reading a NULL string not supported here.
03-07 12:31:02.840  1823  2011 D PowerManagerService: setScreenBrightnessOverrideFromWindowManagerInternal brightness=NaN mScreenBrightnessOverrideFromWindowManager=NaN
03-07 12:31:02.846  1823  2751 I ColorAppSwitchManagerService: appswitch registerAppSwitchObserver pName = com@@coloros@@gamespace observer = com.oplus.app.IOplusAppSwitchObserver$Stub$Proxy@3de2b0d config = OplusAppSwitchConfig = {  mConfigs = {2=[TOM@@android@@printspooler, app@@signal@@id, TOM@@dafturn@@mypertamina, TOM@@google@@ar@@core, TOM@@CO@@blacklistapp, TOM@@qualTOMm@@qti@@poweroffalarm, TOM@@wapi@@wapicertmanage, TOM@@android@@wallpaper@@livepicker, TOM@@wakeup@@howear, TOM@@android@@internal@@systemui@@navbar@@gestural_narrow_back, TOM@@google@@android@@cellbroadcastservice, TOM@@android@@providers@@telephony, TOM@@android@@contacts, TOM@@google@@android@@partnersetup, TOM@@google@@android@@safetycenter@@resources, TOM@@google@@android@@tts, TOM@@CO@@phonemanager, TOM@@tuya@@smartlife, TOM@@dupoin@@indonesia, id@@dana, org@@schabi@@newpipe, TOM@@oplus@@onetrace, TOM@@instagram@@barcelona, TOM@@google@@android@@ext@@shared, TOM@@android@@cts@@ctsshim, TOM@@OP@@OPpowermonitor, TOM@@android@@mtp, TOM@@color@@uiengine, TOM@@google@@android@@connectivity@@resources, TOM@@OP@@atlas, TOM@@android@@email@@partnerprovider, TOM@@ebay@@mobile, TOM@@canva@@editor, TOM@@android@@wifi@@resources@@overlay@@target, TOM@@CO@@weather2, umito@@android@@minipiano, TOM@@qualTOMm@@qti@@modemtestmode, TOM@@CO@@onekeylockscreen, TOM@@android@@carrierdefaultapp, TOM@@CO@@bootreg, TOM@@android@@internal@@systemui@@navbar@@gestural_extra_wide_back, TOM@@google@@android@@overlay@@gmsconfig@@TOMms, TOM@@CO@@screenshot, TOM@@CO@@weather@@service, TOM@@android@@theme@@icon@@squircle, org@@codeaurora@@ims, TOM@@dsi@@ant@@server, TOM@@android@@TOMpaniondevicemanager, TOM@@oplus@@customize@@coreapp, TOM@@google@@android@@cellbroadcastreceiver, TOM@@alibaba@@intl@@android@@apps@@poseidon, id@@go@@beacukai@@customer, TOM@@google@@android@@networkstack@@tethering, TOM@@chad@@financialrecord, TOM@@android@@theme@@icon_pack@@rounded@@themepicker, TOM@@niksoftware@@snapseed, TOM@@qualTOMm@@qcrilmsgtunnel, TOM@@android@@internal@@systemui@@navbar@@gestural_wide_back, TOM@@CO@@childrenspace, TOM@@google@@android@@overlay@@gmsconfig@@gsa, TOM@@marinetraffic@@android, TOM@@android@@theme@@icon_pack@@rounded@@launcher, TOM@@android@@shell, TOM@@qualTOMm@@embms, TOM@@ses@@entitlement@@o2, TOM@@android@@incallui, TOM@@brave@@browser, TOM@@android@@providers@@userdictionary, TOM@@google@@android@@gms@@location@@history, TOM@@google@@android@@apps@@googleassistant, TOM@@google@@android@@feedback, TOM@@android@@carrierconfig@@overlay@@TOMmon, TOM@@android@@theme@@icon_pack@@rounded@@systemui, TOM@@OP@@ota, TOM@@android@@settings@@intelligence, TOM@@bareksa@@app, TOM@@CO@@safecenter, TOM@@google@@android@@apps@@youtube@@music, TOM@@qualTOMm@@wfd@@service, TOM@@google@@android@@cellbroadcastservice@@overlay, TOM@@google@@android@@webview, TOM@@CO@@exsystemservice, TOM@@android@@theme@@icon_pack@@circular@@systemui, TOM@@msd@@JTClient, TOM@@qualTOMm@@qti@@simcontacts, TOM@@google@@android@@printservice@@reTOMmendation, TOM@@roblox@@client, TOM@@CO@@gallery3d, TOM@@android@@theme@@icon@@pebble, TOM@@qualTOMm@@qti@@server@@wigig@@tethering@@rro, facebook@@video@@downloader@@savefrom@@fb, TOM@@instastatistics@@app, TOM@@teacapps@@barcodescanner, TOM@@android@@externalstorage, TOM@@android@@wifi@@resources@@overlay@@TOMmon, TOM@@jurnalsaham@@jurnalsahamihsg, TOM@@CO@@wallpapers, TOM@@android@@cellbroadcastreceiver@@overlay@@TOMmon, TOM@@CO@@backuprestore, TOM@@android@@keychain, TOM@@CO@@logkit, TOM@@oplus@@location, TOM@@tokopedia@@sellerapp, TOM@@android@@managedprovisioning, oplus@@frameworkres@@overlay@@display@@product, TOM@@google@@android@@apps@@docs, TOM@@lazada@@android, rkh@@raising@@butterflies, TOM@@posindonesia@@giropos, TOM@@alibaba@@aliexpresshd, TOM@@etekcity@@vesyncplatform, TOM@@spotify@@music, TOM@@CO@@screenrecorder, TOM@@google@@android@@cellbroadcastreceiver@@overlay, TOM@@google@@android@@videos, TOM@@OPex@@afterservice, TOM@@google@@android@@marvin@@talkback, TOM@@heytap@@cast, TOM@@android@@theme@@color@@green, oplus, TOM@@android@@proxyhandle
03-07 12:31:02.846  1823  2751 I ColorAppSwitchStateDispatcher: registerAppSwitchObserver addDynamicListener OK, info = ColorAppSwitchRuleInfo = {  observer = com.oplus.app.IOplusAppSwitchObserver$Stub$Proxy@3de2b0d observerFingerPrint = 188405705} rule size =1
03-07 12:31:02.847  1823  3470 I ColorAppSwitchManagerService: appswitch unregisterAppSwitchObserver pkgName = com.coloros.gamespace config = OplusAppSwitchConfig = {  mConfigs = {} observerFingerPrint = 106516271}
03-07 12:31:02.847  1823  3470 I ColorAppSwitchStateDispatcher: unregisterAppSwitchObserver ok, pkgName = com.coloros.gamespace info = ColorAppSwitchRuleInfo = {  observer = null observerFingerPrint = 106516271}
03-07 12:31:02.842 20101 20238 E Parcel  : Reading a NULL string not supported here.
03-07 12:31:02.868  1823  3470 D OppoDisplayPolicy: com.jurnalsaham.jurnalsahamihsg, no change cutoutMode: 0
03-07 12:31:02.872  1823  2011 D PowerManagerService: setScreenBrightnessOverrideFromWindowManagerInternal brightness=NaN mScreenBrightnessOverrideFromWindowManager=NaN
03-07 12:31:02.874  1823  3470 W ActivityManager: setGlThreads detect 7647 7764
03-07 12:31:02.874  1150  1231 D DispPerfService: onframeavailable pid=7647, slot=0, seq=14870, name=com.jurnalsaham.jurnalsahamihsg:SurfaceView - com.jurnalsaham.jurnalsahamihsg/org.kivy.android.PythonActivity#0
03-07 12:31:03.308 21100 19500 I NearbyMediums: No BLE Fast/GATT advertisements found in the latest cycle.
03-07 12:31:03.308 21100 19500 I NearbyMediums: Current Tracked Scanning Clients are : {NearbyConnections.EnvironmentMonitor, NearbySharing}
03-07 12:31:03.344 20101 20305 E Parcel  : Reading a NULL string not supported here.
03-07 12:31:03.393 20101 20305 I chatty  : uid=10550(com.coloros.gamespace) pool-3-thread-3 identical 18 lines
03-07 12:31:03.605 20101 20305 E Parcel  : Reading a NULL string not supported here.
03-07 12:31:03.718 19906 20118 D HoraeHelper: getAllShellTemps tSize : 4
03-07 12:31:04.074  7647  7696 I jurnalsahamihs: ProcessProfilingInfo new_methods=139 is saved saved_to_disk=1 resolve_classes_delay=5000
03-07 12:31:04.083  1823  3152 I ColorResourcePreloadManager: getAiSlotMax, defaultAiSlotMax = 3
03-07 12:31:04.166  1134  2525 D AudioPolicyService: updateUidStates_l() allowCapture=true because of on TOP AND uses VOICE_RECOGNITION OR uses HOTWORD
03-07 12:31:04.166  1134  2525 D AudioPolicyService: updateUidStates_l() current->uid=10070 current->pid=17223 allowCapture=1 UidState=5 apmStat=1
03-07 12:31:04.166  1823  2537 W ActivityManager: Unable to start service Intent { cmp=com.coloros.phonemanager/.safejob.SafeCenterJobService (has extras) } U=0: not found
03-07 12:31:04.166  1823  2537 D JobScheduler: Error executing JobStatus{981795f #1000/2009201 com.coloros.phonemanager/.safejob.SafeCenterJobService u=0 s=10563 TIME=-3d7h54m9s106ms:-3d7h54m9s106ms PERIODIC PERSISTED READY}
03-07 12:31:04.171  1134  2525 D AudioPolicyService: updateUidStates_l() allowCapture=true because of on TOP AND uses VOICE_RECOGNITION OR uses HOTWORD
03-07 12:31:04.171  1134  2525 D AudioPolicyService: updateUidStates_l() current->uid=10070 current->pid=17223 allowCapture=1 UidState=5 apmStat=1
03-07 12:31:04.196  1134  2525 D AudioPolicyService: updateUidStates_l() allowCapture=true because of on TOP AND uses VOICE_RECOGNITION OR uses HOTWORD
03-07 12:31:04.196  1134  2525 D AudioPolicyService: updateUidStates_l() current->uid=10070 current->pid=17223 allowCapture=1 UidState=5 apmStat=1
03-07 12:31:04.197  1134  2525 D AudioPolicyService: updateUidStates_l() allowCapture=true because of on TOP AND uses VOICE_RECOGNITION OR uses HOTWORD
03-07 12:31:04.197  1134  2525 D AudioPolicyService: updateUidStates_l() current->uid=10070 current->pid=17223 allowCapture=1 UidState=5 apmStat=1
03-07 12:31:04.302  1823  2537 W ActivityManager: Unable to start service Intent { cmp=com.nearme.gamecenter/com.heytap.cdo.client.util.BatteryJobService (has extras) } U=0: not found
03-07 12:31:04.302  1823  2537 D JobScheduler: Error executing JobStatus{dc4f3b7 #u0a100/1 com.nearme.gamecenter/com.heytap.cdo.client.util.BatteryJobService u=0 s=10100 TIME=-3d7h54m9s252ms:-3d7h54m9s252ms CHARGING PERIODIC PERSISTED READY}
03-07 12:31:04.302  1823  2537 W ActivityManager: Unable to start service Intent { cmp=com.google.android.googlequicksearchbox/com.google.android.apps.gsa.tasks.BackgroundTasksJobService (has extras) } U=0: not found
03-07 12:31:04.302  1823  2537 D JobScheduler: Error executing JobStatus{f86bacb #u0a70/-358 com.google.android.googlequicksearchbox/com.google.android.apps.gsa.tasks.BackgroundTasksJobService u=0 s=10070 TIME=-3d7h54m9s249ms:-3d7h54m9s249ms NET CHARGING PERIODIC PERSISTED READY}
03-07 12:31:04.303  1823  2537 W ActivityManager: Unable to start service Intent { cmp=com.google.android.googlequicksearchbox/com.google.android.apps.gsa.tasks.BackgroundTasksJobService (has extras) } U=0: not found
03-07 12:31:04.303  1823  2537 D JobScheduler: Error executing JobStatus{f569997 #u0a70/-350 com.google.android.googlequicksearchbox/com.google.android.apps.gsa.tasks.BackgroundTasksJobService u=0 s=10070 TIME=-3d7h54m9s248ms:-3d7h54m9s248ms PERIODIC PERSISTED READY}
03-07 12:31:04.303  7603  7603 W ContextImpl: Calling a method in the system process without a qualified user: android.app.ContextImpl.startService:1717 android.content.ContextWrapper.startService:730 com.heytap.mcs.biz.statistics.StaticProcessTrackStatusManager.exitCurrentProcess:11 com.heytap.mcs.biz.statistics.StaticProcessTrackStatusManager$1.handleMessage:3 android.os.Handler.dispatchMessage:102 
03-07 12:31:04.303  1823  2537 W ActivityManager: Unable to start service Intent { cmp=com.google.android.googlequicksearchbox/com.google.android.apps.gsa.tasks.BackgroundTasksJobService (has extras) } U=0: not found
03-07 12:31:04.303  1823  2537 D JobScheduler: Error executing JobStatus{d19c8fd #u0a70/-446 com.google.android.googlequicksearchbox/com.google.android.apps.gsa.tasks.BackgroundTasksJobService u=0 s=10070 TIME=-3d7h54m9s248ms:-3d7h54m9s248ms NET PERIODIC PERSISTED READY}
03-07 12:31:04.304  1823  2537 W ActivityManager: Unable to start service Intent { cmp=com.google.android.googlequicksearchbox/com.google.android.apps.gsa.tasks.BackgroundTasksJobService (has extras) } U=0: not found
03-07 12:31:04.304  1823  2537 D JobScheduler: Error executing JobStatus{c759784 #u0a70/-462 com.google.android.googlequicksearchbox/com.google.android.apps.gsa.tasks.BackgroundTasksJobService u=0 s=10070 TIME=-3d7h54m9s248ms:-3d7h54m9s248ms PERIODIC PERSISTED READY}
03-07 12:31:04.304  1823  2537 W ActivityManager: Unable to start service Intent { cmp=com.google.android.googlequicksearchbox/com.google.android.apps.gsa.tasks.BackgroundTasksJobService (has extras) } U=0: not found
03-07 12:31:04.304  1823  2537 D JobScheduler: Error executing JobStatus{bc75a89 #u0a70/-484 com.google.android.googlequicksearchbox/com.google.android.apps.gsa.tasks.BackgroundTasksJobService u=0 s=10070 TIME=-3d7h54m9s251ms:-3d7h54m9s251ms NET CHARGING PERIODIC PERSISTED READY}
03-07 12:31:04.306  1823  2537 W ActivityManager: Unable to start service Intent { cmp=com.google.android.googlequicksearchbox/com.google.android.apps.gsa.tasks.BackgroundTasksJobService (has extras) } U=0: not found
03-07 12:31:04.306  1823  2537 D JobScheduler: Error executing JobStatus{bbef7f9 #u0a70/-202 com.google.android.googlequicksearchbox/com.google.android.apps.gsa.tasks.BackgroundTasksJobService u=0 s=10070 TIME=-3d7h54m9s251ms:-3d7h54m9s251ms NET CHARGING PERIODIC PERSISTED READY}
03-07 12:31:04.307  7603  7603 I Process : Sending signal. PID: 7603 SIG: 9
03-07 12:31:04.307  1823  2537 W ActivityManager: Unable to start service Intent { cmp=com.google.android.googlequicksearchbox/com.google.android.apps.gsa.tasks.BackgroundTasksJobService (has extras) } U=0: not found
03-07 12:31:04.307  1823  2537 D JobScheduler: Error executing JobStatus{8f2d1c1 #u0a70/-362 com.google.android.googlequicksearchbox/com.google.android.apps.gsa.tasks.BackgroundTasksJobService u=0 s=10070 TIME=-3d7h54m9s254ms:-3d7h54m9s254ms PERIODIC PERSISTED READY}
03-07 12:31:04.308  1823  2537 W ActivityManager: Unable to start service Intent { cmp=com.google.android.googlequicksearchbox/com.google.android.apps.gsa.tasks.BackgroundTasksJobService (has extras) } U=0: not found
03-07 12:31:04.308  1823  2537 D JobScheduler: Error executing JobStatus{8bedc16 #u0a70/-148 com.google.android.googlequicksearchbox/com.google.android.apps.gsa.tasks.BackgroundTasksJobService u=0 s=10070 TIME=-3d7h54m9s254ms:-3d7h54m9s254ms NET PERIODIC PERSISTED READY}
03-07 12:31:04.309  1823  2537 W ActivityManager: Unable to start service Intent { cmp=com.google.android.googlequicksearchbox/com.google.android.apps.gsa.tasks.BackgroundTasksJobService (has extras) } U=0: not found
03-07 12:31:04.309  1823  2537 D JobScheduler: Error executing JobStatus{7b956ec #u0a70/-324 com.google.android.googlequicksearchbox/com.google.android.apps.gsa.tasks.BackgroundTasksJobService u=0 s=10070 TIME=-3d7h54m9s255ms:-3d7h54m9s255ms CHARGING PERIODIC PERSISTED READY}
03-07 12:31:04.310  1823  2537 W ActivityManager: Unable to start service Intent { cmp=com.google.android.googlequicksearchbox/com.google.android.apps.gsa.tasks.BackgroundTasksJobService (has extras) } U=0: not found
03-07 12:31:04.310  1823  2537 D JobScheduler: Error executing JobStatus{6c4a3a2 #u0a70/-128 com.google.android.googlequicksearchbox/com.google.android.apps.gsa.tasks.BackgroundTasksJobService u=0 s=10070 TIME=-3d7h54m9s254ms:-3d7h54m9s254ms NET PERIODIC PERSISTED READY}
03-07 12:31:04.310  1823  2537 W ActivityManager: Unable to start service Intent { cmp=com.google.android.googlequicksearchbox/com.google.android.apps.gsa.tasks.BackgroundTasksJobService (has extras) } U=0: not found
03-07 12:31:04.310  1823  2537 D JobScheduler: Error executing JobStatus{653eb6d #u0a70/-406 com.google.android.googlequicksearchbox/com.google.android.apps.gsa.tasks.BackgroundTasksJobService u=0 s=10070 TIME=-3d7h54m9s255ms:-3d7h54m9s255ms NET PERIODIC PERSISTED READY}
03-07 12:31:04.311  1823  2537 W ActivityManager: Unable to start service Intent { cmp=com.google.android.googlequicksearchbox/com.google.android.apps.gsa.tasks.BackgroundTasksJobService (has extras) } U=0: not found
03-07 12:31:04.311  1823  2537 D JobScheduler: Error executing JobStatus{3ed959f #u0a70/-480 com.google.android.googlequicksearchbox/com.google.android.apps.gsa.tasks.BackgroundTasksJobService u=0 s=10070 TIME=-3d7h54m9s256ms:-3d7h54m9s256ms NET PERIODIC PERSISTED READY}
03-07 12:31:04.312  1823  2537 W ActivityManager: Unable to start service Intent { cmp=com.google.android.googlequicksearchbox/com.google.android.apps.gsa.tasks.BackgroundTasksJobService (has extras) } U=0: not found
03-07 12:31:04.312  1823  2537 D JobScheduler: Error executing JobStatus{1c8a2af #u0a70/-486 com.google.android.googlequicksearchbox/com.google.android.apps.gsa.tasks.BackgroundTasksJobService u=0 s=10070 TIME=-3d7h54m9s259ms:-3d7h54m9s259ms NET PERIODIC PERSISTED READY}
03-07 12:31:04.313  1823  2537 W ActivityManager: Unable to start service Intent { cmp=com.google.android.googlequicksearchbox/com.google.android.apps.gsa.tasks.BackgroundTasksJobService (has extras) } U=0: not found
03-07 12:31:04.313  1823  2537 D JobScheduler: Error executing JobStatus{1c21645 #u0a70/-352 com.google.android.googlequicksearchbox/com.google.android.apps.gsa.tasks.BackgroundTasksJobService u=0 s=10070 TIME=-3d7h54m9s259ms:-3d7h54m9s259ms NET PERIODIC PERSISTED READY}
03-07 12:31:04.314  1823  2537 W ActivityManager: Unable to start service Intent { cmp=com.google.android.googlequicksearchbox/com.google.android.apps.gsa.tasks.BackgroundTasksJobService (has extras) } U=0: not found
03-07 12:31:04.314  1823  2537 D JobScheduler: Error executing JobStatus{cab19a #u0a70/-370 com.google.android.googlequicksearchbox/com.google.android.apps.gsa.tasks.BackgroundTasksJobService u=0 s=10070 TIME=-3d7h54m9s260ms:-3d7h54m9s260ms NET CHARGING PERIODIC PERSISTED READY}
03-07 12:31:04.315  1823  2537 W ActivityManager: Unable to start service Intent { cmp=com.google.android.googlequicksearchbox/com.google.android.apps.gsa.tasks.BackgroundTasksJobService (has extras) } U=0: not found
03-07 12:31:04.315  1823  2537 D JobScheduler: Error executing JobStatus{6d7a8e #u0a70/-256 com.google.android.googlequicksearchbox/com.google.android.apps.gsa.tasks.BackgroundTasksJobService u=0 s=10070 TIME=-3d7h54m9s262ms:-3d7h54m9s262ms NET CHARGING PERIODIC PERSISTED READY}
03-07 12:31:04.315  1823  2537 W ActivityManager: Unable to start service Intent { cmp=com.coloros.deepthinker/com.coloros.proton.learn.schedule.TrainJobService (has extras) } U=0: not found
03-07 12:31:04.315  1823  2537 D JobScheduler: Error executing JobStatus{e63504a #1000/648162385 com.coloros.deepthinker/com.coloros.proton.learn.schedule.TrainJobService u=0 s=1000 TIME=-3d7h54m9s233ms:-3d7h54m9s233ms PERSISTED READY}
03-07 12:31:04.352  1823  3013 D DisplayManagerService: Display listener for pid 7603 died.
03-07 12:31:04.352  1823  2751 I ActivityManager: Process com.heytap.mcs.statistics (pid 7603) has died: svcb SVC 
03-07 12:31:04.354  1823  2751 W ContextImpl: Calling a method in the system process without a qualified user: android.app.ContextImpl.sendBroadcast:1159 com.android.server.am.OppoExtraActivityManagerService.setKeyLockModeNormal:51 com.android.server.am.ActivityManagerService.appDiedLocked:4314 com.android.server.am.ActivityManagerService$AppDeathRecipient.binderDied:1783 android.os.IBinder$DeathRecipient.binderDied:305 
03-07 12:31:04.357   919   919 I Zygote  : Process 7603 exited due to signal 9 (Killed)
03-07 12:31:04.357 21515 21515 I ActivityThread: Removing dead content provider:android.content.ContentProviderProxy@1ba6e47
03-07 12:31:04.361  1823  2150 I libprocessgroup: Successfully killed process cgroup uid 1000 pid 7603 in 8ms
03-07 12:31:04.366  1823  1823 I OppoPhoneWindowManager: KeyLockModeReceiver KeyLockMode: 0 ProcessName: com.heytap.mcs.statistics
03-07 12:31:04.366  1823  4211 D ConnectivityService: ConnectivityService NetworkRequestInfo binderDied(NetworkRequest [ TRACK_DEFAULT id=18777, [ Capabilities: INTERNET&NOT_RESTRICTED&TRUSTED Uid: 1000 AdministratorUids: [] RequestorUid: 1000 RequestorPackageName: com.heytap.mcs] ], android.os.BinderProxy@73e4ed3)
03-07 12:31:04.367  1823  2512 D ConnectivityService: releasing NetworkRequest [ TRACK_DEFAULT id=18777, [ Capabilities: INTERNET&NOT_RESTRICTED&TRUSTED Uid: 1000 AdministratorUids: [] RequestorUid: 1000 RequestorPackageName: com.heytap.mcs] ] (release request)
03-07 12:31:04.512  1823  1834 I system_server: Background young concurrent copying GC freed 402153(28MB) AllocSpace objects, 124(6156KB) LOS objects, 18% free, 102MB/126MB, paused 893us total 144.599ms
03-07 12:31:04.523  1823  1836 W System  : A resource failed to call release. 
03-07 12:31:04.524  1823  1836 I chatty  : uid=1000(system) FinalizerDaemon identical 17 lines
03-07 12:31:04.524  1823  1836 W System  : A resource failed to call release. 
03-07 12:31:04.526  1150  1150 D OppoExLayer: ~Layer() sequence=14851, name=Surface(name=2213480 InputMethod)/@0x60f9efe - animation-leash#0@0x7464e68000
03-07 12:31:05.573  1150  1150 D OppoExSurfaceFlinger: RESOLUTIONSWITCH get resolution (1080, 2340) for config 0 !
03-07 12:31:05.573  1150  1150 I chatty  : uid=1000(system) /system/bin/surfaceflinger identical 1 line
03-07 12:31:05.573  1150  1150 D OppoExSurfaceFlinger: RESOLUTIONSWITCH get resolution (1080, 2340) for config 0 !
03-07 12:31:06.610  3273  3273 E OplusNecManagerHelper: com.oplus.nec.OplusNecManager.notifyOrigSignalStrengthChanged [class android.telephony.SignalStrength, int]
03-07 12:31:07.077  7564  7564 W kworker/0:0: type=1400 audit(0.0:213687): avc: denied { write } for name="oplus_charge" dev="sda14" ino=2359300 scontext=u:r:kernel:s0 tcontext=u:object_r:system_data_file:s0 tclass=dir permissive=0
03-07 12:31:07.105  1823  5816 D BatteryLed: getLightInColorState, oppoLightMgr empty!
03-07 12:31:07.405  9907 10636 E Parcel  : Reading a NULL string not supported here.
03-07 12:31:07.406  1134  2525 D AudioPolicyService: updateUidStates_l() allowCapture=true because of on TOP AND uses VOICE_RECOGNITION OR uses HOTWORD
03-07 12:31:07.406  1134  2525 D AudioPolicyService: updateUidStates_l() current->uid=10070 current->pid=17223 allowCapture=1 UidState=5 apmStat=1
03-07 12:31:07.407  1823  2537 W ActivityManager: Unable to start service Intent { cmp=com.coloros.phonemanager/.safejob.SafeCenterJobService (has extras) } U=0: not found
03-07 12:31:07.407  1823  2537 D JobScheduler: Error executing JobStatus{981795f #1000/2009201 com.coloros.phonemanager/.safejob.SafeCenterJobService u=0 s=10563 TIME=-3d7h54m12s346ms:-3d7h54m12s346ms PERIODIC PERSISTED READY}
03-07 12:31:07.766  1823  3470 W ActivityManager: Permission Denial: opening provider com.coloros.securitypermission.common.provider.PermissionProvider from ProcessRecord{da37d16 4689:android.process.acore/u0a22} (pid=4689, uid=10022) requires com.oppo.permission.safe.SECURITY or com.oppo.permission.safe.SECURITY
03-07 12:31:07.875  4689 11564 E OppoPrivacyProtectUtil: checkPrivacyProtect error.
03-07 12:31:07.998  3273  3273 E OplusNecManagerHelper: com.oplus.nec.OplusNecManager.notifyOrigSignalStrengthChanged [class android.telephony.SignalStrength, int]
03-07 12:31:08.097  9907 10636 E Parcel  : Reading a NULL string not supported here.
03-07 12:31:08.181  3486 14097 D androidtc: Initializing SystemTextClassifier, type = System
03-07 12:31:08.206  3294   748 W Launcher.BadgeProvider: call method = setAppBadgeCount ,argsnull
03-07 12:31:08.271  1823  2549 D JobScheduler.Temperature: get temperature=31.9
03-07 12:31:08.394  1823  1823 D NotificationService: 0|com.whatsapp|1|iFL57Vo82WnWfw06d6Ji/sbu7lNGPxy+GqQypkRH06E=
03-07 12:31:08.394  1823  1823 D NotificationService: |10000: granting content://settings/system/notification_sound
03-07 12:31:08.419  1823  1823 D AudioManager: getStreamVolume packageName=android, index=0, streamType=5
03-07 12:31:08.404  1823  1823 I chatty  : uid=1000 system_server identical 6 lines
03-07 12:31:08.405  1823  1823 D NotificationService: 0|com.whatsapp|1|iFL57Vo82WnWfw06d6Ji/sbu7lNGPxy+GqQypkRH06E=
03-07 12:31:08.405  1823  1823 D NotificationService: |10000: granting content://settings/system/notification_sound
03-07 12:31:08.422  1823  1823 D NotificationService: 0|com.whatsapp|1|null|10000: granting content://settings/system/notification_sound
03-07 12:31:08.428  1823  1823 I chatty  : uid=1000 system_server identical 6 lines
03-07 12:31:08.429  1823  1823 D NotificationService: 0|com.whatsapp|1|null|10000: granting content://settings/system/notification_sound
03-07 12:31:08.454  1823  2751 D OppoUserManagerService: getMultiSystemUserId  res = -10000
03-07 12:31:08.477 19906 20131 D HoraeHelper: getAllShellTemps tSize : 4
03-07 12:31:08.477 19906 20131 D HoraeHelper: Thermal length:1
03-07 12:31:08.496 23340 23340 D InterruptionStateProvider: No alerting: suppressed due to group alert behavior
03-07 12:31:08.500  1823  3013 D OppoUserManagerService: getMultiSystemUserId  res = -10000
03-07 12:31:08.496 23340 23340 I chatty  : uid=10063(com.android.systemui) identical 1 line
03-07 12:31:08.497 23340 23340 D InterruptionStateProvider: No alerting: suppressed due to group alert behavior
03-07 12:31:08.654 23340 23340 D InterruptionStateProvider: No bubble up: not allowed to bubble: 0|com.whatsapp|1|null|10000
03-07 12:31:08.679  1823  2751 I ColorStatusBarManagerService:  getTopIsFullscreen mTopIsFullscreen: false
03-07 12:31:08.809 23340 23370 I ndroid.systemu: Background young concurrent copying GC freed 594866(19MB) AllocSpace objects, 1(20KB) LOS objects, 21% free, 69MB/88MB, paused 197us total 288.195ms
03-07 12:31:08.844  3273  3273 E OplusNecManagerHelper: com.oplus.nec.OplusNecManager.notifyOrigSignalStrengthChanged [class android.telephony.SignalStrength, int]
03-07 12:31:08.888  1134  2525 D AudioPolicyService: updateUidStates_l() allowCapture=true because of on TOP AND uses VOICE_RECOGNITION OR uses HOTWORD
03-07 12:31:08.888  1134  2525 D AudioPolicyService: updateUidStates_l() current->uid=10070 current->pid=17223 allowCapture=1 UidState=5 apmStat=1
03-07 12:31:08.904  1134  2525 D AudioPolicyService: updateUidStates_l() allowCapture=true because of on TOP AND uses VOICE_RECOGNITION OR uses HOTWORD
03-07 12:31:08.904  1134  2525 D AudioPolicyService: updateUidStates_l() current->uid=10070 current->pid=17223 allowCapture=1 UidState=5 apmStat=1
03-07 12:31:08.907 23340 23340 D StatusBar: disable<e i a s b h r c s > disable2<q i n >
03-07 12:31:08.908 23340 23340 W TouchableRegionManager: onHeadsUpPinnedModeChanged
03-07 12:31:08.921  1823  7785 I OplusBaseSystemVibrator: SystemVibrator vibrate is uid= 10000,opPkg =com.whatsapp,duration=1000,effect=Waveform{mTimings=[0, 300, 200, 300, 200], mAmplitudes=[0, -1, 0, -1, 0], mRepeat=-1},Binder.getCallingPid()=1823
03-07 12:31:08.921  1121  1121 D vendor.qti.vibrator: QTI Vibrator off
03-07 12:31:08.923  1121  1121 D vendor.qti.vibrator: Vibrator on for timeoutMs: 300
03-07 12:31:08.933  1823  2011 D PowerManagerService: setScreenBrightnessOverrideFromWindowManagerInternal brightness=NaN mScreenBrightnessOverrideFromWindowManager=NaN
03-07 12:31:08.966  1150  1150 D OppoExLayer: ~Layer() sequence=14865, name=Surface(name=501053e StatusBar)/@0xbaa88ec - animation-leash#1@0x74730d1000
03-07 12:31:08.972  1823  5650 D OppoDisplayPolicy: com.android.systemui, change system app cutoutMode: color always
03-07 12:31:08.984  1134  2525 D AudioPolicyService: updateUidStates_l() allowCapture=true because of on TOP AND uses VOICE_RECOGNITION OR uses HOTWORD
03-07 12:31:08.984  1134  2525 D AudioPolicyService: updateUidStates_l() current->uid=10070 current->pid=17223 allowCapture=1 UidState=5 apmStat=1
03-07 12:31:08.984  1134  2525 D AudioPolicyService: updateUidStates_l() allowCapture=true because of on TOP AND uses VOICE_RECOGNITION OR uses HOTWORD
03-07 12:31:08.984  1134  2525 D AudioPolicyService: updateUidStates_l() current->uid=10070 current->pid=17223 allowCapture=1 UidState=5 apmStat=1
03-07 12:31:08.985 21538 21592 W fbservices-stub:NotificationDeliveryStorePreferences: [AI] Failed to deserialize notification item
03-07 12:31:08.963  1823  2011 I chatty  : uid=1000(system) android.display identical 2 lines
03-07 12:31:08.978  1823  2011 D PowerManagerService: setScreenBrightnessOverrideFromWindowManagerInternal brightness=NaN mScreenBrightnessOverrideFromWindowManager=NaN
03-07 12:31:08.989  1823  3013 V AlarmManager: set(PendingIntent{ae7bdb7: PendingIntentRecord{ab89d04 com.facebook.services broadcastIntent}}) : type=2 when=291277393whenElapsed291277393maxWhen =293977393 win=2700000 interval=0 flags=0x4 pkg = com.facebook.services
03-07 12:31:08.986 21538 21592 W fbservices-stub:NotificationDeliveryStorePreferences: [AI] Failed to deserialize notification item
03-07 12:31:09.017  1134  2525 D AudioPolicyService: updateUidStates_l() allowCapture=true because of on TOP AND uses VOICE_RECOGNITION OR uses HOTWORD
03-07 12:31:09.018  1134  2525 D AudioPolicyService: updateUidStates_l() current->uid=10070 current->pid=17223 allowCapture=1 UidState=5 apmStat=1
03-07 12:31:09.020  1823  2751 V AlarmManager: set(PendingIntent{33aacaf: PendingIntentRecord{ef308bc com.whatsapp broadcastIntent}}) : type=2 when=287709424whenElapsed287709424maxWhen =287709424 win=0 interval=0 flags=0x8 pkg = com.whatsapp
03-07 12:31:09.035  1823  2011 D PowerManagerService: setScreenBrightnessOverrideFromWindowManagerInternal brightness=NaN mScreenBrightnessOverrideFromWindowManager=NaN
03-07 12:31:09.057  1150  3964 D DispPerfService: onframeavailable pid=23340, slot=2, seq=14873, name=com.android.systemui:NotificationShade#0
03-07 12:31:09.088  1134  2525 D AudioPolicyService: updateUidStates_l() allowCapture=true because of on TOP AND uses VOICE_RECOGNITION OR uses HOTWORD
03-07 12:31:09.088  1134  2525 D AudioPolicyService: updateUidStates_l() current->uid=10070 current->pid=17223 allowCapture=1 UidState=5 apmStat=1
03-07 12:31:09.041  1823  2011 I chatty  : uid=1000(system) android.display identical 1 line
03-07 12:31:09.068  1823  2011 D PowerManagerService: setScreenBrightnessOverrideFromWindowManagerInternal brightness=NaN mScreenBrightnessOverrideFromWindowManager=NaN
03-07 12:31:09.088  1823  4211 V AlarmManager: set(PendingIntent{7c3c39a: PendingIntentRecord{70f64cb com.google.android.gms/com.google.android.gms.container startService}}) : type=3 when=315647677482whenElapsed315647677482maxWhen =552167677482 win=236520000000 interval=0 flags=0x8 pkg = com.google.android.gms
03-07 12:31:09.092 24181 24224 D         : onChange() selfChange = false
03-07 12:31:09.092 24181 24224 D         : onChange() selfChange = false
03-07 12:31:09.095 24181 24224 E Parcel  : Reading a NULL string not supported here.
03-07 12:31:09.113 21100 22125 E Parcel  : Reading a NULL string not supported here.
03-07 12:31:09.118  1823  2537 W ActivityManager: Unable to start service Intent { cmp=com.nearme.gamecenter/com.heytap.cdo.client.util.BatteryJobService (has extras) } U=0: not found
03-07 12:31:09.118  1823  2537 D JobScheduler: Error executing JobStatus{dc4f3b7 #u0a100/1 com.nearme.gamecenter/com.heytap.cdo.client.util.BatteryJobService u=0 s=10100 TIME=-3d7h54m14s68ms:-3d7h54m14s68ms CHARGING PERIODIC PERSISTED READY}
03-07 12:31:09.125  1823  2537 W ActivityManager: Unable to start service Intent { cmp=com.google.android.googlequicksearchbox/com.google.android.apps.gsa.tasks.BackgroundTasksJobService (has extras) } U=0: not found
03-07 12:31:09.121 21100 22125 I chatty  : uid=10036(com.google.android.gms) netscheduler-qu identical 2 lines
03-07 12:31:09.124 21100 22125 E Parcel  : Reading a NULL string not supported here.
03-07 12:31:09.125  1134  2525 D AudioPolicyService: updateUidStates_l() allowCapture=true because of on TOP AND uses VOICE_RECOGNITION OR uses HOTWORD
03-07 12:31:09.125  1134  2525 D AudioPolicyService: updateUidStates_l() current->uid=10070 current->pid=17223 allowCapture=1 UidState=5 apmStat=1
03-07 12:31:09.125  1823  2537 D JobScheduler: Error executing JobStatus{f86bacb #u0a70/-358 com.google.android.googlequicksearchbox/com.google.android.apps.gsa.tasks.BackgroundTasksJobService u=0 s=10070 TIME=-3d7h54m14s71ms:-3d7h54m14s71ms NET CHARGING PERIODIC PERSISTED READY}
03-07 12:31:09.126  1823  2537 W ActivityManager: Unable to start service Intent { cmp=com.google.android.googlequicksearchbox/com.google.android.apps.gsa.tasks.BackgroundTasksJobService (has extras) } U=0: not found
03-07 12:31:09.127  1823  2537 D JobScheduler: Error executing JobStatus{f569997 #u0a70/-350 com.google.android.googlequicksearchbox/com.google.android.apps.gsa.tasks.BackgroundTasksJobService u=0 s=10070 TIME=-3d7h54m14s72ms:-3d7h54m14s72ms PERIODIC PERSISTED READY}
03-07 12:31:09.127 21100 22125 E Parcel  : Reading a NULL string not supported here.
03-07 12:31:09.127  1134  2525 D AudioPolicyService: updateUidStates_l() allowCapture=true because of on TOP AND uses VOICE_RECOGNITION OR uses HOTWORD
03-07 12:31:09.127  1134  2525 D AudioPolicyService: updateUidStates_l() current->uid=10070 current->pid=17223 allowCapture=1 UidState=5 apmStat=1
03-07 12:31:09.127  1823  2537 W ActivityManager: Unable to start service Intent { cmp=com.google.android.googlequicksearchbox/com.google.android.apps.gsa.tasks.BackgroundTasksJobService (has extras) } U=0: not found
03-07 12:31:09.127  1823  2537 D JobScheduler: Error executing JobStatus{d19c8fd #u0a70/-446 com.google.android.googlequicksearchbox/com.google.android.apps.gsa.tasks.BackgroundTasksJobService u=0 s=10070 TIME=-3d7h54m14s73ms:-3d7h54m14s73ms NET PERIODIC PERSISTED READY}
03-07 12:31:09.128  1823  2537 W ActivityManager: Unable to start service Intent { cmp=com.google.android.googlequicksearchbox/com.google.android.apps.gsa.tasks.BackgroundTasksJobService (has extras) } U=0: not found
03-07 12:31:09.128  1823  2537 D JobScheduler: Error executing JobStatus{c759784 #u0a70/-462 com.google.android.googlequicksearchbox/com.google.android.apps.gsa.tasks.BackgroundTasksJobService u=0 s=10070 TIME=-3d7h54m14s72ms:-3d7h54m14s72ms PERIODIC PERSISTED READY}
03-07 12:31:09.128  1823  2537 W ActivityManager: Unable to start service Intent { cmp=com.google.android.googlequicksearchbox/com.google.android.apps.gsa.tasks.BackgroundTasksJobService (has extras) } U=0: not found
03-07 12:31:09.129  1823  2537 D JobScheduler: Error executing JobStatus{bc75a89 #u0a70/-484 com.google.android.googlequicksearchbox/com.google.android.apps.gsa.tasks.BackgroundTasksJobService u=0 s=10070 TIME=-3d7h54m14s76ms:-3d7h54m14s76ms NET CHARGING PERIODIC PERSISTED READY}
03-07 12:31:09.129  1823  2537 W ActivityManager: Unable to start service Intent { cmp=com.google.android.googlequicksearchbox/com.google.android.apps.gsa.tasks.BackgroundTasksJobService (has extras) } U=0: not found
03-07 12:31:09.129  1823  2537 D JobScheduler: Error executing JobStatus{bbef7f9 #u0a70/-202 com.google.android.googlequicksearchbox/com.google.android.apps.gsa.tasks.BackgroundTasksJobService u=0 s=10070 TIME=-3d7h54m14s74ms:-3d7h54m14s74ms NET CHARGING PERIODIC PERSISTED READY}
03-07 12:31:09.130  1823  2537 W ActivityManager: Unable to start service Intent { cmp=com.google.android.googlequicksearchbox/com.google.android.apps.gsa.tasks.BackgroundTasksJobService (has extras) } U=0: not found
03-07 12:31:09.130  1823  2537 D JobScheduler: Error executing JobStatus{8f2d1c1 #u0a70/-362 com.google.android.googlequicksearchbox/com.google.android.apps.gsa.tasks.BackgroundTasksJobService u=0 s=10070 TIME=-3d7h54m14s76ms:-3d7h54m14s76ms PERIODIC PERSISTED READY}
03-07 12:31:09.130 21100 22125 E Parcel  : Reading a NULL string not supported here.
03-07 12:31:09.130  1823  2537 W ActivityManager: Unable to start service Intent { cmp=com.google.android.googlequicksearchbox/com.google.android.apps.gsa.tasks.BackgroundTasksJobService (has extras) } U=0: not found
03-07 12:31:09.130  1823  2537 D JobScheduler: Error executing JobStatus{8bedc16 #u0a70/-148 com.google.android.googlequicksearchbox/com.google.android.apps.gsa.tasks.BackgroundTasksJobService u=0 s=10070 TIME=-3d7h54m14s75ms:-3d7h54m14s75ms NET PERIODIC PERSISTED READY}
03-07 12:31:09.131  1823  2537 W ActivityManager: Unable to start service Intent { cmp=com.google.android.googlequicksearchbox/com.google.android.apps.gsa.tasks.BackgroundTasksJobService (has extras) } U=0: not found
03-07 12:31:09.131  1823  2537 D JobScheduler: Error executing JobStatus{7b956ec #u0a70/-324 com.google.android.googlequicksearchbox/com.google.android.apps.gsa.tasks.BackgroundTasksJobService u=0 s=10070 TIME=-3d7h54m14s76ms:-3d7h54m14s76ms CHARGING PERIODIC PERSISTED READY}
03-07 12:31:09.132  1823  2537 W ActivityManager: Unable to start service Intent { cmp=com.google.android.googlequicksearchbox/com.google.android.apps.gsa.tasks.BackgroundTasksJobService (has extras) } U=0: not found
03-07 12:31:09.132  1823  2537 D JobScheduler: Error executing JobStatus{6c4a3a2 #u0a70/-128 com.google.android.googlequicksearchbox/com.google.android.apps.gsa.tasks.BackgroundTasksJobService u=0 s=10070 TIME=-3d7h54m14s76ms:-3d7h54m14s76ms NET PERIODIC PERSISTED READY}
03-07 12:31:09.133  1823  2537 W ActivityManager: Unable to start service Intent { cmp=com.google.android.googlequicksearchbox/com.google.android.apps.gsa.tasks.BackgroundTasksJobService (has extras) } U=0: not found
03-07 12:31:09.134  1823  2537 D JobScheduler: Error executing JobStatus{653eb6d #u0a70/-406 com.google.android.googlequicksearchbox/com.google.android.apps.gsa.tasks.BackgroundTasksJobService u=0 s=10070 TIME=-3d7h54m14s78ms:-3d7h54m14s78ms NET PERIODIC PERSISTED READY}
03-07 12:31:09.135  1823  2537 W ActivityManager: Unable to start service Intent { cmp=com.google.android.googlequicksearchbox/com.google.android.apps.gsa.tasks.BackgroundTasksJobService (has extras) } U=0: not found
03-07 12:31:09.135  1823  2537 D JobScheduler: Error executing JobStatus{3ed959f #u0a70/-480 com.google.android.googlequicksearchbox/com.google.android.apps.gsa.tasks.BackgroundTasksJobService u=0 s=10070 TIME=-3d7h54m14s80ms:-3d7h54m14s80ms NET PERIODIC PERSISTED READY}
03-07 12:31:09.136  1823  2537 W ActivityManager: Unable to start service Intent { cmp=com.google.android.googlequicksearchbox/com.google.android.apps.gsa.tasks.BackgroundTasksJobService (has extras) } U=0: not found
03-07 12:31:09.136  1823  2537 D JobScheduler: Error executing JobStatus{1c8a2af #u0a70/-486 com.google.android.googlequicksearchbox/com.google.android.apps.gsa.tasks.BackgroundTasksJobService u=0 s=10070 TIME=-3d7h54m14s83ms:-3d7h54m14s83ms NET PERIODIC PERSISTED READY}
03-07 12:31:09.137  1823  2537 W ActivityManager: Unable to start service Intent { cmp=com.google.android.googlequicksearchbox/com.google.android.apps.gsa.tasks.BackgroundTasksJobService (has extras) } U=0: not found
03-07 12:31:09.137  1823  2537 D JobScheduler: Error executing JobStatus{1c21645 #u0a70/-352 com.google.android.googlequicksearchbox/com.google.android.apps.gsa.tasks.BackgroundTasksJobService u=0 s=10070 TIME=-3d7h54m14s83ms:-3d7h54m14s83ms NET PERIODIC PERSISTED READY}
03-07 12:31:09.137  1823  2537 W ActivityManager: Unable to start service Intent { cmp=com.google.android.googlequicksearchbox/com.google.android.apps.gsa.tasks.BackgroundTasksJobService (has extras) } U=0: not found
03-07 12:31:09.137  1823  2537 D JobScheduler: Error executing JobStatus{cab19a #u0a70/-370 com.google.android.googlequicksearchbox/com.google.android.apps.gsa.tasks.BackgroundTasksJobService u=0 s=10070 TIME=-3d7h54m14s84ms:-3d7h54m14s84ms NET CHARGING PERIODIC PERSISTED READY}
03-07 12:31:09.138  1823  2537 W ActivityManager: Unable to start service Intent { cmp=com.google.android.googlequicksearchbox/com.google.android.apps.gsa.tasks.BackgroundTasksJobService (has extras) } U=0: not found
03-07 12:31:09.138  1823  2537 D JobScheduler: Error executing JobStatus{6d7a8e #u0a70/-256 com.google.android.googlequicksearchbox/com.google.android.apps.gsa.tasks.BackgroundTasksJobService u=0 s=10070 TIME=-3d7h54m14s85ms:-3d7h54m14s85ms NET CHARGING PERIODIC PERSISTED READY}
03-07 12:31:09.144  1823  2537 W ActivityManager: Unable to start service Intent { cmp=com.coloros.deepthinker/com.coloros.proton.learn.schedule.TrainJobService (has extras) } U=0: not found
03-07 12:31:09.144  1823  2537 D JobScheduler: Error executing JobStatus{e63504a #1000/648162385 com.coloros.deepthinker/com.coloros.proton.learn.schedule.TrainJobService u=0 s=1000 TIME=-3d7h54m14s61ms:-3d7h54m14s61ms PERSISTED READY}
03-07 12:31:09.145  1823  2537 W ActivityManager: Unable to start service Intent { cmp=com.coloros.phonemanager/.safejob.SafeCenterJobService (has extras) } U=0: not found
03-07 12:31:09.145  1823  2537 D JobScheduler: Error executing JobStatus{981795f #1000/2009201 com.coloros.phonemanager/.safejob.SafeCenterJobService u=0 s=10563 TIME=-3d7h54m14s84ms:-3d7h54m14s84ms PERIODIC PERSISTED READY}
03-07 12:31:09.175 21100 22125 I chatty  : uid=10036(com.google.android.gms) netscheduler-qu identical 12 lines
03-07 12:31:09.177 21100 22125 E Parcel  : Reading a NULL string not supported here.
03-07 12:31:09.178 21100  7692 E Parcel  : Reading a NULL string not supported here.
03-07 12:31:09.178 21100 22125 E Parcel  : Reading a NULL string not supported here.
03-07 12:31:09.179 21100  7261 I NetworkScheduler.Stats: (REDACTED) Task %s/%s started execution. cause:%s exec_start_elapsed_seconds: %s
03-07 12:31:09.179 21100 22125 E Parcel  : Reading a NULL string not supported here.
03-07 12:31:09.181 23306  5622 I PlayGamesServices[GamesSyncAdapter]: Starting sync for 18050c1a
03-07 12:31:09.184 23306 21989 E Parcel  : Reading a NULL string not supported here.
03-07 12:31:09.185 23306  5622 I PlayGamesServices[GamesSyncAdapter]: Sync duration for 18050c1a: 2
03-07 12:31:09.188 21100 22125 E Parcel  : Reading a NULL string not supported here.
03-07 12:31:09.198 21100 22125 I chatty  : uid=10036(com.google.android.gms) netscheduler-qu identical 5 lines
03-07 12:31:09.199 21100 22125 E Parcel  : Reading a NULL string not supported here.
03-07 12:31:09.201 23306  5622 W PlayGamesServices[DataBroker]: No player ID found when refreshing
03-07 12:31:09.203  1823  5650 V AlarmManager: set(PendingIntent{a72b4b5: PendingIntentRecord{965b0cc com.google.android.gms/com.google.android.gms.scheduler broadcastIntent}}) : type=3 when=288695390whenElapsed288695390maxWhen =289458727 win=763337 interval=0 flags=0x0 pkg = com.google.android.gms
03-07 12:31:09.203 23306  5622 I chatty  : uid=10036(com.google.android.gms) lowpool[469] identical 1 line
03-07 12:31:09.203 23306  5622 W PlayGamesServices[DataBroker]: No player ID found when refreshing
03-07 12:31:09.205 23306  2903 I PlayGamesServices[GamesSyncAdapter]: Starting sync for 24906a08
03-07 12:31:09.205 21100  7692 I NetworkScheduler.Stats: (REDACTED) Task %s/%s started execution. cause:%s exec_start_elapsed_seconds: %s
03-07 12:31:09.209 23306  2903 I PlayGamesServices[GamesSyncAdapter]: Sync duration for 24906a08: 2
03-07 12:31:09.212 23306  5622 W PlayGamesServices[DataBroker]: No player ID found when refreshing
03-07 12:31:09.228 23306  5622 I chatty  : uid=10036(com.google.android.gms) lowpool[469] identical 3 lines
03-07 12:31:09.229 23306  5622 W PlayGamesServices[DataBroker]: No player ID found when refreshing
03-07 12:31:09.231 23306  2903 W PlayGamesServices[DataBroker]: No player ID found when refreshing
03-07 12:31:09.231 23306  2903 I chatty  : uid=10036(com.google.android.gms) lowpool[502] identical 1 line
03-07 12:31:09.232 23306  2903 W PlayGamesServices[DataBroker]: No player ID found when refreshing
03-07 12:31:09.242 23306 25618 W OplusExSystemServiceHelper: checkOplusExSystemService intent getComponent is null
03-07 12:31:09.242 21100  6545 I NetworkScheduler.Stats: (REDACTED) Task %s/%s finished executing. cause:%s result: %s elapsed_millis: %s uptime_millis: %s exec_start_elapsed_seconds: %s
03-07 12:31:09.246 23306  2903 W PlayGamesServices[DataBroker]: No player ID found when refreshing
03-07 12:31:09.252 23306 21989 I GetServiceValidatorImpl: (REDACTED) onGetService() from Client SDK version [%s], Module version [%s], PGA version [%s], Account [%s], Calling package [%s], Game package [%s]
03-07 12:31:09.254 23306 21989 W GetGamesServiceReqFacto: Parsing request with ignored arguments. signInOptionsBundle [Bundle[{com.google.android.gms.signin.internal.serverClientId=null, com.google.android.gms.signin.internal.usePromptModeForAuthCode=true, com.google.android.gms.signin.internal.logSessionId=null, com.google.android.gms.signin.internal.hostedDomain=null, com.google.android.gms.signin.internal.offlineAccessRequested=false, com.google.android.gms.signin.internal.waitForAccessTokenRefresh=false, com.google.android.gms.signin.internal.clientRequestedAccount=Account {name=<<default account>>, type=com.google}, com.google.android.gms.signin.internal.idTokenRequested=false, com.google.android.gms.signin.internal.forceCodeForRefreshToken=false}]], isRetryingSignIn [false], skipWelcomePopup [false], requireGooglePlus [false]
03-07 12:31:09.255 23306 21989 I GetGamesServiceReqFacto: Replacing request for `games` scope with `games_lite`
03-07 12:31:09.257 23306  2903 W PlayGamesServices[DataBroker]: No player ID found when refreshing
03-07 12:31:09.258 23306  2903 I chatty  : uid=10036(com.google.android.gms) lowpool[502] identical 2 lines
03-07 12:31:09.259 23306  2903 W PlayGamesServices[DataBroker]: No player ID found when refreshing
03-07 12:31:09.264 23306  7794 I SignInPerformer-71: (REDACTED) Handling request [%s], isFirstPartyCaller [%s]
03-07 12:31:09.266 23306  7794 I SignInPerformer-71: Successfully brokered first-party unauthenticated GamesService [CONTEXT service_id=1 ]
03-07 12:31:09.268 23306  7794 I GetGamesServiceV2Op: (REDACTED) Successfully brokered GamesService for request %s
03-07 12:31:09.279 23306 21989 E Parcel  : Reading a NULL string not supported here.
03-07 12:31:09.391  1134  2525 D AudioPolicyService: updateUidStates_l() allowCapture=true because of on TOP AND uses VOICE_RECOGNITION OR uses HOTWORD
03-07 12:31:09.391  1134  2525 D AudioPolicyService: updateUidStates_l() current->uid=10070 current->pid=17223 allowCapture=1 UidState=5 apmStat=1
03-07 12:31:09.391  1134  2525 D AudioPolicyService: updateUidStates_l() allowCapture=true because of on TOP AND uses VOICE_RECOGNITION OR uses HOTWORD
03-07 12:31:09.391  1134  2525 D AudioPolicyService: updateUidStates_l() current->uid=10070 current->pid=17223 allowCapture=1 UidState=5 apmStat=1
03-07 12:31:09.398  1823  2517 W ActivityManager: Permission Denial: opening provider com.coloros.securitypermission.common.provider.PermissionProvider from ProcessRecord{da37d16 4689:android.process.acore/u0a22} (pid=4689, uid=10022) requires com.oppo.permission.safe.SECURITY or com.oppo.permission.safe.SECURITY
03-07 12:31:09.401  4689 11564 E OppoPrivacyProtectUtil: checkPrivacyProtect error.
03-07 12:31:09.422  4689 11564 E OppoPrivacyProtectUtil: checkPrivacyProtect error.
03-07 12:31:09.424  1121  1121 D vendor.qti.vibrator: Vibrator on for timeoutMs: 300
03-07 12:31:09.552  7672  7672 I Process : Sending signal. PID: 7672 SIG: 9
03-07 12:31:09.422  1823  2517 W ActivityManager: Permission Denial: opening provider com.coloros.securitypermission.common.provider.PermissionProvider from ProcessRecord{da37d16 4689:android.process.acore/u0a22} (pid=4689, uid=10022) requires com.oppo.permission.safe.SECURITY or com.oppo.permission.safe.SECURITY
03-07 12:31:09.562  1823  5650 V AlarmManager: set(PendingIntent{63e8e9b: PendingIntentRecord{ef82238 com.whatsapp broadcastIntent}}) : type=3 when=287917966whenElapsed287917966maxWhen =288097966 win=180000 interval=0 flags=0x8 pkg = com.whatsapp
03-07 12:31:09.582  1823  4211 D DisplayManagerService: Display listener for pid 7672 died.
03-07 12:31:09.582  1823  5650 I ActivityManager: Process com.heytap.mcs.appservice (pid 7672) has died: svcb SVC 
03-07 12:31:09.582  1823  5650 W ContextImpl: Calling a method in the system process without a qualified user: android.app.ContextImpl.sendBroadcast:1159 com.android.server.am.OppoExtraActivityManagerService.setKeyLockModeNormal:51 com.android.server.am.ActivityManagerService.appDiedLocked:4314 com.android.server.am.ActivityManagerService$AppDeathRecipient.binderDied:1783 android.os.IBinder$DeathRecipient.binderDied:305 
03-07 12:31:09.583  1823  2150 I libprocessgroup: Successfully killed process cgroup uid 1000 pid 7672 in 0ms
03-07 12:31:09.584   919   919 I Zygote  : Process 7672 exited due to signal 9 (Killed)
03-07 12:31:09.589 21515 21515 I ActivityThread: Removing dead content provider:android.content.ContentProviderProxy@be4c674
03-07 12:31:09.592  1823  1823 I OppoPhoneWindowManager: KeyLockModeReceiver KeyLockMode: 0 ProcessName: com.heytap.mcs.appservice
03-07 12:31:09.883 21100  6545 I NetworkScheduler.Stats: (REDACTED) Task %s/%s finished executing. cause:%s result: %s elapsed_millis: %s uptime_millis: %s exec_start_elapsed_seconds: %s
03-07 12:31:09.894 21100 22125 E Parcel  : Reading a NULL string not supported here.
03-07 12:31:09.924 21100 22125 I chatty  : uid=10036(com.google.android.gms) netscheduler-qu identical 9 lines
03-07 12:31:09.925 21100 22125 E Parcel  : Reading a NULL string not supported here.
03-07 12:31:09.925  1121  1121 D vendor.qti.vibrator: QTI Vibrator off
03-07 12:31:09.927 21100 22125 E Parcel  : Reading a NULL string not supported here.
03-07 12:31:09.932  1823  5650 V AlarmManager: set(PendingIntent{3a7cf76: PendingIntentRecord{965b0cc com.google.android.gms/com.google.android.gms.scheduler broadcastIntent}}) : type=3 when=288695390whenElapsed288695390maxWhen =289458180 win=762790 interval=0 flags=0x0 pkg = com.google.android.gms
03-07 12:31:09.928 21100 22125 I chatty  : uid=10036(com.google.android.gms) netscheduler-qu identical 1 line
03-07 12:31:09.929 21100 22125 E Parcel  : Reading a NULL string not supported here.
03-07 12:31:09.943 21100  7692 E Parcel  : Reading a NULL string not supported here.
03-07 12:31:09.946 23306  5622 I PlayGamesServices[GamesSyncAdapter]: Starting sync for 9b62918c
03-07 12:31:09.947 23306  5622 I PlayGamesServices[GamesSyncAdapter]: Sync duration for 9b62918c: 1
03-07 12:31:09.958 23306  5622 W PlayGamesServices[DataBroker]: No player ID found when refreshing
03-07 12:31:09.976 23306  5622 I chatty  : uid=10036(com.google.android.gms) lowpool[469] identical 6 lines
03-07 12:31:09.977 23306  5622 W PlayGamesServices[DataBroker]: No player ID found when refreshing
03-07 12:31:10.439  1134  1616 D AudioPolicyService: updateUidStates_l() allowCapture=true because of on TOP AND uses VOICE_RECOGNITION OR uses HOTWORD
03-07 12:31:10.439  1134  1616 D AudioPolicyService: updateUidStates_l() current->uid=10070 current->pid=17223 allowCapture=1 UidState=5 apmStat=1
03-07 12:31:10.508 11175 11738 D ThreadBooster: [Scene Stop] After reset priority, droid.ugc.trill priority is -20
03-07 12:31:10.508 11175 11738 D ThreadBooster: [Scene Start] After adjust priority,  droid.ugc.trill priority is -20, tid: 11175
03-07 12:31:10.971  1823  2040 D HoraeHelper: skinThermal:31.9
03-07 12:31:11.001  3273  3273 E OplusNecManagerHelper: com.oplus.nec.OplusNecManager.notifyOrigSignalStrengthChanged [class android.telephony.SignalStrength, int]
03-07 12:31:11.062 21100  6545 I NetworkScheduler.Stats: (REDACTED) Task %s/%s started execution. cause:%s exec_start_elapsed_seconds: %s
03-07 12:31:11.065 21100  6545 I NetworkScheduler.Stats: (REDACTED) Task %s/%s finished executing. cause:%s result: %s elapsed_millis: %s uptime_millis: %s exec_start_elapsed_seconds: %s
03-07 12:31:11.083 21100 22125 E Parcel  : Reading a NULL string not supported here.
03-07 12:31:11.164  1823  5650 V AlarmManager: set(PendingIntent{91cd414: PendingIntentRecord{965b0cc com.google.android.gms/com.google.android.gms.scheduler broadcastIntent}}) : type=3 when=288695390whenElapsed288695390maxWhen =289457256 win=761866 interval=0 flags=0x0 pkg = com.google.android.gms
03-07 12:31:11.153 21100 22125 I chatty  : uid=10036(com.google.android.gms) netscheduler-qu identical 12 lines
03-07 12:31:11.156 21100 22125 E Parcel  : Reading a NULL string not supported here.
03-07 12:31:11.186 21100  6545 E Parcel  : Reading a NULL string not supported here.
03-07 12:31:11.188 21100  6248 I NetworkScheduler.Stats: (REDACTED) Task %s/%s started execution. cause:%s exec_start_elapsed_seconds: %s
03-07 12:31:11.192 23306  2903 I PlayGamesServices[GamesSyncAdapter]: Starting sync for eef2af87
03-07 12:31:11.195 23306  2903 I PlayGamesServices[GamesSyncAdapter]: Sync duration for eef2af87: 2
03-07 12:31:11.204 21100 22125 E Parcel  : Reading a NULL string not supported here.
03-07 12:31:11.214 21100 22125 I chatty  : uid=10036(com.google.android.gms) netscheduler-qu identical 3 lines
03-07 12:31:11.217 21100 22125 E Parcel  : Reading a NULL string not supported here.
03-07 12:31:11.220 23306  2903 W PlayGamesServices[DataBroker]: No player ID found when refreshing
03-07 12:31:11.221 23306  2903 I chatty  : uid=10036(com.google.android.gms) lowpool[502] identical 1 line
03-07 12:31:11.221 23306  2903 W PlayGamesServices[DataBroker]: No player ID found when refreshing
03-07 12:31:11.221 21100 22125 E Parcel  : Reading a NULL string not supported here.
03-07 12:31:11.224 21100 22125 I chatty  : uid=10036(com.google.android.gms) netscheduler-qu identical 1 line
03-07 12:31:11.242 21100 22125 E Parcel  : Reading a NULL string not supported here.
03-07 12:31:11.243 23306  2903 W PlayGamesServices[DataBroker]: No player ID found when refreshing
03-07 12:31:11.245 21100 22125 E Parcel  : Reading a NULL string not supported here.
03-07 12:31:11.256 21100 22125 I chatty  : uid=10036(com.google.android.gms) netscheduler-qu identical 3 lines
03-07 12:31:11.259 21100 22125 E Parcel  : Reading a NULL string not supported here.
03-07 12:31:11.259 23306  2903 W PlayGamesServices[DataBroker]: No player ID found when refreshing
03-07 12:31:11.260 23306  2903 I chatty  : uid=10036(com.google.android.gms) lowpool[502] identical 2 lines
03-07 12:31:11.261 23306  2903 W PlayGamesServices[DataBroker]: No player ID found when refreshing
03-07 12:31:11.262 21100 22125 E Parcel  : Reading a NULL string not supported here.
03-07 12:31:11.268  1823  3013 V AlarmManager: set(PendingIntent{dc1272d: PendingIntentRecord{965b0cc com.google.android.gms/com.google.android.gms.scheduler broadcastIntent}}) : type=3 when=288695390whenElapsed288695390maxWhen =289457178 win=761788 interval=0 flags=0x0 pkg = com.google.android.gms
03-07 12:31:11.268 21100  6545 I NetworkScheduler.Stats: (REDACTED) Task %s/%s started execution. cause:%s exec_start_elapsed_seconds: %s
03-07 12:31:11.270 23306  5622 I PlayGamesServices[GamesSyncAdapter]: Starting sync for 4de96fff
03-07 12:31:11.273 23306  5622 I PlayGamesServices[GamesSyncAdapter]: Sync duration for 4de96fff: 2
03-07 12:31:11.277 21100  7261 I NetworkScheduler.Stats: (REDACTED) Task %s/%s finished executing. cause:%s result: %s elapsed_millis: %s uptime_millis: %s exec_start_elapsed_seconds: %s
03-07 12:31:11.293 23306  5622 W PlayGamesServices[DataBroker]: No player ID found when refreshing
03-07 12:31:11.294 23306  5622 I chatty  : uid=10036(com.google.android.gms) lowpool[469] identical 2 lines
03-07 12:31:11.309 23306  5622 W PlayGamesServices[DataBroker]: No player ID found when refreshing
03-07 12:31:11.314 21100 22125 E Parcel  : Reading a NULL string not supported here.
03-07 12:31:11.318 21100 22125 I chatty  : uid=10036(com.google.android.gms) netscheduler-qu identical 2 lines
03-07 12:31:11.321 21100 22125 E Parcel  : Reading a NULL string not supported here.
03-07 12:31:11.322 23306  5622 W PlayGamesServices[DataBroker]: No player ID found when refreshing
03-07 12:31:11.323 23306  5622 I chatty  : uid=10036(com.google.android.gms) lowpool[469] identical 2 lines
03-07 12:31:11.323 23306  5622 W PlayGamesServices[DataBroker]: No player ID found when refreshing
03-07 12:31:11.323 21100 22125 E Parcel  : Reading a NULL string not supported here.
03-07 12:31:11.349 21100 22125 I chatty  : uid=10036(com.google.android.gms) netscheduler-qu identical 8 lines
03-07 12:31:11.351 21100 22125 E Parcel  : Reading a NULL string not supported here.
03-07 12:31:11.355 21100  7692 I NetworkScheduler.Stats: (REDACTED) Task %s/%s started execution. cause:%s exec_start_elapsed_seconds: %s
03-07 12:31:11.357  1823  5650 V AlarmManager: set(PendingIntent{c1e6c47: PendingIntentRecord{965b0cc com.google.android.gms/com.google.android.gms.scheduler broadcastIntent}}) : type=3 when=288695390whenElapsed288695390maxWhen =289457111 win=761721 interval=0 flags=0x0 pkg = com.google.android.gms
03-07 12:31:11.360 23306  2903 I PlayGamesServices[GamesSyncAdapter]: Starting sync for 6e259d05
03-07 12:31:11.364 23306  2903 I PlayGamesServices[GamesSyncAdapter]: Sync duration for 6e259d05: 3
03-07 12:31:11.366 21100  7692 I NetworkScheduler.Stats: (REDACTED) Task %s/%s finished executing. cause:%s result: %s elapsed_millis: %s uptime_millis: %s exec_start_elapsed_seconds: %s
03-07 12:31:11.384 23306  2903 W PlayGamesServices[DataBroker]: No player ID found when refreshing
03-07 12:31:11.418 23306  2903 I chatty  : uid=10036(com.google.android.gms) lowpool[502] identical 6 lines
03-07 12:31:11.418 23306  2903 W PlayGamesServices[DataBroker]: No player ID found when refreshing
03-07 12:31:11.430 21100  7692 I NetworkScheduler.Stats: (REDACTED) Task %s/%s finished executing. cause:%s result: %s elapsed_millis: %s uptime_millis: %s exec_start_elapsed_seconds: %s
03-07 12:31:11.453 21100 22125 E Parcel  : Reading a NULL string not supported here.
03-07 12:31:11.526  1823  2751 V AlarmManager: set(PendingIntent{9c277d1: PendingIntentRecord{965b0cc com.google.android.gms/com.google.android.gms.scheduler broadcastIntent}}) : type=3 when=288695390whenElapsed288695390maxWhen =289456985 win=761595 interval=0 flags=0x0 pkg = com.google.android.gms
03-07 12:31:11.515 21100 22125 I chatty  : uid=10036(com.google.android.gms) netscheduler-qu identical 12 lines
03-07 12:31:11.519 21100 22125 E Parcel  : Reading a NULL string not supported here.
03-07 12:31:11.550 21100  7692 E Parcel  : Reading a NULL string not supported here.
03-07 12:31:11.554 21100  7695 I NetworkScheduler.Stats: (REDACTED) Task %s/%s started execution. cause:%s exec_start_elapsed_seconds: %s
03-07 12:31:11.559 23306  5622 I PlayGamesServices[GamesSyncAdapter]: Starting sync for 3a49faed
03-07 12:31:11.562 23306  5622 I PlayGamesServices[GamesSyncAdapter]: Sync duration for 3a49faed: 3
03-07 12:31:11.577 21100 22125 E Parcel  : Reading a NULL string not supported here.
03-07 12:31:11.580 21100 22125 I chatty  : uid=10036(com.google.android.gms) netscheduler-qu identical 1 line
03-07 12:31:11.584 21100 22125 E Parcel  : Reading a NULL string not supported here.
03-07 12:31:11.587 23306  5622 W PlayGamesServices[DataBroker]: No player ID found when refreshing
03-07 12:31:11.587 21100 22125 E Parcel  : Reading a NULL string not supported here.
03-07 12:31:11.587 23306  5622 W PlayGamesServices[DataBroker]: No player ID found when refreshing
03-07 12:31:11.587 23306  5622 W PlayGamesServices[DataBroker]: No player ID found when refreshing
03-07 12:31:11.590 21100 22125 E Parcel  : Reading a NULL string not supported here.
03-07 12:31:11.594 21100 22125 I chatty  : uid=10036(com.google.android.gms) netscheduler-qu identical 1 line
03-07 12:31:11.597 21100 22125 E Parcel  : Reading a NULL string not supported here.
03-07 12:31:11.606 23306  5622 W PlayGamesServices[DataBroker]: No player ID found when refreshing
03-07 12:31:11.613 21100 22125 E Parcel  : Reading a NULL string not supported here.
03-07 12:31:11.617 21100 22125 E Parcel  : Reading a NULL string not supported here.
03-07 12:31:11.620 23306  5622 W PlayGamesServices[DataBroker]: No player ID found when refreshing
03-07 12:31:11.620 23306  5622 I chatty  : uid=10036(com.google.android.gms) lowpool[469] identical 1 line
03-07 12:31:11.620 23306  5622 W PlayGamesServices[DataBroker]: No player ID found when refreshing
03-07 12:31:11.621 21100 22125 E Parcel  : Reading a NULL string not supported here.
03-07 12:31:11.621 23306  5622 W PlayGamesServices[DataBroker]: No player ID found when refreshing
03-07 12:31:11.624 21100 22125 E Parcel  : Reading a NULL string not supported here.
03-07 12:31:11.641  1823  2751 V AlarmManager: set(PendingIntent{c9844e6: PendingIntentRecord{965b0cc com.google.android.gms/com.google.android.gms.scheduler broadcastIntent}}) : type=3 when=288695390whenElapsed288695390maxWhen =289456898 win=761508 interval=0 flags=0x0 pkg = com.google.android.gms
03-07 12:31:11.630 21100 22125 I chatty  : uid=10036(com.google.android.gms) netscheduler-qu identical 2 lines
03-07 12:31:11.634 21100 22125 E Parcel  : Reading a NULL string not supported here.
03-07 12:31:11.642 21100  7692 I NetworkScheduler.Stats: (REDACTED) Task %s/%s started execution. cause:%s exec_start_elapsed_seconds: %s
03-07 12:31:11.644 23306  2903 I PlayGamesServices[GamesSyncAdapter]: Starting sync for 8d373da3
03-07 12:31:11.647 23306  2903 I PlayGamesServices[GamesSyncAdapter]: Sync duration for 8d373da3: 2
03-07 12:31:11.650 21100  7261 I NetworkScheduler.Stats: (REDACTED) Task %s/%s finished executing. cause:%s result: %s elapsed_millis: %s uptime_millis: %s exec_start_elapsed_seconds: %s
03-07 12:31:11.665 23306  2903 W PlayGamesServices[DataBroker]: No player ID found when refreshing
03-07 12:31:11.678 11175 11392 E ActivityThread: Failed to find provider info for com.ss.android.ugc.trill.apm
03-07 12:31:11.665 23306  2903 I chatty  : uid=10036(com.google.android.gms) lowpool[502] identical 1 line
03-07 12:31:11.666 23306  2903 W PlayGamesServices[DataBroker]: No player ID found when refreshing
03-07 12:31:11.680 21100 22125 E Parcel  : Reading a NULL string not supported here.
03-07 12:31:11.682 23306  2903 W PlayGamesServices[DataBroker]: No player ID found when refreshing
03-07 12:31:11.683 21100 22125 E Parcel  : Reading a NULL string not supported here.
03-07 12:31:11.687 21100 22125 I chatty  : uid=10036(com.google.android.gms) netscheduler-qu identical 1 line
03-07 12:31:11.691 21100 22125 E Parcel  : Reading a NULL string not supported here.
03-07 12:31:11.694 23306  2903 W PlayGamesServices[DataBroker]: No player ID found when refreshing
03-07 12:31:11.695 23306  2903 I chatty  : uid=10036(com.google.android.gms) lowpool[502] identical 2 lines
03-07 12:31:11.695 23306  2903 W PlayGamesServices[DataBroker]: No player ID found when refreshing
03-07 12:31:11.698 21100 22125 E Parcel  : Reading a NULL string not supported here.
03-07 12:31:11.796  1823  5650 V AlarmManager: set(PendingIntent{de12158: PendingIntentRecord{965b0cc com.google.android.gms/com.google.android.gms.scheduler broadcastIntent}}) : type=3 when=288695390whenElapsed288695390maxWhen =289456782 win=761392 interval=0 flags=0x0 pkg = com.google.android.gms
03-07 12:31:11.788 21100 22125 I chatty  : uid=10036(com.google.android.gms) netscheduler-qu identical 8 lines
03-07 12:31:11.792 21100 22125 E Parcel  : Reading a NULL string not supported here.
03-07 12:31:11.796 21100  6545 I NetworkScheduler.Stats: (REDACTED) Task %s/%s started execution. cause:%s exec_start_elapsed_seconds: %s
03-07 12:31:11.809 23306  5622 I PlayGamesServices[GamesSyncAdapter]: Starting sync for 221bf064
03-07 12:31:11.812 21100  7261 I NetworkScheduler.Stats: (REDACTED) Task %s/%s finished executing. cause:%s result: %s elapsed_millis: %s uptime_millis: %s exec_start_elapsed_seconds: %s
03-07 12:31:11.813 23306  5622 I PlayGamesServices[GamesSyncAdapter]: Sync duration for 221bf064: 3
03-07 12:31:11.829 23306  5622 W PlayGamesServices[DataBroker]: No player ID found when refreshing
03-07 12:31:11.830 23306  5622 I chatty  : uid=10036(com.google.android.gms) lowpool[469] identical 1 line
03-07 12:31:11.830 23306  5622 W PlayGamesServices[DataBroker]: No player ID found when refreshing
03-07 12:31:11.841  1823  1834 I system_server: Background young concurrent copying GC freed 364708(25MB) AllocSpace objects, 3(64KB) LOS objects, 19% free, 100MB/124MB, paused 448us total 123.068ms
03-07 12:31:11.843 23306  5622 W PlayGamesServices[DataBroker]: No player ID found when refreshing
03-07 12:31:11.844 21100 22125 E Parcel  : Reading a NULL string not supported here.
03-07 12:31:11.847 21100 22125 I chatty  : uid=10036(com.google.android.gms) netscheduler-qu identical 1 line
03-07 12:31:11.850 21100 22125 E Parcel  : Reading a NULL string not supported here.
03-07 12:31:11.852 23306  5622 W PlayGamesServices[DataBroker]: No player ID found when refreshing
03-07 12:31:11.853 23306  5622 W PlayGamesServices[DataBroker]: No player ID found when refreshing
03-07 12:31:11.853 21100 22125 E Parcel  : Reading a NULL string not supported here.
03-07 12:31:11.853 23306  5622 W PlayGamesServices[DataBroker]: No player ID found when refreshing
03-07 12:31:11.853 23306  5622 W PlayGamesServices[DataBroker]: No player ID found when refreshing
03-07 12:31:11.856 21100 22125 E Parcel  : Reading a NULL string not supported here.
03-07 12:31:11.887 21100 22125 I chatty  : uid=10036(com.google.android.gms) netscheduler-qu identical 7 lines
03-07 12:31:11.890 21100 22125 E Parcel  : Reading a NULL string not supported here.
03-07 12:31:11.890 23306 23306 D BoundBrokerSvc: onUnbind: Intent { act=com.google.android.gms.safetynet.service.START pkg=com.google.android.gms }
03-07 12:31:11.893 21100 22125 E Parcel  : Reading a NULL string not supported here.
03-07 12:31:11.897 21100  7695 I NetworkScheduler.Stats: (REDACTED) Task %s/%s started execution. cause:%s exec_start_elapsed_seconds: %s
03-07 12:31:11.899  1823  5655 V AlarmManager: set(PendingIntent{c7e447a: PendingIntentRecord{965b0cc com.google.android.gms/com.google.android.gms.scheduler broadcastIntent}}) : type=3 when=288695390whenElapsed288695390maxWhen =289456705 win=761315 interval=0 flags=0x0 pkg = com.google.android.gms
03-07 12:31:11.904 23306  2903 I PlayGamesServices[GamesSyncAdapter]: Starting sync for 9505814
03-07 12:31:11.906 23306  2903 I PlayGamesServices[GamesSyncAdapter]: Sync duration for 9505814: 2
03-07 12:31:11.909 21100  7695 I NetworkScheduler.Stats: (REDACTED) Task %s/%s finished executing. cause:%s result: %s elapsed_millis: %s uptime_millis: %s exec_start_elapsed_seconds: %s
03-07 12:31:11.924 23306  2903 W PlayGamesServices[DataBroker]: No player ID found when refreshing
03-07 12:31:11.925 23306  2903 I chatty  : uid=10036(com.google.android.gms) lowpool[502] identical 2 lines
03-07 12:31:11.940 23306  2903 W PlayGamesServices[DataBroker]: No player ID found when refreshing
03-07 12:31:11.958 21100 22125 E Parcel  : Reading a NULL string not supported here.
03-07 12:31:11.960 23306  2903 W PlayGamesServices[DataBroker]: No player ID found when refreshing
03-07 12:31:11.961 23306  2903 I chatty  : uid=10036(com.google.android.gms) lowpool[502] identical 2 lines
03-07 12:31:11.961 23306  2903 W PlayGamesServices[DataBroker]: No player ID found when refreshing
03-07 12:31:11.962 21100 22125 E Parcel  : Reading a NULL string not supported here.
03-07 12:31:12.012 21100 22125 I chatty  : uid=10036(com.google.android.gms) netscheduler-qu identical 11 lines
03-07 12:31:12.015 21100 22125 E Parcel  : Reading a NULL string not supported here.
03-07 12:31:12.019 21100  6248 I NetworkScheduler.Stats: (REDACTED) Task %s/%s started execution. cause:%s exec_start_elapsed_seconds: %s
03-07 12:31:12.019  1823  3013 V AlarmManager: set(PendingIntent{414eecc: PendingIntentRecord{965b0cc com.google.android.gms/com.google.android.gms.scheduler broadcastIntent}}) : type=3 when=288695390whenElapsed288695390maxWhen =289456615 win=761225 interval=0 flags=0x0 pkg = com.google.android.gms
03-07 12:31:12.025 23306  5622 I PlayGamesServices[GamesSyncAdapter]: Starting sync for a5e29c03
03-07 12:31:12.027 23306  5622 I PlayGamesServices[GamesSyncAdapter]: Sync duration for a5e29c03: 2
03-07 12:31:12.030 21100  6248 I NetworkScheduler.Stats: (REDACTED) Task %s/%s finished executing. cause:%s result: %s elapsed_millis: %s uptime_millis: %s exec_start_elapsed_seconds: %s
03-07 12:31:12.043 23306  5622 W PlayGamesServices[DataBroker]: No player ID found when refreshing
03-07 12:31:12.055  1823  3013 V AlarmManager: set(PendingIntent{5a0c1cd: PendingIntentRecord{965b0cc com.google.android.gms/com.google.android.gms.scheduler broadcastIntent}}) : type=3 when=288695390whenElapsed288695390maxWhen =289456588 win=761198 interval=0 flags=0x0 pkg = com.google.android.gms
03-07 12:31:12.071 23306  5622 I chatty  : uid=10036(com.google.android.gms) lowpool[469] identical 6 lines
03-07 12:31:12.072 23306  5622 W PlayGamesServices[DataBroker]: No player ID found when refreshing
03-07 12:31:12.079 21100  6545 I NetworkScheduler.Stats: (REDACTED) Task %s/%s finished executing. cause:%s result: %s elapsed_millis: %s uptime_millis: %s exec_start_elapsed_seconds: %s
03-07 12:31:12.116  1823  5655 V AlarmManager: set(PendingIntent{c676cce: PendingIntentRecord{965b0cc com.google.android.gms/com.google.android.gms.scheduler broadcastIntent}}) : type=3 when=288695390whenElapsed288695390maxWhen =289456542 win=761152 interval=0 flags=0x0 pkg = com.google.android.gms
03-07 12:31:12.477 17223 20141 I native  : I0000 00:00:1772861472.476809   20141 soda_async_impl.cc:1411] Current audio timestamp: 1772861472257854
03-07 12:31:12.839  1445  1470 D bspCriticalLog: power_monitor cpu-0-0-usr: open fail -1
03-07 12:31:12.839  1445  1470 D bspCriticalLog: power_monitor cpu-1-0-usr: open fail -1
03-07 12:31:12.997 15420 15420 W kworker/0:4: type=1400 audit(0.0:213688): avc: denied { write } for name="oplus_charge" dev="sda14" ino=2359300 scontext=u:r:kernel:s0 tcontext=u:object_r:system_data_file:s0 tclass=dir permissive=0 app=com.jurnalsaham.jurnalsahamihsg
03-07 12:31:13.027  1823  1823 D OppoBaseBatteryService: send broadcast : oppo.intent.action.BATTERY_DATA_UPDATE
03-07 12:31:13.027  1823  5816 D BatteryLed: getLightInColorState, oppoLightMgr empty!
03-07 12:31:13.027  1823  1823 W ContextImpl: Calling a method in the system process without a qualified user: android.app.ContextImpl.sendBroadcast:1174 com.android.server.OppoBaseBatteryService$2.run:280 android.os.Handler.handleCallback:938 android.os.Handler.dispatchMessage:99 android.os.Looper.loop:263 
03-07 12:31:13.060 19464  7799 E CheckPermission: _bluetooth code = 13 
03-07 12:31:13.311 21100 19500 I NearbyMediums: No BLE Fast/GATT advertisements found in the latest cycle.
03-07 12:31:13.311 21100 19500 I NearbyMediums: Current Tracked Scanning Clients are : {NearbyConnections.EnvironmentMonitor, NearbySharing}
03-07 12:31:13.718 19906 20131 D HoraeHelper: getAllShellTemps tSize : 4
