--------- beginning of system
03-07 12:27:28.260 15661 15689 W ContextImpl: Calling a method in the system process without a qualified user: android.app.ContextImpl.sendBroadcast:1174 android.content.ContextWrapper.sendBroadcast:483 com.coloros.notificationmanager.AppModificationReceiver.notifyAppModified:42 com.coloros.notificationmanager.NotificationBackend.processBroadcast:2304 com.coloros.notificationmanager.NotificationBackend.access$300:97 
03-07 12:27:28.288  1823  2008 W Looper  : Slow dispatch took 114ms android.ui h=com.android.server.am.ActivityManagerService$UiHandler c=null m=31
03-07 12:27:28.289  1823  2007 V AlarmManager: set(null) : type=3 when=288116425whenElapsed288116425maxWhen =288611425 win=495000 interval=0 flags=0x8 pkg = android
03-07 12:27:28.289  1823  5569 V AlarmManager: set(null) : type=2 when=287456548whenElapsed287456548maxWhen =287456548 win=0 interval=0 flags=0x0 pkg = android
03-07 12:27:28.289  1823  2007 W Looper  : Slow dispatch took 268ms android.fg h=android.os.Handler c=com.android.server.utils.quota.-$$Lambda$QuotaTracker$QGqhRiGVlazdG76r-Ich6VZnho4@442b99f m=0
03-07 12:27:28.290  1823  2007 W Looper  : Slow delivery took 267ms android.fg h=android.os.Handler c=android.app.-$$Lambda$LoadedApk$ReceiverDispatcher$Args$_BumDX2UKsnxLVrE6UJsJZkotuA@4f1aaec m=0
03-07 12:27:28.290  1823  1872 V AlarmManager: set(PendingIntent{b81deb5: PendingIntentRecord{d25294a com.google.android.gms/com.google.android.gms.container startService}}) : type=3 when=315647456559whenElapsed315647456559maxWhen =552167456559 win=236520000000 interval=0 flags=0x8 pkg = com.google.android.gms
03-07 12:27:28.291  1823  5655 W ActivityManager: Slow operation: 165ms so far, now at startProcess: done updating battery stats
03-07 12:27:28.291  1823  5655 W ActivityManager: Slow operation: 165ms so far, now at startProcess: building log message
03-07 12:27:28.291  1823  5655 I ActivityManager: Start proc 6411:com.coloros.childrenspace/u0a551 for broadcast {com.coloros.childrenspace/com.coloros.childrenspace.controller.ChildrenReceiver}
03-07 12:27:28.291  1823  5655 W ActivityManager: Slow operation: 165ms so far, now at startProcess: starting to update pids map
03-07 12:27:28.292  1823  5655 W ActivityManager: Slow operation: 165ms so far, now at startProcess: done updating pids map
03-07 12:27:28.317  1823  2370 E IntervalStats: Unable to parse usage stats package 5
03-07 12:27:28.318  1823  2370 E IntervalStats: Unable to parse usage stats package 30
03-07 12:27:28.318  1823  2370 E IntervalStats: Unable to parse usage stats package 219
03-07 12:27:28.318  1823  2370 E IntervalStats: Unable to parse usage stats package 306
03-07 12:27:28.318  1823  2370 E IntervalStats: Unable to parse usage stats package 332
03-07 12:27:28.318  1823  2370 E IntervalStats: Unable to parse usage stats package 573
03-07 12:27:28.318  1823  2370 E IntervalStats: Unable to parse usage stats package 635
03-07 12:27:28.318  1823  2370 E IntervalStats: Unable to parse usage stats package 641
03-07 12:27:28.318  1823  2370 E IntervalStats: Unable to parse usage stats package 891
03-07 12:27:28.318  1823  2370 E IntervalStats: Unable to parse usage stats package 970
03-07 12:27:28.318  1823  2370 E IntervalStats: Unable to parse usage stats package 1003
03-07 12:27:28.318  1823  2370 E IntervalStats: Unable to parse usage stats package 1217
03-07 12:27:28.318  1823  2370 E IntervalStats: Unable to parse usage stats package 1375
03-07 12:27:28.319  1823  2370 E IntervalStats: Unable to parse usage stats package 1850
03-07 12:27:28.319  1823  2370 E IntervalStats: Unable to parse usage stats package 1888
03-07 12:27:28.319  1823  2370 E IntervalStats: Unable to parse usage stats package 1972
03-07 12:27:28.319  1823  2370 E IntervalStats: Unable to parse usage stats package 2274
03-07 12:27:28.319  1823  2370 E IntervalStats: Unable to parse usage stats package 2283
03-07 12:27:28.319  1823  2370 E IntervalStats: Unable to parse usage stats package 2286
03-07 12:27:28.319  1823  2370 E IntervalStats: Unable to parse usage stats package 2391
03-07 12:27:28.319  1823  2370 E IntervalStats: Unable to parse usage stats package 2468
03-07 12:27:28.319  1823  2370 E IntervalStats: Unable to parse usage stats package 2470
03-07 12:27:28.319  1823  2370 E IntervalStats: Unable to parse usage stats package 2556
03-07 12:27:28.319  1823  2370 E IntervalStats: Unable to parse usage stats package 2573
03-07 12:27:28.319  1823  2370 E IntervalStats: Unable to parse usage stats package 2583
03-07 12:27:28.319  1823  2370 E IntervalStats: Unable to parse usage stats package 2624
03-07 12:27:28.319  1823  2370 E IntervalStats: Unable to parse usage stats package 2626
03-07 12:27:28.319  1823  2370 E IntervalStats: Unable to parse usage stats package 2695
03-07 12:27:28.319  1823  2370 E IntervalStats: Unable to parse usage stats package 2703
03-07 12:27:28.319  1823  2370 E IntervalStats: Unable to parse usage stats package 2708
03-07 12:27:28.319  1823  2370 E IntervalStats: Unable to parse usage stats package 2720
03-07 12:27:28.319  1823  2370 E IntervalStats: Unable to parse usage stats package 2724
03-07 12:27:28.319  1823  2370 E IntervalStats: Unable to parse usage stats package 2725
03-07 12:27:28.319  1823  2370 E IntervalStats: Unable to parse usage stats package 2726
03-07 12:27:28.319  1823  2370 E IntervalStats: Unable to parse usage stats package 2760
03-07 12:27:28.319  1823  2370 E IntervalStats: Unable to parse usage stats package 2772
03-07 12:27:28.319  1823  2370 E IntervalStats: Unable to parse usage stats package 2773
03-07 12:27:28.319  1823  2370 E IntervalStats: Unable to parse usage stats package 2774
03-07 12:27:28.319  1823  2370 E IntervalStats: Unable to parse usage stats package 2804
03-07 12:27:28.319  1823  2370 E IntervalStats: Unable to parse usage stats package 2805
03-07 12:27:28.319  1823  2370 E IntervalStats: Unable to parse usage stats package 2880
03-07 12:27:28.319  1823  2370 E IntervalStats: Unable to parse usage stats package 2889
03-07 12:27:28.319  1823  2370 E IntervalStats: Unable to parse usage stats package 2890
03-07 12:27:28.319  1823  2370 E IntervalStats: Unable to parse usage stats package 2901
03-07 12:27:28.319  1823  2370 E IntervalStats: Unable to parse usage stats package 2905
03-07 12:27:28.319  1823  2370 E IntervalStats: Unable to parse usage stats package 2906
03-07 12:27:28.319  1823  2370 E IntervalStats: Unable to parse usage stats package 2933
03-07 12:27:28.319  1823  2370 E IntervalStats: Unable to parse usage stats package 2934
03-07 12:27:28.319  1823  2370 E IntervalStats: Unable to parse usage stats package 2935
03-07 12:27:28.319  1823  2370 E IntervalStats: Unable to parse usage stats package 2936
03-07 12:27:28.319  1823  2370 E IntervalStats: Unable to parse usage stats package 2937
03-07 12:27:28.319  1823  2370 E IntervalStats: Unable to parse usage stats package 2938
03-07 12:27:28.319  1823  2370 E IntervalStats: Unable to parse usage stats package 2939
03-07 12:27:28.319  1823  2370 E IntervalStats: Unable to parse usage stats package 2940
03-07 12:27:28.319  1823  2370 E IntervalStats: Unable to parse usage stats package 2941
03-07 12:27:28.319  1823  2370 E IntervalStats: Unable to parse usage stats package 2942
03-07 12:27:28.319  1823  2370 E IntervalStats: Unable to parse usage stats package 2943
03-07 12:27:28.319  1823  2370 E IntervalStats: Unable to parse usage stats package 2944
03-07 12:27:28.319  1823  2370 E IntervalStats: Unable to parse usage stats package 2945
03-07 12:27:28.319  1823  2370 E IntervalStats: Unable to parse usage stats package 2946
03-07 12:27:28.319  1823  2370 E IntervalStats: Unable to parse usage stats package 2947
03-07 12:27:28.319  1823  2370 E IntervalStats: Unable to parse usage stats package 2948
03-07 12:27:28.319  1823  2370 E IntervalStats: Unable to parse usage stats package 2951
03-07 12:27:28.319  1823  2370 E IntervalStats: Unable to parse usage stats package 2952
03-07 12:27:28.319  1823  2370 E IntervalStats: Unable to parse usage stats package 2954
03-07 12:27:28.320  1823  2370 E IntervalStats: Unable to parse usage stats package 2955
--------- beginning of main
03-07 12:27:28.322  1823  5204 D OplusGnssWhiteListProxy: on get OplusGnssWhiteListProxy!
03-07 12:27:28.326  1823  5204 I chatty  : uid=1000(system) Binder:1823_15 identical 232 lines
03-07 12:27:28.326  1823  5204 D OplusGnssWhiteListProxy: on get OplusGnssWhiteListProxy!
03-07 12:27:28.326 10065 10111 E Parcel  : Reading a NULL string not supported here.
03-07 12:27:28.326  1823  5204 D OplusGnssWhiteListProxy: on get OplusGnssWhiteListProxy!
03-07 12:27:28.327  1823  5204 I chatty  : uid=1000(system) Binder:1823_15 identical 62 lines
03-07 12:27:28.327  1823  5204 D OplusGnssWhiteListProxy: on get OplusGnssWhiteListProxy!
03-07 12:27:28.331  6373  6373 I Perf    : Connecting to perf service.
03-07 12:27:28.336  6411  6411 I oplus.android.OplusFrameworkFactoryImpl: get feature:IOplusScreenModeFeature
03-07 12:27:28.336  6411  6411 I oplus.android.OplusFrameworkFactoryImpl: getOplusScreenModeFeature
03-07 12:27:28.336  6373  6373 E Perf    :  perftest packageName : com.android.keychain App is allowed to use Hide APIs  
03-07 12:27:28.340  1823  5204 D OplusGnssWhiteListProxy: on get OplusGnssWhiteListProxy!
03-07 12:27:28.344 10065 10112 E Parcel  : Reading a NULL string not supported here.
03-07 12:27:28.355 10065 10111 E Parcel  : Reading a NULL string not supported here.
03-07 12:27:28.357 10065 10112 E Parcel  : Reading a NULL string not supported here.
03-07 12:27:28.365  6411  6411 E libc    : Access denied finding property "ro.odm.prev.product.name"
03-07 12:27:28.371 10065 10112 E Parcel  : Reading a NULL string not supported here.
03-07 12:27:28.374  1823  5204 D OplusGnssWhiteListProxy: on get OplusGnssWhiteListProxy!
03-07 12:27:28.374 10065 10112 E Parcel  : Reading a NULL string not supported here.
03-07 12:27:28.375  1823  5204 D OplusGnssWhiteListProxy: on get OplusGnssWhiteListProxy!
03-07 12:27:28.376  1823  2007 W Looper  : Drained
03-07 12:27:28.375  1823  5204 I chatty  : uid=1000(system) Binder:1823_15 identical 15 lines
03-07 12:27:28.375  1823  5204 D OplusGnssWhiteListProxy: on get OplusGnssWhiteListProxy!
03-07 12:27:28.377 19464 20576 I LocationUtil: [, , 0]:<<seabank>> 9726B12EF97D5C6FC07F7C8A19ACBAEB29BDA1E9FFD3493FCC79C35538E6D6982DEA1577CB1851235CBB27FD739945749CC628072DC6232596D694D0
03-07 12:27:28.380  2640  2666 D OplusCoreAppService: isPackageContainsOplusCertificates be called
03-07 12:27:28.383  6373  6373 D NetworkSecurityConfig: No Network Security Config specified, using platform default
03-07 12:27:28.383  6373  6373 D NetworkSecurityConfig: No Network Security Config specified, using platform default
03-07 12:27:28.387 10065 10112 E Parcel  : Reading a NULL string not supported here.
03-07 12:27:28.393 10065 10112 E Parcel  : Reading a NULL string not supported here.
03-07 12:27:28.395 10065 10109 E Parcel  : Reading a NULL string not supported here.
03-07 12:27:28.396 10065 10112 E Parcel  : Reading a NULL string not supported here.
03-07 12:27:28.400  1108  1148 E ANDR-PERF-UTIL: Failed to read /sys/class/devfreq/soc:qcom,cpu0-llcc-ddr-lat/min_freq
03-07 12:27:28.400  1108  1148 E ANDR-PERF-OPTSHANDLER: Failed to read /sys/class/devfreq/soc:qcom,cpu0-llcc-ddr-lat/min_freq
03-07 12:27:28.400  1108  1148 E ANDR-PERF-RESOURCEQS: Failed to apply optimization [13, 12]
03-07 12:27:28.400  1108  1148 E ANDR-PERF-UTIL: Failed to read /sys/class/devfreq/soc:qcom,cpu6-llcc-ddr-lat/min_freq
03-07 12:27:28.400  1108  1148 E ANDR-PERF-OPTSHANDLER: Failed to read /sys/class/devfreq/soc:qcom,cpu6-llcc-ddr-lat/min_freq
03-07 12:27:28.400  1108  1148 E ANDR-PERF-RESOURCEQS: Failed to apply optimization [13, 12]
03-07 12:27:28.400 10065 10112 E Parcel  : Reading a NULL string not supported here.
03-07 12:27:28.400  1108  1148 E ANDR-PERF-UTIL: Failed to read /sys/class/devfreq/soc:qcom,cpu0-cpu-llcc-lat/mem_latency/ratio_ceil
03-07 12:27:28.401  1108  1148 E ANDR-PERF-OPTSHANDLER: Failed to read /sys/class/devfreq/soc:qcom,cpu0-cpu-llcc-lat/mem_latency/ratio_ceil
03-07 12:27:28.401  1108  1148 E ANDR-PERF-RESOURCEQS: Failed to apply optimization [13, 8]
03-07 12:27:28.401  1108  1148 E ANDR-PERF-UTIL: Failed to read /sys/class/devfreq/soc:qcom,cpu4-cpu-llcc-lat/mem_latency/ratio_ceil
03-07 12:27:28.401  1108  1148 E ANDR-PERF-OPTSHANDLER: Failed to read /sys/class/devfreq/soc:qcom,cpu4-cpu-llcc-lat/mem_latency/ratio_ceil
03-07 12:27:28.401  1108  1148 E ANDR-PERF-RESOURCEQS: Failed to apply optimization [13, 9]
03-07 12:27:28.401  6373  6373 D KeyChain: onCreate
03-07 12:27:28.401  1823  2751 D CompatibilityChangeReporter: Compat change id reported: 135634846; UID 1000; state: DISABLED
03-07 12:27:28.402  1823  2370 I ColorListManagerImpl: addStageProtectInfo from com.android.keychain for com.android.keychain in 60000
03-07 12:27:28.403  1823  2370 I ColorListManagerImpl: removeStageProtectInfo from com.android.keychain for com.android.keychain
03-07 12:27:28.403  1823  3350 W ContextImpl: Calling a method in the system process without a qualified user: android.app.ContextImpl.startService:1717 com.oplus.util.OplusStatisticsImpl.startService:216 com.oplus.util.OplusStatisticsImpl.sendDataToDCS:192 com.oplus.util.OplusStatisticsImpl.onCommonSync:84 com.oplus.util.OplusStatisticsImpl$1.run:124 
03-07 12:27:28.403  6373  6446 D KeyChain: onHandleIntent
03-07 12:27:28.405  1823  2008 W Looper  : Slow dispatch took 116ms android.ui h=com.android.server.am.ActivityManagerService$UiHandler c=null m=53
03-07 12:27:28.405 10065 10109 E Parcel  : Reading a NULL string not supported here.
03-07 12:27:28.405  1134  1616 D AudioPolicyService: updateUidStates_l() allowCapture=true because of on TOP AND uses VOICE_RECOGNITION OR uses HOTWORD
03-07 12:27:28.405  1134  1616 D AudioPolicyService: updateUidStates_l() current->uid=10070 current->pid=17223 allowCapture=1 UidState=5 apmStat=1
03-07 12:27:28.407 10065 10108 E Parcel  : Reading a NULL string not supported here.
03-07 12:27:28.408  1823  2537 W ActivityManager: Unable to start service Intent { cmp=com.coloros.phonemanager/.safejob.SafeCenterJobService (has extras) } U=0: not found
03-07 12:27:28.408  1823  2537 D JobScheduler: Error executing JobStatus{981795f #1000/2009201 com.coloros.phonemanager/.safejob.SafeCenterJobService u=0 s=10563 TIME=-3d7h50m33s347ms:-3d7h50m33s347ms PERIODIC PERSISTED READY}
03-07 12:27:28.409 10065 10112 E Parcel  : Reading a NULL string not supported here.
03-07 12:27:28.410 19464  6339 E CheckPermission: _bluetooth code = 13 
03-07 12:27:28.410 10065 10109 E Parcel  : Reading a NULL string not supported here.
03-07 12:27:28.419 10065 10112 E Parcel  : Reading a NULL string not supported here.
03-07 12:27:28.429 32208 32515 D BaseJobBuilder: set process for client: com.alibaba.intl.android.apps.poseidon:channel
03-07 12:27:28.432  1216  8539 I ConscryptEngineSocket: dc-dragate-sg.heytapmobile.com:443,tls_reused:true
03-07 12:27:28.432 10065 10108 E Parcel  : Reading a NULL string not supported here.
03-07 12:27:28.432  1216  8539 D RealConnection:: Platform.getOplatform().getSelectedProtocol(sslSocket):null
03-07 12:27:28.432  1216  8539 D RealConnection:: supportsTlsExtensions:true
03-07 12:27:28.432  1216  8539 D RealConnection:: maybeProtocol:null
03-07 12:27:28.433  1216  8539 D RealConnection:: protocol:http/1.1
03-07 12:27:28.433  1216  8539 D TapHttp.CallTrackHelper 47881: secureConnectEnd https://dc-dragate-sg.heytapmobile.com/v1/stat/rinstall?appid=21000&logtag=0&nonce=3161&timestamp=1772861247&sign=69b218bba99696de11b4447f0ba55122
03-07 12:27:28.433  1216  8539 D TapHttp.CallTrackHelper 47881: connectEnd https://dc-dragate-sg.heytapmobile.com/v1/stat/rinstall?appid=21000&logtag=0&nonce=3161&timestamp=1772861247&sign=69b218bba99696de11b4447f0ba55122
03-07 12:27:28.434  1216  8539 D TapHttp.Event Dispatcher: connect acquired 13.228.236.239
03-07 12:27:28.434  1216  8539 D TapHttp.CallTrackHelper 47881: connectionAcquired https://dc-dragate-sg.heytapmobile.com/v1/stat/rinstall?appid=21000&logtag=0&nonce=3161&timestamp=1772861247&sign=69b218bba99696de11b4447f0ba55122
03-07 12:27:28.434  1216  8539 D TapHttp.CallTrackHelper 47881: request_protocol =tcp readTimeout=10000 writeTimeout=10000 retryCount=0  route=Route{dc-dragate-sg.heytapmobile.com/13.228.236.239:443}
03-07 12:27:28.435  1216  8539 I TapHttp.SpecialCallServerStub: request online : url:https://dc-dragate-sg.heytapmobile.com/v1/stat/rinstall?appid=21000&logtag=0&nonce=3161&timestamp=1772861247&sign=69b218bba99696de11b4447f0ba55122,
03-07 12:27:28.435  1216  8539 I TapHttp.SpecialCallServerStub:  
03-07 12:27:28.435  1216  8539 I TapHttp.SpecialCallServerStub: request online:hostdc-dragate-sg.heytapmobile.com 
03-07 12:27:28.435  1216  8539 I TapHttp.SpecialCallServerStub:  headers Content-Encoding: gzip
03-07 12:27:28.435  1216  8539 I TapHttp.SpecialCallServerStub: Content-Type: text/json; charset=UTF-8
03-07 12:27:28.435  1216  8539 I TapHttp.SpecialCallServerStub: TAP-APP-CONF-VER: compass_dcs:397,dcc_124200:1561,dcc_module_switch:7,dcc_20158:1,dcc_2:8
03-07 12:27:28.435  1216  8539 I TapHttp.SpecialCallServerStub: Content-Length: 664
03-07 12:27:28.435  1216  8539 I TapHttp.SpecialCallServerStub: Host: dc-dragate-sg.heytapmobile.com
03-07 12:27:28.435  1216  8539 I TapHttp.SpecialCallServerStub: Connection: Keep-Alive
03-07 12:27:28.435  1216  8539 I TapHttp.SpecialCallServerStub: Accept-Encoding: gzip
03-07 12:27:28.435  1216  8539 I TapHttp.SpecialCallServerStub: User-Agent: okhttp/3.12.12.342
03-07 12:27:28.435  1216  8539 I TapHttp.SpecialCallServerStub: 
03-07 12:27:28.436  1216  8539 D TapHttp.CallTrackHelper 47881: requestHeadersStart https://dc-dragate-sg.heytapmobile.com/v1/stat/rinstall?appid=21000&logtag=0&nonce=3161&timestamp=1772861247&sign=69b218bba99696de11b4447f0ba55122
03-07 12:27:28.436  1216  8539 D TapHttp.CallTrackHelper 47881: requestHeadersEnd https://dc-dragate-sg.heytapmobile.com/v1/stat/rinstall?appid=21000&logtag=0&nonce=3161&timestamp=1772861247&sign=69b218bba99696de11b4447f0ba55122
03-07 12:27:28.437  1216  8539 D TapHttp.CallTrackHelper 47881: requestBodyStart https://dc-dragate-sg.heytapmobile.com/v1/stat/rinstall?appid=21000&logtag=0&nonce=3161&timestamp=1772861247&sign=69b218bba99696de11b4447f0ba55122
03-07 12:27:28.437  1216  8539 D TapHttp.CallTrackHelper 47881: requestBodyEnd https://dc-dragate-sg.heytapmobile.com/v1/stat/rinstall?appid=21000&logtag=0&nonce=3161&timestamp=1772861247&sign=69b218bba99696de11b4447f0ba55122
03-07 12:27:28.438  1216  8539 D TapHttp.CallTrackHelper 47881: requestEnd https://dc-dragate-sg.heytapmobile.com/v1/stat/rinstall?appid=21000&logtag=0&nonce=3161&timestamp=1772861247&sign=69b218bba99696de11b4447f0ba55122
03-07 12:27:28.438  1216  8539 D TapHttp.CallTrackHelper 47881: responseHeadersStart https://dc-dragate-sg.heytapmobile.com/v1/stat/rinstall?appid=21000&logtag=0&nonce=3161&timestamp=1772861247&sign=69b218bba99696de11b4447f0ba55122
03-07 12:27:28.447 15661 15661 D StartupManager_Unstable: derestrictUnstableApp: not unstable app :com.jurnalsaham.jurnalsahamihsg
03-07 12:27:28.449 10065 10108 E Parcel  : Reading a NULL string not supported here.
03-07 12:27:28.467 10065 10111 I Finsky  : [53168] AIM: AppInfoManager-Perf > ItemModel > CacheSize=199, cacheHitCount=0, cacheMissCount=0, total appsWithNoServerDataCount=17. Missed  in cache (limit 10) : []
03-07 12:27:28.469 10065 10111 I Finsky  : [53168] AIM: AppInfoManager-Perf > ItemModel > CacheSize=199, cacheHitCount=0, cacheMissCount=0, total appsWithNoServerDataCount=17. Missed  in cache (limit 10) : []
03-07 12:27:28.470  6411  6411 I Perf    : Connecting to perf service.
03-07 12:27:28.474 10065 10109 E Parcel  : Reading a NULL string not supported here.
03-07 12:27:28.476  6411  6411 E Perf    :  perftest packageName : com.coloros.childrenspace App is allowed to use Hide APIs  
03-07 12:27:28.478 19906 20131 D HoraeHelper: getAllShellTemps tSize : 4
03-07 12:27:28.479  1823  2046 W ActivityManager: Slow operation: 80ms so far, now at startProcess: asking zygote to start proc
03-07 12:27:28.479  1823  2371 V OplusLocationStatusMonitor: give up it, I have record it early
03-07 12:27:28.479 19906 20131 D HoraeHelper: Thermal length:1
03-07 12:27:28.487  1823  5655 D OplusPackageManager: removePkgFromNotLaunchedList com.jurnalsaham.jurnalsahamihsg
03-07 12:27:28.489  1823  5655 I ActivityTaskManager: START u0 {flg=0x10000000 cmp=com.jurnalsaham.jurnalsahamihsg/org.kivy.android.PythonActivity mCallingUid=2000} from uid 2000 and from pid 6448
03-07 12:27:28.489  1108  1148 E ANDR-PERF-UTIL: Failed to read /sys/class/devfreq/soc:qcom,cpu0-llcc-ddr-lat/min_freq
03-07 12:27:28.489  1108  1148 E ANDR-PERF-OPTSHANDLER: Failed to read /sys/class/devfreq/soc:qcom,cpu0-llcc-ddr-lat/min_freq
03-07 12:27:28.489  1108  1148 E ANDR-PERF-RESOURCEQS: Failed to apply optimization [13, 12]
03-07 12:27:28.489  1108  1148 E ANDR-PERF-UTIL: Failed to read /sys/class/devfreq/soc:qcom,cpu6-llcc-ddr-lat/min_freq
03-07 12:27:28.489  1108  1148 E ANDR-PERF-OPTSHANDLER: Failed to read /sys/class/devfreq/soc:qcom,cpu6-llcc-ddr-lat/min_freq
03-07 12:27:28.489  1108  1148 E ANDR-PERF-RESOURCEQS: Failed to apply optimization [13, 12]
03-07 12:27:28.490  1108  1148 E ANDR-PERF-UTIL: Failed to read /sys/class/devfreq/soc:qcom,cpu0-cpu-llcc-lat/mem_latency/ratio_ceil
03-07 12:27:28.490  1108  1148 E ANDR-PERF-OPTSHANDLER: Failed to read /sys/class/devfreq/soc:qcom,cpu0-cpu-llcc-lat/mem_latency/ratio_ceil
03-07 12:27:28.490  1108  1148 E ANDR-PERF-RESOURCEQS: Failed to apply optimization [13, 8]
03-07 12:27:28.490  1108  1148 E ANDR-PERF-UTIL: Failed to read /sys/class/devfreq/soc:qcom,cpu4-cpu-llcc-lat/mem_latency/ratio_ceil
03-07 12:27:28.490  1108  1148 E ANDR-PERF-OPTSHANDLER: Failed to read /sys/class/devfreq/soc:qcom,cpu4-cpu-llcc-lat/mem_latency/ratio_ceil
03-07 12:27:28.490  1108  1148 E ANDR-PERF-RESOURCEQS: Failed to apply optimization [13, 9]
03-07 12:27:28.492 10065 10108 E Parcel  : Reading a NULL string not supported here.
03-07 12:27:28.500  6411  6411 D NetworkSecurityConfig: No Network Security Config specified, using platform default
03-07 12:27:28.500  6411  6411 D NetworkSecurityConfig: No Network Security Config specified, using platform default
03-07 12:27:28.505  1823  5655 V SensorManager: setScreenShotDisableImpl
03-07 12:27:28.505  1823  5655 D SensorService: debug_oplusGeminiProximity setScreenShotDisable in SensorService
03-07 12:27:28.506 10065 10109 E Parcel  : Reading a NULL string not supported here.
03-07 12:27:28.507  1108  1148 E ANDR-PERF-UTIL: Failed to read /sys/class/devfreq/soc:qcom,cpu0-llcc-ddr-lat/min_freq
03-07 12:27:28.507  1108  1148 E ANDR-PERF-OPTSHANDLER: Failed to read /sys/class/devfreq/soc:qcom,cpu0-llcc-ddr-lat/min_freq
03-07 12:27:28.507  1108  1148 E ANDR-PERF-RESOURCEQS: Failed to apply optimization [13, 12]
03-07 12:27:28.507  1108  1148 E ANDR-PERF-UTIL: Failed to read /sys/class/devfreq/soc:qcom,cpu6-llcc-ddr-lat/min_freq
03-07 12:27:28.507  1108  1148 E ANDR-PERF-OPTSHANDLER: Failed to read /sys/class/devfreq/soc:qcom,cpu6-llcc-ddr-lat/min_freq
03-07 12:27:28.507  1108  1148 E ANDR-PERF-RESOURCEQS: Failed to apply optimization [13, 12]
03-07 12:27:28.507  1823  5655 E ColorZoomWindowManagerService: onConfigurationChanged rotation not changed - prevRotation: 0
03-07 12:27:28.509  1216  8539 D TapHttp.CallTrackHelper 47881: responseHeadersEnd https://dc-dragate-sg.heytapmobile.com/v1/stat/rinstall?appid=21000&logtag=0&nonce=3161&timestamp=1772861247&sign=69b218bba99696de11b4447f0ba55122
03-07 12:27:28.509  1216  8539 D TapHttp.CallTrackHelper 47881: responseBodyStart https://dc-dragate-sg.heytapmobile.com/v1/stat/rinstall?appid=21000&logtag=0&nonce=3161&timestamp=1772861247&sign=69b218bba99696de11b4447f0ba55122
03-07 12:27:28.510  1216  8539 D TapHttp.CallTrackHelper 47881: responseEnd https://dc-dragate-sg.heytapmobile.com/v1/stat/rinstall?appid=21000&logtag=0&nonce=3161&timestamp=1772861247&sign=69b218bba99696de11b4447f0ba55122
03-07 12:27:28.510  1216  8539 I TapHttp.SpecialCallServerStub: response online : protocol: http/1.1, code:200 ,url:https://dc-dragate-sg.heytapmobile.com/v1/stat/rinstall?appid=21000&logtag=0&nonce=3161&timestamp=1772861247&sign=69b218bba99696de11b4447f0ba55122
03-07 12:27:28.510  1216  8539 I TapHttp.SpecialCallServerStub: response online: host:dc-dragate-sg.heytapmobile.com,headers:Server: nginx
03-07 12:27:28.510  1216  8539 I TapHttp.SpecialCallServerStub: Date: Sat, 07 Mar 2026 05:27:30 GMT
03-07 12:27:28.510  1216  8539 I TapHttp.SpecialCallServerStub: Content-Type: application/json;charset=UTF-8
03-07 12:27:28.510  1216  8539 I TapHttp.SpecialCallServerStub: Content-Length: 23
03-07 12:27:28.510  1216  8539 I TapHttp.SpecialCallServerStub: Connection: keep-alive
03-07 12:27:28.510  1216  8539 I TapHttp.SpecialCallServerStub: Access-Control-Allow-Credentials: true
03-07 12:27:28.510  1216  8539 I TapHttp.SpecialCallServerStub: Access-Control-Allow-Origin: *
03-07 12:27:28.510  1216  8539 I TapHttp.SpecialCallServerStub: Access-Control-Allow-Methods: GET, POST, OPTIONS
03-07 12:27:28.510  1216  8539 I TapHttp.SpecialCallServerStub: Access-Control-Allow-Headers: content-type, Origin, X-Requested-With
03-07 12:27:28.510  1216  8539 I TapHttp.SpecialCallServerStub: Access-Control-Expose-Headers: Content-Length
03-07 12:27:28.510  1216  8539 I TapHttp.SpecialCallServerStub: Access-Control-Max-Age: 86400
03-07 12:27:28.510  1216  8539 I TapHttp.SpecialCallServerStub: TAP-APP-CONF-DIM: compass_dcs:0,dcc_124200:0,dcc_module_switch:0,dcc_20158:0,dcc_2:0
03-07 12:27:28.510  1216  8539 I TapHttp.SpecialCallServerStub: X-Backend-Host: 21bsm:81
03-07 12:27:28.510  1216  8539 I TapHttp.SpecialCallServerStub: X-Gateway-Host: b85f8269c98cdfb2b89c8334790e504bb2afd245cc9d429a8965a43ae2a8c5758d39673f303be3899a96be2bf74f21bd
03-07 12:27:28.510  1216  8539 I TapHttp.SpecialCallServerStub: 
03-07 12:27:28.512  1108  1148 E ANDR-PERF-UTIL: Failed to read /sys/class/devfreq/soc:qcom,cpu0-cpu-llcc-lat/mem_latency/ratio_ceil
03-07 12:27:28.512  1108  1148 E ANDR-PERF-OPTSHANDLER: Failed to read /sys/class/devfreq/soc:qcom,cpu0-cpu-llcc-lat/mem_latency/ratio_ceil
03-07 12:27:28.512  1108  1148 E ANDR-PERF-RESOURCEQS: Failed to apply optimization [13, 8]
03-07 12:27:28.512  1108  1148 E ANDR-PERF-UTIL: Failed to read /sys/class/devfreq/soc:qcom,cpu4-cpu-llcc-lat/mem_latency/ratio_ceil
03-07 12:27:28.512  1108  1148 E ANDR-PERF-OPTSHANDLER: Failed to read /sys/class/devfreq/soc:qcom,cpu4-cpu-llcc-lat/mem_latency/ratio_ceil
03-07 12:27:28.512  1108  1148 E ANDR-PERF-RESOURCEQS: Failed to apply optimization [13, 9]
03-07 12:27:28.512 10065 10108 E Parcel  : Reading a NULL string not supported here.
03-07 12:27:28.513  1216  8539 D TapHttp.CallTrackHelper 47881: responseBodyEnd https://dc-dragate-sg.heytapmobile.com/v1/stat/rinstall?appid=21000&logtag=0&nonce=3161&timestamp=1772861247&sign=69b218bba99696de11b4447f0ba55122
03-07 12:27:28.514  1216  8539 D TapHttp.CallTrackHelper 47881: connectionReleased https://dc-dragate-sg.heytapmobile.com/v1/stat/rinstall?appid=21000&logtag=0&nonce=3161&timestamp=1772861247&sign=69b218bba99696de11b4447f0ba55122
03-07 12:27:28.514  1216  8539 D TapHttp.CallTrackHelper 47881: callEnd https://dc-dragate-sg.heytapmobile.com/v1/stat/rinstall?appid=21000&logtag=0&nonce=3161&timestamp=1772861247&sign=69b218bba99696de11b4447f0ba55122
03-07 12:27:28.514  1216  8539 D TapHttp.CallTrackHelper 47881: call_time : 584
03-07 12:27:28.514  1216  8539 D TapHttp.CallTrackHelper 47881: callEnd https://dc-dragate-sg.heytapmobile.com/v1/stat/rinstall?appid=21000&logtag=0&nonce=3161&timestamp=1772861247&sign=69b218bba99696de11b4447f0ba55122
03-07 12:27:28.514  1216  8539 V TapHttp.StatRateHelper: ignore record by sample ratio is 1
03-07 12:27:28.514  6411  6411 D VersionUtils: Get OsVersion Exception : java.lang.NoSuchFieldException: OplusOS_11_3
03-07 12:27:28.514  6411  6411 D VersionUtils: Get OsVersion Exception : java.lang.NoSuchFieldException: OplusOS_11_3
03-07 12:27:28.517  6411  6411 I ChildrenSpace: ChildrenLogUtils, IS_QELOG_ON = false, IS_QELOG_ON_MTK = false, sIsDebugTagOn = false
03-07 12:27:28.517  6411  6411 I ChildrenSpace.ChildrenApplication: attachBaseContext base=android.app.ContextImpl@156147f
03-07 12:27:28.520   919   919 D Zygote  : Forked child process 6462
03-07 12:27:28.511  1823  5655 E ColorZoomWindowManagerService: onConfigurationChanged rotation not changed - prevRotation: 0
03-07 12:27:28.522  1823  2046 W ActivityManager: Slow operation: 124ms so far, now at startProcess: returned from zygote!
03-07 12:27:28.523  1823  5655 D ColorZoomWindowRUSConfigManager: isSupportZoomModeWithPolicyLocked: target = com.jurnalsaham.jurnalsahamihsg/org.kivy.android.PythonActivity
03-07 12:27:28.523  1823  5655 D ColorZoomWindowRUSConfigManager: targetPkg = com.jurnalsaham.jurnalsahamihsg
03-07 12:27:28.523  1823  5655 V ColorZoomWindowManagerService: unSupportZoom: false ,callingPid: 6448 ,sourceStack: null
03-07 12:27:28.524  1823  5655 D ActivityTrigger: ActivityTrigger activityPauseTrigger 
03-07 12:27:28.525  6462  6462 W Zygote  : Unable to open libbeluga.so: dlopen failed: library "libbeluga.so" not found.
03-07 12:27:28.527  3294  3812 W Launcher.ColorLauncherModel: onGreenPointAppsUpdate pkgNames is invalid 
03-07 12:27:28.535 10065 10109 E Parcel  : Reading a NULL string not supported here.
03-07 12:27:28.536  1823  5655 D ActivityTaskManager: setWillCloseOrEnterPip:true ActivityRecord:ActivityRecord{d5fbe0b u0 com.oppo.launcher/.Launcher t2} callers:com.android.server.wm.ActivityStack.resumeTopActivityInnerLocked:1921 com.android.server.wm.ActivityStack.resumeTopActivityUncheckedLocked:1710 com.android.server.wm.RootWindowContainer.resumeFocusedStacksTopActivities:2476 com.android.server.wm.ActivityStarter.startActivityInner:2288 com.android.server.wm.ActivityStarter.startActivityUnchecked:1997 
03-07 12:27:28.537 10065 10108 E Parcel  : Reading a NULL string not supported here.
03-07 12:27:28.538 10065 10109 E Parcel  : Reading a NULL string not supported here.
03-07 12:27:28.540 10065 10108 E Parcel  : Reading a NULL string not supported here.
03-07 12:27:28.541 10065 10109 E Parcel  : Reading a NULL string not supported here.
03-07 12:27:28.543 10065 10108 E Parcel  : Reading a NULL string not supported here.
03-07 12:27:28.544  1823  5200 D ActivityTaskManager: setWillCloseOrEnterPip:false ActivityRecord:ActivityRecord{d5fbe0b u0 com.oppo.launcher/.Launcher t2} callers:com.android.server.wm.ActivityStack.completePauseLocked:1325 com.android.server.wm.ActivityRecord.activityPaused:5483 com.android.server.wm.ActivityTaskManagerService.activityPaused:1998 android.app.IActivityTaskManager$Stub.onTransact:1956 com.android.server.wm.OppoActivityTaskManagerService.onTransact:174 
03-07 12:27:28.546  1823  5200 V SensorManager: setScreenShotDisableImpl
03-07 12:27:28.546  1823  5200 D SensorService: debug_oplusGeminiProximity setScreenShotDisable in SensorService
03-07 12:27:28.546  1823  5200 I ColorHansManager : ColorHansManager : resume pkg: com.jurnalsaham.jurnalsahamihsg, uid:10773, prev pkg: com.oppo.launcher, prev uid: 10049
03-07 12:27:28.547  1823  5200 V SensorManager: setScreenShotDisableImpl
03-07 12:27:28.547  1823  5200 D SensorService: debug_oplusGeminiProximity setScreenShotDisable in SensorService
03-07 12:27:28.547  1823  3138 I ColorHansManager : enter fastfreezer
03-07 12:27:28.543  6462  6462 E .mcs.statistic: Unknown bits set in runtime_flags: 0x40000000
03-07 12:27:28.548  1823  5200 V SensorManager: setScreenShotDisableImpl
03-07 12:27:28.548  1823  5200 D SensorService: debug_oplusGeminiProximity setScreenShotDisable in SensorService
03-07 12:27:28.549  1823  3138 I ColorHansManager : freeze uid: 10006 package: com.wakeup.howear reason: fastfreezer|10773 scene: FastFreezerScene
03-07 12:27:28.552  1108  1148 E ANDR-PERF-UTIL: Failed to read /sys/class/devfreq/soc:qcom,cpu0-llcc-ddr-lat/min_freq
03-07 12:27:28.552  1108  1148 E ANDR-PERF-OPTSHANDLER: Failed to read /sys/class/devfreq/soc:qcom,cpu0-llcc-ddr-lat/min_freq
03-07 12:27:28.552  1108  1148 E ANDR-PERF-RESOURCEQS: Failed to apply optimization [13, 12]
03-07 12:27:28.552  1108  1148 E ANDR-PERF-UTIL: Failed to read /sys/class/devfreq/soc:qcom,cpu6-llcc-ddr-lat/min_freq
03-07 12:27:28.552  1108  1148 E ANDR-PERF-OPTSHANDLER: Failed to read /sys/class/devfreq/soc:qcom,cpu6-llcc-ddr-lat/min_freq
03-07 12:27:28.552  1108  1148 E ANDR-PERF-RESOURCEQS: Failed to apply optimization [13, 12]
03-07 12:27:28.552  6462  6462 E .mcs.statistic: Not starting debugger since process cannot load the jdwp agent.
03-07 12:27:28.556  3294  3294 W Launcher.AlphabeticalAppsList: updateAdapterItems
03-07 12:27:28.557  3294  3294 W Launcher.AlphabeticalAppsList: drawAppSort cost to muchTime sortCost = 3 sectionUpdateCost = 0 adapterUpdateCost = 1
03-07 12:27:28.559  1823  2012 D OppoPhoneWindowManager: RevertColorDrawableInDarkMode packageName = com.jurnalsaham.jurnalsahamihsg; versionCode = 1021100;result = false; time:193646
03-07 12:27:28.560  6462  6462 E RefClass: java.lang.reflect.InvocationTargetException
03-07 12:27:28.563  6462  6462 I OneTrace: Mark active for pid=6462? true
03-07 12:27:28.563  1823  3138 I ColorHansManager : freeze uid: 10152 package: com.lazada.android reason: fastfreezer|10773 scene: FastFreezerScene
03-07 12:27:28.568  1823  3138 I ColorHansManager : freeze uid: 10282 package: com.tokopedia.sellerapp reason: fastfreezer|10773 scene: FastFreezerScene
03-07 12:27:28.573 10065 10109 E Parcel  : Reading a NULL string not supported here.
03-07 12:27:28.576 10065 10109 E Parcel  : Reading a NULL string not supported here.
03-07 12:27:28.579 10065 10108 E Parcel  : Reading a NULL string not supported here.
03-07 12:27:28.580  1108  1148 E ANDR-PERF-UTIL: Failed to read /sys/class/devfreq/soc:qcom,cpu0-cpu-llcc-lat/mem_latency/ratio_ceil
03-07 12:27:28.580  1108  1148 E ANDR-PERF-OPTSHANDLER: Failed to read /sys/class/devfreq/soc:qcom,cpu0-cpu-llcc-lat/mem_latency/ratio_ceil
03-07 12:27:28.580  1108  1148 E ANDR-PERF-RESOURCEQS: Failed to apply optimization [13, 8]
03-07 12:27:28.580  1108  1148 E ANDR-PERF-UTIL: Failed to read /sys/class/devfreq/soc:qcom,cpu4-cpu-llcc-lat/mem_latency/ratio_ceil
03-07 12:27:28.580  1108  1148 E ANDR-PERF-OPTSHANDLER: Failed to read /sys/class/devfreq/soc:qcom,cpu4-cpu-llcc-lat/mem_latency/ratio_ceil
03-07 12:27:28.580  1108  1148 E ANDR-PERF-RESOURCEQS: Failed to apply optimization [13, 9]
03-07 12:27:28.581  1108  1148 E ANDR-PERF-UTIL: Failed to read /sys/class/devfreq/soc:qcom,cpu0-llcc-ddr-lat/min_freq
03-07 12:27:28.581  1108  1148 E ANDR-PERF-OPTSHANDLER: Failed to read /sys/class/devfreq/soc:qcom,cpu0-llcc-ddr-lat/min_freq
03-07 12:27:28.581  1108  1148 E ANDR-PERF-RESOURCEQS: Failed to apply optimization [13, 12]
03-07 12:27:28.581  1108  1148 E ANDR-PERF-UTIL: Failed to read /sys/class/devfreq/soc:qcom,cpu6-llcc-ddr-lat/min_freq
03-07 12:27:28.581  1108  1148 E ANDR-PERF-OPTSHANDLER: Failed to read /sys/class/devfreq/soc:qcom,cpu6-llcc-ddr-lat/min_freq
03-07 12:27:28.581  1108  1148 E ANDR-PERF-RESOURCEQS: Failed to apply optimization [13, 12]
03-07 12:27:28.581  1823  3138 I ColorHansManager : freeze uid: 10030 package: com.shopee.id reason: fastfreezer|10773 scene: FastFreezerScene
03-07 12:27:28.583  1108  1148 E ANDR-PERF-UTIL: Failed to read /sys/class/devfreq/soc:qcom,cpu0-cpu-llcc-lat/mem_latency/ratio_ceil
03-07 12:27:28.583  1108  1148 E ANDR-PERF-OPTSHANDLER: Failed to read /sys/class/devfreq/soc:qcom,cpu0-cpu-llcc-lat/mem_latency/ratio_ceil
03-07 12:27:28.583  1108  1148 E ANDR-PERF-RESOURCEQS: Failed to apply optimization [13, 8]
03-07 12:27:28.583  1108  1148 E ANDR-PERF-UTIL: Failed to read /sys/class/devfreq/soc:qcom,cpu4-cpu-llcc-lat/mem_latency/ratio_ceil
03-07 12:27:28.583  1108  1148 E ANDR-PERF-OPTSHANDLER: Failed to read /sys/class/devfreq/soc:qcom,cpu4-cpu-llcc-lat/mem_latency/ratio_ceil
03-07 12:27:28.583  1108  1148 E ANDR-PERF-RESOURCEQS: Failed to apply optimization [13, 9]
03-07 12:27:28.585  1823  3138 I ColorHansManager : freeze uid: 10294 package: hk.easyvan.app.client reason: fastfreezer|10773 scene: FastFreezerScene
03-07 12:27:28.585  1108  1148 E ANDR-PERF-UTIL: Failed to read /sys/class/devfreq/soc:qcom,cpu0-llcc-ddr-lat/min_freq
03-07 12:27:28.585  1108  1148 E ANDR-PERF-OPTSHANDLER: Failed to read /sys/class/devfreq/soc:qcom,cpu0-llcc-ddr-lat/min_freq
03-07 12:27:28.585  1108  1148 E ANDR-PERF-RESOURCEQS: Failed to apply optimization [13, 12]
03-07 12:27:28.585  1108  1148 E ANDR-PERF-UTIL: Failed to read /sys/class/devfreq/soc:qcom,cpu6-llcc-ddr-lat/min_freq
03-07 12:27:28.585  1108  1148 E ANDR-PERF-OPTSHANDLER: Failed to read /sys/class/devfreq/soc:qcom,cpu6-llcc-ddr-lat/min_freq
03-07 12:27:28.585  1108  1148 E ANDR-PERF-RESOURCEQS: Failed to apply optimization [13, 12]
03-07 12:27:28.587  1823  3138 I ColorHansManager : freeze uid: 10167 package: com.instagram.android reason: fastfreezer|10773 scene: FastFreezerScene
03-07 12:27:28.590  1823  3138 I ColorHansManager : freeze uid: 10296 package: com.instagram.barcelona reason: fastfreezer|10773 scene: FastFreezerScene
03-07 12:27:28.594  1823  3138 I ColorHansManager : freeze uid: 10171 package: com.ss.android.ugc.trill reason: fastfreezer|10773 scene: FastFreezerScene
03-07 12:27:28.594  1108  1148 E ANDR-PERF-UTIL: Failed to read /sys/class/devfreq/soc:qcom,cpu0-cpu-llcc-lat/mem_latency/ratio_ceil
03-07 12:27:28.594  1108  1148 E ANDR-PERF-OPTSHANDLER: Failed to read /sys/class/devfreq/soc:qcom,cpu0-cpu-llcc-lat/mem_latency/ratio_ceil
03-07 12:27:28.594  1108  1148 E ANDR-PERF-RESOURCEQS: Failed to apply optimization [13, 8]
03-07 12:27:28.594  1108  1148 E ANDR-PERF-UTIL: Failed to read /sys/class/devfreq/soc:qcom,cpu4-cpu-llcc-lat/mem_latency/ratio_ceil
03-07 12:27:28.594  1108  1148 E ANDR-PERF-OPTSHANDLER: Failed to read /sys/class/devfreq/soc:qcom,cpu4-cpu-llcc-lat/mem_latency/ratio_ceil
03-07 12:27:28.594  1108  1148 E ANDR-PERF-RESOURCEQS: Failed to apply optimization [13, 9]
03-07 12:27:28.596  1823  3138 I ColorHansManager : freeze uid: 10307 package: com.truecaller reason: fastfreezer|10773 scene: FastFreezerScene
03-07 12:27:28.597 10065 10108 E Parcel  : Reading a NULL string not supported here.
03-07 12:27:28.603  1823  2012 D ColorViewRootUtil: initSwipState, isDisplayCompatApp false
03-07 12:27:28.603  1823  2012 D ColorViewRootUtil: mScreenHeight 2340, mScreenWidth 1080
03-07 12:27:28.604 10065 10111 I Finsky  : [53168] AIM: AppInfoManager-Perf > getApps > data collection finished
03-07 12:27:28.604  1823  3138 I ColorHansManager : freeze uid: 10455 package: com.facebook.katana reason: fastfreezer|10773 scene: FastFreezerScene
03-07 12:27:28.604 10065 10111 I Finsky  : [53168] AIM: AppInfoManager-Perf > maybeDestroyAppInfoManager is called. actives = 1
03-07 12:27:28.605  1823  2012 D WindowManager: Add to mViews: DecorView@39cd98c[jurnalsahamihsg],pkg= com.jurnalsaham.jurnalsahamihsg
03-07 12:27:28.606  1823  2012 D OppoDisplayPolicy: com.jurnalsaham.jurnalsahamihsg, no change cutoutMode: 0
03-07 12:27:28.614  1823  3138 I ColorHansManager : freeze uid: 10203 package: com.tokopedia.tkpd reason: fastfreezer|10773 scene: FastFreezerScene
03-07 12:27:28.616  1823  3138 I ColorHansManager : freeze uid: 10100 package: com.nearme.gamecenter reason: fastfreezer|10773 scene: FastFreezerScene
03-07 12:27:28.622  1823  3138 I ColorHansManager : freeze uid: 10613 package: com.alibaba.intl.android.apps.poseidon reason: fastfreezer|10773 scene: FastFreezerScene
03-07 12:27:28.623 10065 10065 I Finsky  : [2] aick - Received: android.intent.action.PACKAGE_ADDED, [RNTEHK_6blyCC_wNG8Yk_0_1l0Hycbve8El6ixm9NOs]
03-07 12:27:28.623  3528  3528 I Finsky:background: [2] aica - Received: android.intent.action.PACKAGE_ADDED, [RNTEHK_6blyCC_wNG8Yk_0_1l0Hycbve8El6ixm9NOs]
03-07 12:27:28.625  1823  2012 D OppoDisplayPolicy: com.jurnalsaham.jurnalsahamihsg, no change cutoutMode: 0
03-07 12:27:28.632  1823  2012 D WindowManager: WARNING: focused app window can't receive keys, focusedApp:ActivityRecord{d5fbe0b u0 com.oppo.launcher/.Launcher t2} window:Window{6f358e8 u0 com.oppo.launcher/com.oppo.launcher.Launcher}
03-07 12:27:28.632  1823  2012 D WindowManager: isRecentsAnimationConsumingAppInput:false isParentWindowHidden:false mAnimatingExit:false mRelayoutCalled:true
03-07 12:27:28.632  1823  2012 V WindowManager: Changing focus from Window{6f358e8 u0 com.oppo.launcher/com.oppo.launcher.Launcher} to null,diplayid=0
03-07 12:27:28.633  1823  3470 I InputDispatcher: Focus left window: Window{6f358e8 u0 com.oppo.launcher/com.oppo.launcher.Launcher} in display 0
03-07 12:27:28.637  1823  2012 D Theia.NoFocusWindow: FocusWindowErrorScene CheckFreezeScreen
03-07 12:27:28.642  1823  2371 D LocationManagerService: request e89c11 gps Request[ACCURACY_FINE gps interval=0 fastestInterval=0] from com.shopee.id(10030 foreground)
03-07 12:27:28.642  1823  2371 D OplusGnssWhiteListProxy: on get OplusGnssWhiteListProxy!
03-07 12:27:28.643  1823  2008 W Looper  : Slow dispatch took 222ms android.ui h=com.android.server.am.ActivityManagerService$UiHandler c=null m=31
03-07 12:27:28.648  1823  2046 W ActivityManager: Slow operation: 248ms so far, now at startProcess: done updating battery stats
03-07 12:27:28.648  1823  2012 V OplusZoomWindowDecorViewHelper: setLastReportedMergedConfiguration mZoomDisplayHeight: 2340 getDecorView.DecorView@39cd98c[jurnalsahamihsg]
03-07 12:27:28.650  1823  2371 I chatty  : uid=1000(system) Binder:1823_4 identical 166 lines
03-07 12:27:28.650  1823  2371 D OplusGnssWhiteListProxy: on get OplusGnssWhiteListProxy!
03-07 12:27:28.650  3528  3528 I Finsky:background: [2] aica - Deduping intent android.intent.action.PACKAGE_ADDED
03-07 12:27:28.650  1823  2371 D OplusGnssWhiteListProxy: on get OplusGnssWhiteListProxy!
03-07 12:27:28.656  1823  2046 W ActivityManager: Slow operation: 258ms so far, now at startProcess: building log message
03-07 12:27:28.656  1823  2046 I ActivityManager: Start proc 6462:com.heytap.mcs.statistics/1000 for content provider {com.heytap.mcs/com.heytap.mcs.biz.statistics.provider.StatisticsContentProvider}
03-07 12:27:28.656  1823  2046 W ActivityManager: Slow operation: 258ms so far, now at startProcess: starting to update pids map
03-07 12:27:28.656  1823  2046 W ActivityManager: Slow operation: 258ms so far, now at startProcess: done updating pids map
03-07 12:27:28.651  1823  2371 I chatty  : uid=1000(system) Binder:1823_4 identical 6 lines
03-07 12:27:28.652  1823  2371 D OplusGnssWhiteListProxy: on get OplusGnssWhiteListProxy!
03-07 12:27:28.658  6411  6411 E Parcel  : Reading a NULL string not supported here.
03-07 12:27:28.659  6373  6373 D KeyChain: onDestroy
03-07 12:27:28.661  1823  2371 D OplusGnssWhiteListProxy: on get OplusGnssWhiteListProxy!
03-07 12:27:28.662  1823  2371 I chatty  : uid=1000(system) Binder:1823_4 identical 17 lines
03-07 12:27:28.662  1823  2371 D OplusGnssWhiteListProxy: on get OplusGnssWhiteListProxy!
03-07 12:27:28.662  1150  3964 D DispPerfService: onframeavailable pid=1823, slot=0, seq=14832, name=system_server:Splash Screen com.jurnalsaham.jurnalsahamihsg#0
03-07 12:27:28.662  1823  2371 D OplusGnssWhiteListProxy: on get OplusGnssWhiteListProxy!
03-07 12:27:28.662  1823  2371 I chatty  : uid=1000(system) Binder:1823_4 identical 30 lines
03-07 12:27:28.662  1823  2371 D OplusGnssWhiteListProxy: on get OplusGnssWhiteListProxy!
03-07 12:27:28.662 10065 10065 I Finsky  : [2] aick - Deduping intent android.intent.action.PACKAGE_ADDED
03-07 12:27:28.662  1823  2371 D OplusGnssWhiteListProxy: on get OplusGnssWhiteListProxy!
03-07 12:27:28.663  1823  2371 I chatty  : uid=1000(system) Binder:1823_4 identical 18 lines
03-07 12:27:28.663  1823  2371 D OplusGnssWhiteListProxy: on get OplusGnssWhiteListProxy!
03-07 12:27:28.663  1823  5204 I ColorListManagerImpl: removeStageProtectInfo from com.android.keychain for com.android.keychain
03-07 12:27:28.663  1823  2011 D CompatibilityChangeReporter: Compat change id reported: 135634846; UID 10773; state: DISABLED
03-07 12:27:28.663  1823  3350 W ContextImpl: Calling a method in the system process without a qualified user: android.app.ContextImpl.startService:1717 com.oplus.util.OplusStatisticsImpl.startService:216 com.oplus.util.OplusStatisticsImpl.sendDataToDCS:192 com.oplus.util.OplusStatisticsImpl.onCommonSync:84 com.oplus.util.OplusStatisticsImpl$1.run:124 
03-07 12:27:28.664  1823  2046 D CompatibilityChangeReporter: Compat change id reported: 143937733; UID 10773; state: ENABLED
03-07 12:27:28.668  1823  2011 D PowerManagerService: setScreenBrightnessOverrideFromWindowManagerInternal brightness=NaN mScreenBrightnessOverrideFromWindowManager=NaN
03-07 12:27:28.680  1823  2371 D OplusGnssWhiteListProxy: on get OplusGnssWhiteListProxy!
03-07 12:27:28.681  1823  2371 I chatty  : uid=1000(system) Binder:1823_4 identical 40 lines
03-07 12:27:28.683  1823  2371 D OplusGnssWhiteListProxy: on get OplusGnssWhiteListProxy!
03-07 12:27:28.683  1823  5200 V SensorManager: setScreenShotDisableImpl
03-07 12:27:28.683  1823  5200 D SensorService: debug_oplusGeminiProximity setScreenShotDisable in SensorService
03-07 12:27:28.685  1823  2371 D OplusGnssWhiteListProxy: on get OplusGnssWhiteListProxy!
03-07 12:27:28.686  1823  2371 I chatty  : uid=1000(system) Binder:1823_4 identical 17 lines
03-07 12:27:28.686  1823  2371 D OplusGnssWhiteListProxy: on get OplusGnssWhiteListProxy!
03-07 12:27:28.686  1108  1148 E ANDR-PERF-UTIL: Failed to read /sys/class/devfreq/soc:qcom,cpu0-llcc-ddr-lat/min_freq
03-07 12:27:28.686  1823  2371 D OplusGnssWhiteListProxy: on get OplusGnssWhiteListProxy!
03-07 12:27:28.686  1108  1148 E ANDR-PERF-OPTSHANDLER: Failed to read /sys/class/devfreq/soc:qcom,cpu0-llcc-ddr-lat/min_freq
03-07 12:27:28.686  1108  1148 E ANDR-PERF-RESOURCEQS: Failed to apply optimization [13, 12]
03-07 12:27:28.686  1108  1148 E ANDR-PERF-UTIL: Failed to read /sys/class/devfreq/soc:qcom,cpu6-llcc-ddr-lat/min_freq
03-07 12:27:28.686  1108  1148 E ANDR-PERF-OPTSHANDLER: Failed to read /sys/class/devfreq/soc:qcom,cpu6-llcc-ddr-lat/min_freq
03-07 12:27:28.686  1108  1148 E ANDR-PERF-RESOURCEQS: Failed to apply optimization [13, 12]
03-07 12:27:28.686  1823  2371 D OplusGnssWhiteListProxy: on get OplusGnssWhiteListProxy!
03-07 12:27:28.690  1823  2371 I chatty  : uid=1000(system) Binder:1823_4 identical 83 lines
03-07 12:27:28.690  1823  2371 D OplusGnssWhiteListProxy: on get OplusGnssWhiteListProxy!
03-07 12:27:28.690  1108  1148 E ANDR-PERF-UTIL: Failed to read /sys/class/devfreq/soc:qcom,cpu0-cpu-llcc-lat/mem_latency/ratio_ceil
03-07 12:27:28.690  1823  2371 D OplusGnssWhiteListProxy: on get OplusGnssWhiteListProxy!
03-07 12:27:28.690  1108  1148 E ANDR-PERF-OPTSHANDLER: Failed to read /sys/class/devfreq/soc:qcom,cpu0-cpu-llcc-lat/mem_latency/ratio_ceil
03-07 12:27:28.690  1108  1148 E ANDR-PERF-RESOURCEQS: Failed to apply optimization [13, 8]
03-07 12:27:28.690  1823  2371 D OplusGnssWhiteListProxy: on get OplusGnssWhiteListProxy!
03-07 12:27:28.690  1108  1148 E ANDR-PERF-UTIL: Failed to read /sys/class/devfreq/soc:qcom,cpu4-cpu-llcc-lat/mem_latency/ratio_ceil
03-07 12:27:28.690  1108  1148 E ANDR-PERF-OPTSHANDLER: Failed to read /sys/class/devfreq/soc:qcom,cpu4-cpu-llcc-lat/mem_latency/ratio_ceil
03-07 12:27:28.690  1108  1148 E ANDR-PERF-RESOURCEQS: Failed to apply optimization [13, 9]
03-07 12:27:28.690  1823  2371 D OplusGnssWhiteListProxy: on get OplusGnssWhiteListProxy!
03-07 12:27:28.690  1823  2371 I chatty  : uid=1000(system) Binder:1823_4 identical 17 lines
03-07 12:27:28.690  1823  2371 D OplusGnssWhiteListProxy: on get OplusGnssWhiteListProxy!
03-07 12:27:28.691  6411  6411 I OplusFeatureCache: Milliseconds spent on init(): 24
03-07 12:27:28.691  1134  1616 D AudioPolicyService: updateUidStates_l() allowCapture=true because of on TOP AND uses VOICE_RECOGNITION OR uses HOTWORD
03-07 12:27:28.691  1134  1616 D AudioPolicyService: updateUidStates_l() current->uid=10070 current->pid=17223 allowCapture=1 UidState=5 apmStat=1
03-07 12:27:28.694  6411  6411 E Parcel  : Reading a NULL string not supported here.
03-07 12:27:28.698  6229  6247 E IHansComunication: HANS printMessageBody: RCVed message body: type = 0, port = 86870, caller_pid = 1823, caller_uid = 1000, target_pid = 11175, target_uid = 10171, pkg_cmd = -1
03-07 12:27:28.700  6229  6247 E IHansComunication: HANS printMessageBody: RCVed message body: type = 0, port = 86870, caller_pid = 1823, caller_uid = 1000, target_pid = 31216, target_uid = 10167, pkg_cmd = -1
03-07 12:27:28.700  6229  6247 E IHansComunication: HANS printMessageBody: RCVed message body: type = 0, port = 86870, caller_pid = 1823, caller_uid = 1000, target_pid = 4629, target_uid = 99505, pkg_cmd = -1
03-07 12:27:28.702  6411  6411 E Parcel  : Reading a NULL string not supported here.
03-07 12:27:28.704   919   919 D Zygote  : Forked child process 6490
03-07 12:27:28.706  6411  6411 D AppFeatureProviderUtils: getStringForFeature: com.glance.internet
03-07 12:27:28.706  6411  6411 I ChildrenSpace.FeatureOption: initFeature isShowAllLetter=false isSupportAppFrozen=false
03-07 12:27:28.711  6229  6247 E IHansComunication: HANS printMessageBody: RCVed message body: type = 0, port = 86870, caller_pid = 1823, caller_uid = 1000, target_pid = 32208, target_uid = 10613, pkg_cmd = -1
03-07 12:27:28.713  6229  6247 E IHansComunication: HANS printMessageBody: RCVed message body: type = 0, port = 86870, caller_pid = 1823, caller_uid = 1000, target_pid = 5452, target_uid = 10294, pkg_cmd = -1
03-07 12:27:28.713  6229  6247 E IHansComunication: HANS printMessageBody: RCVed message body: type = 0, port = 86870, caller_pid = 1823, caller_uid = 1000, target_pid = 5616, target_uid = 10282, pkg_cmd = -1
03-07 12:27:28.713  6229  6247 E IHansComunication: HANS printMessageBody: RCVed message body: type = 0, port = 86870, caller_pid = 1823, caller_uid = 1000, target_pid = 32603, target_uid = 10203, pkg_cmd = -1
03-07 12:27:28.714  6229  6247 E IHansComunication: HANS printMessageBody: RCVed message body: type = 0, port = 86870, caller_pid = 1823, caller_uid = 1000, target_pid = 32224, target_uid = 10455, pkg_cmd = -1
03-07 12:27:28.719  6229  6247 E IHansComunication: HANS printMessageBody: RCVed message body: type = 0, port = 86870, caller_pid = 1823, caller_uid = 1000, target_pid = 4122, target_uid = 10296, pkg_cmd = -1
03-07 12:27:28.720  6229  6247 E IHansComunication: HANS printMessageBody: RCVed message body: type = 0, port = 86870, caller_pid = 1823, caller_uid = 1000, target_pid = 2755, target_uid = 10152, pkg_cmd = -1
03-07 12:27:28.720  1823  5200 D ColorInputMethodManagerServiceEx: onHandleImeWindowVisibleStatus handledVis: 0, switcher visible: 0, switcher active: 0, needsToShowImeSwitcher: false
03-07 12:27:28.723  6462  6462 I oplus.android.OplusFrameworkFactoryImpl: get feature:IOplusScreenModeFeature
03-07 12:27:28.723  6462  6462 I oplus.android.OplusFrameworkFactoryImpl: getOplusScreenModeFeature
03-07 12:27:28.725  6229  6247 E IHansComunication: HANS printMessageBody: RCVed message body: type = 0, port = 86870, caller_pid = 1823, caller_uid = 1000, target_pid = 3420, target_uid = 10100, pkg_cmd = -1
03-07 12:27:28.725  6490  6490 W Zygote  : Unable to open libbeluga.so: dlopen failed: library "libbeluga.so" not found.
03-07 12:27:28.726  6229  6247 E IHansComunication: HANS printMessageBody: RCVed message body: type = 0, port = 86870, caller_pid = 1823, caller_uid = 1000, target_pid = 24202, target_uid = 10307, pkg_cmd = -1
03-07 12:27:28.729  6229  6247 E IHansComunication: HANS printMessageBody: RCVed message body: type = 0, port = 86870, caller_pid = 1823, caller_uid = 1000, target_pid = 19464, target_uid = 10030, pkg_cmd = -1
03-07 12:27:28.730  6229  6247 E IHansComunication: HANS printMessageBody: RCVed message body: type = 0, port = 86870, caller_pid = 1823, caller_uid = 1000, target_pid = 21521, target_uid = 10030, pkg_cmd = -1
03-07 12:27:28.731  6229  6247 E IHansComunication: HANS printMessageBody: RCVed message body: type = 0, port = 86870, caller_pid = 1823, caller_uid = 1000, target_pid = 24169, target_uid = 10006, pkg_cmd = -1
03-07 12:27:28.732  3294  3294 E Launcher.ColorBubbleTextView: mForceHideDot is false
03-07 12:27:28.756 15661 15661 I NotificationBackend: onReceive intent= Intent { act=android.intent.action.PACKAGE_REPLACED dat=package:com.jurnalsaham.jurnalsahamihsg flg=0x4000010 (has extras) }
03-07 12:27:28.756  1823  2154 I ColorHansManager : unfreeze uid: 10100 package: com.nearme.gamecenter reason: Broadcast scene: FastFreezerScene
03-07 12:27:28.756 15661 15689 W ContextImpl: Calling a method in the system process without a qualified user: android.app.ContextImpl.sendBroadcast:1174 android.content.ContextWrapper.sendBroadcast:483 com.coloros.notificationmanager.AppModificationReceiver.notifyAppModified:42 com.coloros.notificationmanager.NotificationBackend.processBroadcast:2304 com.coloros.notificationmanager.NotificationBackend.access$300:97 
03-07 12:27:28.758 16531 16531 I AstScreen.ApplicationStateChangeMonitor: ApplicationStateChangeReceiver onReceive
03-07 12:27:28.758 16531 16531 I AstScreen.ApplicationStateChangeMonitor: ApplicationStateChangeReceiver onReceive, action = android.intent.action.PACKAGE_REPLACED packageName = jurnalsahamihsg
03-07 12:27:28.759  6490  6490 I jurnalsahamihs: Late-enabling -Xcheck:jni
03-07 12:27:28.766 24181 24224 D PackageReceiver: onReceive()
03-07 12:27:28.773  6462  6462 E libc    : Access denied finding property "ro.odm.prev.product.name"
03-07 12:27:28.777  1823  2046 W ActivityManager: Slow operation: 116ms so far, now at startProcess: done updating battery stats
03-07 12:27:28.777  1823  2046 W ActivityManager: Slow operation: 116ms so far, now at startProcess: building log message
03-07 12:27:28.777  1823  2046 I ActivityManager: Start proc 6490:com.jurnalsaham.jurnalsahamihsg/u0a773 for pre-top-activity {com.jurnalsaham.jurnalsahamihsg/org.kivy.android.PythonActivity}
03-07 12:27:28.777  1823  2046 W ActivityManager: Slow operation: 116ms so far, now at startProcess: starting to update pids map
03-07 12:27:28.778  1823  2046 W ActivityManager: Slow operation: 116ms so far, now at startProcess: done updating pids map
03-07 12:27:28.778  2640  2666 D OplusCoreAppService: isPackageContainsOplusCertificates be called
03-07 12:27:28.780  1823  2008 W Looper  : Slow delivery took 215ms android.ui h=com.android.server.am.ActivityManagerService$UiHandler c=null m=53
03-07 12:27:28.780  1823  2008 W Looper  : Slow dispatch took 137ms android.ui h=com.android.server.am.ActivityManagerService$UiHandler c=null m=53
03-07 12:27:28.790  1216  1265 I MMKV    : <MMKV_IO.cpp:456::writeActualSize> [mmkv.default] increase sequence to 272039, crc 2475034819, actualSize 736
03-07 12:27:28.793  6462  6462 I .mcs.statistic: The ClassLoaderContext is a special shared library.
03-07 12:27:28.787  6462  6462 W .mcs.statistics: type=1400 audit(0.0:213417): avc: denied { write } for name="com.heytap.mcs-rbqbAyb9ZQRRGREWdx21sg==" dev="sda14" ino=8537 scontext=u:r:system_app:s0 tcontext=u:object_r:apk_data_file:s0 tclass=dir permissive=0
03-07 12:27:28.797  6229  6247 E IHansComunication: HANS printMessageBody: RCVed message body: type = 0, port = 86870, caller_pid = 1823, caller_uid = 1000, target_pid = 11175, target_uid = 10171, pkg_cmd = -1
03-07 12:27:28.798  6229  6247 E IHansComunication: HANS printMessageBody: RCVed message body: type = 0, port = 86870, caller_pid = 1823, caller_uid = 1000, target_pid = 31216, target_uid = 10167, pkg_cmd = -1
03-07 12:27:28.798  6229  6247 E IHansComunication: HANS printMessageBody: RCVed message body: type = 0, port = 86870, caller_pid = 1823, caller_uid = 1000, target_pid = 4629, target_uid = 99505, pkg_cmd = -1
03-07 12:27:28.801  6229  6247 E IHansComunication: HANS printMessageBody: RCVed message body: type = 0, port = 86870, caller_pid = 1823, caller_uid = 1000, target_pid = 32208, target_uid = 10613, pkg_cmd = -1
03-07 12:27:28.801  6229  6247 E IHansComunication: HANS printMessageBody: RCVed message body: type = 0, port = 86870, caller_pid = 1823, caller_uid = 1000, target_pid = 5452, target_uid = 10294, pkg_cmd = -1
03-07 12:27:28.802  6229  6247 E IHansComunication: HANS printMessageBody: RCVed message body: type = 0, port = 86870, caller_pid = 1823, caller_uid = 1000, target_pid = 5616, target_uid = 10282, pkg_cmd = -1
03-07 12:27:28.802  6229  6247 E IHansComunication: HANS printMessageBody: RCVed message body: type = 0, port = 86870, caller_pid = 1823, caller_uid = 1000, target_pid = 32603, target_uid = 10203, pkg_cmd = -1
03-07 12:27:28.802  6229  6247 E IHansComunication: HANS printMessageBody: RCVed message body: type = 0, port = 86870, caller_pid = 1823, caller_uid = 1000, target_pid = 32224, target_uid = 10455, pkg_cmd = -1
03-07 12:27:28.803  6229  6247 E IHansComunication: HANS printMessageBody: RCVed message body: type = 0, port = 86870, caller_pid = 1823, caller_uid = 1000, target_pid = 4122, target_uid = 10296, pkg_cmd = -1
03-07 12:27:28.804  6229  6247 E IHansComunication: HANS printMessageBody: RCVed message body: type = 0, port = 86870, caller_pid = 1823, caller_uid = 1000, target_pid = 2755, target_uid = 10152, pkg_cmd = -1
03-07 12:27:28.805  6229  6247 E IHansComunication: HANS printMessageBody: RCVed message body: type = 0, port = 86870, caller_pid = 1823, caller_uid = 1000, target_pid = 24202, target_uid = 10307, pkg_cmd = -1
03-07 12:27:28.805  6229  6247 E IHansComunication: HANS printMessageBody: RCVed message body: type = 0, port = 86870, caller_pid = 1823, caller_uid = 1000, target_pid = 19464, target_uid = 10030, pkg_cmd = -1
03-07 12:27:28.806  6229  6247 E IHansComunication: HANS printMessageBody: RCVed message body: type = 0, port = 86870, caller_pid = 1823, caller_uid = 1000, target_pid = 21521, target_uid = 10030, pkg_cmd = -1
03-07 12:27:28.807  6229  6247 E IHansComunication: HANS printMessageBody: RCVed message body: type = 0, port = 86870, caller_pid = 1823, caller_uid = 1000, target_pid = 24169, target_uid = 10006, pkg_cmd = -1
03-07 12:27:28.812  1823  2011 D PowerManagerService: setScreenBrightnessOverrideFromWindowManagerInternal brightness=NaN mScreenBrightnessOverrideFromWindowManager=NaN
03-07 12:27:28.819  6490  6490 I jurnalsahamihs: Unquickening 21 vdex files!
03-07 12:27:28.826 21100  6456 I Fitness : (REDACTED) FitCleanupIntentOperation received Intent %s
03-07 12:27:28.812  1823  2011 I chatty  : uid=1000(system) android.display identical 1 line
03-07 12:27:28.813  1823  2011 D PowerManagerService: setScreenBrightnessOverrideFromWindowManagerInternal brightness=NaN mScreenBrightnessOverrideFromWindowManager=NaN
03-07 12:27:28.837  1823  5204 D ColorAppListInterceptManager: shouldFilterTask
03-07 12:27:28.837  1823  5204 D ColorAppListInterceptManager: shouldFilterTask::packageName = com.jurnalsaham.jurnalsahamihsg
03-07 12:27:28.837  1823  5204 D ColorAppListInterceptManager: shouldFilterTask
03-07 12:27:28.837  1823  5204 D ColorAppListInterceptManager: shouldFilterTask::packageName = com.ss.android.ugc.trill
03-07 12:27:28.842  6490  6490 E jurnalsahamihs: Unknown bits set in runtime_flags: 0x40000000
03-07 12:27:28.860  1823  2008 W Looper  : Drained
03-07 12:27:28.882  1108  1148 E ANDR-PERF-UTIL: Failed to read /sys/class/devfreq/soc:qcom,cpu0-llcc-ddr-lat/min_freq
03-07 12:27:28.882  1108  1148 E ANDR-PERF-OPTSHANDLER: Failed to read /sys/class/devfreq/soc:qcom,cpu0-llcc-ddr-lat/min_freq
03-07 12:27:28.882  1108  1148 E ANDR-PERF-RESOURCEQS: Failed to apply optimization [13, 12]
03-07 12:27:28.882  1108  1148 E ANDR-PERF-UTIL: Failed to read /sys/class/devfreq/soc:qcom,cpu6-llcc-ddr-lat/min_freq
03-07 12:27:28.882  1108  1148 E ANDR-PERF-OPTSHANDLER: Failed to read /sys/class/devfreq/soc:qcom,cpu6-llcc-ddr-lat/min_freq
03-07 12:27:28.882  1108  1148 E ANDR-PERF-RESOURCEQS: Failed to apply optimization [13, 12]
03-07 12:27:28.883  1823  5372 D CompatibilityChangeReporter: Compat change id reported: 135634846; UID 1000; state: DISABLED
03-07 12:27:28.883  1108  1148 E ANDR-PERF-UTIL: Failed to read /sys/class/devfreq/soc:qcom,cpu0-cpu-llcc-lat/mem_latency/ratio_ceil
03-07 12:27:28.883  1108  1148 E ANDR-PERF-OPTSHANDLER: Failed to read /sys/class/devfreq/soc:qcom,cpu0-cpu-llcc-lat/mem_latency/ratio_ceil
03-07 12:27:28.883  1108  1148 E ANDR-PERF-RESOURCEQS: Failed to apply optimization [13, 8]
03-07 12:27:28.883  1108  1148 E ANDR-PERF-UTIL: Failed to read /sys/class/devfreq/soc:qcom,cpu4-cpu-llcc-lat/mem_latency/ratio_ceil
03-07 12:27:28.883  1108  1148 E ANDR-PERF-OPTSHANDLER: Failed to read /sys/class/devfreq/soc:qcom,cpu4-cpu-llcc-lat/mem_latency/ratio_ceil
03-07 12:27:28.883  1108  1148 E ANDR-PERF-RESOURCEQS: Failed to apply optimization [13, 9]
03-07 12:27:28.883  6411  6411 I ChildrenSpace.ChildrenApplication: onCreate
03-07 12:27:28.885  1823  2154 W BroadcastQueue: Background execution not allowed: receiving Intent { act=android.intent.action.PACKAGE_ADDED dat=package:com.jurnalsaham.jurnalsahamihsg flg=0x4000010 (has extras) } to com.google.android.packageinstaller/com.android.packageinstaller.PackageInstalledReceiver
03-07 12:27:28.886  1823  2154 W BroadcastQueue: Background execution not allowed: receiving Intent { act=android.intent.action.PACKAGE_ADDED dat=package:com.jurnalsaham.jurnalsahamihsg flg=0x4000010 (has extras) } to com.android.vending/com.google.android.finsky.packagemonitor.impl.PackageMonitorReceiverImpl$RegisteredReceiver
03-07 12:27:28.886  1823  2154 W BroadcastQueue: Background execution not allowed: receiving Intent { act=android.intent.action.PACKAGE_ADDED dat=package:com.jurnalsaham.jurnalsahamihsg flg=0x4000010 (has extras) } to com.android.vending/com.google.android.finsky.packagemonitor.backgroundimpl.BackgroundPackageMonitorReceiverImpl$RegisteredReceiver
03-07 12:27:28.886  1823  2154 W BroadcastQueue: Background execution not allowed: receiving Intent { act=android.intent.action.PACKAGE_ADDED dat=package:com.jurnalsaham.jurnalsahamihsg flg=0x4000010 (has extras) } to com.coloros.safecenter/.startupapp.StartupReceiver
03-07 12:27:28.887  1823  2154 W BroadcastQueue: Background execution not allowed: receiving Intent { act=android.intent.action.PACKAGE_ADDED dat=package:com.jurnalsaham.jurnalsahamihsg flg=0x4000010 (has extras) } to com.google.android.gms/.gass.chimera.PackageChangeBroadcastReceiver
03-07 12:27:28.888  1823  2154 W BroadcastQueue: Background execution not allowed: receiving Intent { act=android.intent.action.PACKAGE_ADDED dat=package:com.jurnalsaham.jurnalsahamihsg flg=0x4000010 (has extras) } to com.google.android.gms/.chimera.GmsIntentOperationService$PersistentTrustedReceiver
03-07 12:27:28.888  1823  2154 W BroadcastQueue: Background execution not allowed: receiving Intent { act=android.intent.action.PACKAGE_ADDED dat=package:com.jurnalsaham.jurnalsahamihsg flg=0x4000010 (has extras) } to com.heytap.cloud/.receiver.ColorCloudReceiver
03-07 12:27:28.888  1823  2154 W BroadcastQueue: Background execution not allowed: receiving Intent { act=android.intent.action.PACKAGE_ADDED dat=package:com.jurnalsaham.jurnalsahamihsg flg=0x4000010 (has extras) } to com.heytap.market/com.heytap.cdo.client.domain.receiver.PackageReceiver
03-07 12:27:28.889  1823  2154 W BroadcastQueue: Background execution not allowed: receiving Intent { act=android.intent.action.PACKAGE_ADDED dat=package:com.jurnalsaham.jurnalsahamihsg flg=0x4000010 (has extras) } to com.nearme.gamecenter/com.heytap.cdo.client.domain.receiver.PackageReceiver
03-07 12:27:28.889  1823  2154 W BroadcastQueue: Background execution not allowed: receiving Intent { act=android.intent.action.PACKAGE_ADDED dat=package:com.jurnalsaham.jurnalsahamihsg flg=0x4000010 (has extras) } to com.facebook.katana/com.facebook.feed.platformads.AppInstallReceiver
03-07 12:27:28.889  1823  2154 W BroadcastQueue: Background execution not allowed: receiving Intent { act=android.intent.action.PACKAGE_ADDED dat=package:com.jurnalsaham.jurnalsahamihsg flg=0x4000010 (has extras) } to com.google.android.apps.nbu.files/.documentbrowser.browselanding.rootcontainerlist.receiver.PackageChangeReceiver_Receiver
03-07 12:27:28.889  1823  2154 W BroadcastQueue: Background execution not allowed: receiving Intent { act=android.intent.action.PACKAGE_ADDED dat=package:com.jurnalsaham.jurnalsahamihsg flg=0x4000010 (has extras) } to com.ss.android.ugc.trill/com.ss.android.common.applog.HotsoonReceiver
03-07 12:27:28.891  1134  1616 D AudioPolicyService: updateUidStates_l() allowCapture=true because of on TOP AND uses VOICE_RECOGNITION OR uses HOTWORD
03-07 12:27:28.891  1134  1616 D AudioPolicyService: updateUidStates_l() current->uid=10070 current->pid=17223 allowCapture=1 UidState=5 apmStat=1
03-07 12:27:28.891  1134  1616 D AudioPolicyService: updateUidStates_l() allowCapture=true because of on TOP AND uses VOICE_RECOGNITION OR uses HOTWORD
03-07 12:27:28.891  1134  1616 D AudioPolicyService: updateUidStates_l() current->uid=10070 current->pid=17223 allowCapture=1 UidState=5 apmStat=1
03-07 12:27:28.902   919   919 D Zygote  : Forked child process 6519
03-07 12:27:28.908 10248 10341 E AppPlatformAvailability: AppPlatform not installed
03-07 12:27:28.909 10248 10248 I PhoneManager.RealTimeMonitorReceiver: installer=
03-07 12:27:28.909 15572 15578 I adbd    : jdwp connection from 6490
03-07 12:27:28.912 10248 10649 E PhoneManager.ScanVirusUtil:  platform not support
03-07 12:27:28.913 10248 10342 E PhoneManager.ZeroLaunchHelper:  handlerCheckZeroLaunch metaData error!
03-07 12:27:28.914  1823  4211 V AlarmManager: set(null) : type=2 when=288049271whenElapsed288049271maxWhen =288493235 win=443964 interval=0 flags=0x0 pkg = android
03-07 12:27:28.920  6519  6519 W Zygote  : Unable to open libbeluga.so: dlopen failed: library "libbeluga.so" not found.
03-07 12:27:28.928  6229  6247 E IHansComunication: HANS printMessageBody: RCVed message body: type = 0, port = 86870, caller_pid = 1823, caller_uid = 1000, target_pid = 11175, target_uid = 10171, pkg_cmd = -1
03-07 12:27:28.928  6229  6247 E IHansComunication: HANS printMessageBody: RCVed message body: type = 0, port = 86870, caller_pid = 1823, caller_uid = 1000, target_pid = 31216, target_uid = 10167, pkg_cmd = -1
03-07 12:27:28.929  6229  6247 E IHansComunication: HANS printMessageBody: RCVed message body: type = 0, port = 86870, caller_pid = 1823, caller_uid = 1000, target_pid = 4629, target_uid = 99505, pkg_cmd = -1
03-07 12:27:28.938  6519  6519 E .mcs.appservic: Unknown bits set in runtime_flags: 0x40000000
03-07 12:27:28.942  6229  6247 E IHansComunication: HANS printMessageBody: RCVed message body: type = 0, port = 86870, caller_pid = 1823, caller_uid = 1000, target_pid = 32208, target_uid = 10613, pkg_cmd = -1
03-07 12:27:28.951  6229  6247 E IHansComunication: HANS printMessageBody: RCVed message body: type = 0, port = 86870, caller_pid = 1823, caller_uid = 1000, target_pid = 5452, target_uid = 10294, pkg_cmd = -1
03-07 12:27:28.951  6229  6247 E IHansComunication: HANS printMessageBody: RCVed message body: type = 0, port = 86870, caller_pid = 1823, caller_uid = 1000, target_pid = 5616, target_uid = 10282, pkg_cmd = -1
03-07 12:27:28.951  6229  6247 E IHansComunication: HANS printMessageBody: RCVed message body: type = 0, port = 86870, caller_pid = 1823, caller_uid = 1000, target_pid = 32603, target_uid = 10203, pkg_cmd = -1
03-07 12:27:28.952  6229  6247 E IHansComunication: HANS printMessageBody: RCVed message body: type = 0, port = 86870, caller_pid = 1823, caller_uid = 1000, target_pid = 32224, target_uid = 10455, pkg_cmd = -1
03-07 12:27:28.952  6229  6247 E IHansComunication: HANS printMessageBody: RCVed message body: type = 0, port = 86870, caller_pid = 1823, caller_uid = 1000, target_pid = 4122, target_uid = 10296, pkg_cmd = -1
03-07 12:27:28.952  6229  6247 E IHansComunication: HANS printMessageBody: RCVed message body: type = 0, port = 86870, caller_pid = 1823, caller_uid = 1000, target_pid = 2755, target_uid = 10152, pkg_cmd = -1
03-07 12:27:28.954  6229  6247 E IHansComunication: HANS printMessageBody: RCVed message body: type = 0, port = 86870, caller_pid = 1823, caller_uid = 1000, target_pid = 24202, target_uid = 10307, pkg_cmd = -1
03-07 12:27:28.954  6229  6247 E IHansComunication: HANS printMessageBody: RCVed message body: type = 0, port = 86870, caller_pid = 1823, caller_uid = 1000, target_pid = 19464, target_uid = 10030, pkg_cmd = -1
03-07 12:27:28.954  6229  6247 E IHansComunication: HANS printMessageBody: RCVed message body: type = 0, port = 86870, caller_pid = 1823, caller_uid = 1000, target_pid = 21521, target_uid = 10030, pkg_cmd = -1
03-07 12:27:28.955  6229  6247 E IHansComunication: HANS printMessageBody: RCVed message body: type = 0, port = 86870, caller_pid = 1823, caller_uid = 1000, target_pid = 24169, target_uid = 10006, pkg_cmd = -1
03-07 12:27:28.960  1823  2046 W ActivityManager: Slow operation: 80ms so far, now at startProcess: done updating battery stats
03-07 12:27:28.960  1823  2046 W ActivityManager: Slow operation: 80ms so far, now at startProcess: building log message
03-07 12:27:28.960  1823  2046 I ActivityManager: Start proc 6519:com.heytap.mcs.appservice/1000 for content provider {com.heytap.mcs/com.heytap.mcs.biz.appservice.provider.AppServiceContentProvider}
03-07 12:27:28.960  1823  2046 W ActivityManager: Slow operation: 80ms so far, now at startProcess: starting to update pids map
03-07 12:27:28.961  1823  2046 W ActivityManager: Slow operation: 81ms so far, now at startProcess: done updating pids map
03-07 12:27:28.970  3528  6370 I Finsky:background: [54995] Wrote row to frosting DB: 510798
03-07 12:27:28.980  6462  6462 I Perf    : Connecting to perf service.
03-07 12:27:28.982  1823  2008 D OplusAppBwCore: onUidImportance: 10773, 400
03-07 12:27:28.983  1134  1616 D AudioPolicyService: updateUidStates_l() allowCapture=true because of on TOP AND uses VOICE_RECOGNITION OR uses HOTWORD
03-07 12:27:28.983  1134  1616 D AudioPolicyService: updateUidStates_l() current->uid=10070 current->pid=17223 allowCapture=1 UidState=5 apmStat=1
03-07 12:27:28.983  1134  1616 D AudioPolicyService: updateUidStates_l() allowCapture=true because of on TOP AND uses VOICE_RECOGNITION OR uses HOTWORD
03-07 12:27:28.983  1134  1616 D AudioPolicyService: updateUidStates_l() current->uid=10070 current->pid=17223 allowCapture=1 UidState=5 apmStat=1
03-07 12:27:28.994  6490  6490 E RefClass: java.lang.reflect.InvocationTargetException
03-07 12:27:28.995 17223 17238 I hbox:interacto: Background concurrent copying GC freed 46887(3272KB) AllocSpace objects, 0(0B) LOS objects, 49% free, 10MB/21MB, paused 156us total 256.605ms
03-07 12:27:28.996  6490  6490 I OneTrace: Mark active for pid=6490? true
03-07 12:27:28.998  6519  6519 E .mcs.appservic: Not starting debugger since process cannot load the jdwp agent.
03-07 12:27:28.999  6462  6462 E Perf    :  perftest packageName : com.heytap.mcs App is allowed to use Hide APIs  
03-07 12:27:29.014 15661 15661 W ContextImpl: Calling a method in the system process without a qualified user: android.app.ContextImpl.startService:1717 android.content.ContextWrapper.startService:730 android.content.ContextWrapper.startService:730 com.coloros.safecenter.appfrozen.receiver.AppFrozenReceiver.onReceive:236 android.app.ActivityThread.handleReceiver:4355 
03-07 12:27:29.014 15661 15661 D Intent  : disableDeathOnFileUriExposure com.coloros.safecenter
03-07 12:27:29.022  6462  6462 I LoadedApk: No resource references to update in package com.heytap.mcs.kit_sys_integrity
03-07 12:27:29.023  6462  6462 I LoadedApk: No resource references to update in package com.heytap.mcs.kit_quickapp
03-07 12:27:29.023  6462  6462 I LoadedApk: No resource references to update in package com.heytap.mcs.kit_region
03-07 12:27:29.023  6462  6462 I LoadedApk: No resource references to update in package com.heytap.mcs.kit_mcs
03-07 12:27:29.024  6462  6462 D NetworkSecurityConfig: No Network Security Config specified, using platform default
03-07 12:27:29.032  6519  6519 E RefClass: java.lang.reflect.InvocationTargetException
03-07 12:27:29.034  6519  6519 I OneTrace: Mark active for pid=6519? true
03-07 12:27:29.038  1823  2444 I InputReader: Reconfiguring input devices, changes=KEYBOARD_LAYOUTS | 
03-07 12:27:29.044  6462  6462 D NetworkSecurityConfig: No Network Security Config specified, using platform default
03-07 12:27:29.045  6462  6462 I MultiDex: VM with version 2.1.0 has multidex support
03-07 12:27:29.045  6462  6462 I MultiDex: Installing application
03-07 12:27:29.045  6462  6462 I MultiDex: VM has multidex support, MultiDex support library is disabled.
03-07 12:27:29.056  6462  6462 I MSP-LOG-APP-: create msplog:logcat
03-07 12:27:29.059  1823  4232 I ColorAppSwitchManagerService: appswitch hasProcess ActivityRecord{6738f80 u0 com.jurnalsaham.jurnalsahamihsg/org.kivy.android.PythonActivity t33112}
03-07 12:27:29.060  1823  4232 I InputDispatcher: setFocusedApplication displayId=0 ActivityRecord{6738f80 u0 com.jurnalsaham.jurnalsahamihsg/org.kivy.android.PythonActivity t33112}
03-07 12:27:29.062 15661  6540 D StartupManager: getStartupRestrictSwitch: false
03-07 12:27:29.062 15661  6540 D StartupManager: getBlackListDefault start
03-07 12:27:29.064  1108  1148 E ANDR-PERF-UTIL: Failed to read /sys/class/devfreq/soc:qcom,cpu0-llcc-ddr-lat/min_freq
03-07 12:27:29.065  1108  1148 E ANDR-PERF-OPTSHANDLER: Failed to read /sys/class/devfreq/soc:qcom,cpu0-llcc-ddr-lat/min_freq
03-07 12:27:29.065  1108  1148 E ANDR-PERF-RESOURCEQS: Failed to apply optimization [13, 12]
03-07 12:27:29.065  1108  1148 E ANDR-PERF-UTIL: Failed to read /sys/class/devfreq/soc:qcom,cpu6-llcc-ddr-lat/min_freq
03-07 12:27:29.065  1108  1148 E ANDR-PERF-OPTSHANDLER: Failed to read /sys/class/devfreq/soc:qcom,cpu6-llcc-ddr-lat/min_freq
03-07 12:27:29.065  1108  1148 E ANDR-PERF-RESOURCEQS: Failed to apply optimization [13, 12]
03-07 12:27:29.066  1823  3461 V DCSEX-AppSwitchManager: OnAppSwitchObserver: onAppExit , info = OplusAppExitInfo = {  targetName = com.oppo.launcher hasResumingActivity = true resumingPackageName = com.jurnalsaham.jurnalsahamihsg resumingActivityName = org.kivy.android.PythonActivity resumingWindowMode = 1 isResumingMultiApp = false isResumingFirstStart = true extension = Bundle[{taskId=33112, uid=10773}]}
03-07 12:27:29.066  1823  8266 D DCSEX-AppLaunchEventRecorder: onAppSwitch from = com.oppo.launcher to = com.jurnalsaham.jurnalsahamihsg
03-07 12:27:29.067 15661 15680 W OppoGuardElf: ThermalControlUtils: mForegroundPkg=com.jurnalsaham.jurnalsahamihsg
03-07 12:27:29.076  1108  1148 E ANDR-PERF-UTIL: Failed to read /sys/class/devfreq/soc:qcom,cpu0-cpu-llcc-lat/mem_latency/ratio_ceil
03-07 12:27:29.076  1108  1148 E ANDR-PERF-OPTSHANDLER: Failed to read /sys/class/devfreq/soc:qcom,cpu0-cpu-llcc-lat/mem_latency/ratio_ceil
03-07 12:27:29.076  1108  1148 E ANDR-PERF-RESOURCEQS: Failed to apply optimization [13, 8]
03-07 12:27:29.076  1108  1148 E ANDR-PERF-UTIL: Failed to read /sys/class/devfreq/soc:qcom,cpu4-cpu-llcc-lat/mem_latency/ratio_ceil
03-07 12:27:29.076  1108  1148 E ANDR-PERF-OPTSHANDLER: Failed to read /sys/class/devfreq/soc:qcom,cpu4-cpu-llcc-lat/mem_latency/ratio_ceil
03-07 12:27:29.076  1108  1148 E ANDR-PERF-RESOURCEQS: Failed to apply optimization [13, 9]
03-07 12:27:29.078 15661  6540 D StartupManager: getBlackList start
03-07 12:27:29.079  6462  6462 E SignatureUtil: reflectWechatPay onError: android.app.OplusActivityManager.addFastAppWCPay [class java.lang.String, class java.lang.String]
03-07 12:27:29.080  6462  6462 E SignatureUtil: reflectWechatPay onError: android.app.OplusActivityManager.removeFastAppWCPay [class java.lang.String, class java.lang.String]
03-07 12:27:29.088 23306  6541 I Auth    : (REDACTED) [SupervisedAccountIntentOperation] onHandleIntent: %s
03-07 12:27:29.060  1823  4232 I ColorAppSwitchManagerService: appswitch hasProcess ActivityRecord{6738f80 u0 com.jurnalsaham.jurnalsahamihsg/org.kivy.android.PythonActivity t33112}
03-07 12:27:29.098  1823  5655 E OppoThermalStats: Error getting package info: com.jurnalsaham.jurnalsahamihsg
03-07 12:27:29.098  1823  3461 I ColorResourcePreloadManager: resume pkg: com.jurnalsaham.jurnalsahamihsg, uid:10773, prev pkg: com.oppo.launcher, prev uid: 10049
03-07 12:27:29.099  1150  1150 D OppoExLayer: ~Layer() sequence=14828, name=Surface(name=501053e StatusBar)/@0xbaa88ec - animation-leash#0@0x7473129000
03-07 12:27:29.099  1150  1150 D OppoExLayer: ~Layer() sequence=14817, name=Surface(name=1412601 NavigationBar0)/@0x71346e7 - animation-leash#1@0x7456f15000
03-07 12:27:29.099  1823  3461 V DCSEX-AppSwitchManager: OnAppSwitchObserver: onAppEnter , info = OplusAppEnterInfo = {  windowMode = 1 targetName = com.jurnalsaham.jurnalsahamihsg multiApp = false firstStart = true launchedFromPackage = com.android.shell intent = Intent { flg=0x10000000 cmp=com.jurnalsaham.jurnalsahamihsg/org.kivy.android.PythonActivity mCallingUid=2000 } extension = Bundle[{taskId=33112, uid=10773}]}
03-07 12:27:29.099  4264 10786 D ZoomAppController: ignore onAppEnter: Invalid cvActionFlag = 0
03-07 12:27:29.108  6490  6490 I oplus.android.OplusFrameworkFactoryImpl: get feature:IOplusScreenModeFeature
03-07 12:27:29.108  6490  6490 I oplus.android.OplusFrameworkFactoryImpl: getOplusScreenModeFeature
03-07 12:27:29.123  6462  6462 I Application: addBackgroundRestrictedInfo use: 53
03-07 12:27:29.132 23306 23336 E Parcel  : Reading a NULL string not supported here.
03-07 12:27:29.132 10248 10649 I PhoneManager.OplusVirusEngine: scanPackage() >>>>>>>>> 
03-07 12:27:29.135  6490  6490 E libc    : Access denied finding property "ro.odm.prev.product.name"
03-07 12:27:29.143  2640  2666 D OplusCoreAppService: isPackageContainsOplusCertificates be called
03-07 12:27:29.159  6462  6462 W SkyEye.HandlerThread: warning: create new handler thread with name skyEye_auto_speed_thread,alive thread size:1
03-07 12:27:29.160  6462  6462 I Application: Application init: 
03-07 12:27:29.161  6462  6462 I KitInfoManager: Kit infos: {cloudctrl=KitInfo{kitName='cloudctrl', kitVersionCode=10000, kitVersionName='1.0.0', kitApplicationClass='com.heytap.msp.cloudctrl.CloudCtrlApplication', callMothodInterval=0}, kit-core=KitInfo{kitName='kit-core', kitVersionCode=0, kitVersionName='', kitApplicationClass='com.heytap.msp.v2.MspCoreApplication', callMothodInterval=0}, sysintegrity=KitInfo{kitName='sysintegrity', kitVersionCode=0, kitVersionName='', kitApplicationClass='com.oplus.omes.srp.SrpApplication', callMothodInterval=0}, kit-mcs=KitInfo{kitName='kit-mcs', kitVersionCode=0, kitVersionName='', kitApplicationClass='com.heytap.mcs.msp.McsForMspApplication', callMothodInterval=0}, regionkit=KitInfo{kitName='regionkit', kitVersionCode=0, kitVersionName='', kitApplicationClass='com.heytap.msp.kit.region.RegionKitApplication', callMothodInterval=0}, instant=KitInfo{kitName='instant', kitVersionCode=0, kitVersionName='', kitApplicationClass='com.nearme.instant.platform.Application', callMothodInterval=0}}
03-07 12:27:29.162  6462  6462 I AbstractModuleApplication: AbstractModuleApplication attachBaseContext com.heytap.mcs.statistics
03-07 12:27:29.174  6490  6490 I Perf    : Connecting to perf service.
03-07 12:27:29.181  6490  6490 E Perf    :  perftest packageName : com.jurnalsaham.jurnalsahamihsg App is allowed to use Hide APIs  
03-07 12:27:29.190  6490  6490 D NetworkSecurityConfig: No Network Security Config specified, using platform default
03-07 12:27:29.202  1823  1872 D OplusKeepAliveManager: TOP_APP is ProcessRecord{b8e00b9 6490:com.jurnalsaham.jurnalsahamihsg/u0a773} uid is 10773
03-07 12:27:29.192  6490  6490 D NetworkSecurityConfig: No Network Security Config specified, using platform default
03-07 12:27:29.210  1108  1148 E ANDR-PERF-UTIL: Failed to read /sys/class/devfreq/soc:qcom,cpu0-llcc-ddr-lat/min_freq
03-07 12:27:29.210  1108  1148 E ANDR-PERF-OPTSHANDLER: Failed to read /sys/class/devfreq/soc:qcom,cpu0-llcc-ddr-lat/min_freq
03-07 12:27:29.210  1108  1148 E ANDR-PERF-RESOURCEQS: Failed to apply optimization [13, 12]
03-07 12:27:29.210  1108  1148 E ANDR-PERF-UTIL: Failed to read /sys/class/devfreq/soc:qcom,cpu6-llcc-ddr-lat/min_freq
03-07 12:27:29.210  1108  1148 E ANDR-PERF-OPTSHANDLER: Failed to read /sys/class/devfreq/soc:qcom,cpu6-llcc-ddr-lat/min_freq
03-07 12:27:29.210  1108  1148 E ANDR-PERF-RESOURCEQS: Failed to apply optimization [13, 12]
03-07 12:27:29.214  1823  2008 W Looper  : Slow dispatch took 212ms android.ui h=com.android.server.am.ActivityManagerService$UiHandler c=null m=31
03-07 12:27:29.215  1823  2008 D OplusAppBwCore: onUidImportance: 10773, 100
03-07 12:27:29.221  1134  2525 D AudioPolicyService: updateUidStates_l() allowCapture=true because of on TOP AND uses VOICE_RECOGNITION OR uses HOTWORD
03-07 12:27:29.221  1134  2525 D AudioPolicyService: updateUidStates_l() current->uid=10070 current->pid=17223 allowCapture=1 UidState=5 apmStat=1
03-07 12:27:29.222  1134  2525 D AudioPolicyService: updateUidStates_l() allowCapture=true because of on TOP AND uses VOICE_RECOGNITION OR uses HOTWORD
03-07 12:27:29.222  1134  2525 D AudioPolicyService: updateUidStates_l() current->uid=10070 current->pid=17223 allowCapture=1 UidState=5 apmStat=1
03-07 12:27:29.222  1134  2524 D AudioPolicyService: updateUidStates_l() allowCapture=true because of on TOP AND uses VOICE_RECOGNITION OR uses HOTWORD
03-07 12:27:29.222  1134  2524 D AudioPolicyService: updateUidStates_l() current->uid=10070 current->pid=17223 allowCapture=1 UidState=5 apmStat=1
03-07 12:27:29.225 15661  6568 I SafeCenter.DexOptRecordManager: handlePackageInstallEvent for com.jurnal**********alsahamihsg
03-07 12:27:29.235  1150  1230 W DisplayIdentification: Invalid EDID: falling back to serial number due to missing display name.
03-07 12:27:29.235  1150  1230 W DisplayIdentification: Invalid EDID: falling back to ASCII text due to missing serial number.
03-07 12:27:29.246  6519  6519 I oplus.android.OplusFrameworkFactoryImpl: get feature:IOplusScreenModeFeature
03-07 12:27:29.246  6519  6519 I oplus.android.OplusFrameworkFactoryImpl: getOplusScreenModeFeature
03-07 12:27:29.250  1108  1148 E ANDR-PERF-UTIL: Failed to read /sys/class/devfreq/soc:qcom,cpu0-cpu-llcc-lat/mem_latency/ratio_ceil
03-07 12:27:29.250  1108  1148 E ANDR-PERF-OPTSHANDLER: Failed to read /sys/class/devfreq/soc:qcom,cpu0-cpu-llcc-lat/mem_latency/ratio_ceil
03-07 12:27:29.250  1108  1148 E ANDR-PERF-RESOURCEQS: Failed to apply optimization [13, 8]
03-07 12:27:29.250  1108  1148 E ANDR-PERF-UTIL: Failed to read /sys/class/devfreq/soc:qcom,cpu4-cpu-llcc-lat/mem_latency/ratio_ceil
03-07 12:27:29.250  1108  1148 E ANDR-PERF-OPTSHANDLER: Failed to read /sys/class/devfreq/soc:qcom,cpu4-cpu-llcc-lat/mem_latency/ratio_ceil
03-07 12:27:29.250  1108  1148 E ANDR-PERF-RESOURCEQS: Failed to apply optimization [13, 9]
03-07 12:27:29.250  4401  4443 E oiface  : packageSwitch pkg com.jurnalsaham.jurnalsahamihsg, enter
03-07 12:27:29.250  4401  4443 E oiface  : current package is com.jurnalsaham.jurnalsahamihsg and pid is 6490
03-07 12:27:29.250 23306  6535 I NearbyDiscovery: (REDACTED) processGrantSlicePermission: %s
03-07 12:27:29.254  1823  2011 D PowerManagerService: setScreenBrightnessOverrideFromWindowManagerInternal brightness=NaN mScreenBrightnessOverrideFromWindowManager=NaN
03-07 12:27:29.255  6462  6462 I MspBaseApplication: current processName:com.heytap.mcs.statistics,pid:6462
03-07 12:27:29.255  6462  6462 I AbstractModuleApplication: AbstractModuleApplication init com.heytap.mcs.statistics
03-07 12:27:29.268 23306 23336 E Parcel  : Reading a NULL string not supported here.
03-07 12:27:29.272 15661  6568 I SafeCenter.DexOptRecordManager: install happened for com.jurnal**********alsahamihsg which is not thresh yet
03-07 12:27:29.274  6490  6570 E libEGL  : Invalid file path for libcolorx-loader.so
03-07 12:27:29.254  1823  2011 D PowerManagerService: setScreenBrightnessOverrideFromWindowManagerInternal brightness=NaN mScreenBrightnessOverrideFromWindowManager=NaN
03-07 12:27:29.276  5123  5123 W ContextImpl: Calling a method in the system process without a qualified user: android.app.ContextImpl.startService:1717 android.content.ContextWrapper.startService:730 android.content.ContextWrapper.startService:730 com.coloros.securitypermission.permission.OppoPermissionReceiver.a:669 com.coloros.securitypermission.permission.OppoPermissionReceiver.onReceive:272 
03-07 12:27:29.277  1823  1823 W Binder:1823_C: type=1400 audit(0.0:213418): avc: denied { open } for path="/sys/devices/platform/soc/5000000.qcom,kgsl-3d0/kgsl/kgsl-3d0/freq_table_mhz" dev="sysfs" ino=46177 scontext=u:r:system_server:s0 tcontext=u:object_r:sysfs_kgsl:s0 tclass=file permissive=0
03-07 12:27:29.282  4401  4441 E oiface  : Average freq 776892 for 226s.
03-07 12:27:29.282  4401  4441 E oiface  : Average freq 851765 for 226s.
03-07 12:27:29.283  6462  6486 I MMKV    : Disable checkProcessMode()
03-07 12:27:29.283  1823  3718 E ORMS_Platform : OplusResourceManagerPlatformUtils: readFile function exception:/sys/devices/platform/soc/5000000.qcom,kgsl-3d0/kgsl/kgsl-3d0/freq_table_mhz: open failed: EACCES (Permission denied)
03-07 12:27:29.283  4401  4441 E oiface  : get gpu freq table failed
03-07 12:27:29.286  4401  4441 E oiface  : client  not found, skipped
03-07 12:27:29.286  4401  4441 D oiface  : forground package is com.jurnalsaham.jurnalsahamihsg
03-07 12:27:29.288  6462  6571 I TetheringManager: registerTetheringEventCallback:com.heytap.mcs
03-07 12:27:29.291 23306 23336 E Parcel  : Reading a NULL string not supported here.
03-07 12:27:29.292  6462  6486 I MMKV    : current API level = 30, libc++_shared=0
03-07 12:27:29.292  6462  6486 I MMKV    : <MMKV.cpp:165::initialize> version v1.2.15, page size 4096, arch arm64-v8a
03-07 12:27:29.292  6462  6486 I MMKV    : <MMKV.cpp:176::initialize> armv8 AES instructions is supported
03-07 12:27:29.292  6462  6486 I MMKV    : <MMKV.cpp:184::initialize> armv8 CRC32 instructions is supported
03-07 12:27:29.292  6462  6486 I MMKV    : <MMKV.cpp:208::initializeMMKV> root dir: /data/user_de/0/com.heytap.mcs/files/mmkv
03-07 12:27:29.293  6462  6486 I MMKV    : <MemoryFile.cpp:97::open> open fd[0x4c], /data/user_de/0/com.heytap.mcs/files/mmkv/mmkv_com.heytap.mcs.config
03-07 12:27:29.293  6462  6486 I MMKV    : <MemoryFile.cpp:97::open> open fd[0x4d], /data/user_de/0/com.heytap.mcs/files/mmkv/mmkv_com.heytap.mcs.config.crc
03-07 12:27:29.294  6519  6519 E libc    : Access denied finding property "ro.odm.prev.product.name"
03-07 12:27:29.287  1823  1823 W Binder:1823_C: type=1400 audit(0.0:213419): avc: denied { open } for path="/sys/devices/platform/soc/5000000.qcom,kgsl-3d0/kgsl/kgsl-3d0/freq_table_mhz" dev="sysfs" ino=46177 scontext=u:r:system_server:s0 tcontext=u:object_r:sysfs_kgsl:s0 tclass=file permissive=0
03-07 12:27:29.299  4401  4441 E oiface  : get gpu freq table failed
03-07 12:27:29.300 10065 10100 I Finsky  : [53160] WM::SCH: Logging work initialize for 12-1
03-07 12:27:29.302  2640  2666 D OplusCoreAppService: isPackageContainsOplusCertificates be called
03-07 12:27:29.297  6519  6519 W .mcs.appservice: type=1400 audit(0.0:213420): avc: denied { write } for name="com.heytap.mcs-rbqbAyb9ZQRRGREWdx21sg==" dev="sda14" ino=8537 scontext=u:r:system_app:s0 tcontext=u:object_r:apk_data_file:s0 tclass=dir permissive=0
03-07 12:27:29.307  6519  6519 I .mcs.appservic: The ClassLoaderContext is a special shared library.
03-07 12:27:29.325  6462  6486 I MMKV    : <MMKV_IO.cpp:81::loadFromFile> loading [mmkv_com.heytap.mcs.config] with 25131 actual size, file size 32768, InterProcess 1, meta info version:3
03-07 12:27:29.325  6462  6486 I MMKV    : <MMKV_IO.cpp:86::loadFromFile> loading [mmkv_com.heytap.mcs.config] with crc 3407023574 sequence 247 version 3
03-07 12:27:29.326  6462  6486 I MMKV    : <MMKV_IO.cpp:130::loadFromFile> loaded [mmkv_com.heytap.mcs.config] with 88 key-values
03-07 12:27:29.299  1823  3718 E ORMS_Platform : OplusResourceManagerPlatformUtils: readFile function exception:/sys/devices/platform/soc/5000000.qcom,kgsl-3d0/kgsl/kgsl-3d0/freq_table_mhz: open failed: EACCES (Permission denied)
03-07 12:27:29.328  1823  5657 D ConnectivityService: requestNetwork for uid/pid:1000/6462 NetworkRequest [ TRACK_DEFAULT id=18761, [ Capabilities: INTERNET&NOT_RESTRICTED&TRUSTED Uid: 1000 AdministratorUids: [] RequestorUid: 1000 RequestorPackageName: com.heytap.mcs] ]
03-07 12:27:29.329  1823  2512 D ConnectivityService: NetReassign [18761 : null �? 167]
03-07 12:27:29.329  1823  2474 D UntrustedWifiNetworkFactory: got request NetworkRequest [ TRACK_DEFAULT id=18761, [ Capabilities: INTERNET&NOT_RESTRICTED&TRUSTED Uid: 1000 AdministratorUids: [] RequestorUid: 1000 RequestorPackageName: com.heytap.mcs] ] with score 79 and providerId 6
03-07 12:27:29.330  1823  2474 D WifiNetworkFactory: got request NetworkRequest [ TRACK_DEFAULT id=18761, [ Capabilities: INTERNET&NOT_RESTRICTED&TRUSTED Uid: 1000 AdministratorUids: [] RequestorUid: 1000 RequestorPackageName: com.heytap.mcs] ] with score 79 and providerId 6
03-07 12:27:29.330  1823  2604 D Ethernet: got request NetworkRequest [ TRACK_DEFAULT id=18761, [ Capabilities: INTERNET&NOT_RESTRICTED&TRUSTED Uid: 1000 AdministratorUids: [] RequestorUid: 1000 RequestorPackageName: com.heytap.mcs] ] with score 79 and providerId 6
03-07 12:27:29.330  1823  2502 D OplusWifiNetworkFactory2: got request NetworkRequest [ TRACK_DEFAULT id=18761, [ Capabilities: INTERNET&NOT_RESTRICTED&TRUSTED Uid: 1000 AdministratorUids: [] RequestorUid: 1000 RequestorPackageName: com.heytap.mcs] ] with score 79 and providerId 6
03-07 12:27:29.331  1823  3350 W ContextImpl: Calling a method in the system process without a qualified user: android.app.ContextImpl.startService:1717 com.oplus.util.OplusStatisticsImpl.startService:216 com.oplus.util.OplusStatisticsImpl.sendDataToDCS:192 com.oplus.util.OplusStatisticsImpl.onCommonSync:84 com.oplus.util.OplusStatisticsImpl$1.run:124 
03-07 12:27:29.346  6462  6486 I MMKV    : Disable checkProcessMode()
03-07 12:27:29.347  6462  6486 I MMKV    : <MMKV.cpp:208::initializeMMKV> root dir: /data/user_de/0/com.heytap.mcs/files/mmkv
03-07 12:27:29.347  6462  6486 I MMKV    : <MemoryFile.cpp:97::open> open fd[0x50], /data/user_de/0/com.heytap.mcs/files/mmkv/mmkv_com.heytap.mcs.static.backup
03-07 12:27:29.347  6462  6486 I MMKV    : <MemoryFile.cpp:97::open> open fd[0x51], /data/user_de/0/com.heytap.mcs/files/mmkv/mmkv_com.heytap.mcs.static.backup.crc
03-07 12:27:29.347  6462  6486 I MMKV    : <MMKV_IO.cpp:81::loadFromFile> loading [mmkv_com.heytap.mcs.static.backup] with 244 actual size, file size 8192, InterProcess 1, meta info version:3
03-07 12:27:29.347  6462  6486 I MMKV    : <MMKV_IO.cpp:86::loadFromFile> loading [mmkv_com.heytap.mcs.static.backup] with crc 3516125215 sequence 74 version 3
03-07 12:27:29.347  6462  6486 I MMKV    : <MMKV_IO.cpp:130::loadFromFile> loaded [mmkv_com.heytap.mcs.static.backup] with 0 key-values
03-07 12:27:29.352  1823  2012 V ColorZoomWindowManagerService: onAnimationFinished:  r = ActivityRecord{d5fbe0b u0 com.oppo.launcher/.Launcher t2}
03-07 12:27:29.353  1823  2012 I OplusMirageDisplayManagerService: onAnimationFinished:
03-07 12:27:29.354  1823  2012 V ColorZoomWindowManagerService: onAnimationFinished:  r = ActivityRecord{6738f80 u0 com.jurnalsaham.jurnalsahamihsg/org.kivy.android.PythonActivity t33112}
03-07 12:27:29.354  1823  2012 I ColorAppSwitchManagerService:  handleAppVisible , r = ActivityRecord{6738f80 u0 com.jurnalsaham.jurnalsahamihsg/org.kivy.android.PythonActivity t33112}
03-07 12:27:29.354  1823  2012 I OplusMirageDisplayManagerService: onAnimationFinished:
03-07 12:27:29.356  6490  6490 I oplus.android.OplusFrameworkFactoryImpl: getOplusRedPacketManager
03-07 12:27:29.359 23306 27487 E Parcel  : Reading a NULL string not supported here.
03-07 12:27:29.359  1823  5200 D AS.AudioService: getParameters() keyValuePairs:OPLUS_AUDIO_GET_FOCUS_STACK
03-07 12:27:29.359 15661 15680 W OppoGuardElf: ThermalControllHandler: tempLevel=4,userMode=2,gameUserMode=-1,appType=-1,envTempType=0,appStates=[]
03-07 12:27:29.361 15661 15680 W OppoGuardElf: ThermalControllerCenter: mSafetyState=10000
03-07 12:27:29.363 23306 27487 E Parcel  : Reading a NULL string not supported here.
03-07 12:27:29.363 15661 15680 W OppoGuardElf: ThermalControllHandler: tempGear=4,configItemName=common_config
03-07 12:27:29.363 15661 15758 W OppoGuardElf: ThermalControllHandler: MSG_THERMAL_CONTROL_CATEGORY_CHANGED
03-07 12:27:29.372 23306 27487 E Parcel  : Reading a NULL string not supported here.
03-07 12:27:29.376  6490  6490 V PythonActivity: PythonActivity onCreate running
03-07 12:27:29.376  6490  6490 V PythonActivity: About to do super onCreate
03-07 12:27:29.376  6490  6490 V SDL     : Device: RMX1971
03-07 12:27:29.376  6490  6490 V SDL     : Model: RMX1971
03-07 12:27:29.376  6490  6490 V SDL     : onCreate()
03-07 12:27:29.377  6490  6490 V PythonActivity: Did super onCreate
03-07 12:27:29.377  6490  6490 V SDL     : getting identifier
03-07 12:27:29.377  6490  6490 V SDL     : kind is layout and name lottie
03-07 12:27:29.377  6490  6490 V SDL     : result is 0
03-07 12:27:29.377  6490  6490 E jurnalsahamihs: Invalid ID 0x00000000.
03-07 12:27:29.378  6490  6490 V SDL     : couldn't find lottie layout or animation, trying static splash
03-07 12:27:29.378  6490  6490 V SDL     : getting identifier
03-07 12:27:29.378  6490  6490 V SDL     : kind is drawable and name presplash
03-07 12:27:29.378  6490  6490 V SDL     : result is 2130771969
03-07 12:27:29.382  1150  1150 D OppoExLayer: ~Layer() sequence=14833, name=Surface(name=Task=33112)/@0x2cb3aa7 - animation-leash#0@0x7453a95000
03-07 12:27:29.382  1150  1150 D OppoExLayer: ~Layer() sequence=14834, name=Surface(name=Task=2)/@0x825ae65 - animation-leash#0@0x746efc0000
03-07 12:27:29.385 23306 27487 E Parcel  : Reading a NULL string not supported here.
03-07 12:27:29.394 23306 27487 E Parcel  : Reading a NULL string not supported here.
03-07 12:27:29.395  6490  6490 V SDL     : asked to get string presplash_color
03-07 12:27:29.395  6490  6490 V SDL     : getting identifier
03-07 12:27:29.395  6490  6490 V SDL     : kind is string and name presplash_color
03-07 12:27:29.395  6490  6490 V SDL     : result is 2131034113
03-07 12:27:29.405  1823  2011 D PowerManagerService: setScreenBrightnessOverrideFromWindowManagerInternal brightness=NaN mScreenBrightnessOverrideFromWindowManager=NaN
03-07 12:27:29.408 23306 27487 E Parcel  : Reading a NULL string not supported here.
03-07 12:27:29.408  1823  2011 I chatty  : uid=1000(system) android.display identical 3 lines
03-07 12:27:29.408  1823  2011 D PowerManagerService: setScreenBrightnessOverrideFromWindowManagerInternal brightness=NaN mScreenBrightnessOverrideFromWindowManager=NaN
03-07 12:27:29.410  1823  2008 W Looper  : Slow dispatch took 194ms android.ui h=com.android.server.am.ActivityManagerService$UiHandler c=null m=31
03-07 12:27:29.425  6462  6462 I McsForMspApplication: metaData key = mspcore_push_prxoy_com.nearme.instant.platform, value = instant:30
03-07 12:27:29.425  6462  6462 I MspBaseApplication: app version:2.1.23_ce1820b_250904_mcs_oppoexp_sea,2012312
03-07 12:27:29.427 23306 27487 E Parcel  : Reading a NULL string not supported here.
03-07 12:27:29.438  6490  6490 V SDL     : onStart()
03-07 12:27:29.441 17223 17289 E Parcel  : Reading a NULL string not supported here.
03-07 12:27:29.441  6490  6490 V PythonActivity: onResume()
03-07 12:27:29.441  6490  6490 V SDL     : onResume()
03-07 12:27:29.442 23306 27487 E Parcel  : Reading a NULL string not supported here.
03-07 12:27:29.443  6490  6490 D OplusInputMethodUtil: init DEBUG to false, update DEBUG_IME to false
03-07 12:27:29.447  5123  5123 W ContextImpl: Calling a method in the system process without a qualified user: android.app.ContextImpl.startService:1717 android.content.ContextWrapper.startService:730 android.content.ContextWrapper.startService:730 com.coloros.securitypermission.permission.OppoPermissionReceiver.a:669 com.coloros.securitypermission.permission.OppoPermissionReceiver.onReceive:276 
03-07 12:27:29.447 23306 27487 I chatty  : uid=10036(com.google.android.gms) lowpool[500] identical 1 line
03-07 12:27:29.460 23306 27487 E Parcel  : Reading a NULL string not supported here.
03-07 12:27:29.464  6490  6490 I OplusFeatureCache: Milliseconds spent on init(): 11
03-07 12:27:29.467  6490  6490 D OplusSlideAnimOptHelper: scrollEffectOpt enable = false
03-07 12:27:29.466 23306 27487 E Parcel  : Reading a NULL string not supported here.
03-07 12:27:29.469  6490  6490 D ColorViewRootUtil: initSwipState, isDisplayCompatApp false
03-07 12:27:29.470  6490  6490 D ColorViewRootUtil: mScreenHeight 2340, mScreenWidth 1080
03-07 12:27:29.473  6490  6490 D WindowManager: Add to mViews: DecorView@566d503[PythonActivity],pkg= com.jurnalsaham.jurnalsahamihsg
03-07 12:27:29.479  6042  6531 D DateUtils: country : 
03-07 12:27:29.486 10065 10065 I Finsky  : [2] aick - Received: android.intent.action.PACKAGE_ADDED, [RNTEHK_6blyCC_wNG8Yk_0_1l0Hycbve8El6ixm9NOs]
03-07 12:27:29.487  1823  2370 D OppoDisplayPolicy: com.jurnalsaham.jurnalsahamihsg, no change cutoutMode: 0
03-07 12:27:29.491  6042  6531 D DateUtils: country : 
03-07 12:27:29.491  6042  6531 D DateUtils: country : 
03-07 12:27:29.492  6490  6579 V PythonActivity: Ready to unpack
03-07 12:27:29.492 10065 10102 I Finsky  : [53162] WM::SCH: Logging work initialize for 12-1
03-07 12:27:29.493  1823  2154 W BroadcastQueue: Background execution not allowed: receiving Intent { act=android.intent.action.PACKAGE_REPLACED dat=package:com.jurnalsaham.jurnalsahamihsg flg=0x4000010 (has extras) } to com.coloros.safecenter/.startupapp.StartupReceiver
03-07 12:27:29.494  1823  2154 W BroadcastQueue: Background execution not allowed: receiving Intent { act=android.intent.action.PACKAGE_REPLACED dat=package:com.jurnalsaham.jurnalsahamihsg flg=0x4000010 (has extras) } to com.coloros.securitypermission/.permission.PermissionReceiver
03-07 12:27:29.494  1823  2154 W BroadcastQueue: Background execution not allowed: receiving Intent { act=android.intent.action.PACKAGE_REPLACED dat=package:com.jurnalsaham.jurnalsahamihsg flg=0x4000010 (has extras) } to com.google.android.gms/.gass.chimera.PackageChangeBroadcastReceiver
03-07 12:27:29.497  3528  3528 I Finsky:background: [2] aica - Received: android.intent.action.PACKAGE_ADDED, [RNTEHK_6blyCC_wNG8Yk_0_1l0Hycbve8El6ixm9NOs]
03-07 12:27:29.497  1134  2524 D AudioPolicyService: updateUidStates_l() allowCapture=true because of on TOP AND uses VOICE_RECOGNITION OR uses HOTWORD
03-07 12:27:29.497  1134  2524 D AudioPolicyService: updateUidStates_l() current->uid=10070 current->pid=17223 allowCapture=1 UidState=5 apmStat=1
03-07 12:27:29.497  1134  2524 D AudioPolicyService: updateUidStates_l() allowCapture=true because of on TOP AND uses VOICE_RECOGNITION OR uses HOTWORD
03-07 12:27:29.497  1134  2524 D AudioPolicyService: updateUidStates_l() current->uid=10070 current->pid=17223 allowCapture=1 UidState=5 apmStat=1
03-07 12:27:29.500  1823  2154 W BroadcastQueue: Background execution not allowed: receiving Intent { act=android.intent.action.PACKAGE_REPLACED dat=package:com.jurnalsaham.jurnalsahamihsg flg=0x4000010 (has extras) } to com.google.android.gms/.chimera.GmsIntentOperationService$PersistentTrustedReceiver
03-07 12:27:29.502  1823  2154 W BroadcastQueue: Background execution not allowed: receiving Intent { act=android.intent.action.PACKAGE_REPLACED dat=package:com.jurnalsaham.jurnalsahamihsg flg=0x4000010 (has extras) } to com.heytap.market/com.heytap.cdo.client.domain.receiver.PackageReceiver
03-07 12:27:29.504 10065 10065 I Finsky  : [2] aick - Deduping intent android.intent.action.PACKAGE_ADDED
03-07 12:27:29.505 10065 10090 I Finsky  : [53154] RECEIVER_PACKAGE_MONITOR#logWorkEndAndFinishGoAsync: SUCCESS
03-07 12:27:29.505 15661  6568 I SafeCenter.DexOptRecordManager: addDexOptRecordInfo com.jurnalsaham.jurnalsahamihsg*0.1.0*1021100*install**0*
03-07 12:27:29.505  1823  3199 D OppoDisplayPolicy: com.jurnalsaham.jurnalsahamihsg, no change cutoutMode: 0
03-07 12:27:29.510  6042  6531 D DateUtils: country : 
03-07 12:27:29.513  6490  6579 V pythonutil: Unpacking private app
03-07 12:27:29.513  6490  6579 V pythonutil: Data version is 2a30279024cac8c7615f31aa73492139503f2652
03-07 12:27:29.517  6490  6579 V pythonutil: Extracting private assets.
03-07 12:27:29.518 23306 27487 E Parcel  : Reading a NULL string not supported here.
03-07 12:27:29.519  1823  3199 V WindowManager: Changing focus from null to Window{69c9dfe u0 com.jurnalsaham.jurnalsahamihsg/org.kivy.android.PythonActivity},diplayid=0
03-07 12:27:29.525  1823  3199 D Theia.NoFocusWindow: FocusWindowErrorScene cancelCheckFreezeScreen
03-07 12:27:29.525  1823  2011 D PowerManagerService: setScreenBrightnessOverrideFromWindowManagerInternal brightness=NaN mScreenBrightnessOverrideFromWindowManager=NaN
03-07 12:27:29.529  6490  6490 V OplusZoomWindowDecorViewHelper: setLastReportedMergedConfiguration mZoomDisplayHeight: 2340 getDecorView.DecorView@566d503[PythonActivity]
03-07 12:27:29.529 10065 10111 I Finsky  : [53168] SCH: Scheduling phonesky job Id: 12-1, CT: 1772861248279, Constraints: [{ L: 15000, D: 86400000, C: CHARGING_NONE, I: IDLE_NONE, N: NET_ANY, B: BATTERY_ANY }]
03-07 12:27:29.531 23306  6534 W SQLiteLog: (28) double-quoted string literal: "com.jurnalsaham.jurnalsahamihsg"
03-07 12:27:29.531  6490  6566 E libEGL  : Invalid file path for libcolorx-loader.so
03-07 12:27:29.531  6490  6566 I AdrenoGLES-0: QUALCOMM build                   : 5af5ff1, Iff02ff076a
03-07 12:27:29.531  6490  6566 I AdrenoGLES-0: Build Date                       : 01/05/21
03-07 12:27:29.531  6490  6566 I AdrenoGLES-0: OpenGL ES Shader Compiler Version: EV031.32.02.06
03-07 12:27:29.531  6490  6566 I AdrenoGLES-0: Local Branch                     : mybrancheb4f33c0-fd8a-f1f2-ab18-5cb90179c3d8
03-07 12:27:29.531  6490  6566 I AdrenoGLES-0: Remote Branch                    : quic/gfx-adreno.lnx.1.0.r114-rel
03-07 12:27:29.531  6490  6566 I AdrenoGLES-0: Remote Branch                    : NONE
03-07 12:27:29.531  6490  6566 I AdrenoGLES-0: Reconstruct Branch               : NOTHING
03-07 12:27:29.531  6490  6566 I AdrenoGLES-0: Build Config                     : S P 10.0.7 AArch64
03-07 12:27:29.531  6490  6566 I AdrenoGLES-0: Driver Path                      : /vendor/lib64/egl/libGLESv2_adreno.so
03-07 12:27:29.536 23306 27487 E Parcel  : Reading a NULL string not supported here.
03-07 12:27:29.537  6490  6566 I AdrenoGLES-0: PFP: 0x016ee190, ME: 0x00000000
03-07 12:27:29.547  6490  6566 E libEGL  : Invalid file path for libcolorx-loader.so
03-07 12:27:29.554  1823  2008 W Looper  : Slow dispatch took 104ms android.ui h=com.android.server.am.ActivityManagerService$UiHandler c=null m=53
03-07 12:27:29.555  6490  6566 I chatty  : uid=10773(com.jurnalsaham.jurnalsahamihsg) identical 48 lines
03-07 12:27:29.555  6490  6566 E libEGL  : Invalid file path for libcolorx-loader.so
03-07 12:27:29.555  3528  3528 I Finsky:background: [2] aica - Deduping intent android.intent.action.PACKAGE_ADDED
03-07 12:27:29.555  6490  6566 E libEGL  : Invalid file path for libcolorx-loader.so
03-07 12:27:29.556  6490  6566 I chatty  : uid=10773(com.jurnalsaham.jurnalsahamihsg) identical 14 lines
03-07 12:27:29.557  6490  6566 E libEGL  : Invalid file path for libcolorx-loader.so
03-07 12:27:29.557  3528  3753 I Finsky:background: [54966] RECEIVER_PACKAGE_MONITOR_BACKGROUND#logWorkEndAndFinishGoAsync: SUCCESS
03-07 12:27:29.557  6490  6566 E libEGL  : Invalid file path for libcolorx-loader.so
03-07 12:27:29.559 23306 27487 E Parcel  : Reading a NULL string not supported here.
03-07 12:27:29.567  1823  2154 W BroadcastQueue: Background execution not allowed: receiving Intent { act=android.intent.action.PACKAGE_REPLACED dat=package:com.jurnalsaham.jurnalsahamihsg flg=0x4000010 (has extras) } to com.nearme.gamecenter/com.heytap.cdo.client.domain.receiver.PackageReceiver
03-07 12:27:29.567  1823  2154 W BroadcastQueue: Background execution not allowed: receiving Intent { act=android.intent.action.PACKAGE_REPLACED dat=package:com.jurnalsaham.jurnalsahamihsg flg=0x4000010 (has extras) } to com.google.android.apps.nbu.files/.documentbrowser.browselanding.rootcontainerlist.receiver.PackageChangeReceiver_Receiver
03-07 12:27:29.562 23306 27487 E Parcel  : Reading a NULL string not supported here.
03-07 12:27:29.568 23306 21989 E Parcel  : Reading a NULL string not supported here.
03-07 12:27:29.571  6519  6519 I Perf    : Connecting to perf service.
03-07 12:27:29.572 23306 27487 E Parcel  : Reading a NULL string not supported here.
03-07 12:27:29.574 23306 24534 W OplusExSystemServiceHelper: checkOplusExSystemService intent getComponent is null
03-07 12:27:29.577  1134  2524 D AudioPolicyService: updateUidStates_l() allowCapture=true because of on TOP AND uses VOICE_RECOGNITION OR uses HOTWORD
03-07 12:27:29.577  1134  2524 D AudioPolicyService: updateUidStates_l() current->uid=10070 current->pid=17223 allowCapture=1 UidState=5 apmStat=1
03-07 12:27:29.586  6519  6519 E Perf    :  perftest packageName : com.heytap.mcs App is allowed to use Hide APIs  
03-07 12:27:29.589 23306 27487 E Parcel  : Reading a NULL string not supported here.
03-07 12:27:29.590 23306  5683 I Icing   : IndexChimeraService.getServiceInterface callingPackage=com.google.android.gms componentName=AppsCorpus serviceId=36
03-07 12:27:29.595  6519  6519 I LoadedApk: No resource references to update in package com.heytap.mcs.kit_sys_integrity
03-07 12:27:29.595  6519  6519 I LoadedApk: No resource references to update in package com.heytap.mcs.kit_quickapp
03-07 12:27:29.595  6519  6519 I LoadedApk: No resource references to update in package com.heytap.mcs.kit_region
03-07 12:27:29.596  6519  6519 I LoadedApk: No resource references to update in package com.heytap.mcs.kit_mcs
03-07 12:27:29.596  6519  6519 D NetworkSecurityConfig: No Network Security Config specified, using platform default
03-07 12:27:29.597  6519  6519 D NetworkSecurityConfig: No Network Security Config specified, using platform default
03-07 12:27:29.598  6519  6519 I MultiDex: VM with version 2.1.0 has multidex support
03-07 12:27:29.599  6519  6519 I MultiDex: Installing application
03-07 12:27:29.599  6519  6519 I MultiDex: VM has multidex support, MultiDex support library is disabled.
03-07 12:27:29.601  6519  6519 I MSP-LOG-APP-: create msplog:logcat
03-07 12:27:29.608 23306 27487 E Parcel  : Reading a NULL string not supported here.
03-07 12:27:29.611 23306 27487 E Parcel  : Reading a NULL string not supported here.
03-07 12:27:29.613  5123  6594 D PermissionService: onHandleIntent, action=action.PACKAGE_REPLACED current user: 0
03-07 12:27:29.625  6519  6519 E SignatureUtil: reflectWechatPay onError: android.app.OplusActivityManager.addFastAppWCPay [class java.lang.String, class java.lang.String]
03-07 12:27:29.625  6519  6519 E SignatureUtil: reflectWechatPay onError: android.app.OplusActivityManager.removeFastAppWCPay [class java.lang.String, class java.lang.String]
03-07 12:27:29.627  5043  5235 E YouTube : [Offline] Controller for Entity [164] Action [OFFLINE_ORCHESTRATION_ACTION_TYPE_REFRESH] timed out
03-07 12:27:29.634  6519  6519 I Application: addBackgroundRestrictedInfo use: 27
03-07 12:27:29.647  2640  2666 D OplusCoreAppService: isPackageContainsOplusCertificates be called
03-07 12:27:29.649  1150  1150 D OppoExLayer: ~Layer() sequence=14835, name=Surface(name=501053e StatusBar)/@0xbaa88ec - animation-leash#1@0x7464e58000
03-07 12:27:29.649  1150  1150 D OppoExLayer: ~Layer() sequence=14836, name=Surface(name=1412601 NavigationBar0)/@0x71346e7 - animation-leash#0@0x74730d1000
03-07 12:27:29.650 23306 23325 W OplusExSystemServiceHelper: checkOplusExSystemService intent getComponent is null
03-07 12:27:29.653  5123  6594 E SP      : /my_company/etc/permissions/factory_permission_record: open failed: ENOENT (No such file or directory)
03-07 12:27:29.656  1823  3199 I SecurityPermissionService: updateCachedPermission pkgName:com.jurnalsaham.jurnalsahamihsg, userId:0, delete:false
03-07 12:27:29.669   625   625 I hwservicemanager: getTransport: Cannot find entry android.hardware.graphics.mapper@4.0::IMapper/default in either framework or device manifest.
03-07 12:27:29.669  6490  6566 I Gralloc4: mapper 4.x is not supported
03-07 12:27:29.671   625   625 I hwservicemanager: getTransport: Cannot find entry android.hardware.graphics.mapper@3.0::IMapper/default in either framework or device manifest.
03-07 12:27:29.671  6490  6566 W Gralloc3: mapper 3.x is not supported
03-07 12:27:29.671  6519  6519 W SkyEye.HandlerThread: warning: create new handler thread with name skyEye_auto_speed_thread,alive thread size:1
03-07 12:27:29.680  6519  6519 I Application: Application init: 
03-07 12:27:29.681  5123  6594 D PermissionService: onHandleIntent, action=action.RESTORE_OPS current user: 0
03-07 12:27:29.684  6519  6519 I KitInfoManager: Kit infos: {cloudctrl=KitInfo{kitName='cloudctrl', kitVersionCode=10000, kitVersionName='1.0.0', kitApplicationClass='com.heytap.msp.cloudctrl.CloudCtrlApplication', callMothodInterval=0}, kit-core=KitInfo{kitName='kit-core', kitVersionCode=0, kitVersionName='', kitApplicationClass='com.heytap.msp.v2.MspCoreApplication', callMothodInterval=0}, sysintegrity=KitInfo{kitName='sysintegrity', kitVersionCode=0, kitVersionName='', kitApplicationClass='com.oplus.omes.srp.SrpApplication', callMothodInterval=0}, kit-mcs=KitInfo{kitName='kit-mcs', kitVersionCode=0, kitVersionName='', kitApplicationClass='com.heytap.mcs.msp.McsForMspApplication', callMothodInterval=0}, regionkit=KitInfo{kitName='regionkit', kitVersionCode=0, kitVersionName='', kitApplicationClass='com.heytap.msp.kit.region.RegionKitApplication', callMothodInterval=0}, instant=KitInfo{kitName='instant', kitVersionCode=0, kitVersionName='', kitApplicationClass='com.nearme.instant.platform.Application', callMothodInterval=0}}
03-07 12:27:29.685  6519  6519 I AbstractModuleApplication: AbstractModuleApplication attachBaseContext com.heytap.mcs.appservice
03-07 12:27:29.699  6519  6519 I MspBaseApplication: current processName:com.heytap.mcs.appservice,pid:6519
03-07 12:27:29.700  6519  6519 I AbstractModuleApplication: AbstractModuleApplication init com.heytap.mcs.appservice
03-07 12:27:29.747 23306 23306 D BoundBrokerSvc: onBind: Intent { act=com.google.android.gms.feedback.internal.IFeedbackService dat=chimera-action: cmp=com.google.android.gms/.chimera.GmsBoundBrokerService }
03-07 12:27:29.747 23306 23306 D BoundBrokerSvc: Loading bound service for intent: Intent { act=com.google.android.gms.feedback.internal.IFeedbackService dat=chimera-action: cmp=com.google.android.gms/.chimera.GmsBoundBrokerService }
03-07 12:27:29.765  3294  3294 W Launcher.AlphabeticalAppsList: updateAdapterItems
03-07 12:27:29.771  3294  3294 W Launcher.AlphabeticalAppsList: drawAppSort cost to muchTime sortCost = 2 sectionUpdateCost = 0 adapterUpdateCost = 6
03-07 12:27:29.777 17223 19250 V ClearcutMetricXmitter: Transmission is done.
03-07 12:27:29.792  6519  6604 I MMKV    : Disable checkProcessMode()
03-07 12:27:29.798  6519  6604 I MMKV    : current API level = 30, libc++_shared=0
03-07 12:27:29.798  6519  6604 I MMKV    : <MMKV.cpp:165::initialize> version v1.2.15, page size 4096, arch arm64-v8a
03-07 12:27:29.798  6519  6604 I MMKV    : <MMKV.cpp:176::initialize> armv8 AES instructions is supported
03-07 12:27:29.798  6519  6604 I MMKV    : <MMKV.cpp:184::initialize> armv8 CRC32 instructions is supported
03-07 12:27:29.810  6519  6604 I MMKV    : <MMKV.cpp:208::initializeMMKV> root dir: /data/user_de/0/com.heytap.mcs/files/mmkv
03-07 12:27:29.810  6519  6604 I MMKV    : <MemoryFile.cpp:97::open> open fd[0x4f], /data/user_de/0/com.heytap.mcs/files/mmkv/mmkv_com.heytap.mcs.env.config
03-07 12:27:29.811  6519  6604 I MMKV    : <MemoryFile.cpp:97::open> open fd[0x50], /data/user_de/0/com.heytap.mcs/files/mmkv/mmkv_com.heytap.mcs.env.config.crc
03-07 12:27:29.811  6519  6604 I MMKV    : <MMKV_IO.cpp:81::loadFromFile> loading [mmkv_com.heytap.mcs.env.config] with 2672 actual size, file size 4096, InterProcess 1, meta info version:3
03-07 12:27:29.811  6519  6604 I MMKV    : <MMKV_IO.cpp:86::loadFromFile> loading [mmkv_com.heytap.mcs.env.config] with crc 1108149752 sequence 4 version 3
03-07 12:27:29.811  6519  6604 I MMKV    : <MMKV_IO.cpp:130::loadFromFile> loaded [mmkv_com.heytap.mcs.env.config] with 2 key-values
03-07 12:27:29.812  6519  6604 I MMKV    : <MemoryFile.cpp:97::open> open fd[0x51], /data/user_de/0/com.heytap.mcs/files/mmkv/mmkv_shared_prefs_alert_status_result
03-07 12:27:29.812  6519  6604 I MMKV    : <MemoryFile.cpp:97::open> open fd[0x52], /data/user_de/0/com.heytap.mcs/files/mmkv/mmkv_shared_prefs_alert_status_result.crc
03-07 12:27:29.813  6519  6604 I MMKV    : <MMKV_IO.cpp:81::loadFromFile> loading [mmkv_shared_prefs_alert_status_result] with 0 actual size, file size 4096, InterProcess 1, meta info version:1
03-07 12:27:29.813  6519  6604 I MMKV    : <MMKV_IO.cpp:130::loadFromFile> loaded [mmkv_shared_prefs_alert_status_result] with 0 key-values
03-07 12:27:29.813  6519  6604 I MMKV    : <MemoryFile.cpp:97::open> open fd[0x53], /data/user_de/0/com.heytap.mcs/files/mmkv/mmkv_com.heytap.mcs.cloudconfig
03-07 12:27:29.813  6519  6604 I MMKV    : <MemoryFile.cpp:97::open> open fd[0x54], /data/user_de/0/com.heytap.mcs/files/mmkv/mmkv_com.heytap.mcs.cloudconfig.crc
03-07 12:27:29.813  6519  6604 I MMKV    : <MMKV_IO.cpp:81::loadFromFile> loading [mmkv_com.heytap.mcs.cloudconfig] with 1341 actual size, file size 4096, InterProcess 1, meta info version:3
03-07 12:27:29.813  6519  6604 I MMKV    : <MMKV_IO.cpp:86::loadFromFile> loading [mmkv_com.heytap.mcs.cloudconfig] with crc 1931867341 sequence 27 version 3
03-07 12:27:29.813  6519  6604 I MMKV    : <MMKV_IO.cpp:130::loadFromFile> loaded [mmkv_com.heytap.mcs.cloudconfig] with 8 key-values
03-07 12:27:29.813  6519  6604 I MMKV    : <MemoryFile.cpp:97::open> open fd[0x55], /data/user_de/0/com.heytap.mcs/files/mmkv/mmkv_com.heytap.mcs.externalconfig
03-07 12:27:29.813  6519  6604 I MMKV    : <MemoryFile.cpp:97::open> open fd[0x56], /data/user_de/0/com.heytap.mcs/files/mmkv/mmkv_com.heytap.mcs.externalconfig.crc
03-07 12:27:29.813  6519  6604 I MMKV    : <MMKV_IO.cpp:81::loadFromFile> loading [mmkv_com.heytap.mcs.externalconfig] with 3679 actual size, file size 4096, InterProcess 1, meta info version:3
03-07 12:27:29.813  6519  6604 I MMKV    : <MMKV_IO.cpp:86::loadFromFile> loading [mmkv_com.heytap.mcs.externalconfig] with crc 3727072818 sequence 16 version 3
03-07 12:27:29.814  6519  6604 I MMKV    : <MMKV_IO.cpp:130::loadFromFile> loaded [mmkv_com.heytap.mcs.externalconfig] with 3 key-values
03-07 12:27:29.814  6519  6604 I MMKV    : <MemoryFile.cpp:97::open> open fd[0x57], /data/user_de/0/com.heytap.mcs/files/mmkv/mmkv_com.heytap.mcs.expfunctionconfig
03-07 12:27:29.814  6519  6604 I MMKV    : <MemoryFile.cpp:97::open> open fd[0x58], /data/user_de/0/com.heytap.mcs/files/mmkv/mmkv_com.heytap.mcs.expfunctionconfig.crc
03-07 12:27:29.814  6519  6604 I MMKV    : <MMKV_IO.cpp:81::loadFromFile> loading [mmkv_com.heytap.mcs.expfunctionconfig] with 844 actual size, file size 4096, InterProcess 1, meta info version:3
03-07 12:27:29.814  6519  6604 I MMKV    : <MMKV_IO.cpp:86::loadFromFile> loading [mmkv_com.heytap.mcs.expfunctionconfig] with crc 2595202799 sequence 1 version 3
03-07 12:27:29.815  6519  6604 I MMKV    : <MMKV_IO.cpp:130::loadFromFile> loaded [mmkv_com.heytap.mcs.expfunctionconfig] with 1 key-values
03-07 12:27:29.832  1823  5656 W ActivityManager: setGlThreads detect 6490 6566
03-07 12:27:29.834  1150  3964 D DispPerfService: onframeavailable pid=6490, slot=0, seq=14838, name=com.jurnalsaham.jurnalsahamihsg:com.jurnalsaham.jurnalsahamihsg/org.kivy.android.PythonActivity#0
03-07 12:27:29.873 31216 31216 I Choreographer: Skipped 76 frames!  The application may be doing too much work on its main thread.
03-07 12:27:29.873  1823  3138 I ColorHansManager : unfreeze uid: 10167 package: com.instagram.android reason: F-direct scene: FastFreezerScene
03-07 12:27:29.874  1823  3138 I ColorHansManager : unfreeze uid: 10307 package: com.truecaller reason: F-direct scene: FastFreezerScene
03-07 12:27:29.878  1823  3138 I ColorHansManager : unfreeze uid: 10455 package: com.facebook.katana reason: F-direct scene: FastFreezerScene
03-07 12:27:29.881 32208 32589 D BaseJobBuilder: set process for client: com.alibaba.intl.android.apps.poseidon:channel
03-07 12:27:29.883  1823  1872 I InputDispatcher: Focus entered window: Window{69c9dfe u0 com.jurnalsaham.jurnalsahamihsg/org.kivy.android.PythonActivity} in display 0
03-07 12:27:29.887  1823  3138 I ColorHansManager : unfreeze uid: 10613 package: com.alibaba.intl.android.apps.poseidon reason: F-direct scene: FastFreezerScene
03-07 12:27:29.888  1823  3138 I ColorHansManager : uid: 10613, state: M -> D
03-07 12:27:29.893  1823  3138 I ColorHansManager : unfreeze uid: 10296 package: com.instagram.barcelona reason: F-direct scene: FastFreezerScene
03-07 12:27:29.893  5123  6597 I SP.UsageAccessUtils: AppOp permission exists for package audioserver but package doesn't exist or did not request UsageStats access
03-07 12:27:29.894  5123  6597 I SP.UsageAccessUtils: AppOp permission exists for package com.whatsapp but package doesn't exist or did not request UsageStats access
03-07 12:27:29.894  5123  6597 I SP.UsageAccessUtils: AppOp permission exists for package com.indopremier.ipot but package doesn't exist or did not request UsageStats access
03-07 12:27:29.894  5123  6597 I SP.UsageAccessUtils: AppOp permission exists for package com.gojek.app but package doesn't exist or did not request UsageStats access
03-07 12:27:29.894  5123  6597 I SP.UsageAccessUtils: AppOp permission exists for package com.shopee.id but package doesn't exist or did not request UsageStats access
03-07 12:27:29.894  5123  6597 I SP.UsageAccessUtils: AppOp permission exists for package com.google.android.gsf but package doesn't exist or did not request UsageStats access
03-07 12:27:29.894  5123  6597 I SP.UsageAccessUtils: AppOp permission exists for package com.oppo.launcher but package doesn't exist or did not request UsageStats access
03-07 12:27:29.894  5123  6597 I SP.UsageAccessUtils: AppOp permission exists for package com.microsoft.appmanager but package doesn't exist or did not request UsageStats access
03-07 12:27:29.894  5123  6597 I SP.UsageAccessUtils: AppOp permission exists for package com.stockbit.android but package doesn't exist or did not request UsageStats access
03-07 12:27:29.894  5123  6597 I SP.UsageAccessUtils: AppOp permission exists for package com.google.android.youtube but package doesn't exist or did not request UsageStats access
03-07 12:27:29.894  5123  6597 I SP.UsageAccessUtils: AppOp permission exists for package com.linkedin.android but package doesn't exist or did not request UsageStats access
03-07 12:27:29.894  5123  6597 I SP.UsageAccessUtils: AppOp permission exists for package com.lemon.lvoverseas but package doesn't exist or did not request UsageStats access
03-07 12:27:29.894  5123  6597 I SP.UsageAccessUtils: AppOp permission exists for package com.exness.android.pa but package doesn't exist or did not request UsageStats access
03-07 12:27:29.894  5123  6597 I SP.UsageAccessUtils: AppOp permission exists for package com.instagram.android but package doesn't exist or did not request UsageStats access
03-07 12:27:29.894  5123  6597 I SP.UsageAccessUtils: AppOp permission exists for package com.ss.android.ugc.trill but package doesn't exist or did not request UsageStats access
03-07 12:27:29.894  5123  6597 I SP.UsageAccessUtils: AppOp permission exists for package com.realme.securitycheck but package doesn't exist or did not request UsageStats access
03-07 12:27:29.894  5123  6597 I SP.UsageAccessUtils: AppOp permission exists for package com.yahoo.mobile.client.android.mail but package doesn't exist or did not request UsageStats access
03-07 12:27:29.894  5123  6597 I SP.UsageAccessUtils: AppOp permission exists for package com.tokopedia.tkpd but package doesn't exist or did not request UsageStats access
03-07 12:27:29.894  5123  6597 I SP.UsageAccessUtils: AppOp permission exists for package com.heytap.browser but package doesn't exist or did not request UsageStats access
03-07 12:27:29.894  5123  6597 I SP.UsageAccessUtils: AppOp permission exists for package com.heytap.themestore but package doesn't exist or did not request UsageStats access
03-07 12:27:29.894  5123  6597 I SP.UsageAccessUtils: AppOp permission exists for package com.xiaomi.smarthome but package doesn't exist or did not request UsageStats access
03-07 12:27:29.894  5123  6597 I SP.UsageAccessUtils: AppOp permission exists for package com.facebook.orca but package doesn't exist or did not request UsageStats access
03-07 12:27:29.894  5123  6597 I SP.UsageAccessUtils: AppOp permission exists for package com.facebook.katana but package doesn't exist or did not request UsageStats access
03-07 12:27:29.894  1823  3138 I ColorHansManager : uid: 10296, state: M -> D
03-07 12:27:29.895  1823  2011 D PowerManagerService: setScreenBrightnessOverrideFromWindowManagerInternal brightness=NaN mScreenBrightnessOverrideFromWindowManager=NaN
03-07 12:27:29.896  1823  3138 I ColorHansManager : unfreeze uid: 10294 package: hk.easyvan.app.client reason: F-direct scene: FastFreezerScene
03-07 12:27:29.896  6490  6490 V SDL     : onWindowFocusChanged(): true
03-07 12:27:29.900  1823  4256 D InputMethodManagerService: isSecurity: attribute.packageName=com.jurnalsaham.jurnalsahamihsg
03-07 12:27:29.900  1823  4256 D InputMethodManagerService: isSecurity= false (  enable=false needShow=false inBlackList=false  isExist=true )
03-07 12:27:29.901  1823  1823 E ANR_LOG : >>> msg's executing time is too long
03-07 12:27:29.901  1823  1823 E ANR_LOG : Blocked msg = { when=-1s893ms what=0 target=android.app.ActivityThread$H callback=android.app.-$$Lambda$LoadedApk$ReceiverDispatcher$Args$_BumDX2UKsnxLVrE6UJsJZkotuA } , cost  = 1893 ms
03-07 12:27:29.901  1823  1823 E ANR_LOG : >>>Current msg List is:
03-07 12:27:29.901  1823  1823 E ANR_LOG : Current msg <1> = { when=-1s893ms what=0 target=android.app.ActivityThread$H callback=android.app.-$$Lambda$LoadedApk$ReceiverDispatcher$Args$_BumDX2UKsnxLVrE6UJsJZkotuA }
03-07 12:27:29.901  1823  1823 E ANR_LOG : Current msg <2> = { when=-1s893ms what=0 target=android.app.ActivityThread$H callback=android.app.-$$Lambda$LoadedApk$ReceiverDispatcher$Args$_BumDX2UKsnxLVrE6UJsJZkotuA }
03-07 12:27:29.901  1823  1823 E ANR_LOG : Current msg <3> = { when=-1s893ms what=0 target=android.os.Handler callback=android.app.-$$Lambda$LoadedApk$ReceiverDispatcher$Args$_BumDX2UKsnxLVrE6UJsJZkotuA }
03-07 12:27:29.901  1823  1823 E ANR_LOG : Current msg <4> = { when=-1s893ms what=0 target=android.app.ActivityThread$H callback=android.app.-$$Lambda$LoadedApk$ReceiverDispatcher$Args$_BumDX2UKsnxLVrE6UJsJZkotuA }
03-07 12:27:29.901  1823  1823 E ANR_LOG : Current msg <5> = { when=-1s893ms what=0 target=android.app.ActivityThread$H callback=android.app.-$$Lambda$LoadedApk$ReceiverDispatcher$Args$_BumDX2UKsnxLVrE6UJsJZkotuA }
03-07 12:27:29.901  1823  1823 E ANR_LOG : Current msg <6> = { when=-1s893ms what=0 target=android.app.ActivityThread$H callback=android.app.-$$Lambda$LoadedApk$ReceiverDispatcher$Args$_BumDX2UKsnxLVrE6UJsJZkotuA }
03-07 12:27:29.901  1823  1823 E ANR_LOG : Current msg <7> = { when=-1s893ms what=0 target=android.app.ActivityThread$H callback=android.app.-$$Lambda$LoadedApk$ReceiverDispatcher$Args$_BumDX2UKsnxLVrE6UJsJZkotuA }
03-07 12:27:29.902 23306 27487 E Parcel  : Reading a NULL string not supported here.
03-07 12:27:29.901  1823  3138 I ColorHansManager : unfreeze uid: 10282 package: com.tokopedia.sellerapp reason: F-direct scene: FastFreezerScene
03-07 12:27:29.895  1823  2011 D PowerManagerService: setScreenBrightnessOverrideFromWindowManagerInternal brightness=NaN mScreenBrightnessOverrideFromWindowManager=NaN
03-07 12:27:29.905  1823  4256 D ColorInputMethodManagerServiceEx: onHandleImeWindowVisibleStatus handledVis: 0, switcher visible: 0, switcher active: 0, needsToShowImeSwitcher: false
03-07 12:27:29.907  1823  3138 I ColorHansManager : unfreeze uid: 10203 package: com.tokopedia.tkpd reason: F-direct scene: FastFreezerScene
03-07 12:27:29.908  1823  3138 I ColorHansManager : uid: 10203, state: M -> D
03-07 12:27:29.909 11175 11738 D ThreadBooster: [Scene Stop] After reset priority, droid.ugc.trill priority is -20
03-07 12:27:29.910 11175 11738 D ThreadBooster: [Scene Start] After adjust priority,  droid.ugc.trill priority is -20, tid: 11175
03-07 12:27:29.910  1823  3138 I ColorHansManager : unfreeze uid: 10171 package: com.ss.android.ugc.trill reason: F-direct scene: FastFreezerScene
03-07 12:27:29.911  1823  3138 I ColorHansManager : uid: 10171, state: M -> D
03-07 12:27:29.911  1823  3138 I ColorHansManager : unfreeze uid: 10152 package: com.lazada.android reason: F-direct scene: FastFreezerScene
03-07 12:27:29.913  1823  3138 I ColorHansManager : uid: 10152, state: M -> D
03-07 12:27:29.914  1823  3138 I ColorHansManager : unfreeze uid: 10030 package: com.shopee.id reason: F-direct scene: FastFreezerScene
03-07 12:27:29.915 19464 20576 I LocationUtil: [, , 0]:<<seabank>> 1D73A2DBE9C627EB80A9E23BFF287B3988924E600D391DDEE87E633A0CE4845DDCA7AB8E4EEDEDBF279E0F42DB59EDA037852DA02336CE3ABDD389B06C09EAD3
03-07 12:27:29.916  1823  3138 I ColorHansManager : uid: 10030, state: M -> D
03-07 12:27:29.916  1823  3138 I ColorHansManager : unfreeze uid: 10006 package: com.wakeup.howear reason: F-direct scene: FastFreezerScene
03-07 12:27:29.917  1823  3138 I ColorHansManager : uid: 10006, state: M -> D
03-07 12:27:29.917  1823  3138 I ColorHansManager : exit fastfreezer, reason:F-direct
03-07 12:27:29.906  1823  4256 D ColorInputMethodManagerServiceEx: onHandleImeWindowVisibleStatus handledVis: 0, switcher visible: 0, switcher active: 0, needsToShowImeSwitcher: false
03-07 12:27:29.918  1823  3138 D OppoBasePowerManagerService: do restore jobs
03-07 12:27:29.918  1823  3144 I ColorHansManager : stateRToFFreeze--imporant case: pkgName: com.wakeup.howear, reason: lastResumeProtect
03-07 12:27:29.919  1823  3144 I ColorHansManager : stateRToFFreeze--imporant case: pkgName: com.lazada.android, reason: lastResumeProtect
03-07 12:27:29.919  1823  3144 I ColorHansManager : stateRToFFreeze--imporant case: pkgName: com.tokopedia.sellerapp, reason: lastResumeProtect
03-07 12:27:29.920  3294  3294 E Parcel  : Reading a NULL string not supported here.
03-07 12:27:29.920  1823  3144 I ColorHansManager : stateRToFFreeze--imporant case: pkgName: com.shopee.id, reason: lastResumeProtect
03-07 12:27:29.927  4239  4239 I GoogleInputMethodService: GoogleInputMethodService.onFinishInput():2113 
03-07 12:27:29.927  1823  3144 I ColorHansManager : stateRToFFreeze--imporant case: pkgName: hk.easyvan.app.client, reason: lastResumeProtect
03-07 12:27:29.928  1823  3144 I ColorHansManager : stateRToFFreeze--imporant case: pkgName: com.instagram.barcelona, reason: lastResumeProtect
03-07 12:27:29.928  1823  1823 E ANR_LOG : Current msg <8> = { when=-1s890ms what=0 target=android.os.Handler callback=android.app.-$$Lambda$LoadedApk$ReceiverDispatcher$Args$_BumDX2UKsnxLVrE6UJsJZkotuA }
03-07 12:27:29.928  1823  1823 E ANR_LOG : Current msg <9> = { when=-1s890ms what=0 target=android.app.ActivityThread$H callback=android.app.-$$Lambda$LoadedApk$ReceiverDispatcher$Args$_BumDX2UKsnxLVrE6UJsJZkotuA }
03-07 12:27:29.928  1823  1823 E ANR_LOG : Current msg <10> = { when=-1s881ms what=0 target=android.app.ActivityThread$H callback=android.app.-$$Lambda$LoadedApk$ReceiverDispatcher$Args$_BumDX2UKsnxLVrE6UJsJZkotuA }
03-07 12:27:29.928  1823  1823 E ANR_LOG : >>>CURRENT MSG DUMP OVER<<<
03-07 12:27:29.923  1823  3138 I chatty  : uid=1000(system) HansManagerHand identical 1 line
03-07 12:27:29.923  1823  3138 D OppoBasePowerManagerService: do restore jobs
03-07 12:27:29.928  1823  1823 W Looper  : Slow dispatch took 1893ms main h=android.app.ActivityThread$H c=android.app.-$$Lambda$LoadedApk$ReceiverDispatcher$Args$_BumDX2UKsnxLVrE6UJsJZkotuA@afb8649 m=0
03-07 12:27:29.929  1823  1823 W Looper  : Slow delivery took 1921ms main h=android.app.ActivityThread$H c=android.app.-$$Lambda$LoadedApk$ReceiverDispatcher$Args$_BumDX2UKsnxLVrE6UJsJZkotuA@5789b4e m=0
03-07 12:27:29.929  1823  1823 D OplusNfHooksHelper: Received broadcast:android.intent.action.PACKAGE_ADDED
03-07 12:27:29.929  1823  3144 I ColorHansManager : stateRToFFreeze--imporant case: pkgName: com.ss.android.ugc.trill, reason: lastResumeProtect
03-07 12:27:29.929  1823  1823 D OplusSlaManager: Received broadcast:android.intent.action.PACKAGE_ADDED
03-07 12:27:29.930  4239  4239 I Module  : DeviceLockedStatusModuleProvider$Module.updateDeviceLockedStatus():103 repeatCheckTimes = 0, locked = false
03-07 12:27:29.930  1823  3144 I ColorHansManager : stateRToFFreeze--imporant case: pkgName: com.tokopedia.tkpd, reason: lastResumeProtect
03-07 12:27:29.930  1823  3144 I ColorHansManager : stateRToFFreeze--imporant case: pkgName: com.alibaba.intl.android.apps.poseidon, reason: lastResumeProtect
03-07 12:27:29.934  1823  2008 D OplusAppBwCore: onUidImportance: 10049, 125
03-07 12:27:29.936  1134  2524 D AudioPolicyService: updateUidStates_l() allowCapture=true because of on TOP AND uses VOICE_RECOGNITION OR uses HOTWORD
03-07 12:27:29.936  1134  2524 D AudioPolicyService: updateUidStates_l() current->uid=10070 current->pid=17223 allowCapture=1 UidState=5 apmStat=1
03-07 12:27:29.936  1134  2524 D AudioPolicyService: updateUidStates_l() allowCapture=true because of on TOP AND uses VOICE_RECOGNITION OR uses HOTWORD
03-07 12:27:29.936  1134  2524 D AudioPolicyService: updateUidStates_l() current->uid=10070 current->pid=17223 allowCapture=1 UidState=5 apmStat=1
03-07 12:27:29.936  1134  2524 D AudioPolicyService: updateUidStates_l() allowCapture=true because of on TOP AND uses VOICE_RECOGNITION OR uses HOTWORD
03-07 12:27:29.936  1134  2524 D AudioPolicyService: updateUidStates_l() current->uid=10070 current->pid=17223 allowCapture=1 UidState=5 apmStat=1
03-07 12:27:29.936  1134  2524 D AudioPolicyService: updateUidStates_l() allowCapture=true because of on TOP AND uses VOICE_RECOGNITION OR uses HOTWORD
03-07 12:27:29.936  1134  2524 D AudioPolicyService: updateUidStates_l() current->uid=10070 current->pid=17223 allowCapture=1 UidState=5 apmStat=1
03-07 12:27:29.936  1134  2524 D AudioPolicyService: updateUidStates_l() allowCapture=true because of on TOP AND uses VOICE_RECOGNITION OR uses HOTWORD
03-07 12:27:29.936  1134  2524 D AudioPolicyService: updateUidStates_l() current->uid=10070 current->pid=17223 allowCapture=1 UidState=5 apmStat=1
03-07 12:27:29.936  6519  6519 I McsForMspApplication: metaData key = mspcore_push_prxoy_com.nearme.instant.platform, value = instant:30
03-07 12:27:29.937  6519  6519 I MspBaseApplication: app version:2.1.23_ce1820b_250904_mcs_oppoexp_sea,2012312
03-07 12:27:29.939  4239  4239 I GoogleInputMethodService: GoogleInputMethodService.onStartInput():1384 onStartInput(EditorInfo{EditorInfo{packageName=com.jurnalsaham.jurnalsahamihsg, inputType=0, inputTypeString=NULL, enableLearning=false, autoCorrection=false, autoComplete=false, imeOptions=0, privateImeOptions=null, actionName=UNSPECIFIED, actionLabel=null, initialSelStart=-1, initialSelEnd=-1, initialCapsMode=0, label=null, fieldId=-1, fieldName=null, extras=null, hintText=null, hintLocales=[]}}, false)
03-07 12:27:29.939  4239  4239 I AndroidIME: LatinIMEBase.updateInputViewCoverNavigation():314 Update input view padding, extendsTouchBelowSpace=false, bottom inset=149
03-07 12:27:29.940  1823  2750 D ColorInputMethodManagerServiceEx: onHandleImeWindowVisibleStatus handledVis: 0, switcher visible: 0, switcher active: 0, needsToShowImeSwitcher: false
03-07 12:27:29.941  3273  3273 D CarrierSvcBindHelper: No carrier app for: 0
03-07 12:27:29.942  3273  3273 E PhoneInterfaceManager: [PhoneIntfMgr] getCarrierPackageNamesForIntentAndPhone: No UICC
03-07 12:27:29.942  3273  3273 D CarrierSvcBindHelper: No carrier app for: 1
03-07 12:27:29.942  1823  2370 D LocationManagerService: request 471e5a network Request[POWER_LOW network interval=0 fastestInterval=0] from com.shopee.id(10030 foreground)
03-07 12:27:29.942  1823  2370 D OplusGnssWhiteListProxy: on get OplusGnssWhiteListProxy!
03-07 12:27:29.942  1823  2370 I chatty  : uid=1000(system) Binder:1823_3 identical 20 lines
03-07 12:27:29.942  1823  2370 D OplusGnssWhiteListProxy: on get OplusGnssWhiteListProxy!
03-07 12:27:29.942  1134  2525 D AudioPolicyService: updateUidStates_l() allowCapture=true because of on TOP AND uses VOICE_RECOGNITION OR uses HOTWORD
03-07 12:27:29.942  1134  2525 D AudioPolicyService: updateUidStates_l() current->uid=10070 current->pid=17223 allowCapture=1 UidState=5 apmStat=1
03-07 12:27:29.942  1823  2370 D OplusGnssWhiteListProxy: on get OplusGnssWhiteListProxy!
03-07 12:27:29.943  1823  2370 I chatty  : uid=1000(system) Binder:1823_3 identical 3 lines
03-07 12:27:29.943  1823  2370 D OplusGnssWhiteListProxy: on get OplusGnssWhiteListProxy!
03-07 12:27:29.943  1134  2525 D AudioPolicyService: updateUidStates_l() allowCapture=true because of on TOP AND uses VOICE_RECOGNITION OR uses HOTWORD
03-07 12:27:29.943  1134  2525 D AudioPolicyService: updateUidStates_l() current->uid=10070 current->pid=17223 allowCapture=1 UidState=5 apmStat=1
03-07 12:27:29.943  1823  2370 D OplusGnssWhiteListProxy: on get OplusGnssWhiteListProxy!
03-07 12:27:29.946  1823  2370 I chatty  : uid=1000(system) Binder:1823_3 identical 179 lines
03-07 12:27:29.946  1823  2370 D OplusGnssWhiteListProxy: on get OplusGnssWhiteListProxy!
03-07 12:27:29.948 18141 18179 I PermissionControllerServiceImpl: Updating user sensitive for uid 10773
03-07 12:27:29.948  4239  4239 I Module  : DeviceLockedStatusModuleProvider$Module.updateDeviceLockedStatus():103 repeatCheckTimes = 1, locked = false
03-07 12:27:29.953  1823  2011 D PowerManagerService: setScreenBrightnessOverrideFromWindowManagerInternal brightness=NaN mScreenBrightnessOverrideFromWindowManager=NaN
03-07 12:27:29.954 23306 27487 E Parcel  : Reading a NULL string not supported here.
03-07 12:27:29.960 23306 27487 E Parcel  : Reading a NULL string not supported here.
03-07 12:27:29.961  3273  3273 D CarrierSvcBindHelper: No carrier app for: 0
03-07 12:27:29.962  3273  3273 E PhoneInterfaceManager: [PhoneIntfMgr] getCarrierPackageNamesForIntentAndPhone: No UICC
03-07 12:27:29.962  3273  3273 D CarrierSvcBindHelper: No carrier app for: 1
03-07 12:27:29.966  1150  1150 D OppoExLayer: ~Layer() sequence=14815, name=com.oppo.launcher/com.oppo.launcher.Launcher#0@0x7456e9a000
03-07 12:27:29.985 23306 27487 E Parcel  : Reading a NULL string not supported here.
03-07 12:27:29.993 23306 27487 I chatty  : uid=10036(com.google.android.gms) lowpool[500] identical 1 line
03-07 12:27:30.002 23306 27487 E Parcel  : Reading a NULL string not supported here.
03-07 12:27:30.007  3273  3273 E OplusNecManagerHelper: com.oplus.nec.OplusNecManager.notifyOrigSignalStrengthChanged [class android.telephony.SignalStrength, int]
03-07 12:27:30.022  2755  2984 D BaseJobBuilder: set process for client: com.lazada.android:channel
03-07 12:27:30.047  3273  3273 D PhoneSwitcherNetworkRequstListener: got request NetworkRequest [ TRACK_DEFAULT id=18761, [ Capabilities: INTERNET&NOT_RESTRICTED&TRUSTED Uid: 1000 AdministratorUids: [] RequestorUid: 1000 RequestorPackageName: com.heytap.mcs] ] with score 79 and providerId 6
03-07 12:27:30.051  1823  1834 I system_server: Background concurrent copying GC freed 254293(52MB) AllocSpace objects, 208(7252KB) LOS objects, 17% free, 113MB/137MB, paused 263us total 1.721s
03-07 12:27:30.057  3273  3273 D ImsResolver: maybeAddedImsService, packageName: com.jurnalsaham.jurnalsahamihsg
03-07 12:27:30.062 23306 27487 E Parcel  : Reading a NULL string not supported here.
03-07 12:27:30.070 23306 27487 E Parcel  : Reading a NULL string not supported here.
03-07 12:27:30.072  1823  1835 W JavaBinder: BinderProxy is being destroyed but the application did not call unlinkToDeath to unlink all of its death recipients beforehand.  Releasing leaked death recipient: com.android.server.AlarmManagerService$2
03-07 12:27:30.073  3273  3273 D CarrierConfigLoader: mHandler: 9 phoneId: 0
03-07 12:27:30.073  1823  1835 I BpBinder: onLastStrongRef automatically unlinking death recipients: <uncached descriptor>
03-07 12:27:30.080 23306 27487 E Parcel  : Reading a NULL string not supported here.
03-07 12:27:30.112 23306 27487 I chatty  : uid=10036(com.google.android.gms) lowpool[500] identical 4 lines
03-07 12:27:30.115 23306 27487 E Parcel  : Reading a NULL string not supported here.
03-07 12:27:30.115  1150  1150 D OppoExLayer: ~Layer() sequence=14841, name=Surface(name=94206b7 Splash Screen com.jurnalsaham.jurnalsahamihsg)/@0x2ec3b31 - animation-leash#0@0x7473160000
03-07 12:27:30.115  1150  1150 D OppoExLayer: ~Layer() sequence=14831, name=94206b7 Splash Screen com.jurnalsaham.jurnalsahamihsg#0@0x7456f40000
03-07 12:27:30.116  1150  1150 D OppoExLayer: ~Layer() sequence=14832, name=Splash Screen com.jurnalsaham.jurnalsahamihsg#0@0x7453a88000
03-07 12:27:30.123 23306 27487 E Parcel  : Reading a NULL string not supported here.
03-07 12:27:30.146 23306 27487 I chatty  : uid=10036(com.google.android.gms) lowpool[500] identical 3 lines
03-07 12:27:30.153 23306 27487 E Parcel  : Reading a NULL string not supported here.
03-07 12:27:30.199  6490  6579 V python  : extracting after_kivyhome_fix.png
03-07 12:27:30.206  6490  6579 V python  : extracting after_restart_post_deploy.png
03-07 12:27:30.215  6490  6579 V python  : extracting after_tap_180_2265.png
03-07 12:27:30.107  1823  2011 I chatty  : uid=1000(system) android.display identical 2 lines
03-07 12:27:30.123  1823  2011 D PowerManagerService: setScreenBrightnessOverrideFromWindowManagerInternal brightness=NaN mScreenBrightnessOverrideFromWindowManager=NaN
03-07 12:27:30.231  1823  2537 W ActivityManager: Unable to start service Intent { cmp=com.nearme.gamecenter/com.heytap.cdo.client.util.BatteryJobService (has extras) } U=0: not found
03-07 12:27:30.231  1823  2537 D JobScheduler: Error executing JobStatus{dc4f3b7 #u0a100/1 com.nearme.gamecenter/com.heytap.cdo.client.util.BatteryJobService u=0 s=10100 TIME=-3d7h50m35s181ms:-3d7h50m35s181ms CHARGING PERIODIC PERSISTED READY}
03-07 12:27:30.232  1823  2537 W ActivityManager: Unable to start service Intent { cmp=com.google.android.googlequicksearchbox/com.google.android.apps.gsa.tasks.BackgroundTasksJobService (has extras) } U=0: not found
03-07 12:27:30.233  1823  2537 D JobScheduler: Error executing JobStatus{f86bacb #u0a70/-358 com.google.android.googlequicksearchbox/com.google.android.apps.gsa.tasks.BackgroundTasksJobService u=0 s=10070 TIME=-3d7h50m35s179ms:-3d7h50m35s179ms NET CHARGING PERIODIC PERSISTED READY}
03-07 12:27:30.234  1823  2537 W ActivityManager: Unable to start service Intent { cmp=com.google.android.googlequicksearchbox/com.google.android.apps.gsa.tasks.BackgroundTasksJobService (has extras) } U=0: not found
03-07 12:27:30.234  1823  2537 D JobScheduler: Error executing JobStatus{f569997 #u0a70/-350 com.google.android.googlequicksearchbox/com.google.android.apps.gsa.tasks.BackgroundTasksJobService u=0 s=10070 TIME=-3d7h50m35s179ms:-3d7h50m35s179ms PERIODIC PERSISTED READY}
03-07 12:27:30.235  1823  2537 W ActivityManager: Unable to start service Intent { cmp=com.google.android.googlequicksearchbox/com.google.android.apps.gsa.tasks.BackgroundTasksJobService (has extras) } U=0: not found
03-07 12:27:30.235  1823  2537 D JobScheduler: Error executing JobStatus{d19c8fd #u0a70/-446 com.google.android.googlequicksearchbox/com.google.android.apps.gsa.tasks.BackgroundTasksJobService u=0 s=10070 TIME=-3d7h50m35s180ms:-3d7h50m35s180ms NET PERIODIC PERSISTED READY}
03-07 12:27:30.246  2755  2992 D BaseJobBuilder: set process for client: com.lazada.android:channel
03-07 12:27:30.267  6490  6579 V python  : extracting after_tap_540_2265.png
03-07 12:27:30.322  1134  2524 D AudioPolicyService: updateUidStates_l() allowCapture=true because of on TOP AND uses VOICE_RECOGNITION OR uses HOTWORD
03-07 12:27:30.322  1134  2524 D AudioPolicyService: updateUidStates_l() current->uid=10070 current->pid=17223 allowCapture=1 UidState=5 apmStat=1
03-07 12:27:30.323  1823  2537 W ActivityManager: Unable to start service Intent { cmp=com.google.android.googlequicksearchbox/com.google.android.apps.gsa.tasks.BackgroundTasksJobService (has extras) } U=0: not found
03-07 12:27:30.323  1823  2537 D JobScheduler: Error executing JobStatus{c759784 #u0a70/-462 com.google.android.googlequicksearchbox/com.google.android.apps.gsa.tasks.BackgroundTasksJobService u=0 s=10070 TIME=-3d7h50m35s267ms:-3d7h50m35s267ms PERIODIC PERSISTED READY}
03-07 12:27:30.323  1823  2537 W ActivityManager: Unable to start service Intent { cmp=com.google.android.googlequicksearchbox/com.google.android.apps.gsa.tasks.BackgroundTasksJobService (has extras) } U=0: not found
03-07 12:27:30.323  1823  2537 D JobScheduler: Error executing JobStatus{bc75a89 #u0a70/-484 com.google.android.googlequicksearchbox/com.google.android.apps.gsa.tasks.BackgroundTasksJobService u=0 s=10070 TIME=-3d7h50m35s271ms:-3d7h50m35s271ms NET CHARGING PERIODIC PERSISTED READY}
03-07 12:27:30.324  1823  2537 W ActivityManager: Unable to start service Intent { cmp=com.google.android.googlequicksearchbox/com.google.android.apps.gsa.tasks.BackgroundTasksJobService (has extras) } U=0: not found
03-07 12:27:30.324  1823  2537 D JobScheduler: Error executing JobStatus{bbef7f9 #u0a70/-202 com.google.android.googlequicksearchbox/com.google.android.apps.gsa.tasks.BackgroundTasksJobService u=0 s=10070 TIME=-3d7h50m35s269ms:-3d7h50m35s269ms NET CHARGING PERIODIC PERSISTED READY}
03-07 12:27:30.325  1823  2537 W ActivityManager: Unable to start service Intent { cmp=com.google.android.googlequicksearchbox/com.google.android.apps.gsa.tasks.BackgroundTasksJobService (has extras) } U=0: not found
03-07 12:27:30.325  1823  2537 D JobScheduler: Error executing JobStatus{8f2d1c1 #u0a70/-362 com.google.android.googlequicksearchbox/com.google.android.apps.gsa.tasks.BackgroundTasksJobService u=0 s=10070 TIME=-3d7h50m35s271ms:-3d7h50m35s271ms PERIODIC PERSISTED READY}
03-07 12:27:30.329  6490  6579 V python  : extracting after_tap_900_2265.png
03-07 12:27:30.388  6490  6579 V python  : extracting ai_agent.pyc
03-07 12:27:30.390  6490  6579 V python  : extracting app.pyc
03-07 12:27:30.392  6490  6579 V python  : extracting assets/
03-07 12:27:30.393  6490  6579 V python  : extracting assets/icons/
03-07 12:27:30.393  6490  6579 V python  : extracting assets/icons/profile.png
03-07 12:27:30.394  6490  6579 V python  : extracting assets/icons/search.png
03-07 12:27:30.394  6490  6579 V python  : extracting assets/icons/stream.png
03-07 12:27:30.395  6490  6579 V python  : extracting assets/icons/watch.png
03-07 12:27:30.395  6490  6579 V python  : extracting daily_automation.pyc
03-07 12:27:30.396  6490  6579 V python  : extracting data/
03-07 12:27:30.396  6490  6579 V python  : extracting data/jurnal/
03-07 12:27:30.396  6490  6579 V python  : extracting data/jurnal/dividends.json
03-07 12:27:30.397  6490  6579 V python  : extracting data/jurnal/holdings_override.json
03-07 12:27:30.397  6490  6579 V python  : extracting data/jurnal/transactions.json
03-07 12:27:30.398  6490  6579 V python  : extracting data/orderbook_overrides/
03-07 12:27:30.398  6490  6579 V python  : extracting data/orderbook_overrides/BBCA.json
03-07 12:27:30.398  6490  6579 V python  : extracting data/screening_results/
03-07 12:27:30.399  6490  6579 V python  : extracting data/screening_results/scan_20260221_103910.csv
03-07 12:27:30.399  6490  6579 V python  : extracting data/screening_results/scan_20260221_105957.csv
03-07 12:27:30.400  6490  6579 V python  : extracting data/screening_results/scan_20260221_111401.csv
03-07 12:27:30.400  6490  6579 V python  : extracting data/screening_results/scan_20260221_111910.csv
03-07 12:27:30.401  6490  6579 V python  : extracting data/screening_results/scan_20260221_124304.csv
03-07 12:27:30.402  6490  6579 V python  : extracting data/screening_results/scan_20260221_124320.csv
03-07 12:27:30.402  6490  6579 V python  : extracting data/screening_results/scan_20260221_140211.csv
03-07 12:27:30.402  6490  6579 V python  : extracting data/screening_results/scan_20260221_154947.csv
03-07 12:27:30.403  6490  6579 V python  : extracting data/screening_results/scan_20260221_224247.csv
03-07 12:27:30.403  6490  6579 V python  : extracting data/screening_results/scan_20260221_225341.csv
03-07 12:27:30.403  1823  1823 W Looper  : Slow dispatch took 471ms main h=android.app.ActivityThread$H c=android.app.-$$Lambda$LoadedApk$ReceiverDispatcher$Args$_BumDX2UKsnxLVrE6UJsJZkotuA@df8e045 m=0
03-07 12:27:30.403  1823  1823 D OpenID  : action=android.intent.action.PACKAGE_ADDED
03-07 12:27:30.403  1823  1823 D OpenID  : pkgName:com.jurnalsaham.jurnalsahamihsg,isreplace=true
03-07 12:27:30.404  6490  6579 V python  : extracting data/screening_results/scan_20260221_225550.csv
03-07 12:27:30.404  1823  1823 D OppoBrightUtils: CtsTest = false
03-07 12:27:30.404  6490  6579 V python  : extracting data/screening_results/scan_20260221_225645.csv
03-07 12:27:30.404  6490  6579 V python  : extracting data/screening_results/scan_20260221_230042.csv
03-07 12:27:30.405  1823  1823 D OppoBaseLightsService: isCtsHardwareTestCases = false
03-07 12:27:30.405  6490  6579 V python  : extracting data/screening_results/scan_20260221_230359.csv
03-07 12:27:30.405  6490  6579 V python  : extracting data/screening_results/scan_20260221_230952.csv
03-07 12:27:30.405  6490  6579 V python  : extracting data/screening_results/scan_20260222_130757.csv
03-07 12:27:30.406  6490  6579 V python  : extracting data/screening_results/scan_20260223_203744.csv
03-07 12:27:30.406  6490  6579 V python  : extracting data/screening_results/scan_20260228_114207.csv
03-07 12:27:30.407  6490  6579 V python  : extracting data/screening_results/scan_20260304_180804.csv
03-07 12:27:30.407  6490  6579 V python  : extracting data/screening_results/scan_99999999_000000.csv
03-07 12:27:30.408  6490  6579 V python  : extracting data/stockbit_cache/
03-07 12:27:30.408  6490  6579 V python  : extracting data/stockbit_cache/BBCA_analysis_20260221.json
03-07 12:27:30.408  6490  6579 V python  : extracting data/stockbit_cache/BBNI_analysis_20260221.json
03-07 12:27:30.409  6490  6579 V python  : extracting data/stockbit_cache/BBRI_analysis_20260221.json
03-07 12:27:30.409  6490  6579 V python  : extracting data/stockbit_cache/BDMN_analysis_20260221.json
03-07 12:27:30.409  6490  6579 V python  : extracting data/stockbit_cache/BMRI_analysis_20260221.json
03-07 12:27:30.410  6490  6579 V python  : extracting data/stockbit_cache/BSDE_analysis_20260221.json
03-07 12:27:30.410  6490  6579 V python  : extracting data/stockbit_cache/BSIM_analysis_20260221.json
03-07 12:27:30.410  6490  6579 V python  : extracting data/stockbit_cache/BTPN_analysis_20260221.json
03-07 12:27:30.411  6490  6579 V python  : extracting data/stockbit_cache/BUMI_analysis_20260221.json
03-07 12:27:30.411  6490  6579 V python  : extracting data/stockbit_cache/CPIN_analysis_20260221.json
03-07 12:27:30.411  6490  6579 V python  : extracting data/stockbit_cache/CTBN_analysis_20260221.json
03-07 12:27:30.412  6490  6579 V python  : extracting data/stockbit_cache/ENRG_analysis_20260221.json
03-07 12:27:30.412  6490  6579 V python  : extracting data/stockbit_cache/GGRM_analysis_20260221.json
03-07 12:27:30.413  6490  6579 V python  : extracting data/stockbit_cache/HMSP_analysis_20260221.json
03-07 12:27:30.413  6490  6579 V python  : extracting data/stockbit_cache/INCO_analysis_20260221.json
03-07 12:27:30.413  6490  6579 V python  : extracting data/stockbit_cache/INDS_analysis_20260221.json
03-07 12:27:30.413  6490  6579 V python  : extracting data/stockbit_cache/INTP_analysis_20260221.json
03-07 12:27:30.414  6490  6579 V python  : extracting data/stockbit_cache/ITMG_analysis_20260221.json
03-07 12:27:30.414  6490  6579 V python  : extracting data/stockbit_cache/JSMR_analysis_20260221.json
03-07 12:27:30.415  6490  6579 V python  : extracting data/stockbit_cache/KLBF_analysis_20260221.json
03-07 12:27:30.415  6490  6579 V python  : extracting data/stockbit_cache/MEDC_analysis_20260221.json
03-07 12:27:30.415  6490  6579 V python  : extracting data/stockbit_cache/MIKA_analysis_20260221.json
03-07 12:27:30.416  6490  6579 V python  : extracting data/stockbit_cache/MNCN_analysis_20260221.json
03-07 12:27:30.416  6490  6579 V python  : extracting data/stockbit_cache/PGAS_analysis_20260221.json
03-07 12:27:30.417  6490  6579 V python  : extracting data/stockbit_cache/PJAA_analysis_20260221.json
03-07 12:27:30.417  6490  6579 V python  : extracting data/stockbit_cache/RLCO_analysis_20260221.json
03-07 12:27:30.417  6490  6579 V python  : extracting data/stockbit_cache/SMGR_analysis_20260221.json
03-07 12:27:30.418  6490  6579 V python  : extracting data/stockbit_cache/TINS_analysis_20260221.json
03-07 12:27:30.418  6490  6579 V python  : extracting data/stockbit_cache/TLKM_analysis_20260221.json
03-07 12:27:30.419  6490  6579 V python  : extracting data/stockbit_cache/UNTR_analysis_20260221.json
03-07 12:27:30.419  6490  6579 V python  : extracting data/stockbit_cache/UNVR_analysis_20260221.json
03-07 12:27:30.419  6490  6579 V python  : extracting data/stockbit_cache/WIKA_analysis_20260221.json
03-07 12:27:30.419  6490  6579 V python  : extracting data/stockbit_cache/WSKT_analysis_20260221.json
03-07 12:27:30.420  6490  6579 V python  : extracting data/stockbit_cache/ZATA_analysis_20260221.json
03-07 12:27:30.420  6490  6579 V python  : extracting data/test_exports/
03-07 12:27:30.420  6490  6579 V python  : extracting data/test_exports/backup_20260222_070045.json
03-07 12:27:30.421  6490  6579 V python  : extracting data/test_exports/journal_backup_20260222_070045.csv
03-07 12:27:30.421  6490  6579 V python  : extracting data/test_exports/portfolio_backup_20260222_070045.csv
03-07 12:27:30.422  6490  6579 V python  : extracting data/watchlist.json
03-07 12:27:30.422  6490  6579 V python  : extracting desktop_app.pyc
03-07 12:27:30.422  6490  6579 V python  : extracting desktop_app_bak.pyc
03-07 12:27:30.430  1823  1823 V BackupManagerConstants: getFullBackupIntervalMilliseconds(...) returns 86400000
03-07 12:27:30.431  1823  1823 V BackupManagerConstants: getFullBackupRequiredNetworkType(...) returns 2
03-07 12:27:30.431  1823  1823 V BackupManagerConstants: getFullBackupRequireCharging(...) returns true
03-07 12:27:30.431  1823  1823 D BaseJobBuilder: set process for client: system_server
03-07 12:27:30.431  6490  6579 V python  : extracting header_after_left2.png
03-07 12:27:30.434  2640  2666 D OplusCoreAppService: isPackageContainsOplusCertificates be called
03-07 12:27:30.435  2640  2666 I chatty  : uid=1000(system) Binder:2640_2 identical 1 line
03-07 12:27:30.436  2640  2666 D OplusCoreAppService: isPackageContainsOplusCertificates be called
03-07 12:27:30.437  1823  1823 D OplusNfHooksHelper: Received broadcast:android.intent.action.PACKAGE_REPLACED
03-07 12:27:30.437  1823  1823 D OplusSlaManager: Received broadcast:android.intent.action.PACKAGE_REPLACED
03-07 12:27:30.438  2640  2666 D OplusCoreAppService: isPackageContainsOplusCertificates be called
03-07 12:27:30.443  2640  2666 I chatty  : uid=1000(system) Binder:2640_2 identical 4 lines
03-07 12:27:30.444  2640  2666 D OplusCoreAppService: isPackageContainsOplusCertificates be called
03-07 12:27:30.450  1823  5657 D OppoDisplayPolicy: com.android.systemui, change system app cutoutMode: color always
03-07 12:27:30.454  1823  2011 D PowerManagerService: setScreenBrightnessOverrideFromWindowManagerInternal brightness=NaN mScreenBrightnessOverrideFromWindowManager=NaN
03-07 12:27:30.456  1134  2524 D AudioPolicyService: updateUidStates_l() allowCapture=true because of on TOP AND uses VOICE_RECOGNITION OR uses HOTWORD
03-07 12:27:30.456  1134  2524 D AudioPolicyService: updateUidStates_l() current->uid=10070 current->pid=17223 allowCapture=1 UidState=5 apmStat=1
03-07 12:27:30.457  1134  2524 D AudioPolicyService: updateUidStates_l() allowCapture=true because of on TOP AND uses VOICE_RECOGNITION OR uses HOTWORD
03-07 12:27:30.457  1134  2524 D AudioPolicyService: updateUidStates_l() current->uid=10070 current->pid=17223 allowCapture=1 UidState=5 apmStat=1
03-07 12:27:30.483  1823  3196 D OppoDisplayPolicy: com.android.systemui, change system app cutoutMode: color always
03-07 12:27:30.484  1823  2537 V AlarmManager: set(null) : type=3 when=287477325whenElapsed287477325maxWhen =287491152 win=13827 interval=0 flags=0x0 pkg = android
03-07 12:27:30.487  1823  2011 D PowerManagerService: setScreenBrightnessOverrideFromWindowManagerInternal brightness=NaN mScreenBrightnessOverrideFromWindowManager=NaN
03-07 12:27:30.487  4326  6609 D AppFeatureProviderUtils: getStringForFeature: classify-f.apps.coloros.com
03-07 12:27:30.497  6490  6579 V python  : extracting header_after_swipe_left.png
03-07 12:27:30.557  6490  6579 V python  : extracting header_after_up2.png
03-07 12:27:30.559  1823  2537 W ActivityManager: Unable to start service Intent { cmp=com.nearme.gamecenter/com.heytap.cdo.client.util.BatteryJobService (has extras) } U=0: not found
03-07 12:27:30.559  1823  2537 D JobScheduler: Error executing JobStatus{dc4f3b7 #u0a100/1 com.nearme.gamecenter/com.heytap.cdo.client.util.BatteryJobService u=0 s=10100 TIME=-3d7h50m35s509ms:-3d7h50m35s509ms CHARGING PERIODIC PERSISTED READY}
03-07 12:27:30.559  1823  2537 W ActivityManager: Unable to start service Intent { cmp=com.google.android.googlequicksearchbox/com.google.android.apps.gsa.tasks.BackgroundTasksJobService (has extras) } U=0: not found
03-07 12:27:30.560  1823  2537 D JobScheduler: Error executing JobStatus{f86bacb #u0a70/-358 com.google.android.googlequicksearchbox/com.google.android.apps.gsa.tasks.BackgroundTasksJobService u=0 s=10070 TIME=-3d7h50m35s506ms:-3d7h50m35s506ms NET CHARGING PERIODIC PERSISTED READY}
03-07 12:27:30.560  6490  6579 V python  : extracting header_before2.png
03-07 12:27:30.560  1823  2537 W ActivityManager: Unable to start service Intent { cmp=com.google.android.googlequicksearchbox/com.google.android.apps.gsa.tasks.BackgroundTasksJobService (has extras) } U=0: not found
03-07 12:27:30.560  1823  2537 D JobScheduler: Error executing JobStatus{f569997 #u0a70/-350 com.google.android.googlequicksearchbox/com.google.android.apps.gsa.tasks.BackgroundTasksJobService u=0 s=10070 TIME=-3d7h50m35s505ms:-3d7h50m35s505ms PERIODIC PERSISTED READY}
03-07 12:27:30.561  1823  2537 W ActivityManager: Unable to start service Intent { cmp=com.google.android.googlequicksearchbox/com.google.android.apps.gsa.tasks.BackgroundTasksJobService (has extras) } U=0: not found
03-07 12:27:30.561  1823  2537 D JobScheduler: Error executing JobStatus{d19c8fd #u0a70/-446 com.google.android.googlequicksearchbox/com.google.android.apps.gsa.tasks.BackgroundTasksJobService u=0 s=10070 TIME=-3d7h50m35s506ms:-3d7h50m35s506ms NET PERIODIC PERSISTED READY}
03-07 12:27:30.562  1823  2537 W ActivityManager: Unable to start service Intent { cmp=com.google.android.googlequicksearchbox/com.google.android.apps.gsa.tasks.BackgroundTasksJobService (has extras) } U=0: not found
03-07 12:27:30.562  1823  2537 D JobScheduler: Error executing JobStatus{c759784 #u0a70/-462 com.google.android.googlequicksearchbox/com.google.android.apps.gsa.tasks.BackgroundTasksJobService u=0 s=10070 TIME=-3d7h50m35s506ms:-3d7h50m35s506ms PERIODIC PERSISTED READY}
03-07 12:27:30.562  1823  2537 W ActivityManager: Unable to start service Intent { cmp=com.google.android.googlequicksearchbox/com.google.android.apps.gsa.tasks.BackgroundTasksJobService (has extras) } U=0: not found
03-07 12:27:30.562  1823  2537 D JobScheduler: Error executing JobStatus{bc75a89 #u0a70/-484 com.google.android.googlequicksearchbox/com.google.android.apps.gsa.tasks.BackgroundTasksJobService u=0 s=10070 TIME=-3d7h50m35s510ms:-3d7h50m35s510ms NET CHARGING PERIODIC PERSISTED READY}
03-07 12:27:30.563  1823  2537 W ActivityManager: Unable to start service Intent { cmp=com.google.android.googlequicksearchbox/com.google.android.apps.gsa.tasks.BackgroundTasksJobService (has extras) } U=0: not found
03-07 12:27:30.563  1823  2537 D JobScheduler: Error executing JobStatus{bbef7f9 #u0a70/-202 com.google.android.googlequicksearchbox/com.google.android.apps.gsa.tasks.BackgroundTasksJobService u=0 s=10070 TIME=-3d7h50m35s508ms:-3d7h50m35s508ms NET CHARGING PERIODIC PERSISTED READY}
03-07 12:27:30.563  1823  2537 W ActivityManager: Unable to start service Intent { cmp=com.google.android.googlequicksearchbox/com.google.android.apps.gsa.tasks.BackgroundTasksJobService (has extras) } U=0: not found
03-07 12:27:30.563  1823  2537 D JobScheduler: Error executing JobStatus{8f2d1c1 #u0a70/-362 com.google.android.googlequicksearchbox/com.google.android.apps.gsa.tasks.BackgroundTasksJobService u=0 s=10070 TIME=-3d7h50m35s510ms:-3d7h50m35s510ms PERIODIC PERSISTED READY}
03-07 12:27:30.564  1823  2537 W ActivityManager: Unable to start service Intent { cmp=com.google.android.googlequicksearchbox/com.google.android.apps.gsa.tasks.BackgroundTasksJobService (has extras) } U=0: not found
03-07 12:27:30.564  6490  6579 V python  : extracting header_before_swipe.png
03-07 12:27:30.564  1823  2537 D JobScheduler: Error executing JobStatus{8bedc16 #u0a70/-148 com.google.android.googlequicksearchbox/com.google.android.apps.gsa.tasks.BackgroundTasksJobService u=0 s=10070 TIME=-3d7h50m35s509ms:-3d7h50m35s509ms NET PERIODIC PERSISTED READY}
03-07 12:27:30.565  1823  2537 W ActivityManager: Unable to start service Intent { cmp=com.google.android.googlequicksearchbox/com.google.android.apps.gsa.tasks.BackgroundTasksJobService (has extras) } U=0: not found
03-07 12:27:30.565  1823  2537 D JobScheduler: Error executing JobStatus{7b956ec #u0a70/-324 com.google.android.googlequicksearchbox/com.google.android.apps.gsa.tasks.BackgroundTasksJobService u=0 s=10070 TIME=-3d7h50m35s510ms:-3d7h50m35s510ms CHARGING PERIODIC PERSISTED READY}
03-07 12:27:30.565  6490  6579 V python  : extracting launcher.pyc
03-07 12:27:30.566  6490  6579 V python  : extracting main.pyc
03-07 12:27:30.566  6490  6579 V python  : extracting modules/
03-07 12:27:30.567  6490  6579 V python  : extracting modules/__init__.pyc
03-07 12:27:30.567  6490  6579 V python  : extracting modules/auth.pyc
03-07 12:27:30.568  6490  6579 V python  : extracting modules/bandarmology.pyc
03-07 12:27:30.568  6490  6579 V python  : extracting modules/cloud_sync.pyc
03-07 12:27:30.569  6490  6579 V python  : extracting modules/data_fetcher.pyc
03-07 12:27:30.569  6490  6579 V python  : extracting modules/database.pyc
03-07 12:27:30.570  6490  6579 V python  : extracting modules/jurnal_store.pyc
03-07 12:27:30.570  6490  6579 V python  : extracting modules/orderbook_analyzer.pyc
03-07 12:27:30.571  6490  6579 V python  : extracting modules/orderbook_override.pyc
03-07 12:27:30.572  6490  6579 V python  : extracting modules/quote_fetcher.pyc
03-07 12:27:30.572  1823  1823 W Looper  : Slow dispatch took 111ms main h=android.os.Handler c=android.app.AlarmManager$ListenerWrapper@820ed62 m=0
03-07 12:27:30.572  6490  6579 V python  : extracting modules/stockbit_fetcher.pyc
03-07 12:27:30.573  6490  6579 V python  : extracting modules/stockbit_scraper.pyc
03-07 12:27:30.573  1823  2537 W ActivityManager: Unable to start service Intent { cmp=com.google.android.googlequicksearchbox/com.google.android.apps.gsa.tasks.BackgroundTasksJobService (has extras) } U=0: not found
03-07 12:27:30.574  1823  2537 D JobScheduler: Error executing JobStatus{6c4a3a2 #u0a70/-128 com.google.android.googlequicksearchbox/com.google.android.apps.gsa.tasks.BackgroundTasksJobService u=0 s=10070 TIME=-3d7h50m35s518ms:-3d7h50m35s518ms NET PERIODIC PERSISTED READY}
03-07 12:27:30.574  6490  6579 V python  : extracting modules/supabase_session.pyc
03-07 12:27:30.574  1823  2537 W ActivityManager: Unable to start service Intent { cmp=com.google.android.googlequicksearchbox/com.google.android.apps.gsa.tasks.BackgroundTasksJobService (has extras) } U=0: not found
03-07 12:27:30.574  6490  6579 V python  : extracting modules/tradingview_fetcher.pyc
03-07 12:27:30.574  1823  2537 D JobScheduler: Error executing JobStatus{653eb6d #u0a70/-406 com.google.android.googlequicksearchbox/com.google.android.apps.gsa.tasks.BackgroundTasksJobService u=0 s=10070 TIME=-3d7h50m35s519ms:-3d7h50m35s519ms NET PERIODIC PERSISTED READY}
03-07 12:27:30.575  6490  6579 V python  : extracting p4a-recipes/
03-07 12:27:30.575  1823  2537 W ActivityManager: Unable to start service Intent { cmp=com.google.android.googlequicksearchbox/com.google.android.apps.gsa.tasks.BackgroundTasksJobService (has extras) } U=0: not found
03-07 12:27:30.575  1823  2537 D JobScheduler: Error executing JobStatus{3ed959f #u0a70/-480 com.google.android.googlequicksearchbox/com.google.android.apps.gsa.tasks.BackgroundTasksJobService u=0 s=10070 TIME=-3d7h50m35s520ms:-3d7h50m35s520ms NET PERIODIC PERSISTED READY}
03-07 12:27:30.575  6490  6579 V python  : extracting p4a-recipes/pyjnius/
03-07 12:27:30.576  6490  6579 V python  : extracting p4a-recipes/pyjnius/__init__.pyc
03-07 12:27:30.576  1823  2537 W ActivityManager: Unable to start service Intent { cmp=com.google.android.googlequicksearchbox/com.google.android.apps.gsa.tasks.BackgroundTasksJobService (has extras) } U=0: not found
03-07 12:27:30.576  1823  2537 D JobScheduler: Error executing JobStatus{1c8a2af #u0a70/-486 com.google.android.googlequicksearchbox/com.google.android.apps.gsa.tasks.BackgroundTasksJobService u=0 s=10070 TIME=-3d7h50m35s523ms:-3d7h50m35s523ms NET PERIODIC PERSISTED READY}
03-07 12:27:30.576  6490  6579 V python  : extracting screening_after_boxlayout_fix.png
03-07 12:27:30.577  1823  2537 W ActivityManager: Unable to start service Intent { cmp=com.google.android.googlequicksearchbox/com.google.android.apps.gsa.tasks.BackgroundTasksJobService (has extras) } U=0: not found
03-07 12:27:30.577  1823  2537 D JobScheduler: Error executing JobStatus{1c21645 #u0a70/-352 com.google.android.googlequicksearchbox/com.google.android.apps.gsa.tasks.BackgroundTasksJobService u=0 s=10070 TIME=-3d7h50m35s523ms:-3d7h50m35s523ms NET PERIODIC PERSISTED READY}
03-07 12:27:30.645  1823  2537 W ActivityManager: Unable to start service Intent { cmp=com.nearme.gamecenter/com.heytap.cdo.client.util.BatteryJobService (has extras) } U=0: not found
03-07 12:27:30.645  1823  2537 D JobScheduler: Error executing JobStatus{dc4f3b7 #u0a100/1 com.nearme.gamecenter/com.heytap.cdo.client.util.BatteryJobService u=0 s=10100 TIME=-3d7h50m35s595ms:-3d7h50m35s595ms CHARGING PERIODIC PERSISTED READY}
03-07 12:27:30.645  1823  2537 W ActivityManager: Unable to start service Intent { cmp=com.google.android.googlequicksearchbox/com.google.android.apps.gsa.tasks.BackgroundTasksJobService (has extras) } U=0: not found
03-07 12:27:30.645  1823  2537 D JobScheduler: Error executing JobStatus{f86bacb #u0a70/-358 com.google.android.googlequicksearchbox/com.google.android.apps.gsa.tasks.BackgroundTasksJobService u=0 s=10070 TIME=-3d7h50m35s591ms:-3d7h50m35s591ms NET CHARGING PERIODIC PERSISTED READY}
03-07 12:27:30.645  1823  2537 W ActivityManager: Unable to start service Intent { cmp=com.google.android.googlequicksearchbox/com.google.android.apps.gsa.tasks.BackgroundTasksJobService (has extras) } U=0: not found
03-07 12:27:30.646  1823  2537 D JobScheduler: Error executing JobStatus{f569997 #u0a70/-350 com.google.android.googlequicksearchbox/com.google.android.apps.gsa.tasks.BackgroundTasksJobService u=0 s=10070 TIME=-3d7h50m35s591ms:-3d7h50m35s591ms PERIODIC PERSISTED READY}
03-07 12:27:30.646  1823  2537 W ActivityManager: Unable to start service Intent { cmp=com.google.android.googlequicksearchbox/com.google.android.apps.gsa.tasks.BackgroundTasksJobService (has extras) } U=0: not found
03-07 12:27:30.646  1823  2537 D JobScheduler: Error executing JobStatus{d19c8fd #u0a70/-446 com.google.android.googlequicksearchbox/com.google.android.apps.gsa.tasks.BackgroundTasksJobService u=0 s=10070 TIME=-3d7h50m35s591ms:-3d7h50m35s591ms NET PERIODIC PERSISTED READY}
03-07 12:27:30.646  1823  2537 W ActivityManager: Unable to start service Intent { cmp=com.google.android.googlequicksearchbox/com.google.android.apps.gsa.tasks.BackgroundTasksJobService (has extras) } U=0: not found
03-07 12:27:30.646  1823  2537 D JobScheduler: Error executing JobStatus{c759784 #u0a70/-462 com.google.android.googlequicksearchbox/com.google.android.apps.gsa.tasks.BackgroundTasksJobService u=0 s=10070 TIME=-3d7h50m35s591ms:-3d7h50m35s591ms PERIODIC PERSISTED READY}
03-07 12:27:30.687  1108  1148 E ANDR-PERF-UTIL: Failed to read /sys/class/devfreq/soc:qcom,cpu0-llcc-ddr-lat/min_freq
03-07 12:27:30.687  1108  1148 E ANDR-PERF-OPTSHANDLER: Failed to read /sys/class/devfreq/soc:qcom,cpu0-llcc-ddr-lat/min_freq
03-07 12:27:30.687  1108  1148 E ANDR-PERF-RESOURCEQS: Failed to apply optimization [13, 12]
03-07 12:27:30.687  1108  1148 E ANDR-PERF-UTIL: Failed to read /sys/class/devfreq/soc:qcom,cpu6-llcc-ddr-lat/min_freq
03-07 12:27:30.687  1108  1148 E ANDR-PERF-OPTSHANDLER: Failed to read /sys/class/devfreq/soc:qcom,cpu6-llcc-ddr-lat/min_freq
03-07 12:27:30.687  1108  1148 E ANDR-PERF-RESOURCEQS: Failed to apply optimization [13, 12]
03-07 12:27:30.699  1108  1148 E ANDR-PERF-UTIL: Failed to read /sys/class/devfreq/soc:qcom,cpu0-cpu-llcc-lat/mem_latency/ratio_ceil
03-07 12:27:30.699  1108  1148 E ANDR-PERF-OPTSHANDLER: Failed to read /sys/class/devfreq/soc:qcom,cpu0-cpu-llcc-lat/mem_latency/ratio_ceil
03-07 12:27:30.699  1108  1148 E ANDR-PERF-RESOURCEQS: Failed to apply optimization [13, 8]
03-07 12:27:30.699  1108  1148 E ANDR-PERF-UTIL: Failed to read /sys/class/devfreq/soc:qcom,cpu4-cpu-llcc-lat/mem_latency/ratio_ceil
03-07 12:27:30.699  1108  1148 E ANDR-PERF-OPTSHANDLER: Failed to read /sys/class/devfreq/soc:qcom,cpu4-cpu-llcc-lat/mem_latency/ratio_ceil
03-07 12:27:30.699  1108  1148 E ANDR-PERF-RESOURCEQS: Failed to apply optimization [13, 9]
03-07 12:27:31.029  6490  6579 V python  : extracting screening_after_fix.png
03-07 12:27:31.030 10065 10112 I Finsky  : [53169] SCH: Scheduling 1 system job(s)
03-07 12:27:31.030 10065 10112 D BaseJobBuilder: set process for client: com.android.vending
03-07 12:27:31.031 10065 10112 I Finsky  : [53169] SCH: Scheduling system job Id: 9226, L: 12249, D: 78159340, C: false, I: false, N: 1
03-07 12:27:31.052  1823  5657 V AlarmManager: set(null) : type=3 when=287471686whenElapsed287471686maxWhen =287480858 win=9172 interval=0 flags=0x0 pkg = android
03-07 12:27:31.060  1823  3400 I ColorGameSpaceManager: in handleApplicationSwitchInner ---- gamemode = 0 ----mModeStatus = 0
03-07 12:27:31.062  1108  1148 E ANDR-PERF-UTIL: Failed to read /sys/class/devfreq/soc:qcom,cpu0-llcc-ddr-lat/min_freq
03-07 12:27:31.062  1108  1148 E ANDR-PERF-OPTSHANDLER: Failed to read /sys/class/devfreq/soc:qcom,cpu0-llcc-ddr-lat/min_freq
03-07 12:27:31.062  1108  1148 E ANDR-PERF-RESOURCEQS: Failed to apply optimization [13, 12]
03-07 12:27:31.062  1108  1148 E ANDR-PERF-UTIL: Failed to read /sys/class/devfreq/soc:qcom,cpu6-llcc-ddr-lat/min_freq
03-07 12:27:31.062  1108  1148 E ANDR-PERF-OPTSHANDLER: Failed to read /sys/class/devfreq/soc:qcom,cpu6-llcc-ddr-lat/min_freq
03-07 12:27:31.062  1108  1148 E ANDR-PERF-RESOURCEQS: Failed to apply optimization [13, 12]
03-07 12:27:31.062  1108  1148 E ANDR-PERF-UTIL: Failed to read /sys/class/devfreq/soc:qcom,cpu0-cpu-llcc-lat/mem_latency/ratio_ceil
03-07 12:27:31.062  1108  1148 E ANDR-PERF-OPTSHANDLER: Failed to read /sys/class/devfreq/soc:qcom,cpu0-cpu-llcc-lat/mem_latency/ratio_ceil
03-07 12:27:31.062  1108  1148 E ANDR-PERF-RESOURCEQS: Failed to apply optimization [13, 8]
03-07 12:27:31.062  1108  1148 E ANDR-PERF-UTIL: Failed to read /sys/class/devfreq/soc:qcom,cpu4-cpu-llcc-lat/mem_latency/ratio_ceil
03-07 12:27:31.062  1108  1148 E ANDR-PERF-OPTSHANDLER: Failed to read /sys/class/devfreq/soc:qcom,cpu4-cpu-llcc-lat/mem_latency/ratio_ceil
03-07 12:27:31.062  1108  1148 E ANDR-PERF-RESOURCEQS: Failed to apply optimization [13, 9]
03-07 12:27:31.121  5299  5899 I Athena  : MemoryGuardAction: triggerMemory:2000MB, availMemory:2315MB
03-07 12:27:31.191  6490  6579 V python  : extracting screening_after_fix2.png
03-07 12:27:31.200  6490  6579 V python  : extracting screening_blank_now.png
03-07 12:27:31.203  6490  6579 V python  : extracting screening_controls_compact.png
03-07 12:27:31.210  6490  6579 V python  : extracting screening_controls_outline_small.png
03-07 12:27:31.864  4122  4122 E ANR_LOG : >>> msg's executing time is too long
03-07 12:27:31.864  4122  4122 E ANR_LOG : Blocked msg = { when=-1s540ms what=113 target=android.app.ActivityThread$H obj=ReceiverData{intent=Intent { act=action_batch_upload flg=0x80010 pkg=com.instagram.barcelona cmp=com.instagram.barcelona/com.instagram.analytics.uploadscheduler.AnalyticsUploadAlarmReceiver } packageName=com.instagram.barcelona resultCode=0 resultData=null resultExtras=null} } , cost  = 1540 ms
03-07 12:27:31.864  4122  4122 E ANR_LOG : >>>Current msg List is:
03-07 12:27:31.864  4122  4122 E ANR_LOG : Current msg <1> = { when=-973ms what=0 target=android.os.Handler callback=X.050 }
03-07 12:27:31.864  4122  4122 E ANR_LOG : Current msg <2> = { when=+1s871ms what=0 target=android.os.Handler callback=X.5cv }
03-07 12:27:31.864  4122  4122 E ANR_LOG : Current msg <3> = { when=+4m52s686ms what=0 target=android.os.Handler callback=X.3si }
03-07 12:27:31.864  4122  4122 E ANR_LOG : Current msg <4> = { when=+4m52s722ms what=0 target=android.os.Handler callback=X.3si }
03-07 12:27:31.864  4122  4122 E ANR_LOG : Current msg <5> = { when=+9m53s518ms what=0 target=android.os.Handler callback=X.1zl }
03-07 12:27:31.864  4122  4122 E ANR_LOG : >>>CURRENT MSG DUMP OVER<<<
03-07 12:27:31.886  1823  1823 W Looper  : Drained
03-07 12:27:31.886  1134  2524 D AudioPolicyService: updateUidStates_l() allowCapture=true because of on TOP AND uses VOICE_RECOGNITION OR uses HOTWORD
03-07 12:27:31.887  1134  2524 D AudioPolicyService: updateUidStates_l() current->uid=10070 current->pid=17223 allowCapture=1 UidState=5 apmStat=1
03-07 12:27:31.888  1823  2537 W ActivityManager: Unable to start service Intent { cmp=com.google.android.googlequicksearchbox/com.google.android.apps.gsa.tasks.BackgroundTasksJobService (has extras) } U=0: not found
03-07 12:27:31.888  1823  2537 D JobScheduler: Error executing JobStatus{bc75a89 #u0a70/-484 com.google.android.googlequicksearchbox/com.google.android.apps.gsa.tasks.BackgroundTasksJobService u=0 s=10070 TIME=-3d7h50m36s835ms:-3d7h50m36s835ms NET CHARGING PERIODIC PERSISTED READY}
03-07 12:27:31.890  1823  2537 W ActivityManager: Unable to start service Intent { cmp=com.google.android.googlequicksearchbox/com.google.android.apps.gsa.tasks.BackgroundTasksJobService (has extras) } U=0: not found
03-07 12:27:31.890  1823  2537 D JobScheduler: Error executing JobStatus{bbef7f9 #u0a70/-202 com.google.android.googlequicksearchbox/com.google.android.apps.gsa.tasks.BackgroundTasksJobService u=0 s=10070 TIME=-3d7h50m36s835ms:-3d7h50m36s835ms NET CHARGING PERIODIC PERSISTED READY}
03-07 12:27:31.891  1823  2537 W ActivityManager: Unable to start service Intent { cmp=com.google.android.googlequicksearchbox/com.google.android.apps.gsa.tasks.BackgroundTasksJobService (has extras) } U=0: not found
03-07 12:27:31.891  1823  2537 D JobScheduler: Error executing JobStatus{8f2d1c1 #u0a70/-362 com.google.android.googlequicksearchbox/com.google.android.apps.gsa.tasks.BackgroundTasksJobService u=0 s=10070 TIME=-3d7h50m36s838ms:-3d7h50m36s838ms PERIODIC PERSISTED READY}
03-07 12:27:31.893  1823  2537 W ActivityManager: Unable to start service Intent { cmp=com.google.android.googlequicksearchbox/com.google.android.apps.gsa.tasks.BackgroundTasksJobService (has extras) } U=0: not found
03-07 12:27:31.893  6490  6579 V python  : extracting screening_controls_outline_small_v2.png
03-07 12:27:31.893  1823  2537 D JobScheduler: Error executing JobStatus{8bedc16 #u0a70/-148 com.google.android.googlequicksearchbox/com.google.android.apps.gsa.tasks.BackgroundTasksJobService u=0 s=10070 TIME=-3d7h50m36s838ms:-3d7h50m36s838ms NET PERIODIC PERSISTED READY}
03-07 12:27:31.895  1823  2537 W ActivityManager: Unable to start service Intent { cmp=com.google.android.googlequicksearchbox/com.google.android.apps.gsa.tasks.BackgroundTasksJobService (has extras) } U=0: not found
03-07 12:27:31.895  1823  2537 D JobScheduler: Error executing JobStatus{7b956ec #u0a70/-324 com.google.android.googlequicksearchbox/com.google.android.apps.gsa.tasks.BackgroundTasksJobService u=0 s=10070 TIME=-3d7h50m36s840ms:-3d7h50m36s840ms CHARGING PERIODIC PERSISTED READY}
03-07 12:27:31.928  3528  6370 I Finsky:background: [54995] Wrote row to frosting DB: 510799
03-07 12:27:31.972  6490  6579 V python  : extracting screening_debug.png
03-07 12:27:31.976  6490  6579 V python  : extracting screening_gap_tight_price_color.png
03-07 12:27:32.043  1823  3470 V AlarmManager: set(PendingIntent{ecf8211: PendingIntentRecord{965b0cc com.google.android.gms/com.google.android.gms.scheduler broadcastIntent}}) : type=3 when=287468003whenElapsed287468003maxWhen =287468003 win=0 interval=0 flags=0x0 pkg = com.google.android.gms
03-07 12:27:32.045 23306 23336 E Parcel  : Reading a NULL string not supported here.
03-07 12:27:32.047  6490  6579 V python  : extracting screening_header_gesture_manual.png
03-07 12:27:32.070 21100 21917 E Parcel  : Reading a NULL string not supported here.
03-07 12:27:32.073 21100 21111 E Parcel  : Reading a NULL string not supported here.
03-07 12:27:32.074 23306  4948 I Icing   : IndexChimeraService.getServiceInterface callingPackage=com.google.android.gms componentName=null serviceId=30
03-07 12:27:32.076 21100 21111 E Parcel  : Reading a NULL string not supported here.
03-07 12:27:32.076 10065 10102 I Finsky  : [53162] [ContentSync] finished, scheduled=true
03-07 12:27:32.077 10065 10108 I Finsky  : [53165] SCH: Scheduling phonesky job Id: 12-1, CT: 1772861247910, Constraints: [{ L: 15000, D: 86400000, C: CHARGING_NONE, I: IDLE_NONE, N: NET_ANY, B: BATTERY_ANY }]
03-07 12:27:32.086  6490  6579 V python  : extracting screening_header_swipe_build.png
03-07 12:27:32.090  6490  6579 V python  : extracting screening_post_fix_blank.png
03-07 12:27:32.153  6490  6579 V python  : extracting screening_post_fix_blank_screeningtab.png
03-07 12:27:32.156  6490  6579 V python  : extracting screening_sticky_android.png
03-07 12:27:32.158  6490  6579 V python  : extracting scripts/
03-07 12:27:32.158  6490  6579 V python  : extracting scripts/cleanup_project.pyc
03-07 12:27:32.159  6490  6579 V python  : extracting sitecustomize.pyc
03-07 12:27:32.159  6490  6579 V python  : extracting p4a_env_vars.txt
03-07 12:27:32.162  6490  6579 V pythonutil: Unpacking /data/app/~~7p0b0Y4MiUNjlIZ0OHhL6g==/com.jurnalsaham.jurnalsahamihsg-hnPff5yVuDTM31dJQNC1tA==/lib/arm64/libpybundle app
03-07 12:27:32.162  6490  6579 V pythonutil: Data version is 2a30279024cac8c7615f31aa73492139503f2652
03-07 12:27:32.162  6490  6579 V pythonutil: Extracting /data/app/~~7p0b0Y4MiUNjlIZ0OHhL6g==/com.jurnalsaham.jurnalsahamihsg-hnPff5yVuDTM31dJQNC1tA==/lib/arm64/libpybundle assets.
03-07 12:27:32.163  6490  6579 V python  : extracting _python_bundle/
03-07 12:27:32.163  6490  6579 V python  : extracting _python_bundle/modules/
03-07 12:27:32.163  6490  6579 V python  : extracting _python_bundle/modules/_asyncio.cpython-311.so
03-07 12:27:32.165  6490  6579 V python  : extracting _python_bundle/modules/_bisect.cpython-311.so
03-07 12:27:32.165  6490  6579 V python  : extracting _python_bundle/modules/_blake2.cpython-311.so
03-07 12:27:32.167  6490  6579 V python  : extracting _python_bundle/modules/_codecs_cn.cpython-311.so
03-07 12:27:32.170  6490  6579 V python  : extracting _python_bundle/modules/_codecs_hk.cpython-311.so
03-07 12:27:32.173  6490  6579 V python  : extracting _python_bundle/modules/_codecs_iso2022.cpython-311.so
03-07 12:27:32.174  6490  6579 V python  : extracting _python_bundle/modules/_codecs_jp.cpython-311.so
03-07 12:27:32.178  6490  6579 V python  : extracting _python_bundle/modules/_codecs_kr.cpython-311.so
03-07 12:27:32.181  6490  6579 V python  : extracting _python_bundle/modules/_codecs_tw.cpython-311.so
03-07 12:27:32.184  6490  6579 V python  : extracting _python_bundle/modules/_contextvars.cpython-311.so
03-07 12:27:32.185  6490  6579 V python  : extracting _python_bundle/modules/_csv.cpython-311.so
03-07 12:27:32.186  6490  6579 V python  : extracting _python_bundle/modules/_ctypes.cpython-311.so
03-07 12:27:32.188  6490  6579 V python  : extracting _python_bundle/modules/_ctypes_test.cpython-311.so
03-07 12:27:32.189  6490  6579 V python  : extracting _python_bundle/modules/_datetime.cpython-311.so
03-07 12:27:32.191  6490  6579 V python  : extracting _python_bundle/modules/_decimal.cpython-311.so
03-07 12:27:32.197  6490  6579 V python  : extracting _python_bundle/modules/_elementtree.cpython-311.so
03-07 12:27:32.198  6490  6579 V python  : extracting _python_bundle/modules/_hashlib.cpython-311.so
03-07 12:27:32.200  6490  6579 V python  : extracting _python_bundle/modules/_heapq.cpython-311.so
03-07 12:27:32.201  6490  6579 V python  : extracting _python_bundle/modules/_json.cpython-311.so
03-07 12:27:32.202  6490  6579 V python  : extracting _python_bundle/modules/_lsprof.cpython-311.so
03-07 12:27:32.202  6490  6579 V python  : extracting _python_bundle/modules/_lzma.cpython-311.so
03-07 12:27:32.203  6490  6579 V python  : extracting _python_bundle/modules/_md5.cpython-311.so
03-07 12:27:32.204  6490  6579 V python  : extracting _python_bundle/modules/_multibytecodec.cpython-311.so
03-07 12:27:32.205  6490  6579 V python  : extracting _python_bundle/modules/_multiprocessing.cpython-311.so
03-07 12:27:32.205  6490  6579 V python  : extracting _python_bundle/modules/_opcode.cpython-311.so
03-07 12:27:32.206  6490  6579 V python  : extracting _python_bundle/modules/_pickle.cpython-311.so
03-07 12:27:32.208  6490  6579 V python  : extracting _python_bundle/modules/_posixsubprocess.cpython-311.so
03-07 12:27:32.209  6490  6579 V python  : extracting _python_bundle/modules/_queue.cpython-311.so
03-07 12:27:32.209  6490  6579 V python  : extracting _python_bundle/modules/_random.cpython-311.so
03-07 12:27:32.210  6490  6579 V python  : extracting _python_bundle/modules/_sha1.cpython-311.so
03-07 12:27:32.210  6490  6579 V python  : extracting _python_bundle/modules/_sha256.cpython-311.so
03-07 12:27:32.211  6490  6579 V python  : extracting _python_bundle/modules/_sha3.cpython-311.so
03-07 12:27:32.212  6490  6579 V python  : extracting _python_bundle/modules/_sha512.cpython-311.so
03-07 12:27:32.212  6490  6579 V python  : extracting _python_bundle/modules/_socket.cpython-311.so
03-07 12:27:32.214  6490  6579 V python  : extracting _python_bundle/modules/_sqlite3.cpython-311.so
03-07 12:27:32.217  6490  6579 V python  : extracting _python_bundle/modules/_ssl.cpython-311.so
03-07 12:27:32.220  6490  6579 V python  : extracting _python_bundle/modules/_statistics.cpython-311.so
03-07 12:27:32.220  6490  6579 V python  : extracting _python_bundle/modules/_struct.cpython-311.so
03-07 12:27:32.222  6490  6579 V python  : extracting _python_bundle/modules/_sysconfigdata__linux_aarch64-linux-android.pyc
03-07 12:27:32.223  6490  6579 V python  : extracting _python_bundle/modules/_testbuffer.cpython-311.so
03-07 12:27:32.224  6490  6579 V python  : extracting _python_bundle/modules/_testcapi.cpython-311.so
03-07 12:27:32.227  6490  6579 V python  : extracting _python_bundle/modules/_testclinic.cpython-311.so
03-07 12:27:32.228  6490  6579 V python  : extracting _python_bundle/modules/_testimportmultiple.cpython-311.so
03-07 12:27:32.229  6490  6579 V python  : extracting _python_bundle/modules/_testinternalcapi.cpython-311.so
03-07 12:27:32.230  6490  6579 V python  : extracting _python_bundle/modules/_testmultiphase.cpython-311.so
03-07 12:27:32.230  6490  6579 V python  : extracting _python_bundle/modules/_typing.cpython-311.so
03-07 12:27:32.231  6490  6579 V python  : extracting _python_bundle/modules/_xxsubinterpreters.cpython-311.so
03-07 12:27:32.232  6490  6579 V python  : extracting _python_bundle/modules/_xxtestfuzz.cpython-311.so
03-07 12:27:32.233  6490  6579 V python  : extracting _python_bundle/modules/_zoneinfo.cpython-311.so
03-07 12:27:32.234  6490  6579 V python  : extracting _python_bundle/modules/array.cpython-311.so
03-07 12:27:32.235  6490  6579 V python  : extracting _python_bundle/modules/audioop.cpython-311.so
03-07 12:27:32.236  6490  6579 V python  : extracting _python_bundle/modules/binascii.cpython-311.so
03-07 12:27:32.237  6490  6579 V python  : extracting _python_bundle/modules/cmath.cpython-311.so
03-07 12:27:32.238  6490  6579 V python  : extracting _python_bundle/modules/fcntl.cpython-311.so
03-07 12:27:32.239  6490  6579 V python  : extracting _python_bundle/modules/math.cpython-311.so
03-07 12:27:32.240  6490  6579 V python  : extracting _python_bundle/modules/mmap.cpython-311.so
03-07 12:27:32.241  6490  6579 V python  : extracting _python_bundle/modules/ossaudiodev.cpython-311.so
03-07 12:27:32.242  6490  6579 V python  : extracting _python_bundle/modules/pyexpat.cpython-311.so
03-07 12:27:32.246  6490  6579 V python  : extracting _python_bundle/modules/resource.cpython-311.so
03-07 12:27:32.246  6490  6579 V python  : extracting _python_bundle/modules/select.cpython-311.so
03-07 12:27:32.247  6490  6579 V python  : extracting _python_bundle/modules/syslog.cpython-311.so
03-07 12:27:32.248  6490  6579 V python  : extracting _python_bundle/modules/termios.cpython-311.so
03-07 12:27:32.248  6490  6579 V python  : extracting _python_bundle/modules/unicodedata.cpython-311.so
03-07 12:27:32.267  6490  6579 V python  : extracting _python_bundle/modules/xxlimited.cpython-311.so
03-07 12:27:32.268  6490  6579 V python  : extracting _python_bundle/modules/xxlimited_35.cpython-311.so
03-07 12:27:32.268  6490  6579 V python  : extracting _python_bundle/modules/zlib.cpython-311.so
03-07 12:27:32.270  6490  6579 V python  : extracting _python_bundle/site-packages/
03-07 12:27:32.270  6490  6579 V python  : extracting _python_bundle/site-packages/0deeb2fec52624e647be__mypyc.so
03-07 12:27:32.276  6490  6579 V python  : extracting _python_bundle/site-packages/Kivy-2.3.0-py3.11.egg-info/
03-07 12:27:32.277  6490  6579 V python  : extracting _python_bundle/site-packages/Kivy-2.3.0-py3.11.egg-info/PKG-INFO
03-07 12:27:32.277  6490  6579 V python  : extracting _python_bundle/site-packages/Kivy-2.3.0-py3.11.egg-info/SOURCES.txt
03-07 12:27:32.278  6490  6579 V python  : extracting _python_bundle/site-packages/Kivy-2.3.0-py3.11.egg-info/dependency_links.txt
03-07 12:27:32.279  6490  6579 V python  : extracting _python_bundle/site-packages/Kivy-2.3.0-py3.11.egg-info/requires.txt
03-07 12:27:32.279  6490  6579 V python  : extracting _python_bundle/site-packages/Kivy-2.3.0-py3.11.egg-info/top_level.txt
03-07 12:27:32.279  6490  6579 V python  : extracting _python_bundle/site-packages/_distutils_hack/
03-07 12:27:32.280  6490  6579 V python  : extracting _python_bundle/site-packages/_distutils_hack/__init__.pyc
03-07 12:27:32.280  6490  6579 V python  : extracting _python_bundle/site-packages/_distutils_hack/override.pyc
03-07 12:27:32.281  6490  6579 V python  : extracting _python_bundle/site-packages/android-1.0-py3.11.egg-info/
03-07 12:27:32.281  6490  6579 V python  : extracting _python_bundle/site-packages/android-1.0-py3.11.egg-info/PKG-INFO
03-07 12:27:32.281  6490  6579 V python  : extracting _python_bundle/site-packages/android-1.0-py3.11.egg-info/SOURCES.txt
03-07 12:27:32.282  6490  6579 V python  : extracting _python_bundle/site-packages/android-1.0-py3.11.egg-info/dependency_links.txt
03-07 12:27:32.282  6490  6579 V python  : extracting _python_bundle/site-packages/android-1.0-py3.11.egg-info/top_level.txt
03-07 12:27:32.283  6490  6579 V python  : extracting _python_bundle/site-packages/android/
03-07 12:27:32.283  6490  6579 V python  : extracting _python_bundle/site-packages/android/__init__.pyc
03-07 12:27:32.283  6490  6579 V python  : extracting _python_bundle/site-packages/android/_android.so
03-07 12:27:32.285  6490  6579 V python  : extracting _python_bundle/site-packages/android/_android_billing.so
03-07 12:27:32.287  6490  6579 V python  : extracting _python_bundle/site-packages/android/_ctypes_library_finder.pyc
03-07 12:27:32.288  6490  6579 V python  : extracting _python_bundle/site-packages/android/activity.pyc
03-07 12:27:32.288  6490  6579 V python  : extracting _python_bundle/site-packages/android/billing.pyc
03-07 12:27:32.288  6490  6579 V python  : extracting _python_bundle/site-packages/android/broadcast.pyc
03-07 12:27:32.289  6490  6579 V python  : extracting _python_bundle/site-packages/android/config.pyc
03-07 12:27:32.289  6490  6579 V python  : extracting _python_bundle/site-packages/android/loadingscreen.pyc
03-07 12:27:32.289  6490  6579 V python  : extracting _python_bundle/site-packages/android/mixer.pyc
03-07 12:27:32.290  6490  6579 V python  : extracting _python_bundle/site-packages/android/permissions.pyc
03-07 12:27:32.290  6490  6579 V python  : extracting _python_bundle/site-packages/android/runnable.pyc
03-07 12:27:32.291  6490  6579 V python  : extracting _python_bundle/site-packages/android/storage.pyc
03-07 12:27:32.291  6490  6579 V python  : extracting _python_bundle/site-packages/bin/
03-07 12:27:32.292  6490  6579 V python  : extracting _python_bundle/site-packages/bin/chardetect
03-07 12:27:32.292  6490  6579 V python  : extracting _python_bundle/site-packages/certifi-2026.2.25.dist-info/
03-07 12:27:32.292  6490  6579 V python  : extracting _python_bundle/site-packages/certifi-2026.2.25.dist-info/INSTALLER
03-07 12:27:32.293  6490  6579 V python  : extracting _python_bundle/site-packages/certifi-2026.2.25.dist-info/METADATA
03-07 12:27:32.293  6490  6579 V python  : extracting _python_bundle/site-packages/certifi-2026.2.25.dist-info/RECORD
03-07 12:27:32.294  6490  6579 V python  : extracting _python_bundle/site-packages/certifi-2026.2.25.dist-info/REQUESTED
03-07 12:27:32.294  6490  6579 V python  : extracting _python_bundle/site-packages/certifi-2026.2.25.dist-info/WHEEL
03-07 12:27:32.294  6490  6579 V python  : extracting _python_bundle/site-packages/certifi-2026.2.25.dist-info/licenses/
03-07 12:27:32.294  6490  6579 V python  : extracting _python_bundle/site-packages/certifi-2026.2.25.dist-info/licenses/LICENSE
03-07 12:27:32.295  6490  6579 V python  : extracting _python_bundle/site-packages/certifi-2026.2.25.dist-info/top_level.txt
03-07 12:27:32.295  6490  6579 V python  : extracting _python_bundle/site-packages/certifi/
03-07 12:27:32.295  6490  6579 V python  : extracting _python_bundle/site-packages/certifi/__init__.pyc
03-07 12:27:32.296  6490  6579 V python  : extracting _python_bundle/site-packages/certifi/__main__.pyc
03-07 12:27:32.296  6490  6579 V python  : extracting _python_bundle/site-packages/certifi/cacert.pem
03-07 12:27:32.302  6490  6579 V python  : extracting _python_bundle/site-packages/certifi/core.pyc
03-07 12:27:32.303  6490  6579 V python  : extracting _python_bundle/site-packages/certifi/py.typed
03-07 12:27:32.303  6490  6579 V python  : extracting _python_bundle/site-packages/chardet-7.0.1.dist-info/
03-07 12:27:32.304  6490  6579 V python  : extracting _python_bundle/site-packages/chardet-7.0.1.dist-info/INSTALLER
03-07 12:27:32.304  6490  6579 V python  : extracting _python_bundle/site-packages/chardet-7.0.1.dist-info/METADATA
03-07 12:27:32.304  6490  6579 V python  : extracting _python_bundle/site-packages/chardet-7.0.1.dist-info/RECORD
03-07 12:27:32.305  6490  6579 V python  : extracting _python_bundle/site-packages/chardet-7.0.1.dist-info/REQUESTED
03-07 12:27:32.305  6490  6579 V python  : extracting _python_bundle/site-packages/chardet-7.0.1.dist-info/WHEEL
03-07 12:27:32.305  6490  6579 V python  : extracting _python_bundle/site-packages/chardet-7.0.1.dist-info/entry_points.txt
03-07 12:27:32.306  6490  6579 V python  : extracting _python_bundle/site-packages/chardet-7.0.1.dist-info/licenses/
03-07 12:27:32.306  6490  6579 V python  : extracting _python_bundle/site-packages/chardet-7.0.1.dist-info/licenses/LICENSE
03-07 12:27:32.306  6490  6579 V python  : extracting _python_bundle/site-packages/chardet/
03-07 12:27:32.306  6490  6579 V python  : extracting _python_bundle/site-packages/chardet/__init__.pyc
03-07 12:27:32.307  6490  6579 V python  : extracting _python_bundle/site-packages/chardet/__main__.pyc
03-07 12:27:32.307  6490  6579 V python  : extracting _python_bundle/site-packages/chardet/_utils.pyc
03-07 12:27:32.307  6490  6579 V python  : extracting _python_bundle/site-packages/chardet/_version.pyc
03-07 12:27:32.308  6490  6579 V python  : extracting _python_bundle/site-packages/chardet/cli.pyc
03-07 12:27:32.308  6490  6579 V python  : extracting _python_bundle/site-packages/chardet/detector.pyc
03-07 12:27:32.308  6490  6579 V python  : extracting _python_bundle/site-packages/chardet/enums.pyc
03-07 12:27:32.309  6490  6579 V python  : extracting _python_bundle/site-packages/chardet/equivalences.pyc
03-07 12:27:32.309  6490  6579 V python  : extracting _python_bundle/site-packages/chardet/models/
03-07 12:27:32.309  6490  6579 V python  : extracting _python_bundle/site-packages/chardet/models/__init__.pyc
03-07 12:27:32.310  6490  6579 V python  : extracting _python_bundle/site-packages/chardet/models/__init__.so
03-07 12:27:32.310  6490  6579 V python  : extracting _python_bundle/site-packages/chardet/models/confusion.bin
03-07 12:27:32.311  6490  6579 V python  : extracting _python_bundle/site-packages/chardet/models/models.bin
03-07 12:27:32.325  6490  6579 V python  : extracting _python_bundle/site-packages/chardet/models/training_metadata.yaml
03-07 12:27:32.326  6490  6579 V python  : extracting _python_bundle/site-packages/chardet/pipeline/
03-07 12:27:32.326  6490  6579 V python  : extracting _python_bundle/site-packages/chardet/pipeline/__init__.pyc
03-07 12:27:32.327  6490  6579 V python  : extracting _python_bundle/site-packages/chardet/pipeline/ascii.pyc
03-07 12:27:32.327  6490  6579 V python  : extracting _python_bundle/site-packages/chardet/pipeline/binary.pyc
03-07 12:27:32.327  6490  6579 V python  : extracting _python_bundle/site-packages/chardet/pipeline/bom.pyc
03-07 12:27:32.328  6490  6579 V python  : extracting _python_bundle/site-packages/chardet/pipeline/confusion.pyc
03-07 12:27:32.328  6490  6579 V python  : extracting _python_bundle/site-packages/chardet/pipeline/escape.pyc
03-07 12:27:32.329  6490  6579 V python  : extracting _python_bundle/site-packages/chardet/pipeline/escape.so
03-07 12:27:32.329  6490  6579 V python  : extracting _python_bundle/site-packages/chardet/pipeline/markup.pyc
03-07 12:27:32.329  6490  6579 V python  : extracting _python_bundle/site-packages/chardet/pipeline/orchestrator.pyc
03-07 12:27:32.330  6490  6579 V python  : extracting _python_bundle/site-packages/chardet/pipeline/statistical.pyc
03-07 12:27:32.330  6490  6579 V python  : extracting _python_bundle/site-packages/chardet/pipeline/statistical.so
03-07 12:27:32.330  6490  6579 V python  : extracting _python_bundle/site-packages/chardet/pipeline/structural.pyc
03-07 12:27:32.331  6490  6579 V python  : extracting _python_bundle/site-packages/chardet/pipeline/structural.so
03-07 12:27:32.331  6490  6579 V python  : extracting _python_bundle/site-packages/chardet/pipeline/utf1632.pyc
03-07 12:27:32.332  6490  6579 V python  : extracting _python_bundle/site-packages/chardet/pipeline/utf1632.so
03-07 12:27:32.332  6490  6579 V python  : extracting _python_bundle/site-packages/chardet/pipeline/utf8.pyc
03-07 12:27:32.333  6490  6579 V python  : extracting _python_bundle/site-packages/chardet/pipeline/utf8.so
03-07 12:27:32.333  6490  6579 V python  : extracting _python_bundle/site-packages/chardet/pipeline/validity.pyc
03-07 12:27:32.333  6490  6579 V python  : extracting _python_bundle/site-packages/chardet/pipeline/validity.so
03-07 12:27:32.334  6490  6579 V python  : extracting _python_bundle/site-packages/chardet/py.typed
03-07 12:27:32.334  6490  6579 V python  : extracting _python_bundle/site-packages/chardet/registry.pyc
03-07 12:27:32.334  6490  6579 V python  : extracting _python_bundle/site-packages/distutils-precedence.pth
03-07 12:27:32.335  6490  6579 V python  : extracting _python_bundle/site-packages/easy_install.pyc
03-07 12:27:32.335  6490  6579 V python  : extracting _python_bundle/site-packages/idna-3.11.dist-info/
03-07 12:27:32.335  6490  6579 V python  : extracting _python_bundle/site-packages/idna-3.11.dist-info/INSTALLER
03-07 12:27:32.336  6490  6579 V python  : extracting _python_bundle/site-packages/idna-3.11.dist-info/METADATA
03-07 12:27:32.337  6490  6579 V python  : extracting _python_bundle/site-packages/idna-3.11.dist-info/RECORD
03-07 12:27:32.337  6490  6579 V python  : extracting _python_bundle/site-packages/idna-3.11.dist-info/REQUESTED
03-07 12:27:32.338  6490  6579 V python  : extracting _python_bundle/site-packages/idna-3.11.dist-info/WHEEL
03-07 12:27:32.338  6490  6579 V python  : extracting _python_bundle/site-packages/idna-3.11.dist-info/licenses/
03-07 12:27:32.338  6490  6579 V python  : extracting _python_bundle/site-packages/idna-3.11.dist-info/licenses/LICENSE.md
03-07 12:27:32.339  6490  6579 V python  : extracting _python_bundle/site-packages/idna/
03-07 12:27:32.339  6490  6579 V python  : extracting _python_bundle/site-packages/idna/__init__.pyc
03-07 12:27:32.339  6490  6579 V python  : extracting _python_bundle/site-packages/idna/codec.pyc
03-07 12:27:32.340  6490  6579 V python  : extracting _python_bundle/site-packages/idna/compat.pyc
03-07 12:27:32.340  6490  6579 V python  : extracting _python_bundle/site-packages/idna/core.pyc
03-07 12:27:32.341  6490  6579 V python  : extracting _python_bundle/site-packages/idna/idnadata.pyc
03-07 12:27:32.343  6490  6579 V python  : extracting _python_bundle/site-packages/idna/intranges.pyc
03-07 12:27:32.344  6490  6579 V python  : extracting _python_bundle/site-packages/idna/package_data.pyc
03-07 12:27:32.344  6490  6579 V python  : extracting _python_bundle/site-packages/idna/py.typed
03-07 12:27:32.344  6490  6579 V python  : extracting _python_bundle/site-packages/idna/uts46data.pyc
03-07 12:27:32.347  6490  6579 V python  : extracting _python_bundle/site-packages/jnius/
03-07 12:27:32.347  6490  6579 V python  : extracting _python_bundle/site-packages/jnius/__init__.pyc
03-07 12:27:32.348  6490  6579 V python  : extracting _python_bundle/site-packages/jnius/env.pyc
03-07 12:27:32.350  6490  6579 V python  : extracting _python_bundle/site-packages/jnius/jnius.so
03-07 12:27:32.358  6490  6579 V python  : extracting _python_bundle/site-packages/jnius/reflect.pyc
03-07 12:27:32.359  6490  6579 V python  : extracting _python_bundle/site-packages/jnius/signatures.pyc
03-07 12:27:32.360  6490  6579 V python  : extracting _python_bundle/site-packages/jnius/src/org/
03-07 12:27:32.360  6490  6579 V python  : extracting _python_bundle/site-packages/jnius/src/org/jnius/
03-07 12:27:32.360  6490  6579 V python  : extracting _python_bundle/site-packages/jnius/src/org/jnius/NativeInvocationHandler.class
03-07 12:27:32.361  6490  6579 V python  : extracting _python_bundle/site-packages/jnius/src/org/jnius/NativeInvocationHandler.java
03-07 12:27:32.361  6490  6579 V python  : extracting _python_bundle/site-packages/jnius_config.pyc
03-07 12:27:32.362  6490  6579 V python  : extracting _python_bundle/site-packages/kivy/
03-07 12:27:32.362  6490  6579 V python  : extracting _python_bundle/site-packages/kivy/__init__.pyc
03-07 12:27:32.363  6490  6579 V python  : extracting _python_bundle/site-packages/kivy/_clock.so
03-07 12:27:32.367  6490  6579 V python  : extracting _python_bundle/site-packages/kivy/_event.so
03-07 12:27:32.371  6490  6579 V python  : extracting _python_bundle/site-packages/kivy/_metrics.so
03-07 12:27:32.372  6490  6579 V python  : extracting _python_bundle/site-packages/kivy/_version.pyc
03-07 12:27:32.373  6490  6579 V python  : extracting _python_bundle/site-packages/kivy/animation.pyc
03-07 12:27:32.374  6490  6579 V python  : extracting _python_bundle/site-packages/kivy/app.pyc
03-07 12:27:32.374  6490  6579 V python  : extracting _python_bundle/site-packages/kivy/atlas.pyc
03-07 12:27:32.375  6490  6579 V python  : extracting _python_bundle/site-packages/kivy/base.pyc
03-07 12:27:32.375  6490  6579 V python  : extracting _python_bundle/site-packages/kivy/cache.pyc
03-07 12:27:32.376  6490  6579 V python  : extracting _python_bundle/site-packages/kivy/clock.pyc
03-07 12:27:32.377  6490  6579 V python  : extracting _python_bundle/site-packages/kivy/compat.pyc
03-07 12:27:32.377  6490  6579 V python  : extracting _python_bundle/site-packages/kivy/config.pyc
03-07 12:27:32.378  6490  6579 V python  : extracting _python_bundle/site-packages/kivy/context.pyc
03-07 12:27:32.378  6490  6579 V python  : extracting _python_bundle/site-packages/kivy/core/
03-07 12:27:32.379  6490  6579 V python  : extracting _python_bundle/site-packages/kivy/core/__init__.pyc
03-07 12:27:32.379  6490  6579 V python  : extracting _python_bundle/site-packages/kivy/core/audio/
03-07 12:27:32.380  6490  6579 V python  : extracting _python_bundle/site-packages/kivy/core/audio/__init__.pyc
03-07 12:27:32.380  6490  6579 V python  : extracting _python_bundle/site-packages/kivy/core/audio/audio_android.pyc
03-07 12:27:32.380  6490  6579 V python  : extracting _python_bundle/site-packages/kivy/core/audio/audio_avplayer.pyc
03-07 12:27:32.381  6490  6579 V python  : extracting _python_bundle/site-packages/kivy/core/audio/audio_ffpyplayer.pyc
03-07 12:27:32.381  6490  6579 V python  : extracting _python_bundle/site-packages/kivy/core/audio/audio_gstplayer.pyc
03-07 12:27:32.382  6490  6579 V python  : extracting _python_bundle/site-packages/kivy/core/audio/audio_pygame.pyc
03-07 12:27:32.382  6490  6579 V python  : extracting _python_bundle/site-packages/kivy/core/audio/audio_sdl2.so
03-07 12:27:32.384  6490  6579 V python  : extracting _python_bundle/site-packages/kivy/core/camera/
03-07 12:27:32.385  6490  6579 V python  : extracting _python_bundle/site-packages/kivy/core/camera/__init__.pyc
03-07 12:27:32.385  6490  6579 V python  : extracting _python_bundle/site-packages/kivy/core/camera/camera_android.pyc
03-07 12:27:32.386  6490  6579 V python  : extracting _python_bundle/site-packages/kivy/core/camera/camera_gi.pyc
03-07 12:27:32.386  6490  6579 V python  : extracting _python_bundle/site-packages/kivy/core/camera/camera_opencv.pyc
03-07 12:27:32.387  6490  6579 V python  : extracting _python_bundle/site-packages/kivy/core/camera/camera_picamera.pyc
03-07 12:27:32.387  6490  6579 V python  : extracting _python_bundle/site-packages/kivy/core/clipboard/
03-07 12:27:32.387  6490  6579 V python  : extracting _python_bundle/site-packages/kivy/core/clipboard/__init__.pyc
03-07 12:27:32.388  6490  6579 V python  : extracting _python_bundle/site-packages/kivy/core/clipboard/_clipboard_ext.pyc
03-07 12:27:32.388  6490  6579 V python  : extracting _python_bundle/site-packages/kivy/core/clipboard/_clipboard_sdl2.so
03-07 12:27:32.388  6490  6579 V python  : extracting _python_bundle/site-packages/kivy/core/clipboard/clipboard_android.pyc
03-07 12:27:32.389  6490  6579 V python  : extracting _python_bundle/site-packages/kivy/core/clipboard/clipboard_dbusklipper.pyc
03-07 12:27:32.389  6490  6579 V python  : extracting _python_bundle/site-packages/kivy/core/clipboard/clipboard_dummy.pyc
03-07 12:27:32.389  6490  6579 V python  : extracting _python_bundle/site-packages/kivy/core/clipboard/clipboard_gtk3.pyc
03-07 12:27:32.390  6490  6579 V python  : extracting _python_bundle/site-packages/kivy/core/clipboard/clipboard_nspaste.pyc
03-07 12:27:32.390  6490  6579 V python  : extracting _python_bundle/site-packages/kivy/core/clipboard/clipboard_pygame.pyc
03-07 12:27:32.390  6490  6579 V python  : extracting _python_bundle/site-packages/kivy/core/clipboard/clipboard_sdl2.pyc
03-07 12:27:32.391  6490  6579 V python  : extracting _python_bundle/site-packages/kivy/core/clipboard/clipboard_winctypes.pyc
03-07 12:27:32.391  6490  6579 V python  : extracting _python_bundle/site-packages/kivy/core/clipboard/clipboard_xclip.pyc
03-07 12:27:32.391  6490  6579 V python  : extracting _python_bundle/site-packages/kivy/core/clipboard/clipboard_xsel.pyc
03-07 12:27:32.392  6490  6579 V python  : extracting _python_bundle/site-packages/kivy/core/gl/
03-07 12:27:32.392  6490  6579 V python  : extracting _python_bundle/site-packages/kivy/core/gl/__init__.pyc
03-07 12:27:32.393  6490  6579 V python  : extracting _python_bundle/site-packages/kivy/core/image/
03-07 12:27:32.393  6490  6579 V python  : extracting _python_bundle/site-packages/kivy/core/image/__init__.pyc
03-07 12:27:32.394  6490  6579 V python  : extracting _python_bundle/site-packages/kivy/core/image/_img_sdl2.so
03-07 12:27:32.395  6490  6579 V python  : extracting _python_bundle/site-packages/kivy/core/image/img_dds.pyc
03-07 12:27:32.396  6490  6579 V python  : extracting _python_bundle/site-packages/kivy/core/image/img_ffpyplayer.pyc
03-07 12:27:32.396  6490  6579 V python  : extracting _python_bundle/site-packages/kivy/core/image/img_pil.pyc
03-07 12:27:32.397  6490  6579 V python  : extracting _python_bundle/site-packages/kivy/core/image/img_pygame.pyc
03-07 12:27:32.397  6490  6579 V python  : extracting _python_bundle/site-packages/kivy/core/image/img_sdl2.pyc
03-07 12:27:32.397  6490  6579 V python  : extracting _python_bundle/site-packages/kivy/core/image/img_tex.pyc
03-07 12:27:32.398  6490  6579 V python  : extracting _python_bundle/site-packages/kivy/core/spelling/
03-07 12:27:32.398  6490  6579 V python  : extracting _python_bundle/site-packages/kivy/core/spelling/__init__.pyc
03-07 12:27:32.398  6490  6579 V python  : extracting _python_bundle/site-packages/kivy/core/spelling/spelling_enchant.pyc
03-07 12:27:32.399  6490  6579 V python  : extracting _python_bundle/site-packages/kivy/core/text/
03-07 12:27:32.399  6490  6579 V python  : extracting _python_bundle/site-packages/kivy/core/text/__init__.pyc
03-07 12:27:32.400  6490  6579 V python  : extracting _python_bundle/site-packages/kivy/core/text/_text_sdl2.so
03-07 12:27:32.401  6490  6579 V python  : extracting _python_bundle/site-packages/kivy/core/text/markup.pyc
03-07 12:27:32.402  6490  6579 V python  : extracting _python_bundle/site-packages/kivy/core/text/text_layout.so
03-07 12:27:32.405  6490  6579 V python  : extracting _python_bundle/site-packages/kivy/core/text/text_pango.pyc
03-07 12:27:32.406  6490  6579 V python  : extracting _python_bundle/site-packages/kivy/core/text/text_pil.pyc
03-07 12:27:32.406  6490  6579 V python  : extracting _python_bundle/site-packages/kivy/core/text/text_pygame.pyc
03-07 12:27:32.407  6490  6579 V python  : extracting _python_bundle/site-packages/kivy/core/text/text_sdl2.pyc
03-07 12:27:32.407  6490  6579 V python  : extracting _python_bundle/site-packages/kivy/core/video/
03-07 12:27:32.408  6490  6579 V python  : extracting _python_bundle/site-packages/kivy/core/video/__init__.pyc
03-07 12:27:32.408  6490  6579 V python  : extracting _python_bundle/site-packages/kivy/core/video/video_ffmpeg.pyc
03-07 12:27:32.408  6490  6579 V python  : extracting _python_bundle/site-packages/kivy/core/video/video_ffpyplayer.pyc
03-07 12:27:32.409  6490  6579 V python  : extracting _python_bundle/site-packages/kivy/core/video/video_gstplayer.pyc
03-07 12:27:32.409  6490  6579 V python  : extracting _python_bundle/site-packages/kivy/core/video/video_null.pyc
03-07 12:27:32.409  6490  6579 V python  : extracting _python_bundle/site-packages/kivy/core/window/
03-07 12:27:32.410  6490  6579 V python  : extracting _python_bundle/site-packages/kivy/core/window/__init__.pyc
03-07 12:27:32.411  6490  6579 V python  : extracting _python_bundle/site-packages/kivy/core/window/_window_sdl2.so
03-07 12:27:32.414  6490  6579 V python  : extracting _python_bundle/site-packages/kivy/core/window/window_egl_rpi.pyc
03-07 12:27:32.414  6490  6579 V python  : extracting _python_bundle/site-packages/kivy/core/window/window_info.so
03-07 12:27:32.415  6490  6579 V python  : extracting _python_bundle/site-packages/kivy/core/window/window_pygame.pyc
03-07 12:27:32.416  6490  6579 V python  : extracting _python_bundle/site-packages/kivy/core/window/window_sdl2.pyc
03-07 12:27:32.417  6490  6579 V python  : extracting _python_bundle/site-packages/kivy/data/
03-07 12:27:32.418  6490  6579 V python  : extracting _python_bundle/site-packages/kivy/data/fonts/
03-07 12:27:32.418  6490  6579 V python  : extracting _python_bundle/site-packages/kivy/data/fonts/DejaVuSans.ttf
03-07 12:27:32.433  6490  6579 V python  : extracting _python_bundle/site-packages/kivy/data/fonts/Roboto-Bold.ttf
03-07 12:27:32.437  6490  6579 V python  : extracting _python_bundle/site-packages/kivy/data/fonts/Roboto-BoldItalic.ttf
03-07 12:27:32.441  6490  6579 V python  : extracting _python_bundle/site-packages/kivy/data/fonts/Roboto-Italic.ttf
03-07 12:27:32.445  6490  6579 V python  : extracting _python_bundle/site-packages/kivy/data/fonts/Roboto-Regular.ttf
03-07 12:27:32.449  6490  6579 V python  : extracting _python_bundle/site-packages/kivy/data/fonts/RobotoMono-Regular.ttf
03-07 12:27:32.453  6490  6579 V python  : extracting _python_bundle/site-packages/kivy/data/glsl/
03-07 12:27:32.453  6490  6579 V python  : extracting _python_bundle/site-packages/kivy/data/glsl/default.fs
03-07 12:27:32.453  6490  6579 V python  : extracting _python_bundle/site-packages/kivy/data/glsl/default.png
03-07 12:27:32.454  6490  6579 V python  : extracting _python_bundle/site-packages/kivy/data/glsl/default.vs
03-07 12:27:32.454  6490  6579 V python  : extracting _python_bundle/site-packages/kivy/data/glsl/header.fs
03-07 12:27:32.454  6490  6579 V python  : extracting _python_bundle/site-packages/kivy/data/glsl/header.vs
03-07 12:27:32.455  6490  6579 V python  : extracting _python_bundle/site-packages/kivy/data/images/
03-07 12:27:32.455  6490  6579 V python  : extracting _python_bundle/site-packages/kivy/data/images/background.jpg
03-07 12:27:32.455  6490  6579 V python  : extracting _python_bundle/site-packages/kivy/data/images/cursor.png
03-07 12:27:32.456  6490  6579 V python  : extracting _python_bundle/site-packages/kivy/data/images/defaultshape.png
03-07 12:27:32.456  6490  6579 V python  : extracting _python_bundle/site-packages/kivy/data/images/defaulttheme-0.png
03-07 12:27:32.458  6490  6579 V python  : extracting _python_bundle/site-packages/kivy/data/images/defaulttheme.atlas
03-07 12:27:32.459  6490  6579 V python  : extracting _python_bundle/site-packages/kivy/data/images/image-loading.gif
03-07 12:27:32.459  6490  6579 V python  : extracting _python_bundle/site-packages/kivy/data/images/image-loading.zip
03-07 12:27:32.459  6490  6579 V python  : extracting _python_bundle/site-packages/kivy/data/images/testpattern.png
03-07 12:27:32.460  6490  6579 V python  : extracting _python_bundle/site-packages/kivy/data/keyboards/
03-07 12:27:32.460  6490  6579 V python  : extracting _python_bundle/site-packages/kivy/data/keyboards/azerty.json
03-07 12:27:32.460  6490  6579 V python  : extracting _python_bundle/site-packages/kivy/data/keyboards/de.json
03-07 12:27:32.460  6490  6579 V python  : extracting _python_bundle/site-packages/kivy/data/keyboards/de_CH.json
03-07 12:27:32.461  6490  6579 V python  : extracting _python_bundle/site-packages/kivy/data/keyboards/en_US.json
03-07 12:27:32.461  6490  6579 V python  : extracting _python_bundle/site-packages/kivy/data/keyboards/es_ES.json
03-07 12:27:32.461  6490  6579 V python  : extracting _python_bundle/site-packages/kivy/data/keyboards/fr_CH.json
03-07 12:27:32.462  6490  6579 V python  : extracting _python_bundle/site-packages/kivy/data/keyboards/qwerty.json
03-07 12:27:32.462  6490  6579 V python  : extracting _python_bundle/site-packages/kivy/data/keyboards/qwertz.json
03-07 12:27:32.462  6490  6579 V python  : extracting _python_bundle/site-packages/kivy/data/logo/
03-07 12:27:32.463  6490  6579 V python  : extracting _python_bundle/site-packages/kivy/data/logo/kivy-icon-128.png
03-07 12:27:32.463  6490  6579 V python  : extracting _python_bundle/site-packages/kivy/data/logo/kivy-icon-16.png
03-07 12:27:32.463  6490  6579 V python  : extracting _python_bundle/site-packages/kivy/data/logo/kivy-icon-24.png
03-07 12:27:32.464  6490  6579 V python  : extracting _python_bundle/site-packages/kivy/data/logo/kivy-icon-256.png
03-07 12:27:32.464  6490  6579 V python  : extracting _python_bundle/site-packages/kivy/data/logo/kivy-icon-32.png
03-07 12:27:32.465  6490  6579 V python  : extracting _python_bundle/site-packages/kivy/data/logo/kivy-icon-48.png
03-07 12:27:32.465  6490  6579 V python  : extracting _python_bundle/site-packages/kivy/data/logo/kivy-icon-512.png
03-07 12:27:32.466  6490  6579 V python  : extracting _python_bundle/site-packages/kivy/data/logo/kivy-icon-64.ico
03-07 12:27:32.466  6490  6579 V python  : extracting _python_bundle/site-packages/kivy/data/logo/kivy-icon-64.png
03-07 12:27:32.467  6490  6579 V python  : extracting _python_bundle/site-packages/kivy/data/settings_kivy.json
03-07 12:27:32.467  6490  6579 V python  : extracting _python_bundle/site-packages/kivy/data/style.kv
03-07 12:27:32.468  6490  6579 V python  : extracting _python_bundle/site-packages/kivy/deps/
03-07 12:27:32.468  6490  6579 V python  : extracting _python_bundle/site-packages/kivy/deps/__init__.pyc
03-07 12:27:32.468  6490  6579 V python  : extracting _python_bundle/site-packages/kivy/effects/
03-07 12:27:32.468  6490  6579 V python  : extracting _python_bundle/site-packages/kivy/effects/__init__.pyc
03-07 12:27:32.469  6490  6579 V python  : extracting _python_bundle/site-packages/kivy/effects/dampedscroll.pyc
03-07 12:27:32.469  6490  6579 V python  : extracting _python_bundle/site-packages/kivy/effects/kinetic.pyc
03-07 12:27:32.469  6490  6579 V python  : extracting _python_bundle/site-packages/kivy/effects/opacityscroll.pyc
03-07 12:27:32.470  6490  6579 V python  : extracting _python_bundle/site-packages/kivy/effects/scroll.pyc
03-07 12:27:32.470  6490  6579 V python  : extracting _python_bundle/site-packages/kivy/event.pyc
03-07 12:27:32.470  6490  6579 V python  : extracting _python_bundle/site-packages/kivy/eventmanager/
03-07 12:27:32.470  6490  6579 V python  : extracting _python_bundle/site-packages/kivy/eventmanager/__init__.pyc
03-07 12:27:32.471  6490  6579 V python  : extracting _python_bundle/site-packages/kivy/extras/
03-07 12:27:32.471  6490  6579 V python  : extracting _python_bundle/site-packages/kivy/extras/__init__.pyc
03-07 12:27:32.471  6490  6579 V python  : extracting _python_bundle/site-packages/kivy/extras/highlight.pyc
03-07 12:27:32.472  6490  6579 V python  : extracting _python_bundle/site-packages/kivy/factory.pyc
03-07 12:27:32.472  6490  6579 V python  : extracting _python_bundle/site-packages/kivy/factory_registers.pyc
03-07 12:27:32.473  6490  6579 V python  : extracting _python_bundle/site-packages/kivy/garden/
03-07 12:27:32.473  6490  6579 V python  : extracting _python_bundle/site-packages/kivy/garden/__init__.pyc
03-07 12:27:32.473  6490  6579 V python  : extracting _python_bundle/site-packages/kivy/geometry.pyc
03-07 12:27:32.474  6490  6579 V python  : extracting _python_bundle/site-packages/kivy/gesture.pyc
03-07 12:27:32.474  6490  6579 V python  : extracting _python_bundle/site-packages/kivy/graphics/
03-07 12:27:32.475  6490  6579 V python  : extracting _python_bundle/site-packages/kivy/graphics/__init__.pyc
03-07 12:27:32.475  6490  6579 V python  : extracting _python_bundle/site-packages/kivy/graphics/boxshadow.so
03-07 12:27:32.477  6490  6579 V python  : extracting _python_bundle/site-packages/kivy/graphics/buffer.so
03-07 12:27:32.478  6490  6579 V python  : extracting _python_bundle/site-packages/kivy/graphics/cgl.so
03-07 12:27:32.480  6490  6579 V python  : extracting _python_bundle/site-packages/kivy/graphics/cgl_backend/
03-07 12:27:32.481  6490  6579 V python  : extracting _python_bundle/site-packages/kivy/graphics/cgl_backend/__init__.pyc
03-07 12:27:32.481  6490  6579 V python  : extracting _python_bundle/site-packages/kivy/graphics/cgl_backend/cgl_debug.so
03-07 12:27:32.486  6490  6579 V python  : extracting _python_bundle/site-packages/kivy/graphics/cgl_backend/cgl_gl.so
03-07 12:27:32.487  6490  6579 V python  : extracting _python_bundle/site-packages/kivy/graphics/cgl_backend/cgl_glew.so
03-07 12:27:32.488  6490  6579 V python  : extracting _python_bundle/site-packages/kivy/graphics/cgl_backend/cgl_mock.so
03-07 12:27:32.488  6490  6579 V python  : extracting _python_bundle/site-packages/kivy/graphics/cgl_backend/cgl_sdl2.so
03-07 12:27:32.489  6490  6579 V python  : extracting _python_bundle/site-packages/kivy/graphics/compiler.so
03-07 12:27:32.490  6490  6579 V python  : extracting _python_bundle/site-packages/kivy/graphics/context.so
03-07 12:27:32.493  6490  6579 V python  : extracting _python_bundle/site-packages/kivy/graphics/context_instructions.so
03-07 12:27:32.498  6490  6579 V python  : extracting _python_bundle/site-packages/kivy/graphics/fbo.so
03-07 12:27:32.500  6490  6579 V python  : extracting _python_bundle/site-packages/kivy/graphics/gl_instructions.so
03-07 12:27:32.502  6490  6579 V python  : extracting _python_bundle/site-packages/kivy/graphics/instructions.so
03-07 12:27:32.505  6490  6579 V python  : extracting _python_bundle/site-packages/kivy/graphics/opengl.so
03-07 12:27:32.510  6490  6579 V python  : extracting _python_bundle/site-packages/kivy/graphics/opengl_utils.so
03-07 12:27:32.511 20101 20332 E Parcel  : Reading a NULL string not supported here.
03-07 12:27:32.512  6490  6579 V python  : extracting _python_bundle/site-packages/kivy/graphics/scissor_instructions.so
03-07 12:27:32.513 20101 20332 E Parcel  : Reading a NULL string not supported here.
03-07 12:27:32.514 20101 20332 E Parcel  : Reading a NULL string not supported here.
03-07 12:27:32.514  6490  6579 V python  : extracting _python_bundle/site-packages/kivy/graphics/shader.so
03-07 12:27:32.516 20101 20332 E Parcel  : Reading a NULL string not supported here.
03-07 12:27:32.517 20101 20332 E Parcel  : Reading a NULL string not supported here.
03-07 12:27:32.517  6490  6579 V python  : extracting _python_bundle/site-packages/kivy/graphics/stencil_instructions.so
03-07 12:27:32.519 20101 20332 E Parcel  : Reading a NULL string not supported here.
03-07 12:27:32.520  6490  6579 V python  : extracting _python_bundle/site-packages/kivy/graphics/svg.so
03-07 12:27:32.520 20101 20332 E Parcel  : Reading a NULL string not supported here.
03-07 12:27:32.522 20101 20332 I chatty  : uid=10550(com.coloros.gamespace) pool-7-thread-1 identical 1 line
03-07 12:27:32.525 20101 20332 E Parcel  : Reading a NULL string not supported here.
03-07 12:27:32.528  6490  6579 V python  : extracting _python_bundle/site-packages/kivy/graphics/tesselator.so
03-07 12:27:32.529 20101 20332 E Parcel  : Reading a NULL string not supported here.
03-07 12:27:32.532  6490  6579 V python  : extracting _python_bundle/site-packages/kivy/graphics/texture.so
03-07 12:27:32.533 20101 20332 E Parcel  : Reading a NULL string not supported here.
03-07 12:27:32.536 20101 20332 E Parcel  : Reading a NULL string not supported here.
03-07 12:27:32.539  6490  6579 V python  : extracting _python_bundle/site-packages/kivy/graphics/transformation.so
03-07 12:27:32.539 20101 20332 E Parcel  : Reading a NULL string not supported here.
03-07 12:27:32.541  6490  6579 V python  : extracting _python_bundle/site-packages/kivy/graphics/vbo.so
03-07 12:27:32.543 20101 20332 E Parcel  : Reading a NULL string not supported here.
03-07 12:27:32.543  6490  6579 V python  : extracting _python_bundle/site-packages/kivy/graphics/vertex.so
03-07 12:27:32.544  6490  6579 V python  : extracting _python_bundle/site-packages/kivy/graphics/vertex_instructions.so
03-07 12:27:32.546 20101 20332 E Parcel  : Reading a NULL string not supported here.
03-07 12:27:32.551 20101 20332 E Parcel  : Reading a NULL string not supported here.
03-07 12:27:32.555  6490  6579 V python  : extracting _python_bundle/site-packages/kivy/input/
03-07 12:27:32.555 20101 20332 E Parcel  : Reading a NULL string not supported here.
03-07 12:27:32.555  6490  6579 V python  : extracting _python_bundle/site-packages/kivy/input/__init__.pyc
03-07 12:27:32.556  6490  6579 V python  : extracting _python_bundle/site-packages/kivy/input/factory.pyc
03-07 12:27:32.556  6490  6579 V python  : extracting _python_bundle/site-packages/kivy/input/motionevent.pyc
03-07 12:27:32.557  6490  6579 V python  : extracting _python_bundle/site-packages/kivy/input/postproc/
03-07 12:27:32.557  6490  6579 V python  : extracting _python_bundle/site-packages/kivy/input/postproc/__init__.pyc
03-07 12:27:32.557  6490  6579 V python  : extracting _python_bundle/site-packages/kivy/input/postproc/calibration.pyc
03-07 12:27:32.557  6490  6579 V python  : extracting _python_bundle/site-packages/kivy/input/postproc/dejitter.pyc
03-07 12:27:32.558  6490  6579 V python  : extracting _python_bundle/site-packages/kivy/input/postproc/doubletap.pyc
03-07 12:27:32.558  6490  6579 V python  : extracting _python_bundle/site-packages/kivy/input/postproc/ignorelist.pyc
03-07 12:27:32.558  6490  6579 V python  : extracting _python_bundle/site-packages/kivy/input/postproc/retaintouch.pyc
03-07 12:27:32.559 20101 20332 E Parcel  : Reading a NULL string not supported here.
03-07 12:27:32.559  6490  6579 V python  : extracting _python_bundle/site-packages/kivy/input/postproc/tripletap.pyc
03-07 12:27:32.559  6490  6579 V python  : extracting _python_bundle/site-packages/kivy/input/provider.pyc
03-07 12:27:32.559  6490  6579 V python  : extracting _python_bundle/site-packages/kivy/input/providers/
03-07 12:27:32.560  6490  6579 V python  : extracting _python_bundle/site-packages/kivy/input/providers/__init__.pyc
03-07 12:27:32.560  6490  6579 V python  : extracting _python_bundle/site-packages/kivy/input/providers/androidjoystick.pyc
03-07 12:27:32.561  6490  6579 V python  : extracting _python_bundle/site-packages/kivy/input/providers/leapfinger.pyc
03-07 12:27:32.561 20101 20332 E Parcel  : Reading a NULL string not supported here.
03-07 12:27:32.561  6490  6579 V python  : extracting _python_bundle/site-packages/kivy/input/providers/linuxwacom.pyc
03-07 12:27:32.562  6490  6579 V python  : extracting _python_bundle/site-packages/kivy/input/providers/mouse.pyc
03-07 12:27:32.563  6490  6579 V python  : extracting _python_bundle/site-packages/kivy/input/providers/tuio.pyc
03-07 12:27:32.564  6490  6579 V python  : extracting _python_bundle/site-packages/kivy/input/recorder.pyc
03-07 12:27:32.565  6490  6579 V python  : extracting _python_bundle/site-packages/kivy/input/shape.pyc
03-07 12:27:32.565  6490  6579 V python  : extracting _python_bundle/site-packages/kivy/interactive.pyc
03-07 12:27:32.566  6490  6579 V python  : extracting _python_bundle/site-packages/kivy/lang/
03-07 12:27:32.566  1823  5657 I ColorAppSwitchManagerService: appswitch registerAppSwitchObserver pName = com@@coloros@@gamespace observer = com.oplus.app.IOplusAppSwitchObserver$Stub$Proxy@6a12413 config = OplusAppSwitchConfig = {  mConfigs = {2=[TOM@@android@@printspooler, app@@signal@@id, TOM@@dafturn@@mypertamina, TOM@@google@@ar@@core, TOM@@CO@@blacklistapp, TOM@@qualTOMm@@qti@@poweroffalarm, TOM@@wapi@@wapicertmanage, TOM@@android@@wallpaper@@livepicker, TOM@@wakeup@@howear, TOM@@android@@internal@@systemui@@navbar@@gestural_narrow_back, TOM@@google@@android@@cellbroadcastservice, TOM@@android@@providers@@telephony, TOM@@android@@contacts, TOM@@google@@android@@partnersetup, TOM@@google@@android@@safetycenter@@resources, TOM@@google@@android@@tts, TOM@@CO@@phonemanager, TOM@@tuya@@smartlife, TOM@@dupoin@@indonesia, id@@dana, org@@schabi@@newpipe, TOM@@oplus@@onetrace, TOM@@instagram@@barcelona, TOM@@google@@android@@ext@@shared, TOM@@android@@cts@@ctsshim, TOM@@OP@@OPpowermonitor, TOM@@android@@mtp, TOM@@color@@uiengine, TOM@@google@@android@@connectivity@@resources, TOM@@OP@@atlas, TOM@@android@@email@@partnerprovider, TOM@@ebay@@mobile, TOM@@canva@@editor, TOM@@android@@wifi@@resources@@overlay@@target, TOM@@CO@@weather2, umito@@android@@minipiano, TOM@@qualTOMm@@qti@@modemtestmode, TOM@@CO@@onekeylockscreen, TOM@@android@@carrierdefaultapp, TOM@@CO@@bootreg, TOM@@android@@internal@@systemui@@navbar@@gestural_extra_wide_back, TOM@@google@@android@@overlay@@gmsconfig@@TOMms, TOM@@CO@@screenshot, TOM@@CO@@weather@@service, TOM@@android@@theme@@icon@@squircle, org@@codeaurora@@ims, TOM@@dsi@@ant@@server, TOM@@android@@TOMpaniondevicemanager, TOM@@oplus@@customize@@coreapp, TOM@@google@@android@@cellbroadcastreceiver, TOM@@alibaba@@intl@@android@@apps@@poseidon, id@@go@@beacukai@@customer, TOM@@google@@android@@networkstack@@tethering, TOM@@chad@@financialrecord, TOM@@android@@theme@@icon_pack@@rounded@@themepicker, TOM@@niksoftware@@snapseed, TOM@@qualTOMm@@qcrilmsgtunnel, TOM@@android@@internal@@systemui@@navbar@@gestural_wide_back, TOM@@CO@@childrenspace, TOM@@google@@android@@overlay@@gmsconfig@@gsa, TOM@@marinetraffic@@android, TOM@@android@@theme@@icon_pack@@rounded@@launcher, TOM@@android@@shell, TOM@@qualTOMm@@embms, TOM@@ses@@entitlement@@o2, TOM@@android@@incallui, TOM@@brave@@browser, TOM@@android@@providers@@userdictionary, TOM@@google@@android@@gms@@location@@history, TOM@@google@@android@@apps@@googleassistant, TOM@@google@@android@@feedback, TOM@@android@@carrierconfig@@overlay@@TOMmon, TOM@@android@@theme@@icon_pack@@rounded@@systemui, TOM@@OP@@ota, TOM@@android@@settings@@intelligence, TOM@@bareksa@@app, TOM@@CO@@safecenter, TOM@@google@@android@@apps@@youtube@@music, TOM@@qualTOMm@@wfd@@service, TOM@@google@@android@@cellbroadcastservice@@overlay, TOM@@google@@android@@webview, TOM@@CO@@exsystemservice, TOM@@android@@theme@@icon_pack@@circular@@systemui, TOM@@msd@@JTClient, TOM@@qualTOMm@@qti@@simcontacts, TOM@@google@@android@@printservice@@reTOMmendation, TOM@@roblox@@client, TOM@@CO@@gallery3d, TOM@@android@@theme@@icon@@pebble, TOM@@qualTOMm@@qti@@server@@wigig@@tethering@@rro, facebook@@video@@downloader@@savefrom@@fb, TOM@@instastatistics@@app, TOM@@teacapps@@barcodescanner, TOM@@android@@externalstorage, TOM@@android@@wifi@@resources@@overlay@@TOMmon, TOM@@jurnalsaham@@jurnalsahamihsg, TOM@@CO@@wallpapers, TOM@@android@@cellbroadcastreceiver@@overlay@@TOMmon, TOM@@CO@@backuprestore, TOM@@android@@keychain, TOM@@CO@@logkit, TOM@@oplus@@location, TOM@@tokopedia@@sellerapp, TOM@@android@@managedprovisioning, oplus@@frameworkres@@overlay@@display@@product, TOM@@google@@android@@apps@@docs, TOM@@lazada@@android, rkh@@raising@@butterflies, TOM@@posindonesia@@giropos, TOM@@alibaba@@aliexpresshd, TOM@@etekcity@@vesyncplatform, TOM@@spotify@@music, TOM@@CO@@screenrecorder, TOM@@google@@android@@cellbroadcastreceiver@@overlay, TOM@@google@@android@@videos, TOM@@OPex@@afterservice, TOM@@google@@android@@marvin@@talkback, TOM@@heytap@@cast, TOM@@android@@theme@@color@@green, oplus, TOM@@android@@proxyhandle
03-07 12:27:32.566  1823  5657 I ColorAppSwitchStateDispatcher: registerAppSwitchObserver addDynamicListener OK, info = ColorAppSwitchRuleInfo = {  observer = com.oplus.app.IOplusAppSwitchObserver$Stub$Proxy@6a12413 observerFingerPrint = 106516271} rule size =1
03-07 12:27:32.566  6490  6579 V python  : extracting _python_bundle/site-packages/kivy/lang/__init__.pyc
03-07 12:27:32.567  6490  6579 V python  : extracting _python_bundle/site-packages/kivy/lang/builder.pyc
03-07 12:27:32.567  1823  5657 I ColorAppSwitchManagerService: appswitch unregisterAppSwitchObserver pkgName = com.coloros.gamespace config = OplusAppSwitchConfig = {  mConfigs = {} observerFingerPrint = 188405705}
03-07 12:27:32.567  1823  5657 I ColorAppSwitchStateDispatcher: unregisterAppSwitchObserver ok, pkgName = com.coloros.gamespace info = ColorAppSwitchRuleInfo = {  observer = null observerFingerPrint = 188405705}
03-07 12:27:32.568  6490  6579 V python  : extracting _python_bundle/site-packages/kivy/lang/parser.pyc
03-07 12:27:32.569  6490  6579 V python  : extracting _python_bundle/site-packages/kivy/lib/
03-07 12:27:32.570  6490  6579 V python  : extracting _python_bundle/site-packages/kivy/lib/__init__.pyc
03-07 12:27:32.570  6490  6579 V python  : extracting _python_bundle/site-packages/kivy/lib/ddsfile.pyc
03-07 12:27:32.571  6490  6579 V python  : extracting _python_bundle/site-packages/kivy/lib/gstplayer/
03-07 12:27:32.571  6490  6579 V python  : extracting _python_bundle/site-packages/kivy/lib/gstplayer/__init__.pyc
03-07 12:27:32.571  6490  6579 V python  : extracting _python_bundle/site-packages/kivy/lib/mtdev.pyc
03-07 12:27:32.572  6490  6579 V python  : extracting _python_bundle/site-packages/kivy/lib/vidcore_lite/
03-07 12:27:32.572  6490  6579 V python  : extracting _python_bundle/site-packages/kivy/lib/vidcore_lite/__init__.pyc
03-07 12:27:32.573  6490  6579 V python  : extracting _python_bundle/site-packages/kivy/loader.pyc
03-07 12:27:32.573  6490  6579 V python  : extracting _python_bundle/site-packages/kivy/logger.pyc
03-07 12:27:32.574  6490  6579 V python  : extracting _python_bundle/site-packages/kivy/metrics.pyc
03-07 12:27:32.575  6490  6579 V python  : extracting _python_bundle/site-packages/kivy/modules/
03-07 12:27:32.575  6490  6579 V python  : extracting _python_bundle/site-packages/kivy/modules/__init__.pyc
03-07 12:27:32.576  6490  6579 V python  : extracting _python_bundle/site-packages/kivy/modules/_webdebugger.pyc
03-07 12:27:32.580  6490  6579 V python  : extracting _python_bundle/site-packages/kivy/modules/console.pyc
03-07 12:27:32.581  6490  6579 V python  : extracting _python_bundle/site-packages/kivy/modules/cursor.pyc
03-07 12:27:32.582  6490  6579 V python  : extracting _python_bundle/site-packages/kivy/modules/inspector.pyc
03-07 12:27:32.583  6490  6579 V python  : extracting _python_bundle/site-packages/kivy/modules/joycursor.pyc
03-07 12:27:32.584  6490  6579 V python  : extracting _python_bundle/site-packages/kivy/modules/keybinding.pyc
03-07 12:27:32.584  6490  6579 V python  : extracting _python_bundle/site-packages/kivy/modules/monitor.pyc
03-07 12:27:32.585  6490  6579 V python  : extracting _python_bundle/site-packages/kivy/modules/recorder.pyc
03-07 12:27:32.585  6490  6579 V python  : extracting _python_bundle/site-packages/kivy/modules/screen.pyc
03-07 12:27:32.585  6490  6579 V python  : extracting _python_bundle/site-packages/kivy/modules/showborder.pyc
03-07 12:27:32.586  6490  6579 V python  : extracting _python_bundle/site-packages/kivy/modules/touchring.pyc
03-07 12:27:32.586  6490  6579 V python  : extracting _python_bundle/site-packages/kivy/modules/webdebugger.pyc
03-07 12:27:32.586  6490  6579 V python  : extracting _python_bundle/site-packages/kivy/multistroke.pyc
03-07 12:27:32.587  6490  6579 V python  : extracting _python_bundle/site-packages/kivy/network/
03-07 12:27:32.588  6490  6579 V python  : extracting _python_bundle/site-packages/kivy/network/__init__.pyc
03-07 12:27:32.588  6490  6579 V python  : extracting _python_bundle/site-packages/kivy/network/urlrequest.pyc
03-07 12:27:32.589  6490  6579 V python  : extracting _python_bundle/site-packages/kivy/parser.pyc
03-07 12:27:32.589  6490  6579 V python  : extracting _python_bundle/site-packages/kivy/properties.so
03-07 12:27:32.596  6490  6579 V python  : extracting _python_bundle/site-packages/kivy/resources.pyc
03-07 12:27:32.597  6490  6579 V python  : extracting _python_bundle/site-packages/kivy/setupconfig.pyc
03-07 12:27:32.597  6490  6579 V python  : extracting _python_bundle/site-packages/kivy/storage/
03-07 12:27:32.597  6490  6579 V python  : extracting _python_bundle/site-packages/kivy/storage/__init__.pyc
03-07 12:27:32.598  6490  6579 V python  : extracting _python_bundle/site-packages/kivy/storage/dictstore.pyc
03-07 12:27:32.598  6490  6579 V python  : extracting _python_bundle/site-packages/kivy/storage/jsonstore.pyc
03-07 12:27:32.598  6490  6579 V python  : extracting _python_bundle/site-packages/kivy/storage/redisstore.pyc
03-07 12:27:32.599  6490  6579 V python  : extracting _python_bundle/site-packages/kivy/support.pyc
03-07 12:27:32.599  6490  6579 V python  : extracting _python_bundle/site-packages/kivy/tools/
03-07 12:27:32.600  6490  6579 V python  : extracting _python_bundle/site-packages/kivy/tools/__init__.pyc
03-07 12:27:32.600  6490  6579 V python  : extracting _python_bundle/site-packages/kivy/tools/benchmark.pyc
03-07 12:27:32.600  6490  6579 V python  : extracting _python_bundle/site-packages/kivy/tools/changelog_parser.pyc
03-07 12:27:32.601  6490  6579 V python  : extracting _python_bundle/site-packages/kivy/tools/coverage.pyc
03-07 12:27:32.601  6490  6579 V python  : extracting _python_bundle/site-packages/kivy/tools/gallery.pyc
03-07 12:27:32.602  6490  6579 V python  : extracting _python_bundle/site-packages/kivy/tools/generate-icons.pyc
03-07 12:27:32.602  6490  6579 V python  : extracting _python_bundle/site-packages/kivy/tools/gles_compat/
03-07 12:27:32.603  6490  6579 V python  : extracting _python_bundle/site-packages/kivy/tools/gles_compat/subset_gles.pyc
03-07 12:27:32.603  6490  6579 V python  : extracting _python_bundle/site-packages/kivy/tools/highlight/
03-07 12:27:32.603  6490  6579 V python  : extracting _python_bundle/site-packages/kivy/tools/highlight/__init__.pyc
03-07 12:27:32.603  6490  6579 V python  : extracting _python_bundle/site-packages/kivy/tools/highlight/kivy-mode.el
03-07 12:27:32.604  6490  6579 V python  : extracting _python_bundle/site-packages/kivy/tools/highlight/kivy.json-tmlanguage
03-07 12:27:32.604  6490  6579 V python  : extracting _python_bundle/site-packages/kivy/tools/highlight/kivy.tmLanguage
03-07 12:27:32.604  6490  6579 V python  : extracting _python_bundle/site-packages/kivy/tools/highlight/kivy.vim
03-07 12:27:32.605  6490  6579 V python  : extracting _python_bundle/site-packages/kivy/tools/image-testsuite/
03-07 12:27:32.605  6490  6579 V python  : extracting _python_bundle/site-packages/kivy/tools/image-testsuite/README.md
03-07 12:27:32.605  6490  6579 V python  : extracting _python_bundle/site-packages/kivy/tools/image-testsuite/gimp28-testsuite.pyc
03-07 12:27:32.606  6490  6579 V python  : extracting _python_bundle/site-packages/kivy/tools/image-testsuite/imagemagick-testsuite.sh
03-07 12:27:32.606  6490  6579 V python  : extracting _python_bundle/site-packages/kivy/tools/kviewer.pyc
03-07 12:27:32.606  6490  6579 V python  : extracting _python_bundle/site-packages/kivy/tools/packaging/
03-07 12:27:32.607  6490  6579 V python  : extracting _python_bundle/site-packages/kivy/tools/packaging/__init__.pyc
03-07 12:27:32.607  6490  6579 V python  : extracting _python_bundle/site-packages/kivy/tools/packaging/cython_cfg.pyc
03-07 12:27:32.607  6490  6579 V python  : extracting _python_bundle/site-packages/kivy/tools/packaging/factory.pyc
03-07 12:27:32.608  6490  6579 V python  : extracting _python_bundle/site-packages/kivy/tools/packaging/pyinstaller_hooks/
03-07 12:27:32.608  6490  6579 V python  : extracting _python_bundle/site-packages/kivy/tools/packaging/pyinstaller_hooks/__init__.pyc
03-07 12:27:32.608  6490  6579 V python  : extracting _python_bundle/site-packages/kivy/tools/packaging/pyinstaller_hooks/__main__.pyc
03-07 12:27:32.609  6490  6579 V python  : extracting _python_bundle/site-packages/kivy/tools/packaging/pyinstaller_hooks/hook-kivy.pyc
03-07 12:27:32.609  6490  6579 V python  : extracting _python_bundle/site-packages/kivy/tools/packaging/pyinstaller_hooks/pyi_rth_kivy.pyc
03-07 12:27:32.609  6490  6579 V python  : extracting _python_bundle/site-packages/kivy/tools/pep8checker/
03-07 12:27:32.609  6490  6579 V python  : extracting _python_bundle/site-packages/kivy/tools/pep8checker/pep8.pyc
03-07 12:27:32.612  6490  6579 V python  : extracting _python_bundle/site-packages/kivy/tools/pep8checker/pep8kivy.pyc
03-07 12:27:32.612  6490  6579 V python  : extracting _python_bundle/site-packages/kivy/tools/pep8checker/pre-commit.githook
03-07 12:27:32.613  6490  6579 V python  : extracting _python_bundle/site-packages/kivy/tools/precommit_hooks/
03-07 12:27:32.613  6490  6579 V python  : extracting _python_bundle/site-packages/kivy/tools/precommit_hooks/pre-commit-config.yaml
03-07 12:27:32.613  6490  6579 V python  : extracting _python_bundle/site-packages/kivy/tools/report.pyc
03-07 12:27:32.614  6490  6579 V python  : extracting _python_bundle/site-packages/kivy/tools/stub-gl-debug.pyc
03-07 12:27:32.614  6490  6579 V python  : extracting _python_bundle/site-packages/kivy/tools/texturecompress.pyc
03-07 12:27:32.615  6490  6579 V python  : extracting _python_bundle/site-packages/kivy/tools/theming/
03-07 12:27:32.615  6490  6579 V python  : extracting _python_bundle/site-packages/kivy/tools/theming/defaulttheme/
03-07 12:27:32.615  6490  6579 V python  : extracting _python_bundle/site-packages/kivy/tools/theming/defaulttheme/action_bar.png
03-07 12:27:32.615  6490  6579 V python  : extracting _python_bundle/site-packages/kivy/tools/theming/defaulttheme/action_group.png
03-07 12:27:32.616  6490  6579 V python  : extracting _python_bundle/site-packages/kivy/tools/theming/defaulttheme/action_group_disabled.png
03-07 12:27:32.616  6490  6579 V python  : extracting _python_bundle/site-packages/kivy/tools/theming/defaulttheme/action_group_down.png
03-07 12:27:32.616  6490  6579 V python  : extracting _python_bundle/site-packages/kivy/tools/theming/defaulttheme/action_item.png
03-07 12:27:32.617  6490  6579 V python  : extracting _python_bundle/site-packages/kivy/tools/theming/defaulttheme/action_item_down.png
03-07 12:27:32.617  6490  6579 V python  : extracting _python_bundle/site-packages/kivy/tools/theming/defaulttheme/action_view.png
03-07 12:27:32.617  6490  6579 V python  : extracting _python_bundle/site-packages/kivy/tools/theming/defaulttheme/audio-volume-high.png
03-07 12:27:32.617  6490  6579 V python  : extracting _python_bundle/site-packages/kivy/tools/theming/defaulttheme/audio-volume-low.png
03-07 12:27:32.617  6490  6579 V python  : extracting _python_bundle/site-packages/kivy/tools/theming/defaulttheme/audio-volume-medium.png
03-07 12:27:32.618  6490  6579 V python  : extracting _python_bundle/site-packages/kivy/tools/theming/defaulttheme/audio-volume-muted.png
03-07 12:27:32.618  6490  6579 V python  : extracting _python_bundle/site-packages/kivy/tools/theming/defaulttheme/bubble.png
03-07 12:27:32.618  6490  6579 V python  : extracting _python_bundle/site-packages/kivy/tools/theming/defaulttheme/bubble_arrow.png
03-07 12:27:32.619  6490  6579 V python  : extracting _python_bundle/site-packages/kivy/tools/theming/defaulttheme/bubble_btn.png
03-07 12:27:32.619  6490  6579 V python  : extracting _python_bundle/site-packages/kivy/tools/theming/defaulttheme/bubble_btn_pressed.png
03-07 12:27:32.619  6490  6579 V python  : extracting _python_bundle/site-packages/kivy/tools/theming/defaulttheme/button.png
03-07 12:27:32.619  6490  6579 V python  : extracting _python_bundle/site-packages/kivy/tools/theming/defaulttheme/button_disabled.png
03-07 12:27:32.620  6490  6579 V python  : extracting _python_bundle/site-packages/kivy/tools/theming/defaulttheme/button_disabled_pressed.png
03-07 12:27:32.620  6490  6579 V python  : extracting _python_bundle/site-packages/kivy/tools/theming/defaulttheme/button_pressed.png
03-07 12:27:32.620  6490  6579 V python  : extracting _python_bundle/site-packages/kivy/tools/theming/defaulttheme/checkbox_disabled_off.png
03-07 12:27:32.620  6490  6579 V python  : extracting _python_bundle/site-packages/kivy/tools/theming/defaulttheme/checkbox_disabled_on.png
03-07 12:27:32.620  6490  6579 V python  : extracting _python_bundle/site-packages/kivy/tools/theming/defaulttheme/checkbox_off.png
03-07 12:27:32.621  6490  6579 V python  : extracting _python_bundle/site-packages/kivy/tools/theming/defaulttheme/checkbox_on.png
03-07 12:27:32.621  6490  6579 V python  : extracting _python_bundle/site-packages/kivy/tools/theming/defaulttheme/checkbox_radio_disabled_off.png
03-07 12:27:32.621  6490  6579 V python  : extracting _python_bundle/site-packages/kivy/tools/theming/defaulttheme/checkbox_radio_disabled_on.png
03-07 12:27:32.622  6490  6579 V python  : extracting _python_bundle/site-packages/kivy/tools/theming/defaulttheme/checkbox_radio_off.png
03-07 12:27:32.622  6490  6579 V python  : extracting _python_bundle/site-packages/kivy/tools/theming/defaulttheme/checkbox_radio_on.png
03-07 12:27:32.622  6490  6579 V python  : extracting _python_bundle/site-packages/kivy/tools/theming/defaulttheme/close.png
03-07 12:27:32.623  6490  6579 V python  : extracting _python_bundle/site-packages/kivy/tools/theming/defaulttheme/filechooser_file.png
03-07 12:27:32.623  6490  6579 V python  : extracting _python_bundle/site-packages/kivy/tools/theming/defaulttheme/filechooser_folder.png
03-07 12:27:32.623  6490  6579 V python  : extracting _python_bundle/site-packages/kivy/tools/theming/defaulttheme/filechooser_selected.png
03-07 12:27:32.624  6490  6579 V python  : extracting _python_bundle/site-packages/kivy/tools/theming/defaulttheme/image-missing.png
03-07 12:27:32.624  6490  6579 V python  : extracting _python_bundle/site-packages/kivy/tools/theming/defaulttheme/media-playback-pause.png
03-07 12:27:32.624  6490  6579 V python  : extracting _python_bundle/site-packages/kivy/tools/theming/defaulttheme/media-playback-start.png
03-07 12:27:32.624  6490  6579 V python  : extracting _python_bundle/site-packages/kivy/tools/theming/defaulttheme/media-playback-stop.png
03-07 12:27:32.625  6490  6579 V python  : extracting _python_bundle/site-packages/kivy/tools/theming/defaulttheme/modalview-background.png
03-07 12:27:32.625  6490  6579 V python  : extracting _python_bundle/site-packages/kivy/tools/theming/defaulttheme/overflow.png
03-07 12:27:32.625  6490  6579 V python  : extracting _python_bundle/site-packages/kivy/tools/theming/defaulttheme/player-background.png
03-07 12:27:32.626  6490  6579 V python  : extracting _python_bundle/site-packages/kivy/tools/theming/defaulttheme/player-play-overlay.png
03-07 12:27:32.626  6490  6579 V python  : extracting _python_bundle/site-packages/kivy/tools/theming/defaulttheme/previous_normal.png
03-07 12:27:32.626  6490  6579 V python  : extracting _python_bundle/site-packages/kivy/tools/theming/defaulttheme/progressbar.png
03-07 12:27:32.626  6490  6579 V python  : extracting _python_bundle/site-packages/kivy/tools/theming/defaulttheme/progressbar_background.png
03-07 12:27:32.627  6490  6579 V python  : extracting _python_bundle/site-packages/kivy/tools/theming/defaulttheme/ring.png
03-07 12:27:32.627  6490  6579 V python  : extracting _python_bundle/site-packages/kivy/tools/theming/defaulttheme/selector_left.png
03-07 12:27:32.627  6490  6579 V python  : extracting _python_bundle/site-packages/kivy/tools/theming/defaulttheme/selector_middle.png
03-07 12:27:32.628  6490  6579 V python  : extracting _python_bundle/site-packages/kivy/tools/theming/defaulttheme/selector_right.png
03-07 12:27:32.628  6490  6579 V python  : extracting _python_bundle/site-packages/kivy/tools/theming/defaulttheme/separator.png
03-07 12:27:32.628  6490  6579 V python  : extracting _python_bundle/site-packages/kivy/tools/theming/defaulttheme/slider_cursor.png
03-07 12:27:32.629  6490  6579 V python  : extracting _python_bundle/site-packages/kivy/tools/theming/defaulttheme/slider_cursor_disabled.png
03-07 12:27:32.629  6490  6579 V python  : extracting _python_bundle/site-packages/kivy/tools/theming/defaulttheme/sliderh_background.png
03-07 12:27:32.629  6490  6579 V python  : extracting _python_bundle/site-packages/kivy/tools/theming/defaulttheme/sliderh_background_disabled.png
03-07 12:27:32.629  6490  6579 V python  : extracting _python_bundle/site-packages/kivy/tools/theming/defaulttheme/sliderv_background.png
03-07 12:27:32.630  6490  6579 V python  : extracting _python_bundle/site-packages/kivy/tools/theming/defaulttheme/sliderv_background_disabled.png
03-07 12:27:32.630  6490  6579 V python  : extracting _python_bundle/site-packages/kivy/tools/theming/defaulttheme/spinner.png
03-07 12:27:32.630  6490  6579 V python  : extracting _python_bundle/site-packages/kivy/tools/theming/defaulttheme/spinner_disabled.png
03-07 12:27:32.630  6490  6579 V python  : extracting _python_bundle/site-packages/kivy/tools/theming/defaulttheme/spinner_pressed.png
03-07 12:27:32.630  6490  6579 V python  : extracting _python_bundle/site-packages/kivy/tools/theming/defaulttheme/splitter.png
03-07 12:27:32.631  6490  6579 V python  : extracting _python_bundle/site-packages/kivy/tools/theming/defaulttheme/splitter_disabled.png
03-07 12:27:32.631  6490  6579 V python  : extracting _python_bundle/site-packages/kivy/tools/theming/defaulttheme/splitter_disabled_down.png
03-07 12:27:32.632  6490  6579 V python  : extracting _python_bundle/site-packages/kivy/tools/theming/defaulttheme/splitter_disabled_down_h.png
03-07 12:27:32.632  6490  6579 V python  : extracting _python_bundle/site-packages/kivy/tools/theming/defaulttheme/splitter_disabled_h.png
03-07 12:27:32.632  6490  6579 V python  : extracting _python_bundle/site-packages/kivy/tools/theming/defaulttheme/splitter_down.png
03-07 12:27:32.632  6490  6579 V python  : extracting _python_bundle/site-packages/kivy/tools/theming/defaulttheme/splitter_down_h.png
03-07 12:27:32.633  6490  6579 V python  : extracting _python_bundle/site-packages/kivy/tools/theming/defaulttheme/splitter_grip.png
03-07 12:27:32.633  6490  6579 V python  : extracting _python_bundle/site-packages/kivy/tools/theming/defaulttheme/splitter_grip_h.png
03-07 12:27:32.634  6490  6579 V python  : extracting _python_bundle/site-packages/kivy/tools/theming/defaulttheme/splitter_h.png
03-07 12:27:32.634  6490  6579 V python  : extracting _python_bundle/site-packages/kivy/tools/theming/defaulttheme/switch-background.png
03-07 12:27:32.634  6490  6579 V python  : extracting _python_bundle/site-packages/kivy/tools/theming/defaulttheme/switch-background_disabled.png
03-07 12:27:32.634  6490  6579 V python  : extracting _python_bundle/site-packages/kivy/tools/theming/defaulttheme/switch-button.png
03-07 12:27:32.635  6490  6579 V python  : extracting _python_bundle/site-packages/kivy/tools/theming/defaulttheme/switch-button_disabled.png
03-07 12:27:32.635  6490  6579 V python  : extracting _python_bundle/site-packages/kivy/tools/theming/defaulttheme/tab.png
03-07 12:27:32.635  6490  6579 V python  : extracting _python_bundle/site-packages/kivy/tools/theming/defaulttheme/tab_btn.png
03-07 12:27:32.635  6490  6579 V python  : extracting _python_bundle/site-packages/kivy/tools/theming/defaulttheme/tab_btn_disabled.png
03-07 12:27:32.636  6490  6579 V python  : extracting _python_bundle/site-packages/kivy/tools/theming/defaulttheme/tab_btn_disabled_pressed.png
03-07 12:27:32.636  6490  6579 V python  : extracting _python_bundle/site-packages/kivy/tools/theming/defaulttheme/tab_btn_pressed.png
03-07 12:27:32.636  6490  6579 V python  : extracting _python_bundle/site-packages/kivy/tools/theming/defaulttheme/tab_disabled.png
03-07 12:27:32.637  6490  6579 V python  : extracting _python_bundle/site-packages/kivy/tools/theming/defaulttheme/textinput.png
03-07 12:27:32.637  6490  6579 V python  : extracting _python_bundle/site-packages/kivy/tools/theming/defaulttheme/textinput_active.png
03-07 12:27:32.637  6490  6579 V python  : extracting _python_bundle/site-packages/kivy/tools/theming/defaulttheme/textinput_disabled.png
03-07 12:27:32.637  6490  6579 V python  : extracting _python_bundle/site-packages/kivy/tools/theming/defaulttheme/textinput_disabled_active.png
03-07 12:27:32.638  6490  6579 V python  : extracting _python_bundle/site-packages/kivy/tools/theming/defaulttheme/tree_closed.png
03-07 12:27:32.638  6490  6579 V python  : extracting _python_bundle/site-packages/kivy/tools/theming/defaulttheme/tree_opened.png
03-07 12:27:32.638  6490  6579 V python  : extracting _python_bundle/site-packages/kivy/tools/theming/defaulttheme/vkeyboard_background.png
03-07 12:27:32.638  6490  6579 V python  : extracting _python_bundle/site-packages/kivy/tools/theming/defaulttheme/vkeyboard_disabled_background.png
03-07 12:27:32.639  6490  6579 V python  : extracting _python_bundle/site-packages/kivy/tools/theming/defaulttheme/vkeyboard_disabled_key_down.png
03-07 12:27:32.639  6490  6579 V python  : extracting _python_bundle/site-packages/kivy/tools/theming/defaulttheme/vkeyboard_disabled_key_normal.png
03-07 12:27:32.639  6490  6579 V python  : extracting _python_bundle/site-packages/kivy/tools/theming/defaulttheme/vkeyboard_key_down.png
03-07 12:27:32.640  6490  6579 V python  : extracting _python_bundle/site-packages/kivy/tools/theming/defaulttheme/vkeyboard_key_normal.png
03-07 12:27:32.640  6490  6579 V python  : extracting _python_bundle/site-packages/kivy/uix/
03-07 12:27:32.640  6490  6579 V python  : extracting _python_bundle/site-packages/kivy/uix/__init__.pyc
03-07 12:27:32.640  6490  6579 V python  : extracting _python_bundle/site-packages/kivy/uix/accordion.pyc
03-07 12:27:32.641  6490  6579 V python  : extracting _python_bundle/site-packages/kivy/uix/actionbar.pyc
03-07 12:27:32.642  6490  6579 V python  : extracting _python_bundle/site-packages/kivy/uix/anchorlayout.pyc
03-07 12:27:32.642  6490  6579 V python  : extracting _python_bundle/site-packages/kivy/uix/behaviors/
03-07 12:27:32.642  6490  6579 V python  : extracting _python_bundle/site-packages/kivy/uix/behaviors/__init__.pyc
03-07 12:27:32.643  6490  6579 V python  : extracting _python_bundle/site-packages/kivy/uix/behaviors/button.pyc
03-07 12:27:32.643  6490  6579 V python  : extracting _python_bundle/site-packages/kivy/uix/behaviors/codenavigation.pyc
03-07 12:27:32.643  6490  6579 V python  : extracting _python_bundle/site-packages/kivy/uix/behaviors/compoundselection.pyc
03-07 12:27:32.644  6490  6579 V python  : extracting _python_bundle/site-packages/kivy/uix/behaviors/cover.pyc
03-07 12:27:32.644  6490  6579 V python  : extracting _python_bundle/site-packages/kivy/uix/behaviors/drag.pyc
03-07 12:27:32.645  6490  6579 V python  : extracting _python_bundle/site-packages/kivy/uix/behaviors/emacs.pyc
03-07 12:27:32.645  6490  6579 V python  : extracting _python_bundle/site-packages/kivy/uix/behaviors/focus.pyc
03-07 12:27:32.645  6490  6579 V python  : extracting _python_bundle/site-packages/kivy/uix/behaviors/knspace.pyc
03-07 12:27:32.646  6490  6579 V python  : extracting _python_bundle/site-packages/kivy/uix/behaviors/togglebutton.pyc
03-07 12:27:32.646  6490  6579 V python  : extracting _python_bundle/site-packages/kivy/uix/behaviors/touchripple.pyc
03-07 12:27:32.647  6490  6579 V python  : extracting _python_bundle/site-packages/kivy/uix/boxlayout.pyc
03-07 12:27:32.647  6490  6579 V python  : extracting _python_bundle/site-packages/kivy/uix/bubble.pyc
03-07 12:27:32.647  6490  6579 V python  : extracting _python_bundle/site-packages/kivy/uix/button.pyc
03-07 12:27:32.648  6490  6579 V python  : extracting _python_bundle/site-packages/kivy/uix/camera.pyc
03-07 12:27:32.648  6490  6579 V python  : extracting _python_bundle/site-packages/kivy/uix/carousel.pyc
03-07 12:27:32.649  6490  6579 V python  : extracting _python_bundle/site-packages/kivy/uix/checkbox.pyc
03-07 12:27:32.649  6490  6579 V python  : extracting _python_bundle/site-packages/kivy/uix/codeinput.pyc
03-07 12:27:32.650  6490  6579 V python  : extracting _python_bundle/site-packages/kivy/uix/colorpicker.pyc
03-07 12:27:32.650  6490  6579 V python  : extracting _python_bundle/site-packages/kivy/uix/dropdown.pyc
03-07 12:27:32.651  6490  6579 V python  : extracting _python_bundle/site-packages/kivy/uix/effectwidget.pyc
03-07 12:27:32.652  6490  6579 V python  : extracting _python_bundle/site-packages/kivy/uix/filechooser.pyc
03-07 12:27:32.653  6490  6579 V python  : extracting _python_bundle/site-packages/kivy/uix/floatlayout.pyc
03-07 12:27:32.653  6490  6579 V python  : extracting _python_bundle/site-packages/kivy/uix/gesturesurface.pyc
03-07 12:27:32.654  6490  6579 V python  : extracting _python_bundle/site-packages/kivy/uix/gridlayout.pyc
03-07 12:27:32.655  6490  6579 V python  : extracting _python_bundle/site-packages/kivy/uix/image.pyc
03-07 12:27:32.655  6490  6579 V python  : extracting _python_bundle/site-packages/kivy/uix/label.pyc
03-07 12:27:32.656  6490  6579 V python  : extracting _python_bundle/site-packages/kivy/uix/layout.pyc
03-07 12:27:32.657  6490  6579 V python  : extracting _python_bundle/site-packages/kivy/uix/modalview.pyc
03-07 12:27:32.657  6490  6579 V python  : extracting _python_bundle/site-packages/kivy/uix/pagelayout.pyc
03-07 12:27:32.657  6490  6579 V python  : extracting _python_bundle/site-packages/kivy/uix/popup.pyc
03-07 12:27:32.658  6490  6579 V python  : extracting _python_bundle/site-packages/kivy/uix/progressbar.pyc
03-07 12:27:32.658  6490  6579 V python  : extracting _python_bundle/site-packages/kivy/uix/recycleboxlayout.pyc
03-07 12:27:32.659  6490  6579 V python  : extracting _python_bundle/site-packages/kivy/uix/recyclegridlayout.pyc
03-07 12:27:32.659  6490  6579 V python  : extracting _python_bundle/site-packages/kivy/uix/recyclelayout.pyc
03-07 12:27:32.660  6490  6579 V python  : extracting _python_bundle/site-packages/kivy/uix/recycleview/
03-07 12:27:32.660  6490  6579 V python  : extracting _python_bundle/site-packages/kivy/uix/recycleview/__init__.pyc
03-07 12:27:32.661  6490  6579 V python  : extracting _python_bundle/site-packages/kivy/uix/recycleview/datamodel.pyc
03-07 12:27:32.661  6490  6579 V python  : extracting _python_bundle/site-packages/kivy/uix/recycleview/layout.pyc
03-07 12:27:32.662  6490  6579 V python  : extracting _python_bundle/site-packages/kivy/uix/recycleview/views.pyc
03-07 12:27:32.662  6490  6579 V python  : extracting _python_bundle/site-packages/kivy/uix/relativelayout.pyc
03-07 12:27:32.662  6490  6579 V python  : extracting _python_bundle/site-packages/kivy/uix/rst.pyc
03-07 12:27:32.663  6490  6579 V python  : extracting _python_bundle/site-packages/kivy/uix/sandbox.pyc
03-07 12:27:32.664  6490  6579 V python  : extracting _python_bundle/site-packages/kivy/uix/scatter.pyc
03-07 12:27:32.665  6490  6579 V python  : extracting _python_bundle/site-packages/kivy/uix/scatterlayout.pyc
03-07 12:27:32.665  6490  6579 V python  : extracting _python_bundle/site-packages/kivy/uix/screenmanager.pyc
03-07 12:27:32.666  6490  6579 V python  : extracting _python_bundle/site-packages/kivy/uix/scrollview.pyc
03-07 12:27:32.667  6490  6579 V python  : extracting _python_bundle/site-packages/kivy/uix/settings.pyc
03-07 12:27:32.668  6490  6579 V python  : extracting _python_bundle/site-packages/kivy/uix/slider.pyc
03-07 12:27:32.668  6490  6579 V python  : extracting _python_bundle/site-packages/kivy/uix/spinner.pyc
03-07 12:27:32.669  6490  6579 V python  : extracting _python_bundle/site-packages/kivy/uix/splitter.pyc
03-07 12:27:32.669  6490  6579 V python  : extracting _python_bundle/site-packages/kivy/uix/stacklayout.pyc
03-07 12:27:32.670  6490  6579 V python  : extracting _python_bundle/site-packages/kivy/uix/stencilview.pyc
03-07 12:27:32.670  6490  6579 V python  : extracting _python_bundle/site-packages/kivy/uix/switch.pyc
03-07 12:27:32.670  6490  6579 V python  : extracting _python_bundle/site-packages/kivy/uix/tabbedpanel.pyc
03-07 12:27:32.671  6490  6579 V python  : extracting _python_bundle/site-packages/kivy/uix/textinput.pyc
03-07 12:27:32.674  6490  6579 V python  : extracting _python_bundle/site-packages/kivy/uix/togglebutton.pyc
03-07 12:27:32.674  6490  6579 V python  : extracting _python_bundle/site-packages/kivy/uix/treeview.pyc
03-07 12:27:32.675  6490  6579 V python  : extracting _python_bundle/site-packages/kivy/uix/video.pyc
03-07 12:27:32.676  6490  6579 V python  : extracting _python_bundle/site-packages/kivy/uix/videoplayer.pyc
03-07 12:27:32.676  6490  6579 V python  : extracting _python_bundle/site-packages/kivy/uix/vkeyboard.pyc
03-07 12:27:32.677  6490  6579 V python  : extracting _python_bundle/site-packages/kivy/uix/widget.pyc
03-07 12:27:32.678  6490  6579 V python  : extracting _python_bundle/site-packages/kivy/utils.pyc
03-07 12:27:32.679  6490  6579 V python  : extracting _python_bundle/site-packages/kivy/vector.pyc
03-07 12:27:32.679  6490  6579 V python  : extracting _python_bundle/site-packages/kivy/weakmethod.pyc
03-07 12:27:32.680  6490  6579 V python  : extracting _python_bundle/site-packages/kivy/weakproxy.so
03-07 12:27:32.682  6490  6579 V python  : extracting _python_bundle/site-packages/pkg_resources/
03-07 12:27:32.683  6490  6579 V python  : extracting _python_bundle/site-packages/pkg_resources/__init__.pyc
03-07 12:27:32.685  6490  6579 V python  : extracting _python_bundle/site-packages/pkg_resources/_vendor/
03-07 12:27:32.686  6490  6579 V python  : extracting _python_bundle/site-packages/pkg_resources/_vendor/__init__.pyc
03-07 12:27:32.686  6490  6579 V python  : extracting _python_bundle/site-packages/pkg_resources/_vendor/appdirs.pyc
03-07 12:27:32.687  6490  6579 V python  : extracting _python_bundle/site-packages/pkg_resources/_vendor/packaging/
03-07 12:27:32.687  6490  6579 V python  : extracting _python_bundle/site-packages/pkg_resources/_vendor/packaging/__about__.pyc
03-07 12:27:32.687  6490  6579 V python  : extracting _python_bundle/site-packages/pkg_resources/_vendor/packaging/__init__.pyc
03-07 12:27:32.687  6490  6579 V python  : extracting _python_bundle/site-packages/pkg_resources/_vendor/packaging/_compat.pyc
03-07 12:27:32.688  6490  6579 V python  : extracting _python_bundle/site-packages/pkg_resources/_vendor/packaging/_structures.pyc
03-07 12:27:32.688  6490  6579 V python  : extracting _python_bundle/site-packages/pkg_resources/_vendor/packaging/_typing.pyc
03-07 12:27:32.688  6490  6579 V python  : extracting _python_bundle/site-packages/pkg_resources/_vendor/packaging/markers.pyc
03-07 12:27:32.689  6490  6579 V python  : extracting _python_bundle/site-packages/pkg_resources/_vendor/packaging/requirements.pyc
03-07 12:27:32.689  6490  6579 V python  : extracting _python_bundle/site-packages/pkg_resources/_vendor/packaging/specifiers.pyc
03-07 12:27:32.690  6490  6579 V python  : extracting _python_bundle/site-packages/pkg_resources/_vendor/packaging/tags.pyc
03-07 12:27:32.691  6490  6579 V python  : extracting _python_bundle/site-packages/pkg_resources/_vendor/packaging/utils.pyc
03-07 12:27:32.691  6490  6579 V python  : extracting _python_bundle/site-packages/pkg_resources/_vendor/packaging/version.pyc
03-07 12:27:32.692  6490  6579 V python  : extracting _python_bundle/site-packages/pkg_resources/_vendor/pyparsing.pyc
03-07 12:27:32.695  6490  6579 V python  : extracting _python_bundle/site-packages/pkg_resources/extern/
03-07 12:27:32.696  6490  6579 V python  : extracting _python_bundle/site-packages/pkg_resources/extern/__init__.pyc
03-07 12:27:32.696  6490  6579 V python  : extracting _python_bundle/site-packages/pyjnius-1.7.0-py3.11.egg-info/
03-07 12:27:32.697  6490  6579 V python  : extracting _python_bundle/site-packages/pyjnius-1.7.0-py3.11.egg-info/PKG-INFO
03-07 12:27:32.697  6490  6579 V python  : extracting _python_bundle/site-packages/pyjnius-1.7.0-py3.11.egg-info/SOURCES.txt
03-07 12:27:32.698  6490  6579 V python  : extracting _python_bundle/site-packages/pyjnius-1.7.0-py3.11.egg-info/dependency_links.txt
03-07 12:27:32.698  6490  6579 V python  : extracting _python_bundle/site-packages/pyjnius-1.7.0-py3.11.egg-info/requires.txt
03-07 12:27:32.698  6490  6579 V python  : extracting _python_bundle/site-packages/pyjnius-1.7.0-py3.11.egg-info/top_level.txt
03-07 12:27:32.698  6490  6579 V python  : extracting _python_bundle/site-packages/requests-2.32.5.dist-info/
03-07 12:27:32.699  6490  6579 V python  : extracting _python_bundle/site-packages/requests-2.32.5.dist-info/INSTALLER
03-07 12:27:32.699  6490  6579 V python  : extracting _python_bundle/site-packages/requests-2.32.5.dist-info/METADATA
03-07 12:27:32.699  6490  6579 V python  : extracting _python_bundle/site-packages/requests-2.32.5.dist-info/RECORD
03-07 12:27:32.700  6490  6579 V python  : extracting _python_bundle/site-packages/requests-2.32.5.dist-info/REQUESTED
03-07 12:27:32.700  6490  6579 V python  : extracting _python_bundle/site-packages/requests-2.32.5.dist-info/WHEEL
03-07 12:27:32.700  6490  6579 V python  : extracting _python_bundle/site-packages/requests-2.32.5.dist-info/licenses/
03-07 12:27:32.701  6490  6579 V python  : extracting _python_bundle/site-packages/requests-2.32.5.dist-info/licenses/LICENSE
03-07 12:27:32.701  6490  6579 V python  : extracting _python_bundle/site-packages/requests-2.32.5.dist-info/top_level.txt
03-07 12:27:32.701  6490  6579 V python  : extracting _python_bundle/site-packages/requests/
03-07 12:27:32.702  6490  6579 V python  : extracting _python_bundle/site-packages/requests/__init__.pyc
03-07 12:27:32.702  6490  6579 V python  : extracting _python_bundle/site-packages/requests/__version__.pyc
03-07 12:27:32.702  6490  6579 V python  : extracting _python_bundle/site-packages/requests/_internal_utils.pyc
03-07 12:27:32.703  6490  6579 V python  : extracting _python_bundle/site-packages/requests/adapters.pyc
03-07 12:27:32.704  6490  6579 V python  : extracting _python_bundle/site-packages/requests/api.pyc
03-07 12:27:32.704  6490  6579 V python  : extracting _python_bundle/site-packages/requests/auth.pyc
03-07 12:27:32.705  6490  6579 V python  : extracting _python_bundle/site-packages/requests/certs.pyc
03-07 12:27:32.705  6490  6579 V python  : extracting _python_bundle/site-packages/requests/compat.pyc
03-07 12:27:32.705  6490  6579 V python  : extracting _python_bundle/site-packages/requests/cookies.pyc
03-07 12:27:32.706  6490  6579 V python  : extracting _python_bundle/site-packages/requests/exceptions.pyc
03-07 12:27:32.706  6490  6579 V python  : extracting _python_bundle/site-packages/requests/help.pyc
03-07 12:27:32.707  6490  6579 V python  : extracting _python_bundle/site-packages/requests/hooks.pyc
03-07 12:27:32.707  6490  6579 V python  : extracting _python_bundle/site-packages/requests/models.pyc
03-07 12:27:32.708  6490  6579 V python  : extracting _python_bundle/site-packages/requests/packages.pyc
03-07 12:27:32.708  6490  6579 V python  : extracting _python_bundle/site-packages/requests/sessions.pyc
03-07 12:27:32.709  6490  6579 V python  : extracting _python_bundle/site-packages/requests/status_codes.pyc
03-07 12:27:32.710  6490  6579 V python  : extracting _python_bundle/site-packages/requests/structures.pyc
03-07 12:27:32.710  6490  6579 V python  : extracting _python_bundle/site-packages/requests/utils.pyc
03-07 12:27:32.711  6490  6579 V python  : extracting _python_bundle/site-packages/setup_sdist.pyc
03-07 12:27:32.712  6490  6579 V python  : extracting _python_bundle/site-packages/setuptools-51.3.3-py3.11.egg-info/
03-07 12:27:32.712  6490  6579 V python  : extracting _python_bundle/site-packages/setuptools-51.3.3-py3.11.egg-info/PKG-INFO
03-07 12:27:32.713  6490  6579 V python  : extracting _python_bundle/site-packages/setuptools-51.3.3-py3.11.egg-info/SOURCES.txt
03-07 12:27:32.713  6490  6579 V python  : extracting _python_bundle/site-packages/setuptools-51.3.3-py3.11.egg-info/dependency_links.txt
03-07 12:27:32.714  6490  6579 V python  : extracting _python_bundle/site-packages/setuptools-51.3.3-py3.11.egg-info/entry_points.txt
03-07 12:27:32.714  6490  6579 V python  : extracting _python_bundle/site-packages/setuptools-51.3.3-py3.11.egg-info/requires.txt
03-07 12:27:32.714  6490  6579 V python  : extracting _python_bundle/site-packages/setuptools-51.3.3-py3.11.egg-info/top_level.txt
03-07 12:27:32.715  6490  6579 V python  : extracting _python_bundle/site-packages/setuptools/
03-07 12:27:32.715  6490  6579 V python  : extracting _python_bundle/site-packages/setuptools/__init__.pyc
03-07 12:27:32.715  6490  6579 V python  : extracting _python_bundle/site-packages/setuptools/_deprecation_warning.pyc
03-07 12:27:32.716  6490  6579 V python  : extracting _python_bundle/site-packages/setuptools/_distutils/
03-07 12:27:32.716  6490  6579 V python  : extracting _python_bundle/site-packages/setuptools/_distutils/__init__.pyc
03-07 12:27:32.716  6490  6579 V python  : extracting _python_bundle/site-packages/setuptools/_distutils/_msvccompiler.pyc
03-07 12:27:32.717  6490  6579 V python  : extracting _python_bundle/site-packages/setuptools/_distutils/archive_util.pyc
03-07 12:27:32.718  6490  6579 V python  : extracting _python_bundle/site-packages/setuptools/_distutils/bcppcompiler.pyc
03-07 12:27:32.718  6490  6579 V python  : extracting _python_bundle/site-packages/setuptools/_distutils/ccompiler.pyc
03-07 12:27:32.719  6490  6579 V python  : extracting _python_bundle/site-packages/setuptools/_distutils/cmd.pyc
03-07 12:27:32.720  6490  6579 V python  : extracting _python_bundle/site-packages/setuptools/_distutils/command/
03-07 12:27:32.720  6490  6579 V python  : extracting _python_bundle/site-packages/setuptools/_distutils/command/__init__.pyc
03-07 12:27:32.720  6490  6579 V python  : extracting _python_bundle/site-packages/setuptools/_distutils/command/bdist.pyc
03-07 12:27:32.721  6490  6579 V python  : extracting _python_bundle/site-packages/setuptools/_distutils/command/bdist_dumb.pyc
03-07 12:27:32.722  6490  6579 V python  : extracting _python_bundle/site-packages/setuptools/_distutils/command/bdist_msi.pyc
03-07 12:27:32.723  6490  6579 V python  : extracting _python_bundle/site-packages/setuptools/_distutils/command/bdist_rpm.pyc
03-07 12:27:32.723  6490  6579 V python  : extracting _python_bundle/site-packages/setuptools/_distutils/command/bdist_wininst.pyc
03-07 12:27:32.724  6490  6579 V python  : extracting _python_bundle/site-packages/setuptools/_distutils/command/build.pyc
03-07 12:27:32.725  6490  6579 V python  : extracting _python_bundle/site-packages/setuptools/_distutils/command/build_clib.pyc
03-07 12:27:32.725  6490  6579 V python  : extracting _python_bundle/site-packages/setuptools/_distutils/command/build_ext.pyc
03-07 12:27:32.726  6490  6579 V python  : extracting _python_bundle/site-packages/setuptools/_distutils/command/build_py.pyc
03-07 12:27:32.726  6490  6579 V python  : extracting _python_bundle/site-packages/setuptools/_distutils/command/build_scripts.pyc
03-07 12:27:32.727  6490  6579 V python  : extracting _python_bundle/site-packages/setuptools/_distutils/command/check.pyc
03-07 12:27:32.727  6490  6579 V python  : extracting _python_bundle/site-packages/setuptools/_distutils/command/clean.pyc
03-07 12:27:32.727  6490  6579 V python  : extracting _python_bundle/site-packages/setuptools/_distutils/command/config.pyc
03-07 12:27:32.728  6490  6579 V python  : extracting _python_bundle/site-packages/setuptools/_distutils/command/install.pyc
03-07 12:27:32.729  6490  6579 V python  : extracting _python_bundle/site-packages/setuptools/_distutils/command/install_data.pyc
03-07 12:27:32.729  6490  6579 V python  : extracting _python_bundle/site-packages/setuptools/_distutils/command/install_egg_info.pyc
03-07 12:27:32.730  6490  6579 V python  : extracting _python_bundle/site-packages/setuptools/_distutils/command/install_headers.pyc
03-07 12:27:32.730  6490  6579 V python  : extracting _python_bundle/site-packages/setuptools/_distutils/command/install_lib.pyc
03-07 12:27:32.731  6490  6579 V python  : extracting _python_bundle/site-packages/setuptools/_distutils/command/install_scripts.pyc
03-07 12:27:32.731  6490  6579 V python  : extracting _python_bundle/site-packages/setuptools/_distutils/command/py37compat.pyc
03-07 12:27:32.731  6490  6579 V python  : extracting _python_bundle/site-packages/setuptools/_distutils/command/register.pyc
03-07 12:27:32.732  6490  6579 V python  : extracting _python_bundle/site-packages/setuptools/_distutils/command/sdist.pyc
03-07 12:27:32.733  6490  6579 V python  : extracting _python_bundle/site-packages/setuptools/_distutils/command/upload.pyc
03-07 12:27:32.734  6490  6579 V python  : extracting _python_bundle/site-packages/setuptools/_distutils/config.pyc
03-07 12:27:32.734  6490  6579 V python  : extracting _python_bundle/site-packages/setuptools/_distutils/core.pyc
03-07 12:27:32.735  6490  6579 V python  : extracting _python_bundle/site-packages/setuptools/_distutils/cygwinccompiler.pyc
03-07 12:27:32.735  6490  6579 V python  : extracting _python_bundle/site-packages/setuptools/_distutils/debug.pyc
03-07 12:27:32.736  6490  6579 V python  : extracting _python_bundle/site-packages/setuptools/_distutils/dep_util.pyc
03-07 12:27:32.736  6490  6579 V python  : extracting _python_bundle/site-packages/setuptools/_distutils/dir_util.pyc
03-07 12:27:32.736  6490  6579 V python  : extracting _python_bundle/site-packages/setuptools/_distutils/dist.pyc
03-07 12:27:32.738  6490  6579 V python  : extracting _python_bundle/site-packages/setuptools/_distutils/errors.pyc
03-07 12:27:32.738  6490  6579 V python  : extracting _python_bundle/site-packages/setuptools/_distutils/extension.pyc
03-07 12:27:32.739  6490  6579 V python  : extracting _python_bundle/site-packages/setuptools/_distutils/fancy_getopt.pyc
03-07 12:27:32.740  6490  6579 V python  : extracting _python_bundle/site-packages/setuptools/_distutils/file_util.pyc
03-07 12:27:32.740  6490  6579 V python  : extracting _python_bundle/site-packages/setuptools/_distutils/filelist.pyc
03-07 12:27:32.741  6490  6579 V python  : extracting _python_bundle/site-packages/setuptools/_distutils/log.pyc
03-07 12:27:32.742  6490  6579 V python  : extracting _python_bundle/site-packages/setuptools/_distutils/msvc9compiler.pyc
03-07 12:27:32.743  6490  6579 V python  : extracting _python_bundle/site-packages/setuptools/_distutils/msvccompiler.pyc
03-07 12:27:32.743  6490  6579 V python  : extracting _python_bundle/site-packages/setuptools/_distutils/py35compat.pyc
03-07 12:27:32.744  6490  6579 V python  : extracting _python_bundle/site-packages/setuptools/_distutils/py38compat.pyc
03-07 12:27:32.744  6490  6579 V python  : extracting _python_bundle/site-packages/setuptools/_distutils/spawn.pyc
03-07 12:27:32.745  6490  6579 V python  : extracting _python_bundle/site-packages/setuptools/_distutils/sysconfig.pyc
03-07 12:27:32.745  6490  6579 V python  : extracting _python_bundle/site-packages/setuptools/_distutils/text_file.pyc
03-07 12:27:32.746  6490  6579 V python  : extracting _python_bundle/site-packages/setuptools/_distutils/unixccompiler.pyc
03-07 12:27:32.746  6490  6579 V python  : extracting _python_bundle/site-packages/setuptools/_distutils/util.pyc
03-07 12:27:32.747  6490  6579 V python  : extracting _python_bundle/site-packages/setuptools/_distutils/version.pyc
03-07 12:27:32.748  6490  6579 V python  : extracting _python_bundle/site-packages/setuptools/_distutils/versionpredicate.pyc
03-07 12:27:32.748  6490  6579 V python  : extracting _python_bundle/site-packages/setuptools/_imp.pyc
03-07 12:27:32.748  6490  6579 V python  : extracting _python_bundle/site-packages/setuptools/_vendor/
03-07 12:27:32.749  6490  6579 V python  : extracting _python_bundle/site-packages/setuptools/_vendor/__init__.pyc
03-07 12:27:32.749  6490  6579 V python  : extracting _python_bundle/site-packages/setuptools/_vendor/ordered_set.pyc
03-07 12:27:32.750  6490  6579 V python  : extracting _python_bundle/site-packages/setuptools/_vendor/packaging/
03-07 12:27:32.750  6490  6579 V python  : extracting _python_bundle/site-packages/setuptools/_vendor/packaging/__about__.pyc
03-07 12:27:32.750  6490  6579 V python  : extracting _python_bundle/site-packages/setuptools/_vendor/packaging/__init__.pyc
03-07 12:27:32.751  6490  6579 V python  : extracting _python_bundle/site-packages/setuptools/_vendor/packaging/_compat.pyc
03-07 12:27:32.751  6490  6579 V python  : extracting _python_bundle/site-packages/setuptools/_vendor/packaging/_structures.pyc
03-07 12:27:32.752  6490  6579 V python  : extracting _python_bundle/site-packages/setuptools/_vendor/packaging/_typing.pyc
03-07 12:27:32.752  6490  6579 V python  : extracting _python_bundle/site-packages/setuptools/_vendor/packaging/markers.pyc
03-07 12:27:32.753  6490  6579 V python  : extracting _python_bundle/site-packages/setuptools/_vendor/packaging/requirements.pyc
03-07 12:27:32.753  6490  6579 V python  : extracting _python_bundle/site-packages/setuptools/_vendor/packaging/specifiers.pyc
03-07 12:27:32.754  6490  6579 V python  : extracting _python_bundle/site-packages/setuptools/_vendor/packaging/tags.pyc
03-07 12:27:32.755  6490  6579 V python  : extracting _python_bundle/site-packages/setuptools/_vendor/packaging/utils.pyc
03-07 12:27:32.755  6490  6579 V python  : extracting _python_bundle/site-packages/setuptools/_vendor/packaging/version.pyc
03-07 12:27:32.756  6490  6579 V python  : extracting _python_bundle/site-packages/setuptools/_vendor/pyparsing.pyc
03-07 12:27:32.760  6490  6579 V python  : extracting _python_bundle/site-packages/setuptools/archive_util.pyc
03-07 12:27:32.761  6490  6579 V python  : extracting _python_bundle/site-packages/setuptools/build_meta.pyc
03-07 12:27:32.762  6490  6579 V python  : extracting _python_bundle/site-packages/setuptools/cli-32.exe
03-07 12:27:32.763  6490  6579 V python  : extracting _python_bundle/site-packages/setuptools/cli-64.exe
03-07 12:27:32.765  6490  6579 V python  : extracting _python_bundle/site-packages/setuptools/cli.exe
03-07 12:27:32.767  6490  6579 V python  : extracting _python_bundle/site-packages/setuptools/command/
03-07 12:27:32.768  6490  6579 V python  : extracting _python_bundle/site-packages/setuptools/command/__init__.pyc
03-07 12:27:32.768  6490  6579 V python  : extracting _python_bundle/site-packages/setuptools/command/alias.pyc
03-07 12:27:32.768  6490  6579 V python  : extracting _python_bundle/site-packages/setuptools/command/bdist_egg.pyc
03-07 12:27:32.769  6490  6579 V python  : extracting _python_bundle/site-packages/setuptools/command/bdist_rpm.pyc
03-07 12:27:32.769  6490  6579 V python  : extracting _python_bundle/site-packages/setuptools/command/bdist_wininst.pyc
03-07 12:27:32.770  6490  6579 V python  : extracting _python_bundle/site-packages/setuptools/command/build_clib.pyc
03-07 12:27:32.770  6490  6579 V python  : extracting _python_bundle/site-packages/setuptools/command/build_ext.pyc
03-07 12:27:32.771  6490  6579 V python  : extracting _python_bundle/site-packages/setuptools/command/build_py.pyc
03-07 12:27:32.771  6490  6579 V python  : extracting _python_bundle/site-packages/setuptools/command/develop.pyc
03-07 12:27:32.772  6490  6579 V python  : extracting _python_bundle/site-packages/setuptools/command/dist_info.pyc
03-07 12:27:32.772  6490  6579 V python  : extracting _python_bundle/site-packages/setuptools/command/easy_install.pyc
03-07 12:27:32.774  6490  6579 V python  : extracting _python_bundle/site-packages/setuptools/command/egg_info.pyc
03-07 12:27:32.775  6490  6579 V python  : extracting _python_bundle/site-packages/setuptools/command/install.pyc
03-07 12:27:32.776  6490  6579 V python  : extracting _python_bundle/site-packages/setuptools/command/install_egg_info.pyc
03-07 12:27:32.776  6490  6579 V python  : extracting _python_bundle/site-packages/setuptools/command/install_lib.pyc
03-07 12:27:32.777  6490  6579 V python  : extracting _python_bundle/site-packages/setuptools/command/install_scripts.pyc
03-07 12:27:32.777  6490  6579 V python  : extracting _python_bundle/site-packages/setuptools/command/launcher manifest.xml
03-07 12:27:32.777  6490  6579 V python  : extracting _python_bundle/site-packages/setuptools/command/py36compat.pyc
03-07 12:27:32.778  6490  6579 V python  : extracting _python_bundle/site-packages/setuptools/command/register.pyc
03-07 12:27:32.778  6490  6579 V python  : extracting _python_bundle/site-packages/setuptools/command/rotate.pyc
03-07 12:27:32.778  6490  6579 V python  : extracting _python_bundle/site-packages/setuptools/command/saveopts.pyc
03-07 12:27:32.778  6490  6579 V python  : extracting _python_bundle/site-packages/setuptools/command/sdist.pyc
03-07 12:27:32.779  6490  6579 V python  : extracting _python_bundle/site-packages/setuptools/command/setopt.pyc
03-07 12:27:32.779  6490  6579 V python  : extracting _python_bundle/site-packages/setuptools/command/test.pyc
03-07 12:27:32.780  6490  6579 V python  : extracting _python_bundle/site-packages/setuptools/command/upload.pyc
03-07 12:27:32.780  6490  6579 V python  : extracting _python_bundle/site-packages/setuptools/command/upload_docs.pyc
03-07 12:27:32.780  6490  6579 V python  : extracting _python_bundle/site-packages/setuptools/config.pyc
03-07 12:27:32.781  6490  6579 V python  : extracting _python_bundle/site-packages/setuptools/dep_util.pyc
03-07 12:27:32.782  6490  6579 V python  : extracting _python_bundle/site-packages/setuptools/depends.pyc
03-07 12:27:32.782  6490  6579 V python  : extracting _python_bundle/site-packages/setuptools/dist.pyc
03-07 12:27:32.783  6490  6579 V python  : extracting _python_bundle/site-packages/setuptools/errors.pyc
03-07 12:27:32.783  6490  6579 V python  : extracting _python_bundle/site-packages/setuptools/extension.pyc
03-07 12:27:32.784  6490  6579 V python  : extracting _python_bundle/site-packages/setuptools/extern/
03-07 12:27:32.784  6490  6579 V python  : extracting _python_bundle/site-packages/setuptools/extern/__init__.pyc
03-07 12:27:32.784  6490  6579 V python  : extracting _python_bundle/site-packages/setuptools/glob.pyc
03-07 12:27:32.785  6490  6579 V python  : extracting _python_bundle/site-packages/setuptools/gui-32.exe
03-07 12:27:32.787  6490  6579 V python  : extracting _python_bundle/site-packages/setuptools/gui-64.exe
03-07 12:27:32.789  6490  6579 V python  : extracting _python_bundle/site-packages/setuptools/gui.exe
03-07 12:27:32.791  6490  6579 V python  : extracting _python_bundle/site-packages/setuptools/installer.pyc
03-07 12:27:32.791  6490  6579 V python  : extracting _python_bundle/site-packages/setuptools/launch.pyc
03-07 12:27:32.792  6490  6579 V python  : extracting _python_bundle/site-packages/setuptools/lib2to3_ex.pyc
03-07 12:27:32.792  6490  6579 V python  : extracting _python_bundle/site-packages/setuptools/monkey.pyc
03-07 12:27:32.792  6490  6579 V python  : extracting _python_bundle/site-packages/setuptools/msvc.pyc
03-07 12:27:32.794  6490  6579 V python  : extracting _python_bundle/site-packages/setuptools/namespaces.pyc
03-07 12:27:32.794  6490  6579 V python  : extracting _python_bundle/site-packages/setuptools/package_index.pyc
03-07 12:27:32.795  6490  6579 V python  : extracting _python_bundle/site-packages/setuptools/py34compat.pyc
03-07 12:27:32.796  6490  6579 V python  : extracting _python_bundle/site-packages/setuptools/sandbox.pyc
03-07 12:27:32.796  6490  6579 V python  : extracting _python_bundle/site-packages/setuptools/script (dev).tmpl
03-07 12:27:32.797  6490  6579 V python  : extracting _python_bundle/site-packages/setuptools/script.tmpl
03-07 12:27:32.797  6490  6579 V python  : extracting _python_bundle/site-packages/setuptools/ssl_support.pyc
03-07 12:27:32.797  6490  6579 V python  : extracting _python_bundle/site-packages/setuptools/unicode_utils.pyc
03-07 12:27:32.798  6490  6579 V python  : extracting _python_bundle/site-packages/setuptools/version.pyc
03-07 12:27:32.798  6490  6579 V python  : extracting _python_bundle/site-packages/setuptools/wheel.pyc
03-07 12:27:32.798  6490  6579 V python  : extracting _python_bundle/site-packages/setuptools/windows_support.pyc
03-07 12:27:32.799  6490  6579 V python  : extracting _python_bundle/site-packages/six-1.15.0-py3.11.egg-info/
03-07 12:27:32.799  6490  6579 V python  : extracting _python_bundle/site-packages/six-1.15.0-py3.11.egg-info/PKG-INFO
03-07 12:27:32.799  6490  6579 V python  : extracting _python_bundle/site-packages/six-1.15.0-py3.11.egg-info/SOURCES.txt
03-07 12:27:32.800  6490  6579 V python  : extracting _python_bundle/site-packages/six-1.15.0-py3.11.egg-info/dependency_links.txt
03-07 12:27:32.800  6490  6579 V python  : extracting _python_bundle/site-packages/six-1.15.0-py3.11.egg-info/top_level.txt
03-07 12:27:32.800  6490  6579 V python  : extracting _python_bundle/site-packages/six.pyc
03-07 12:27:32.801  6490  6579 V python  : extracting _python_bundle/site-packages/urllib3-2.6.3.dist-info/
03-07 12:27:32.801  6490  6579 V python  : extracting _python_bundle/site-packages/urllib3-2.6.3.dist-info/INSTALLER
03-07 12:27:32.802  6490  6579 V python  : extracting _python_bundle/site-packages/urllib3-2.6.3.dist-info/METADATA
03-07 12:27:32.802  6490  6579 V python  : extracting _python_bundle/site-packages/urllib3-2.6.3.dist-info/RECORD
03-07 12:27:32.802  6490  6579 V python  : extracting _python_bundle/site-packages/urllib3-2.6.3.dist-info/REQUESTED
03-07 12:27:32.803  6490  6579 V python  : extracting _python_bundle/site-packages/urllib3-2.6.3.dist-info/WHEEL
03-07 12:27:32.803  6490  6579 V python  : extracting _python_bundle/site-packages/urllib3-2.6.3.dist-info/licenses/
03-07 12:27:32.803  6490  6579 V python  : extracting _python_bundle/site-packages/urllib3-2.6.3.dist-info/licenses/LICENSE.txt
03-07 12:27:32.803  6490  6579 V python  : extracting _python_bundle/site-packages/urllib3/
03-07 12:27:32.804  6490  6579 V python  : extracting _python_bundle/site-packages/urllib3/__init__.pyc
03-07 12:27:32.804  6490  6579 V python  : extracting _python_bundle/site-packages/urllib3/_base_connection.pyc
03-07 12:27:32.804  6490  6579 V python  : extracting _python_bundle/site-packages/urllib3/_collections.pyc
03-07 12:27:32.805  6490  6579 V python  : extracting _python_bundle/site-packages/urllib3/_request_methods.pyc
03-07 12:27:32.805  6490  6579 V python  : extracting _python_bundle/site-packages/urllib3/_version.pyc
03-07 12:27:32.806  6490  6579 V python  : extracting _python_bundle/site-packages/urllib3/connection.pyc
03-07 12:27:32.806  6490  6579 V python  : extracting _python_bundle/site-packages/urllib3/connectionpool.pyc
03-07 12:27:32.807  6490  6579 V python  : extracting _python_bundle/site-packages/urllib3/contrib/
03-07 12:27:32.808  6490  6579 V python  : extracting _python_bundle/site-packages/urllib3/contrib/__init__.pyc
03-07 12:27:32.808  2640  2666 D OplusCoreAppService: isPackageContainsOplusCertificates be called
03-07 12:27:32.808  6490  6579 V python  : extracting _python_bundle/site-packages/urllib3/contrib/emscripten/
03-07 12:27:32.808  6490  6579 V python  : extracting _python_bundle/site-packages/urllib3/contrib/emscripten/__init__.pyc
03-07 12:27:32.809  6490  6579 V python  : extracting _python_bundle/site-packages/urllib3/contrib/emscripten/connection.pyc
03-07 12:27:32.809  6490  6579 V python  : extracting _python_bundle/site-packages/urllib3/contrib/emscripten/emscripten_fetch_worker.js
03-07 12:27:32.809  6490  6579 V python  : extracting _python_bundle/site-packages/urllib3/contrib/emscripten/fetch.pyc
03-07 12:27:32.810  6490  6579 V python  : extracting _python_bundle/site-packages/urllib3/contrib/emscripten/request.pyc
03-07 12:27:32.810  6490  6579 V python  : extracting _python_bundle/site-packages/urllib3/contrib/emscripten/response.pyc
03-07 12:27:32.811  6490  6579 V python  : extracting _python_bundle/site-packages/urllib3/contrib/pyopenssl.pyc
03-07 12:27:32.812  6490  6579 V python  : extracting _python_bundle/site-packages/urllib3/contrib/socks.pyc
03-07 12:27:32.812  6490  6579 V python  : extracting _python_bundle/site-packages/urllib3/exceptions.pyc
03-07 12:27:32.813  6490  6579 V python  : extracting _python_bundle/site-packages/urllib3/fields.pyc
03-07 12:27:32.813  6490  6579 V python  : extracting _python_bundle/site-packages/urllib3/filepost.pyc
03-07 12:27:32.814  6490  6579 V python  : extracting _python_bundle/site-packages/urllib3/http2/
03-07 12:27:32.814  6490  6579 V python  : extracting _python_bundle/site-packages/urllib3/http2/__init__.pyc
03-07 12:27:32.814  6490  6579 V python  : extracting _python_bundle/site-packages/urllib3/http2/connection.pyc
03-07 12:27:32.815  6490  6579 V python  : extracting _python_bundle/site-packages/urllib3/http2/probe.pyc
03-07 12:27:32.815  6490  6579 V python  : extracting _python_bundle/site-packages/urllib3/poolmanager.pyc
03-07 12:27:32.816  6490  6579 V python  : extracting _python_bundle/site-packages/urllib3/py.typed
03-07 12:27:32.816  6490  6579 V python  : extracting _python_bundle/site-packages/urllib3/response.pyc
03-07 12:27:32.818  6490  6579 V python  : extracting _python_bundle/site-packages/urllib3/util/
03-07 12:27:32.818  6490  6579 V python  : extracting _python_bundle/site-packages/urllib3/util/__init__.pyc
03-07 12:27:32.818  6490  6579 V python  : extracting _python_bundle/site-packages/urllib3/util/connection.pyc
03-07 12:27:32.819  6490  6579 V python  : extracting _python_bundle/site-packages/urllib3/util/proxy.pyc
03-07 12:27:32.819  6490  6579 V python  : extracting _python_bundle/site-packages/urllib3/util/request.pyc
03-07 12:27:32.820  6490  6579 V python  : extracting _python_bundle/site-packages/urllib3/util/response.pyc
03-07 12:27:32.820  6490  6579 V python  : extracting _python_bundle/site-packages/urllib3/util/retry.pyc
03-07 12:27:32.820  6490  6579 V python  : extracting _python_bundle/site-packages/urllib3/util/ssl_.pyc
03-07 12:27:32.821  6490  6579 V python  : extracting _python_bundle/site-packages/urllib3/util/ssl_match_hostname.pyc
03-07 12:27:32.822  6490  6579 V python  : extracting _python_bundle/site-packages/urllib3/util/ssltransport.pyc
03-07 12:27:32.822  6490  6579 V python  : extracting _python_bundle/site-packages/urllib3/util/timeout.pyc
03-07 12:27:32.823  6490  6579 V python  : extracting _python_bundle/site-packages/urllib3/util/url.pyc
03-07 12:27:32.823  6490  6579 V python  : extracting _python_bundle/site-packages/urllib3/util/util.pyc
03-07 12:27:32.824  6490  6579 V python  : extracting _python_bundle/site-packages/urllib3/util/wait.pyc
03-07 12:27:32.824  6490  6579 V python  : extracting _python_bundle/site-packages/usr/local/
03-07 12:27:32.825  6490  6579 V python  : extracting _python_bundle/site-packages/usr/local/bin/
03-07 12:27:32.825  6490  6579 V python  : extracting _python_bundle/site-packages/usr/local/bin/easy_install
03-07 12:27:32.825  6490  6579 V python  : extracting _python_bundle/site-packages/usr/local/bin/easy_install-3.11
03-07 12:27:32.826  6490  6579 V python  : extracting _python_bundle/stdlib.zip
03-07 12:27:32.832  1445  1470 D bspCriticalLog: power_monitor cpu-0-0-usr: open fail -1
03-07 12:27:32.833  1445  1470 D bspCriticalLog: power_monitor cpu-1-0-usr: open fail -1
03-07 12:27:32.851  2640  2666 D OplusCoreAppService: isPackageContainsOplusCertificates be called
03-07 12:27:32.847  7564  7564 W kworker/0:0: type=1400 audit(0.0:213421): avc: denied { write } for name="oplus_charge" dev="sda14" ino=2359300 scontext=u:r:kernel:s0 tcontext=u:object_r:system_data_file:s0 tclass=dir permissive=0
03-07 12:27:32.870  1823  5816 D BatteryLed: getLightInColorState, oppoLightMgr empty!
03-07 12:27:32.943  6490  6490 V pythonutil: Checking pattern libsqlite3\.so against libSDL2.so
03-07 12:27:32.943  6490  6490 V pythonutil: Checking pattern libsqlite3\.so against libSDL2_ttf.so
03-07 12:27:32.943  6490  6490 V pythonutil: Checking pattern libsqlite3\.so against libSDL2_mixer.so
03-07 12:27:32.943  6490  6490 V pythonutil: Checking pattern libsqlite3\.so against libssl1.1.so
03-07 12:27:32.943  6490  6490 V pythonutil: Checking pattern libsqlite3\.so against libpybundle.so
03-07 12:27:32.943  6490  6490 V pythonutil: Checking pattern libsqlite3\.so against libmain.so
03-07 12:27:32.943  6490  6490 V pythonutil: Checking pattern libsqlite3\.so against libpython3.11.so
03-07 12:27:32.943  6490  6490 V pythonutil: Checking pattern libsqlite3\.so against libcrypto1.1.so
03-07 12:27:32.943  6490  6490 V pythonutil: Checking pattern libsqlite3\.so against libffi.so
03-07 12:27:32.943  6490  6490 V pythonutil: Checking pattern libsqlite3\.so against libsqlite3.so
03-07 12:27:32.943  6490  6490 V pythonutil: Pattern libsqlite3\.so matched file libsqlite3.so
03-07 12:27:32.943  6490  6490 V pythonutil: Checking pattern libsqlite3\.so against libSDL2_image.so
03-07 12:27:32.944  6490  6490 V pythonutil: Checking pattern libffi\.so against libSDL2.so
03-07 12:27:32.944  6490  6490 V pythonutil: Checking pattern libffi\.so against libSDL2_ttf.so
03-07 12:27:32.944  6490  6490 V pythonutil: Checking pattern libffi\.so against libSDL2_mixer.so
03-07 12:27:32.944  6490  6490 V pythonutil: Checking pattern libffi\.so against libssl1.1.so
03-07 12:27:32.944  6490  6490 V pythonutil: Checking pattern libffi\.so against libpybundle.so
03-07 12:27:32.944  6490  6490 V pythonutil: Checking pattern libffi\.so against libmain.so
03-07 12:27:32.944  6490  6490 V pythonutil: Checking pattern libffi\.so against libpython3.11.so
03-07 12:27:32.944  6490  6490 V pythonutil: Checking pattern libffi\.so against libcrypto1.1.so
03-07 12:27:32.944  6490  6490 V pythonutil: Checking pattern libffi\.so against libffi.so
03-07 12:27:32.944  6490  6490 V pythonutil: Pattern libffi\.so matched file libffi.so
03-07 12:27:32.944  6490  6490 V pythonutil: Checking pattern libffi\.so against libsqlite3.so
03-07 12:27:32.944  6490  6490 V pythonutil: Checking pattern libffi\.so against libSDL2_image.so
03-07 12:27:32.944  6490  6490 V pythonutil: Checking pattern libpng16\.so against libSDL2.so
03-07 12:27:32.944  6490  6490 V pythonutil: Checking pattern libpng16\.so against libSDL2_ttf.so
03-07 12:27:32.944  6490  6490 V pythonutil: Checking pattern libpng16\.so against libSDL2_mixer.so
03-07 12:27:32.945  6490  6490 V pythonutil: Checking pattern libpng16\.so against libssl1.1.so
03-07 12:27:32.945  6490  6490 V pythonutil: Checking pattern libpng16\.so against libpybundle.so
03-07 12:27:32.945  6490  6490 V pythonutil: Checking pattern libpng16\.so against libmain.so
03-07 12:27:32.945  6490  6490 V pythonutil: Checking pattern libpng16\.so against libpython3.11.so
03-07 12:27:32.945  6490  6490 V pythonutil: Checking pattern libpng16\.so against libcrypto1.1.so
03-07 12:27:32.945  6490  6490 V pythonutil: Checking pattern libpng16\.so against libffi.so
03-07 12:27:32.945  6490  6490 V pythonutil: Checking pattern libpng16\.so against libsqlite3.so
03-07 12:27:32.945  6490  6490 V pythonutil: Checking pattern libpng16\.so against libSDL2_image.so
03-07 12:27:32.945  6490  6490 V pythonutil: Checking pattern libssl.*\.so against libSDL2.so
03-07 12:27:32.945  6490  6490 V pythonutil: Checking pattern libssl.*\.so against libSDL2_ttf.so
03-07 12:27:32.945  6490  6490 V pythonutil: Checking pattern libssl.*\.so against libSDL2_mixer.so
03-07 12:27:32.945  6490  6490 V pythonutil: Checking pattern libssl.*\.so against libssl1.1.so
03-07 12:27:32.945  6490  6490 V pythonutil: Pattern libssl.*\.so matched file libssl1.1.so
03-07 12:27:32.945  6490  6490 V pythonutil: Checking pattern libssl.*\.so against libpybundle.so
03-07 12:27:32.945  6490  6490 V pythonutil: Checking pattern libssl.*\.so against libmain.so
03-07 12:27:32.945  6490  6490 V pythonutil: Checking pattern libssl.*\.so against libpython3.11.so
03-07 12:27:32.945  6490  6490 V pythonutil: Checking pattern libssl.*\.so against libcrypto1.1.so
03-07 12:27:32.945  6490  6490 V pythonutil: Checking pattern libssl.*\.so against libffi.so
03-07 12:27:32.945  6490  6490 V pythonutil: Checking pattern libssl.*\.so against libsqlite3.so
03-07 12:27:32.945  6490  6490 V pythonutil: Checking pattern libssl.*\.so against libSDL2_image.so
03-07 12:27:32.946  6490  6490 V pythonutil: Checking pattern libcrypto.*\.so against libSDL2.so
03-07 12:27:32.946  6490  6490 V pythonutil: Checking pattern libcrypto.*\.so against libSDL2_ttf.so
03-07 12:27:32.946  6490  6490 V pythonutil: Checking pattern libcrypto.*\.so against libSDL2_mixer.so
03-07 12:27:32.946  6490  6490 V pythonutil: Checking pattern libcrypto.*\.so against libssl1.1.so
03-07 12:27:32.946  6490  6490 V pythonutil: Checking pattern libcrypto.*\.so against libpybundle.so
03-07 12:27:32.946  6490  6490 V pythonutil: Checking pattern libcrypto.*\.so against libmain.so
03-07 12:27:32.946  6490  6490 V pythonutil: Checking pattern libcrypto.*\.so against libpython3.11.so
03-07 12:27:32.946  6490  6490 V pythonutil: Checking pattern libcrypto.*\.so against libcrypto1.1.so
03-07 12:27:32.946  6490  6490 V pythonutil: Pattern libcrypto.*\.so matched file libcrypto1.1.so
03-07 12:27:32.946  6490  6490 V pythonutil: Checking pattern libcrypto.*\.so against libffi.so
03-07 12:27:32.946  6490  6490 V pythonutil: Checking pattern libcrypto.*\.so against libsqlite3.so
03-07 12:27:32.946  6490  6490 V pythonutil: Checking pattern libcrypto.*\.so against libSDL2_image.so
03-07 12:27:32.946  6490  6490 V pythonutil: Checking pattern libSDL2\.so against libSDL2.so
03-07 12:27:32.946  6490  6490 V pythonutil: Pattern libSDL2\.so matched file libSDL2.so
03-07 12:27:32.946  6490  6490 V pythonutil: Checking pattern libSDL2\.so against libSDL2_ttf.so
03-07 12:27:32.946  6490  6490 V pythonutil: Checking pattern libSDL2\.so against libSDL2_mixer.so
03-07 12:27:32.946  6490  6490 V pythonutil: Checking pattern libSDL2\.so against libssl1.1.so
03-07 12:27:32.946  6490  6490 V pythonutil: Checking pattern libSDL2\.so against libpybundle.so
03-07 12:27:32.947  6490  6490 V pythonutil: Checking pattern libSDL2\.so against libmain.so
03-07 12:27:32.947  6490  6490 V pythonutil: Checking pattern libSDL2\.so against libpython3.11.so
03-07 12:27:32.947  6490  6490 V pythonutil: Checking pattern libSDL2\.so against libcrypto1.1.so
03-07 12:27:32.947  6490  6490 V pythonutil: Checking pattern libSDL2\.so against libffi.so
03-07 12:27:32.947  6490  6490 V pythonutil: Checking pattern libSDL2\.so against libsqlite3.so
03-07 12:27:32.947  6490  6490 V pythonutil: Checking pattern libSDL2\.so against libSDL2_image.so
03-07 12:27:32.947  6490  6490 V pythonutil: Checking pattern libSDL2_image\.so against libSDL2.so
03-07 12:27:32.947  6490  6490 V pythonutil: Checking pattern libSDL2_image\.so against libSDL2_ttf.so
03-07 12:27:32.947  6490  6490 V pythonutil: Checking pattern libSDL2_image\.so against libSDL2_mixer.so
03-07 12:27:32.947  6490  6490 V pythonutil: Checking pattern libSDL2_image\.so against libssl1.1.so
03-07 12:27:32.947  6490  6490 V pythonutil: Checking pattern libSDL2_image\.so against libpybundle.so
03-07 12:27:32.947  6490  6490 V pythonutil: Checking pattern libSDL2_image\.so against libmain.so
03-07 12:27:32.947  6490  6490 V pythonutil: Checking pattern libSDL2_image\.so against libpython3.11.so
03-07 12:27:32.947  6490  6490 V pythonutil: Checking pattern libSDL2_image\.so against libcrypto1.1.so
03-07 12:27:32.947  6490  6490 V pythonutil: Checking pattern libSDL2_image\.so against libffi.so
03-07 12:27:32.947  6490  6490 V pythonutil: Checking pattern libSDL2_image\.so against libsqlite3.so
03-07 12:27:32.947  6490  6490 V pythonutil: Checking pattern libSDL2_image\.so against libSDL2_image.so
03-07 12:27:32.947  6490  6490 V pythonutil: Pattern libSDL2_image\.so matched file libSDL2_image.so
03-07 12:27:32.947  6490  6490 V pythonutil: Checking pattern libSDL2_mixer\.so against libSDL2.so
03-07 12:27:32.947  6490  6490 V pythonutil: Checking pattern libSDL2_mixer\.so against libSDL2_ttf.so
03-07 12:27:32.947  6490  6490 V pythonutil: Checking pattern libSDL2_mixer\.so against libSDL2_mixer.so
03-07 12:27:32.947  6490  6490 V pythonutil: Pattern libSDL2_mixer\.so matched file libSDL2_mixer.so
03-07 12:27:32.947  6490  6490 V pythonutil: Checking pattern libSDL2_mixer\.so against libssl1.1.so
03-07 12:27:32.948  6490  6490 V pythonutil: Checking pattern libSDL2_mixer\.so against libpybundle.so
03-07 12:27:32.948  6490  6490 V pythonutil: Checking pattern libSDL2_mixer\.so against libmain.so
03-07 12:27:32.948  6490  6490 V pythonutil: Checking pattern libSDL2_mixer\.so against libpython3.11.so
03-07 12:27:32.948  6490  6490 V pythonutil: Checking pattern libSDL2_mixer\.so against libcrypto1.1.so
03-07 12:27:32.948  6490  6490 V pythonutil: Checking pattern libSDL2_mixer\.so against libffi.so
03-07 12:27:32.948  6490  6490 V pythonutil: Checking pattern libSDL2_mixer\.so against libsqlite3.so
03-07 12:27:32.948  6490  6490 V pythonutil: Checking pattern libSDL2_mixer\.so against libSDL2_image.so
03-07 12:27:32.948  6490  6490 V pythonutil: Checking pattern libSDL2_ttf\.so against libSDL2.so
03-07 12:27:32.948  6490  6490 V pythonutil: Checking pattern libSDL2_ttf\.so against libSDL2_ttf.so
03-07 12:27:32.948  6490  6490 V pythonutil: Pattern libSDL2_ttf\.so matched file libSDL2_ttf.so
03-07 12:27:32.948  6490  6490 V pythonutil: Checking pattern libSDL2_ttf\.so against libSDL2_mixer.so
03-07 12:27:32.948  6490  6490 V pythonutil: Checking pattern libSDL2_ttf\.so against libssl1.1.so
03-07 12:27:32.948  6490  6490 V pythonutil: Checking pattern libSDL2_ttf\.so against libpybundle.so
03-07 12:27:32.948  6490  6490 V pythonutil: Checking pattern libSDL2_ttf\.so against libmain.so
03-07 12:27:32.948  6490  6490 V pythonutil: Checking pattern libSDL2_ttf\.so against libpython3.11.so
03-07 12:27:32.948  6490  6490 V pythonutil: Checking pattern libSDL2_ttf\.so against libcrypto1.1.so
03-07 12:27:32.948  6490  6490 V pythonutil: Checking pattern libSDL2_ttf\.so against libffi.so
03-07 12:27:32.948  6490  6490 V pythonutil: Checking pattern libSDL2_ttf\.so against libsqlite3.so
03-07 12:27:32.948  6490  6490 V pythonutil: Checking pattern libSDL2_ttf\.so against libSDL2_image.so
03-07 12:27:32.948  6490  6490 V pythonutil: Loading library: sqlite3
03-07 12:27:32.950  6490  6490 V pythonutil: Loading library: ffi
03-07 12:27:32.950  6490  6490 V pythonutil: Loading library: ssl1.1
03-07 12:27:32.952  6490  6490 V pythonutil: Loading library: crypto1.1
03-07 12:27:32.953  6490  6490 V pythonutil: Loading library: SDL2
03-07 12:27:32.954  6490  6490 V pythonutil: Loading library: SDL2_image
03-07 12:27:32.955  6490  6490 V pythonutil: Loading library: SDL2_mixer
03-07 12:27:32.956  6490  6490 V pythonutil: Loading library: SDL2_ttf
03-07 12:27:32.960  6490  6490 V pythonutil: Loading library: python3.5m
03-07 12:27:32.962  6490  6490 V pythonutil: Library loading error: dlopen failed: library "libpython3.5m.so" not found
03-07 12:27:32.962  6490  6490 V pythonutil: Loading library: python3.6m
03-07 12:27:32.963  6490  6490 V pythonutil: Library loading error: dlopen failed: library "libpython3.6m.so" not found
03-07 12:27:32.963  6490  6490 V pythonutil: Loading library: python3.7m
03-07 12:27:32.964  6490  6490 V pythonutil: Library loading error: dlopen failed: library "libpython3.7m.so" not found
03-07 12:27:32.964  6490  6490 V pythonutil: Loading library: python3.8
03-07 12:27:32.965  6490  6490 V pythonutil: Library loading error: dlopen failed: library "libpython3.8.so" not found
03-07 12:27:32.965  6490  6490 V pythonutil: Loading library: python3.9
03-07 12:27:32.966  6490  6490 V pythonutil: Library loading error: dlopen failed: library "libpython3.9.so" not found
03-07 12:27:32.966  6490  6490 V pythonutil: Loading library: python3.10
03-07 12:27:32.966  6490  6490 V pythonutil: Library loading error: dlopen failed: library "libpython3.10.so" not found
03-07 12:27:32.966  6490  6490 V pythonutil: Loading library: python3.11
03-07 12:27:32.969  6490  6490 V pythonutil: Loading library: main
03-07 12:27:32.970  6490  6490 V pythonutil: Loaded everything!
03-07 12:27:32.970  6490  6490 V SDL     : nativeSetupJNI()
03-07 12:27:32.972  6490  6490 V SDL     : AUDIO nativeSetupJNI()
03-07 12:27:32.972  6490  6490 V SDL     : CONTROLLER nativeSetupJNI()
03-07 12:27:32.995  6490  6490 E Parcel  : Reading a NULL string not supported here.
03-07 12:27:32.996 20101 20306 E Parcel  : Reading a NULL string not supported here.
03-07 12:27:32.997  6490  6490 E Parcel  : Reading a NULL string not supported here.
03-07 12:27:32.997  6490  6490 E Parcel  : Reading a NULL string not supported here.
03-07 12:27:32.997  1823  2040 W Searchables: No web search activity found
03-07 12:27:32.998  6490  6490 E Parcel  : Reading a NULL string not supported here.
03-07 12:27:32.998  6490  6490 I chatty  : uid=10773(com.jurnalsaham.jurnalsahamihsg) identical 3 lines
03-07 12:27:32.998  6490  6490 E Parcel  : Reading a NULL string not supported here.
03-07 12:27:32.998 20101 20306 E Parcel  : Reading a NULL string not supported here.
03-07 12:27:32.998  6490  6490 E Parcel  : Reading a NULL string not supported here.
03-07 12:27:33.000  6490  6490 I chatty  : uid=10773(com.jurnalsaham.jurnalsahamihsg) identical 7 lines
03-07 12:27:33.000  6490  6490 E Parcel  : Reading a NULL string not supported here.
03-07 12:27:33.000 20101 20306 E Parcel  : Reading a NULL string not supported here.
03-07 12:27:33.000  6490  6490 E Parcel  : Reading a NULL string not supported here.
03-07 12:27:33.002  6490  6490 I chatty  : uid=10773(com.jurnalsaham.jurnalsahamihsg) identical 11 lines
03-07 12:27:33.002  6490  6490 E Parcel  : Reading a NULL string not supported here.
03-07 12:27:33.002 20101 20306 E Parcel  : Reading a NULL string not supported here.
03-07 12:27:33.004 20101 20306 E Parcel  : Reading a NULL string not supported here.
03-07 12:27:33.005  6490  6490 V PythonActivity: Setting env vars for start.c and Python to use
03-07 12:27:33.005  6490  6490 V PythonActivity: Access to our meta-data...
03-07 12:27:33.005 20101 20306 E Parcel  : Reading a NULL string not supported here.
03-07 12:27:33.007  6490  6490 I PythonActivity: Surface will NOT be transparent
03-07 12:27:33.007 20101 20306 E Parcel  : Reading a NULL string not supported here.
03-07 12:27:33.014 20101 20306 I chatty  : uid=10550(com.coloros.gamespace) pool-3-thread-4 identical 5 lines
03-07 12:27:33.016 20101 20306 E Parcel  : Reading a NULL string not supported here.
03-07 12:27:33.019  1823  3196 D OppoDisplayPolicy: com.jurnalsaham.jurnalsahamihsg, no change cutoutMode: 0
03-07 12:27:33.020 20101 20306 E Parcel  : Reading a NULL string not supported here.
03-07 12:27:33.023  1823  2011 D PowerManagerService: setScreenBrightnessOverrideFromWindowManagerInternal brightness=NaN mScreenBrightnessOverrideFromWindowManager=NaN
03-07 12:27:33.026 20101 20306 I chatty  : uid=10550(com.coloros.gamespace) pool-3-thread-4 identical 4 lines
03-07 12:27:33.028 20101 20306 E Parcel  : Reading a NULL string not supported here.
03-07 12:27:33.031  6490  6490 V SDL     : surfaceCreated()
03-07 12:27:33.031  6490  6490 V SDL     : surfaceChanged()
03-07 12:27:33.032  6490  6490 V SDL     : Window size: 1080x2083
03-07 12:27:33.032  6490  6490 V SDL     : Device size: 1080x2340
03-07 12:27:33.034  1150  1150 E OppoExLayer: using cid as pid, cid=6490, name=Background for -SurfaceView - com.jurnalsaham.jurnalsahamihsg/org.kivy.android.PythonActivity#0
03-07 12:27:33.035  6490  6490 V SensorManager: RegisterListener bmi160 Accelerometer Non-wakeup type:1 delay:20000us by org.libsdl.app.SDLSurface
03-07 12:27:33.036  6490  6490 E Parcel  : Reading a NULL string not supported here.
03-07 12:27:33.036  1823  3196 D SensorService: createSensorEventConnection, mCurrentOperatingMode = 0, requestedMode = 0
03-07 12:27:33.038  1823  2370 W SensorService: SensorEventConnection sensor handle=11, package = org.libsdl.app.SDLSurface enable
03-07 12:27:33.038  1823  2370 E SensorService: Required app org.libsdl.app.SDLSurface, uid 10773, pid 6490
03-07 12:27:33.038  1823  2370 D SensorService: OplusSensorServiceUtils, sensorType=1
03-07 12:27:33.038  1823  2370 D SensorService: Calling batch handle==11 flags=0rate=20000000 timeout== 0
03-07 12:27:33.038  1823  2370 D SensorService: SensorDevice::batch: ident=0x7c1c4604c0, handle=0x0000000b, flags=0, period_ns=20000000 timeout=0
03-07 12:27:33.038  1823  2370 D SensorService: 	>>> curr_period=50000000 min_period=20000000 curr_timeout=0 min_timeout=0
03-07 12:27:33.038  1823  2370 D SensorService: 	>>> actuating h/w BATCH 0x0000000b 20000000 0
03-07 12:27:33.038  1093  1093 I sensors-hal: batch:254, android.sensor.accelerometer/11, period=20000000, max_latency=0
03-07 12:27:33.038  1093  1093 I sensors-hal: batch:276, android.sensor.accelerometer/11, period=20000000, max_latency=0 request completed
03-07 12:27:33.039  1823  2370 D SensorService: 	>>> actuating h/w flush 11
03-07 12:27:33.039  1093  1093 I sensors-hal: flush:296, android.sensor.accelerometer/11
03-07 12:27:33.039  1093 10193 I sensors-hal: ssc_conn_resp_cb:672, resp_value = 0
03-07 12:27:33.059  1093  1093 I sensors-hal: flush:302, android.sensor.accelerometer/11 completed
03-07 12:27:33.059  1823  2370 D SensorService: recordConnection in enable
03-07 12:27:33.059  1823  2370 D SensorService: Calling activate on 11
03-07 12:27:33.059  1823  2370 D SensorService: SensorDevice::activate: ident=0x7c1c4604c0, handle=0x0000000b, enabled=1, count=3
03-07 12:27:33.059  1823  2370 D SensorService: enable index=0
03-07 12:27:33.059  1823  2370 D SensorService: info.numActiveClients() = 3, info.isActive = 1
03-07 12:27:33.059  1823  2370 D SensorService: activateHardware = 0
03-07 12:27:33.060  1093 10193 I sensors-hal: ssc_conn_resp_cb:672, resp_value = 0
03-07 12:27:33.060  6490  6490 V SensorManager: RegisterListener bmi160 Accelerometer Non-wakeup type:1 delay:20000us by org.libsdl.app.SDLSurface
03-07 12:27:33.060  6490  6644 V SDL     : Running main function SDL_main from library /data/app/~~7p0b0Y4MiUNjlIZ0OHhL6g==/com.jurnalsaham.jurnalsahamihsg-hnPff5yVuDTM31dJQNC1tA==/lib/arm64/libmain.so
03-07 12:27:33.060  6490  6644 V PythonActivity: appConfirmedActive() -> preparing loading screen removal
03-07 12:27:33.060  6490  6644 V SDL     : nativeRunMain()
03-07 12:27:33.060  1823  2392 D SensorService: flush complete event sensor==11 
03-07 12:27:33.061  1823  2392 D SensorService: flush complete event sensor==11 
03-07 12:27:33.061  1823  2392 D SensorService: First flush event for sensor==11 
03-07 12:27:33.061  1823  2392 D SensorService: flush complete event sensor==11 
03-07 12:27:33.061  1823  2392 I chatty  : uid=1000(system) SensorService identical 7 lines
03-07 12:27:33.061  1823  2392 D SensorService: flush complete event sensor==11 
03-07 12:27:33.061  6490  6644 I python  : Initializing Python for Android
03-07 12:27:33.062  6490  6644 I python  : Setting additional env vars from p4a_env_vars.txt
03-07 12:27:33.062  6490  6644 I python  : Changing directory to the one provided by ANDROID_ARGUMENT
03-07 12:27:33.062  6490  6644 I python  : /data/user/0/com.jurnalsaham.jurnalsahamihsg/files/app
03-07 12:27:33.062  6490  6644 I python  : Preparing to initialize python
03-07 12:27:33.062  6490  6644 I python  : _python_bundle dir exists
03-07 12:27:33.062  6490  6644 I python  : calculated paths to be...
03-07 12:27:33.062  6490  6644 I python  : /data/user/0/com.jurnalsaham.jurnalsahamihsg/files/app/_python_bundle/stdlib.zip:/data/user/0/com.jurnalsaham.jurnalsahamihsg/files/app/_python_bundle/modules
03-07 12:27:33.062  6490  6644 I python  : set wchar paths...
03-07 12:27:33.065  1823  3196 D InputMethodManagerService: isSecurity: attribute.packageName=com.jurnalsaham.jurnalsahamihsg
03-07 12:27:33.065  1823  3196 D InputMethodManagerService: isSecurity= false (  enable=false needShow=false inBlackList=false  isExist=true )
03-07 12:27:33.067  4239  4239 I GoogleInputMethodService: GoogleInputMethodService.onFinishInput():2113 
03-07 12:27:33.068  4239  4239 I Module  : DeviceLockedStatusModuleProvider$Module.updateDeviceLockedStatus():103 repeatCheckTimes = 0, locked = false
03-07 12:27:33.069  4239  4239 I GoogleInputMethodService: GoogleInputMethodService.onStartInput():1384 onStartInput(EditorInfo{EditorInfo{packageName=com.jurnalsaham.jurnalsahamihsg, inputType=0, inputTypeString=NULL, enableLearning=false, autoCorrection=false, autoComplete=false, imeOptions=0, privateImeOptions=null, actionName=UNSPECIFIED, actionLabel=null, initialSelStart=-1, initialSelEnd=-1, initialCapsMode=0, label=null, fieldId=-1, fieldName=null, extras=null, hintText=null, hintLocales=[]}}, false)
03-07 12:27:33.069  4239  4239 I AndroidIME: LatinIMEBase.updateInputViewCoverNavigation():314 Update input view padding, extendsTouchBelowSpace=false, bottom inset=149
03-07 12:27:33.070  4239  4239 I Module  : DeviceLockedStatusModuleProvider$Module.updateDeviceLockedStatus():103 repeatCheckTimes = 1, locked = false
03-07 12:27:33.071  1823  2370 D OppoDisplayPolicy: com.jurnalsaham.jurnalsahamihsg, no change cutoutMode: 0
03-07 12:27:33.087  6490  6490 W SDLThread: type=1400 audit(0.0:213422): avc: granted { execute } for path="/data/data/com.jurnalsaham.jurnalsahamihsg/files/app/_python_bundle/modules/zlib.cpython-311.so" dev="sda14" ino=3569177 scontext=u:r:untrusted_app:s0:c5,c259,c512,c768 tcontext=u:object_r:app_data_file:s0:c5,c259,c512,c768 tclass=file app=com.jurnalsaham.jurnalsahamihsg
03-07 12:27:33.111  6490  6644 I python  : Initialized python
03-07 12:27:33.111  6490  6644 I python  : AND: Init threads
03-07 12:27:33.111  6490  6644 I python  : testing python print redirection
03-07 12:27:33.112  6490  6644 I python  : Android path ['.', '/data/user/0/com.jurnalsaham.jurnalsahamihsg/files/app/_python_bundle/stdlib.zip', '/data/user/0/com.jurnalsaham.jurnalsahamihsg/files/app/_python_bundle/modules', '/data/user/0/com.jurnalsaham.jurnalsahamihsg/files/app/_python_bundle/site-packages']
03-07 12:27:33.112  6490  6644 I python  : os.environ is environ({'PATH': '/product/bin:/apex/com.android.runtime/bin:/apex/com.android.art/bin:/system_ext/bin:/system/bin:/system/xbin:/odm/bin:/vendor/bin:/vendor/xbin', 'ANDROID_BOOTLOGO': '1', 'ANDROID_ROOT': '/system', 'ANDROID_ASSETS': '/system/app', 'ANDROID_DATA': '/data', 'ANDROID_STORAGE': '/storage', 'ANDROID_ART_ROOT': '/apex/com.android.art', 'ANDROID_I18N_ROOT': '/apex/com.android.i18n', 'ANDROID_TZDATA_ROOT': '/apex/com.android.tzdata', 'EXTERNAL_STORAGE': '/sdcard', 'ASEC_MOUNTPOINT': '/mnt/asec', 'BOOTCLASSPATH': '/apex/com.android.art/javalib/core-oj.jar:/apex/com.android.art/javalib/core-libart.jar:/apex/com.android.art/javalib/core-icu4j.jar:/apex/com.android.art/javalib/okhttp.jar:/apex/com.android.art/javalib/bouncycastle.jar:/apex/com.android.art/javalib/apache-xml.jar:/system/framework/framework.jar:/system/framework/ext.jar:/system/framework/telephony-common.jar:/system/framework/voip-common.jar:/system/framework/ims-common.jar:/system/framework/framework-atb-backward-compatibility.jar:/system/framework/oplus-framework.jar:/system/framework/coloros-support-wrapper.jar:/system/framework/ifaamanager.jar:/system/framework/tcmiface.jar:/system/framework/telephony-ext.jar:/system/framework/qcom.fmradio.jar:/system/framework/QPerformance.jar:/system/framework/UxPerformance.jar:/system/framework/WfdCommon.jar:/apex/com.android.conscrypt/javalib/conscrypt.jar:/apex/com.android.media/javalib/updatable-media.jar:/apex/com.android.mediaprovider/javalib/framework-mediaprovider.jar:/apex/com.android.os.statsd/javalib/framework-statsd.jar:/apex/com.android.permission/javalib/framework-permission.jar:/apex/com.android.sdkext/javalib/framework-sdkextensions.jar:/apex/com.android.wifi/javalib/framework-wifi.jar:/apex/com.android.tethering/javalib/framework-tethering.jar', 'DEX2OATBOOTCLASSPATH': '/apex/com.android.art/javalib/core-oj.jar:/apex/com.android.art/javalib/core-libart.jar:/apex/com.android.art/javalib/core-icu4j.jar:/apex/com.android.art/javalib/okhttp.jar:/apex/com.android.art/javalib/bouncycastle.jar:/apex/com.android.art/javalib/apache-xml.jar:/system/framework/framework.jar:/system/framework/ext.jar:/system/framework/telephony-common.jar:/system/framework/voip-common.jar:/system/framework/ims-common.jar:/system/framework/framework-atb-backward-compatibility.jar:/system/framework/oplus-framework.jar:/system/framework/coloros-support-wrapper.jar:/system/framework/ifaamanager.jar:/system/framework/tcmiface.jar:/system/framework/telephony-ext.jar:/system/framework/qcom.fmradio.jar:/system/framework/QPerformance.jar:/system/framework/UxPerformance.jar:/system/framework/WfdCommon.jar', 'SYSTEMSERVERCLASSPATH': '/system/framework/com.android.location.provider.jar:/system/framework/services.jar:/system/framework/ethernet-service.jar:/system/framework/oplus-services.jar:/system/framework/coloros-internal-services.jar:/system/framework/oplus-service-jobscheduler.jar:/apex/com.android.permission/javalib/service-permission.jar:/apex/com.android.wifi/javalib/service-wifi.jar:/apex/com.android.ipsec/javalib/android.net.ipsec.ike.jar', 'MY_CUSTOM_ROOT': '/my_custom', 'MY_SPECIAL_PRELOAD_ROOT': '/special_preload', 'MY_CARRIER_ROOT': '/my_carrier', 'MY_REGION_ROOT': '/my_region', 'MY_COMPANY_ROOT': '/my_company', 'MY_ENGINEER_ROOT': '/my_engineering', 'MY_ENGINEERING_ROOT': '/my_engineering', 'MY_PRODUCT_ROOT': '/my_product', 'MY_VERSION_ROOT': '/my_version', 'MY_OPERATOR_ROOT': '/my_carrier', 'MY_COUNTRY_ROOT': '/my_region', 'MY_ODM_ROOT': '/odm', 'MY_PRELOAD_ROOT': '/my_preload', 'MY_HEYTAP_ROOT': '/my_heytap', 'MY_STOCK_ROOT': '/my_stock', 'OPPO_CUSTOM_ROOT': '/my_company', 'OPPO_ENGINEER_ROOT': '/my_engineering', 'OPPO_PRODUCT_ROOT': '/my_product', 'OPPO_VERSION_ROOT': '/my_version', 'MY_MANIFEST_ROOT': '/my_manifest', 'DOWNLOAD_CACHE': '/data/cache', 'XKIT': '/system/system_ext/xbin/xkit_10', 'ANDROID_SOCKET_zygote': '21', 'ANDROID_SOCKET_usap_pool_primary': '22', 'ANDROID_ENTRYPOINT': 'main.pyc', 'ANDROID_ARGUMENT': '/data/user/0/com.jurnalsaham.jurnalsahamihsg/files
03-07 12:27:33.113  6490  6644 I python  : Android kivy bootstrap done. __name__ is __main__
03-07 12:27:33.113  6490  6644 I python  : AND: Ran string
03-07 12:27:33.113  6490  6644 I python  : Run user program, change dir and execute entrypoint
03-07 12:27:33.113  1823  2040 W Searchables: No web search activity found
03-07 12:27:33.126  1823  2040 D ArtManagerInternalImpl: /data/misc/iorapd/com.jurnalsaham.jurnalsahamihsg/1021100/org.kivy.android.PythonActivity/compiled_traces/compiled_trace.pb doesn't exist
03-07 12:27:33.127  1823  2040 I ActivityTaskManager: Displayed com.jurnalsaham.jurnalsahamihsg/org.kivy.android.PythonActivity: +1s385ms
03-07 12:27:33.147  6490  6490 W SDLThread: type=1400 audit(0.0:213423): avc: granted { execute } for path="/data/data/com.jurnalsaham.jurnalsahamihsg/files/app/_python_bundle/modules/_json.cpython-311.so" dev="sda14" ino=3566950 scontext=u:r:untrusted_app:s0:c5,c259,c512,c768 tcontext=u:object_r:app_data_file:s0:c5,c259,c512,c768 tclass=file app=com.jurnalsaham.jurnalsahamihsg
03-07 12:27:33.167  6490  6490 W SDLThread: type=1400 audit(0.0:213424): avc: granted { execute } for path="/data/data/com.jurnalsaham.jurnalsahamihsg/files/app/_python_bundle/modules/_lzma.cpython-311.so" dev="sda14" ino=3567020 scontext=u:r:untrusted_app:s0:c5,c259,c512,c768 tcontext=u:object_r:app_data_file:s0:c5,c259,c512,c768 tclass=file app=com.jurnalsaham.jurnalsahamihsg
03-07 12:27:33.187  6490  6490 W SDLThread: type=1400 audit(0.0:213425): avc: granted { execute } for path="/data/data/com.jurnalsaham.jurnalsahamihsg/files/app/_python_bundle/modules/_typing.cpython-311.so" dev="sda14" ino=3568502 scontext=u:r:untrusted_app:s0:c5,c259,c512,c768 tcontext=u:object_r:app_data_file:s0:c5,c259,c512,c768 tclass=file app=com.jurnalsaham.jurnalsahamihsg
03-07 12:27:33.205 20101 20306 E Parcel  : Reading a NULL string not supported here.
03-07 12:27:33.219 10065 10112 I Finsky  : [53169] SCH: Scheduling 1 system job(s)
03-07 12:27:33.219 10065 10112 D BaseJobBuilder: set process for client: com.android.vending
03-07 12:27:33.219 10065 10112 I Finsky  : [53169] SCH: Scheduling system job Id: 9226, L: 9691, D: 78157151, C: false, I: false, N: 1
03-07 12:27:33.075  1823  2011 D PowerManagerService: setScreenBrightnessOverrideFromWindowManagerInternal brightness=NaN mScreenBrightnessOverrideFromWindowManager=NaN
03-07 12:27:33.233  1823  3196 V AlarmManager: set(null) : type=3 when=287477325whenElapsed287477325maxWhen =287489091 win=11766 interval=0 flags=0x0 pkg = android
03-07 12:27:33.217  6490  6490 W SDLThread: type=1400 audit(0.0:213426): avc: granted { execute } for path="/data/data/com.jurnalsaham.jurnalsahamihsg/files/app/_python_bundle/modules/math.cpython-311.so" dev="sda14" ino=3568791 scontext=u:r:untrusted_app:s0:c5,c259,c512,c768 tcontext=u:object_r:app_data_file:s0:c5,c259,c512,c768 tclass=file app=com.jurnalsaham.jurnalsahamihsg
03-07 12:27:33.248 21100 19500 I NearbyMediums: No BLE Fast/GATT advertisements found in the latest cycle.
03-07 12:27:33.248 21100 19500 I NearbyMediums: Current Tracked Scanning Clients are : {NearbyConnections.EnvironmentMonitor, NearbySharing}
03-07 12:27:33.248  1823  3196 V AlarmManager: set(null) : type=3 when=287471316whenElapsed287471316maxWhen =287471316 win=0 interval=0 flags=0x0 pkg = android
03-07 12:27:33.370 23306  5622 E native  : E0000 00:00:1772861253.369886    5622 document-store.cc:1359] Failed to update per-doc-data with usage report
03-07 12:27:33.370  6490  6644 I python  : [INFO   ] [Logger      ] Record log in /data/user/0/com.jurnalsaham.jurnalsahamihsg/files/.kivy/logs/kivy_26-03-07_23.txt
03-07 12:27:33.370  6490  6644 I python  : [INFO   ] [Kivy        ] v2.3.0
03-07 12:27:33.370  6490  6644 I python  : [INFO   ] [Kivy        ] Installed at "/data/user/0/com.jurnalsaham.jurnalsahamihsg/files/app/_python_bundle/site-packages/kivy/__init__.pyc"
03-07 12:27:33.371  6490  6644 I python  : [INFO   ] [Python      ] v3.11.5 (main, Mar  6 2026, 19:02:38) [Clang 14.0.6 (https://android.googlesource.com/toolchain/llvm-project 4c603efb0
03-07 12:27:33.371  6490  6644 I python  : [INFO   ] [Python      ] Interpreter at ""
03-07 12:27:33.372  6490  6644 I python  : [INFO   ] [Logger      ] Purge log fired. Processing...
03-07 12:27:33.372 23306  5622 I Icing   : Usage reports ok 0, Failed Usage reports 1, indexed 0, rejected 0
03-07 12:27:33.373  6490  6644 I python  : [INFO   ] [Logger      ] Purge finished!
03-07 12:27:33.407  4326  6609 D EventBus: No subscribers registered for event class com.coloros.deepthinker.common.proton.learn.schedule.a.c
03-07 12:27:33.407  4326  6609 D EventBus: No subscribers registered for event class org.greenrobot.eventbus.NoSubscriberEvent
03-07 12:27:33.555  1823  2537 W ActivityManager: Unable to start service Intent { cmp=com.nearme.gamecenter/com.heytap.cdo.client.util.BatteryJobService (has extras) } U=0: not found
03-07 12:27:33.555  1823  2537 D JobScheduler: Error executing JobStatus{dc4f3b7 #u0a100/1 com.nearme.gamecenter/com.heytap.cdo.client.util.BatteryJobService u=0 s=10100 TIME=-3d7h50m38s505ms:-3d7h50m38s505ms CHARGING PERIODIC PERSISTED READY}
03-07 12:27:33.556  1823  2537 W ActivityManager: Unable to start service Intent { cmp=com.google.android.googlequicksearchbox/com.google.android.apps.gsa.tasks.BackgroundTasksJobService (has extras) } U=0: not found
03-07 12:27:33.556  1823  2537 D JobScheduler: Error executing JobStatus{f86bacb #u0a70/-358 com.google.android.googlequicksearchbox/com.google.android.apps.gsa.tasks.BackgroundTasksJobService u=0 s=10070 TIME=-3d7h50m38s502ms:-3d7h50m38s502ms NET CHARGING PERIODIC PERSISTED READY}
03-07 12:27:33.557  1823  2537 W ActivityManager: Unable to start service Intent { cmp=com.google.android.googlequicksearchbox/com.google.android.apps.gsa.tasks.BackgroundTasksJobService (has extras) } U=0: not found
03-07 12:27:33.557  1823  2537 D JobScheduler: Error executing JobStatus{f569997 #u0a70/-350 com.google.android.googlequicksearchbox/com.google.android.apps.gsa.tasks.BackgroundTasksJobService u=0 s=10070 TIME=-3d7h50m38s502ms:-3d7h50m38s502ms PERIODIC PERSISTED READY}
03-07 12:27:33.557  1823  2537 W ActivityManager: Unable to start service Intent { cmp=com.google.android.googlequicksearchbox/com.google.android.apps.gsa.tasks.BackgroundTasksJobService (has extras) } U=0: not found
03-07 12:27:33.557  1823  2537 D JobScheduler: Error executing JobStatus{d19c8fd #u0a70/-446 com.google.android.googlequicksearchbox/com.google.android.apps.gsa.tasks.BackgroundTasksJobService u=0 s=10070 TIME=-3d7h50m38s503ms:-3d7h50m38s503ms NET PERIODIC PERSISTED READY}
03-07 12:27:33.558  1823  2537 W ActivityManager: Unable to start service Intent { cmp=com.google.android.googlequicksearchbox/com.google.android.apps.gsa.tasks.BackgroundTasksJobService (has extras) } U=0: not found
03-07 12:27:33.558  1823  2537 D JobScheduler: Error executing JobStatus{c759784 #u0a70/-462 com.google.android.googlequicksearchbox/com.google.android.apps.gsa.tasks.BackgroundTasksJobService u=0 s=10070 TIME=-3d7h50m38s502ms:-3d7h50m38s502ms PERIODIC PERSISTED READY}
03-07 12:27:33.559  1823  2537 W ActivityManager: Unable to start service Intent { cmp=com.google.android.googlequicksearchbox/com.google.android.apps.gsa.tasks.BackgroundTasksJobService (has extras) } U=0: not found
03-07 12:27:33.559  1823  2537 D JobScheduler: Error executing JobStatus{bc75a89 #u0a70/-484 com.google.android.googlequicksearchbox/com.google.android.apps.gsa.tasks.BackgroundTasksJobService u=0 s=10070 TIME=-3d7h50m38s506ms:-3d7h50m38s506ms NET CHARGING PERIODIC PERSISTED READY}
03-07 12:27:33.660 10065 10100 I Finsky  : [53160] [ContentSync] finished, scheduled=true
03-07 12:27:33.717 19906 20157 D HoraeHelper: getAllShellTemps tSize : 4
03-07 12:27:33.804  3273  3273 E OplusNecManagerHelper: com.oplus.nec.OplusNecManager.notifyOrigSignalStrengthChanged [class android.telephony.SignalStrength, int]
03-07 12:27:33.988  6490  6644 I python  : [INFO   ] [Factory     ] 195 symbols loaded
03-07 12:27:34.167  6490  6490 W SDLThread: type=1400 audit(0.0:213448): avc: granted { execute } for path="/data/data/com.jurnalsaham.jurnalsahamihsg/files/app/_python_bundle/site-packages/kivy/graphics/instructions.so" dev="sda14" ino=3684213 scontext=u:r:untrusted_app:s0:c5,c259,c512,c768 tcontext=u:object_r:app_data_file:s0:c5,c259,c512,c768 tclass=file app=com.jurnalsaham.jurnalsahamihsg
03-07 12:27:34.167  6490  6490 W SDLThread: type=1400 audit(0.0:213449): avc: granted { execute } for path="/data/data/com.jurnalsaham.jurnalsahamihsg/files/app/_python_bundle/site-packages/kivy/graphics/buffer.so" dev="sda14" ino=3684126 scontext=u:r:untrusted_app:s0:c5,c259,c512,c768 tcontext=u:object_r:app_data_file:s0:c5,c259,c512,c768 tclass=file app=com.jurnalsaham.jurnalsahamihsg
03-07 12:27:34.167  6490  6490 W SDLThread: type=1400 audit(0.0:213450): avc: granted { execute } for path="/data/data/com.jurnalsaham.jurnalsahamihsg/files/app/_python_bundle/site-packages/kivy/graphics/vertex.so" dev="sda14" ino=3684292 scontext=u:r:untrusted_app:s0:c5,c259,c512,c768 tcontext=u:object_r:app_data_file:s0:c5,c259,c512,c768 tclass=file app=com.jurnalsaham.jurnalsahamihsg
03-07 12:27:34.167  6490  6490 W SDLThread: type=1400 audit(0.0:213451): avc: granted { execute } for path="/data/data/com.jurnalsaham.jurnalsahamihsg/files/app/_python_bundle/site-packages/kivy/graphics/cgl.so" dev="sda14" ino=3684127 scontext=u:r:untrusted_app:s0:c5,c259,c512,c768 tcontext=u:object_r:app_data_file:s0:c5,c259,c512,c768 tclass=file app=com.jurnalsaham.jurnalsahamihsg
03-07 12:27:34.177  6490  6490 W SDLThread: type=1400 audit(0.0:213452): avc: granted { execute } for path="/data/data/com.jurnalsaham.jurnalsahamihsg/files/app/_python_bundle/site-packages/kivy/graphics/vbo.so" dev="sda14" ino=3684291 scontext=u:r:untrusted_app:s0:c5,c259,c512,c768 tcontext=u:object_r:app_data_file:s0:c5,c259,c512,c768 tclass=file app=com.jurnalsaham.jurnalsahamihsg
03-07 12:27:34.200  6490  6561 I jurnalsahamihs: ProcessProfilingInfo new_methods=120 is saved saved_to_disk=1 resolve_classes_delay=5000
03-07 12:27:34.220  6490  6644 I python  : [INFO   ] [Image       ] Providers: img_tex, img_dds, img_sdl2 (img_pil, img_ffpyplayer ignored)
03-07 12:27:34.221  1823  3152 I ColorResourcePreloadManager: getAiSlotMax, defaultAiSlotMax = 3
03-07 12:27:34.248  6490  6644 I python  : [INFO   ] [Text        ] Provider: sdl2
03-07 12:27:34.258  3273  3273 E OplusNecManagerHelper: com.oplus.nec.OplusNecManager.notifyOrigSignalStrengthChanged [class android.telephony.SignalStrength, int]
03-07 12:27:34.284  6490  6644 I python  : [INFO   ] [Window      ] Provider: sdl2
03-07 12:27:34.285 10248 21215 W PhoneManager.VirusRomUpdateUtil: readVirusWhiteListMD5() VIRUS_CONFIG_LIST_FILE not exist.
03-07 12:27:34.285 10248 21215 W PhoneManager.VirusRomUpdateUtil: readCloudBlackList() VIRUS_CONFIG_LIST_FILE not exist.
03-07 12:27:34.294 10248 10351 E ActivityThread: Failed to find provider info for com.oplus.securitypermission.AppControlCenterProvider
03-07 12:27:34.296  6490  6644 V hidapi  : initialize(true, false)
03-07 12:27:34.300  1823  4211 D OppoDisplayPolicy: com.jurnalsaham.jurnalsahamihsg, no change cutoutMode: 0
03-07 12:27:34.302  1823  2211 D DisplayPowerController: Animating brightness: target=977.0, rate=3200.0, source= 10
03-07 12:27:34.303  1823  2011 D PowerManagerService: setScreenBrightnessOverrideFromWindowManagerInternal brightness=NaN mScreenBrightnessOverrideFromWindowManager=NaN
03-07 12:27:34.308  1823  2211 D OplusDisplayPowerControllerFeature: RECORD:onUpdatePowerState policy:3 state:2 brightness:977
03-07 12:27:34.314  1134  2525 D AudioPolicyService: updateUidStates_l() allowCapture=true because of on TOP AND uses VOICE_RECOGNITION OR uses HOTWORD
03-07 12:27:34.314  1134  2525 D AudioPolicyService: updateUidStates_l() current->uid=10070 current->pid=17223 allowCapture=1 UidState=5 apmStat=1
03-07 12:27:34.315  1823  2537 W ActivityManager: Unable to start service Intent { cmp=com.google.android.googlequicksearchbox/com.google.android.apps.gsa.tasks.BackgroundTasksJobService (has extras) } U=0: not found
03-07 12:27:34.315  1823  2537 D JobScheduler: Error executing JobStatus{bbef7f9 #u0a70/-202 com.google.android.googlequicksearchbox/com.google.android.apps.gsa.tasks.BackgroundTasksJobService u=0 s=10070 TIME=-3d7h50m39s260ms:-3d7h50m39s260ms NET CHARGING PERIODIC PERSISTED READY}
03-07 12:27:34.316  6490  6644 E libEGL  : Invalid file path for libcolorx-loader.so
03-07 12:27:34.316  1823  2626 W LightsService: setBrightness brightness: 42.0, brightnessMode:0
03-07 12:27:34.316  1823  2537 W ActivityManager: Unable to start service Intent { cmp=com.google.android.googlequicksearchbox/com.google.android.apps.gsa.tasks.BackgroundTasksJobService (has extras) } U=0: not found
03-07 12:27:34.316  1823  2537 D JobScheduler: Error executing JobStatus{8f2d1c1 #u0a70/-362 com.google.android.googlequicksearchbox/com.google.android.apps.gsa.tasks.BackgroundTasksJobService u=0 s=10070 TIME=-3d7h50m39s262ms:-3d7h50m39s262ms PERIODIC PERSISTED READY}
03-07 12:27:34.316  6490  6644 I chatty  : uid=10773(com.jurnalsaham.jurnalsahamihsg) identical 8 lines
03-07 12:27:34.316  6490  6644 E libEGL  : Invalid file path for libcolorx-loader.so
03-07 12:27:34.317  6490  6644 V SDL     : setOrientation() requestedOrientation=1 width=800 height=600 resizable=true hint=Portrait
03-07 12:27:34.318  6490  6644 E libEGL  : Invalid file path for libcolorx-loader.so
03-07 12:27:34.319  1823  2537 W ActivityManager: Unable to start service Intent { cmp=com.google.android.googlequicksearchbox/com.google.android.apps.gsa.tasks.BackgroundTasksJobService (has extras) } U=0: not found
03-07 12:27:34.319  1823  2537 D JobScheduler: Error executing JobStatus{8bedc16 #u0a70/-148 com.google.android.googlequicksearchbox/com.google.android.apps.gsa.tasks.BackgroundTasksJobService u=0 s=10070 TIME=-3d7h50m39s264ms:-3d7h50m39s264ms NET PERIODIC PERSISTED READY}
03-07 12:27:34.319  6490  6644 I SDL/APP : pixel format wanted SDL_PIXELFORMAT_RGBA8888 (1), got SDL_PIXELFORMAT_RGBA8888 (1)
03-07 12:27:34.319  6490  6644 E libEGL  : Invalid file path for libcolorx-loader.so
03-07 12:27:34.319 10248 28649 E ActivityThread: Failed to find provider info for com.oplus.securityguard.SecurityEventProvider
03-07 12:27:34.319 10248 28649 W PhoneManager.SecurityGuardRiskAppSyncUtil: notifyRiskAppRemoved provider null
03-07 12:27:34.320  1823  2537 W ActivityManager: Unable to start service Intent { cmp=com.google.android.googlequicksearchbox/com.google.android.apps.gsa.tasks.BackgroundTasksJobService (has extras) } U=0: not found
03-07 12:27:34.320  6490  6644 E libEGL  : Invalid file path for libcolorx-loader.so
03-07 12:27:34.320  1823  2537 D JobScheduler: Error executing JobStatus{7b956ec #u0a70/-324 com.google.android.googlequicksearchbox/com.google.android.apps.gsa.tasks.BackgroundTasksJobService u=0 s=10070 TIME=-3d7h50m39s265ms:-3d7h50m39s265ms CHARGING PERIODIC PERSISTED READY}
03-07 12:27:34.321 10248  3573 E ActivityThread: Failed to find provider info for com.oplus.securitypermission.AppControlCenterProvider
03-07 12:27:34.320  6490  6644 E libEGL  : Invalid file path for libcolorx-loader.so
03-07 12:27:34.321 10248  3573 W PhoneManager.AppControlRepository: getAppControlledAppList, provider not found
03-07 12:27:34.322  1823  2537 W ActivityManager: Unable to start service Intent { cmp=com.google.android.googlequicksearchbox/com.google.android.apps.gsa.tasks.BackgroundTasksJobService (has extras) } U=0: not found
03-07 12:27:34.322  6490  6644 I python  : [INFO   ] [GL          ] Using the "OpenGL ES 2" graphics system
03-07 12:27:34.322  1823  2537 D JobScheduler: Error executing JobStatus{6c4a3a2 #u0a70/-128 com.google.android.googlequicksearchbox/com.google.android.apps.gsa.tasks.BackgroundTasksJobService u=0 s=10070 TIME=-3d7h50m39s266ms:-3d7h50m39s266ms NET PERIODIC PERSISTED READY}
03-07 12:27:34.322  6490  6644 E libEGL  : Invalid file path for libcolorx-loader.so
03-07 12:27:34.323  1823  2537 W ActivityManager: Unable to start service Intent { cmp=com.google.android.googlequicksearchbox/com.google.android.apps.gsa.tasks.BackgroundTasksJobService (has extras) } U=0: not found
03-07 12:27:34.323  1823  2537 D JobScheduler: Error executing JobStatus{653eb6d #u0a70/-406 com.google.android.googlequicksearchbox/com.google.android.apps.gsa.tasks.BackgroundTasksJobService u=0 s=10070 TIME=-3d7h50m39s267ms:-3d7h50m39s267ms NET PERIODIC PERSISTED READY}
03-07 12:27:34.325  1823  3196 W ActivityManager: Unable to start service Intent { cmp=com.google.android.googlequicksearchbox/com.google.android.apps.gsa.tasks.BackgroundTasksJobService (has extras) } U=0: not found
03-07 12:27:34.326  1823  3196 D JobScheduler: Error executing JobStatus{3ed959f #u0a70/-480 com.google.android.googlequicksearchbox/com.google.android.apps.gsa.tasks.BackgroundTasksJobService u=0 s=10070 TIME=-3d7h50m39s271ms:-3d7h50m39s271ms NET PERIODIC PERSISTED READY}
03-07 12:27:34.327  1823  3196 W ActivityManager: Unable to start service Intent { cmp=com.google.android.googlequicksearchbox/com.google.android.apps.gsa.tasks.BackgroundTasksJobService (has extras) } U=0: not found
03-07 12:27:34.327  1823  3196 D JobScheduler: Error executing JobStatus{1c8a2af #u0a70/-486 com.google.android.googlequicksearchbox/com.google.android.apps.gsa.tasks.BackgroundTasksJobService u=0 s=10070 TIME=-3d7h50m39s274ms:-3d7h50m39s274ms NET PERIODIC PERSISTED READY}
03-07 12:27:34.329  1823  3196 W ActivityManager: Unable to start service Intent { cmp=com.google.android.googlequicksearchbox/com.google.android.apps.gsa.tasks.BackgroundTasksJobService (has extras) } U=0: not found
03-07 12:27:34.329  1823  3196 D JobScheduler: Error executing JobStatus{1c21645 #u0a70/-352 com.google.android.googlequicksearchbox/com.google.android.apps.gsa.tasks.BackgroundTasksJobService u=0 s=10070 TIME=-3d7h50m39s275ms:-3d7h50m39s275ms NET PERIODIC PERSISTED READY}
03-07 12:27:34.330  1823  2626 D OplusFeatureDCBacklight: notifySfRepaintEverything begin mCurrentDCMode:-1
03-07 12:27:34.330  1823  3196 W ActivityManager: Unable to start service Intent { cmp=com.google.android.googlequicksearchbox/com.google.android.apps.gsa.tasks.BackgroundTasksJobService (has extras) } U=0: not found
03-07 12:27:34.331  1823  3196 D JobScheduler: Error executing JobStatus{cab19a #u0a70/-370 com.google.android.googlequicksearchbox/com.google.android.apps.gsa.tasks.BackgroundTasksJobService u=0 s=10070 TIME=-3d7h50m39s277ms:-3d7h50m39s277ms NET CHARGING PERIODIC PERSISTED READY}
03-07 12:27:34.331  6490  6644 I chatty  : uid=10773(com.jurnalsaham.jurnalsahamihsg) identical 127 lines
03-07 12:27:34.331  6490  6644 E libEGL  : Invalid file path for libcolorx-loader.so
03-07 12:27:34.331  6490  6644 I python  : [INFO   ] [GL          ] Backend used <sdl2>
03-07 12:27:34.332  6490  6644 I python  : [INFO   ] [GL          ] OpenGL version <b'OpenGL ES 3.2 V@0502.0 (GIT@5af5ff1, Iff02ff076a, 1609853540) (Date:01/05/21)'>
03-07 12:27:34.332  6490  6644 I python  : [INFO   ] [GL          ] OpenGL vendor <b'Qualcomm'>
03-07 12:27:34.332  1823  3196 W ActivityManager: Unable to start service Intent { cmp=com.google.android.googlequicksearchbox/com.google.android.apps.gsa.tasks.BackgroundTasksJobService (has extras) } U=0: not found
03-07 12:27:34.332  6490  6644 I python  : [INFO   ] [GL          ] OpenGL renderer <b'Adreno (TM) 616'>
03-07 12:27:34.332  1823  3196 D JobScheduler: Error executing JobStatus{6d7a8e #u0a70/-256 com.google.android.googlequicksearchbox/com.google.android.apps.gsa.tasks.BackgroundTasksJobService u=0 s=10070 TIME=-3d7h50m39s279ms:-3d7h50m39s279ms NET CHARGING PERIODIC PERSISTED READY}
03-07 12:27:34.332  6490  6644 I python  : [INFO   ] [GL          ] OpenGL parsed version: 3, 2
03-07 12:27:34.333 10248  3573 E PhoneManager.VirusCommonUtils:  java.lang.NoSuchMethodException: android.os.ISecurityPermissionService$Stub$Proxy.putRiskAppList [class android.os.Bundle]
03-07 12:27:34.333 10248  3573 E PhoneManager.VirusCommonUtils: 	at java.lang.Class.getMethod(Class.java:2072)
03-07 12:27:34.333 10248  3573 E PhoneManager.VirusCommonUtils: 	at java.lang.Class.getDeclaredMethod(Class.java:2050)
03-07 12:27:34.333 10248  3573 E PhoneManager.VirusCommonUtils: 	at com.oplus.phonemanager.virusdetect.util.VirusCommonUtils$sendVirusToOplusPermission$1.invokeSuspend(VirusCommonUtils.kt:329)
03-07 12:27:34.333 10248  3573 E PhoneManager.VirusCommonUtils: 	at kotlin.coroutines.jvm.internal.BaseContinuationImpl.resumeWith(ContinuationImpl.kt:11)
03-07 12:27:34.333 10248  3573 E PhoneManager.VirusCommonUtils: 	at kotlinx.coroutines.DispatchedTask.run(DispatchedTask.kt:129)
03-07 12:27:34.333 10248  3573 E PhoneManager.VirusCommonUtils: 	at kotlinx.coroutines.internal.LimitedDispatcher$Worker.run(LimitedDispatcher.kt:4)
03-07 12:27:34.333 10248  3573 E PhoneManager.VirusCommonUtils: 	at kotlinx.coroutines.scheduling.TaskImpl.run(Tasks.kt:3)
03-07 12:27:34.333 10248  3573 E PhoneManager.VirusCommonUtils: 	at kotlinx.coroutines.scheduling.CoroutineScheduler.runSafely(CoroutineScheduler.kt:1)
03-07 12:27:34.333 10248  3573 E PhoneManager.VirusCommonUtils: 	at kotlinx.coroutines.scheduling.CoroutineScheduler$Worker.executeTask(CoroutineScheduler.kt:15)
03-07 12:27:34.333 10248  3573 E PhoneManager.VirusCommonUtils: 	at kotlinx.coroutines.scheduling.CoroutineScheduler$Worker.runWorker(CoroutineScheduler.kt:29)
03-07 12:27:34.333 10248  3573 E PhoneManager.VirusCommonUtils: 	at kotlinx.coroutines.scheduling.CoroutineScheduler$Worker.run(CoroutineScheduler.kt:1)
03-07 12:27:34.333  6490  6644 I python  : [INFO   ] [GL          ] Texture max size <16384>
03-07 12:27:34.333  6490  6644 I python  : [INFO   ] [GL          ] Texture max units <16>
03-07 12:27:34.333  1823  2370 D OppoDisplayPolicy: com.jurnalsaham.jurnalsahamihsg, no change cutoutMode: 0
03-07 12:27:34.335  1823  2626 W LightsService: setBrightness brightness: 95.0, brightnessMode:0
03-07 12:27:34.336  1823  3196 W ActivityManager: Unable to start service Intent { cmp=com.coloros.deepthinker/com.coloros.proton.learn.schedule.TrainJobService (has extras) } U=0: not found
03-07 12:27:34.336  1823  3196 D JobScheduler: Error executing JobStatus{e63504a #1000/648162385 com.coloros.deepthinker/com.coloros.proton.learn.schedule.TrainJobService u=0 s=1000 TIME=-3d7h50m39s253ms:-3d7h50m39s253ms PERSISTED READY}
03-07 12:27:34.337 32224 32406 D AudioManager: getStreamVolume packageName=com.facebook.katana, index=0, streamType=1
03-07 12:27:34.338  1823  2011 D PowerManagerService: setScreenBrightnessOverrideFromWindowManagerInternal brightness=NaN mScreenBrightnessOverrideFromWindowManager=NaN
03-07 12:27:34.338  1823  2626 D OplusFeatureDCBacklight: notifySfRepaintEverything begin mCurrentDCMode:-1
03-07 12:27:34.343  4122  4263 D AudioManager: getStreamVolume packageName=com.instagram.barcelona, index=5, streamType=3
03-07 12:27:34.344 32224 32406 D AudioManager: getStreamVolume packageName=com.facebook.katana, index=0, streamType=1
03-07 12:27:34.346  1823  3196 I ColorListManagerImpl: removeStageProtectInfo from com.coloros.phonemanager for com.coloros.phonemanager
03-07 12:27:34.348  4122  4263 D AudioManager: getStreamVolume packageName=com.instagram.barcelona, index=5, streamType=3
03-07 12:27:34.349  1823  2626 W LightsService: setBrightness brightness: 148.0, brightnessMode:0
03-07 12:27:34.354  1823  2626 D OplusFeatureDCBacklight: notifySfRepaintEverything begin mCurrentDCMode:-1
03-07 12:27:34.356  4122  4263 D AudioManager: getStreamVolume packageName=com.instagram.barcelona, index=5, streamType=3
03-07 12:27:34.357 32224 32406 D AudioManager: getStreamVolume packageName=com.facebook.katana, index=0, streamType=1
03-07 12:27:34.367  1823  2626 D ScreenMode: enter DC and low brightness mode:false
03-07 12:27:34.367  1823  2626 W LightsService: setBrightness brightness: 202.0, brightnessMode:0
03-07 12:27:34.369  1823  2011 D PowerManagerService: setScreenBrightnessOverrideFromWindowManagerInternal brightness=NaN mScreenBrightnessOverrideFromWindowManager=NaN
03-07 12:27:34.371  1150  3964 D DispPerfService: getHwcRefreshRate,2773, check hwc mode fail, mode=-22
03-07 12:27:34.371  1150  3964 D DispPerfService: AIRefreshRate close 0,2
03-07 12:27:34.371  1150  1150 D OppoExSurfaceFlinger: RESOLUTIONSWITCH get resolution (1080, 2340) for config 0 !
03-07 12:27:34.371  1823  2626 D OppoBaseLightsService: notifyFlingerLight color=202code=21005
03-07 12:27:34.372  1823  2626 D OplusFeatureDCBacklight: notifySfRepaintEverything begin mCurrentDCMode:-1
03-07 12:27:34.371  1150  1150 I chatty  : uid=1000(system) /system/bin/surfaceflinger identical 1 line
03-07 12:27:34.371  1150  1150 D OppoExSurfaceFlinger: RESOLUTIONSWITCH get resolution (1080, 2340) for config 0 !
03-07 12:27:34.375  4122  4263 D AudioManager: getStreamVolume packageName=com.instagram.barcelona, index=5, streamType=3
03-07 12:27:34.375 32224 32406 D AudioManager: getStreamVolume packageName=com.facebook.katana, index=0, streamType=1
03-07 12:27:34.381  6490  6644 I python  : [INFO   ] [Window      ] auto add sdl2 input provider
03-07 12:27:34.382  1823  2626 W LightsService: setBrightness brightness: 255.0, brightnessMode:0
03-07 12:27:34.382  6490  6644 I python  : [INFO   ] [Window      ] virtual keyboard not allowed, single mode, not docked
03-07 12:27:34.385  1823  2626 D OplusFeatureDCBacklight: notifySfRepaintEverything begin mCurrentDCMode:-1
03-07 12:27:34.388  4122  4263 D AudioManager: getStreamVolume packageName=com.instagram.barcelona, index=5, streamType=3
03-07 12:27:34.389 32224 32406 D AudioManager: getStreamVolume packageName=com.facebook.katana, index=0, streamType=1
03-07 12:27:34.393  6490  6644 I python  : [desktop_app.py.bak] UI build: Top10 subnav includes Analisis
03-07 12:27:34.399  1823  2626 W LightsService: setBrightness brightness: 309.0, brightnessMode:0
03-07 12:27:34.405  4122  4263 D AudioManager: getStreamVolume packageName=com.instagram.barcelona, index=5, streamType=3
03-07 12:27:34.405 32224 32406 D AudioManager: getStreamVolume packageName=com.facebook.katana, index=0, streamType=1
03-07 12:27:34.416  1823  2626 W LightsService: setBrightness brightness: 362.0, brightnessMode:0
03-07 12:27:34.422  4122  4263 D AudioManager: getStreamVolume packageName=com.instagram.barcelona, index=5, streamType=3
03-07 12:27:34.423 32224 32406 D AudioManager: getStreamVolume packageName=com.facebook.katana, index=0, streamType=1
03-07 12:27:34.432  1823  2626 W LightsService: setBrightness brightness: 416.0, brightnessMode:0
03-07 12:27:34.439  4122  4263 D AudioManager: getStreamVolume packageName=com.instagram.barcelona, index=5, streamType=3
03-07 12:27:34.439 32224 32406 D AudioManager: getStreamVolume packageName=com.facebook.katana, index=0, streamType=1
03-07 12:27:34.449  1823  2626 W LightsService: setBrightness brightness: 469.0, brightnessMode:0
03-07 12:27:34.457 32224 32406 D AudioManager: getStreamVolume packageName=com.facebook.katana, index=0, streamType=1
03-07 12:27:34.458  4122  4263 D AudioManager: getStreamVolume packageName=com.instagram.barcelona, index=5, streamType=3
03-07 12:27:34.467  1823  2626 W LightsService: setBrightness brightness: 523.0, brightnessMode:0
03-07 12:27:34.474  4122  4263 D AudioManager: getStreamVolume packageName=com.instagram.barcelona, index=5, streamType=3
03-07 12:27:34.475 32224 32406 D AudioManager: getStreamVolume packageName=com.facebook.katana, index=0, streamType=1
03-07 12:27:34.483  1823  2626 W LightsService: setBrightness brightness: 576.0, brightnessMode:0
03-07 12:27:34.490  4122  4263 D AudioManager: getStreamVolume packageName=com.instagram.barcelona, index=5, streamType=3
03-07 12:27:34.490 32224 32406 D AudioManager: getStreamVolume packageName=com.facebook.katana, index=0, streamType=1
03-07 12:27:34.499  1823  2626 W LightsService: setBrightness brightness: 630.0, brightnessMode:0
03-07 12:27:34.506  4122  4263 D AudioManager: getStreamVolume packageName=com.instagram.barcelona, index=5, streamType=3
03-07 12:27:34.506 32224 32406 D AudioManager: getStreamVolume packageName=com.facebook.katana, index=0, streamType=1
03-07 12:27:34.516  1823  2626 W LightsService: setBrightness brightness: 683.0, brightnessMode:0
03-07 12:27:34.524  4122  4263 D AudioManager: getStreamVolume packageName=com.instagram.barcelona, index=5, streamType=3
03-07 12:27:34.526 32224 32406 D AudioManager: getStreamVolume packageName=com.facebook.katana, index=0, streamType=1
03-07 12:27:34.532  1823  2626 W LightsService: setBrightness brightness: 737.0, brightnessMode:0
03-07 12:27:34.538  4122  4263 D AudioManager: getStreamVolume packageName=com.instagram.barcelona, index=5, streamType=3
03-07 12:27:34.539 32224 32406 D AudioManager: getStreamVolume packageName=com.facebook.katana, index=0, streamType=1
03-07 12:27:34.548 23306 23336 E Parcel  : Reading a NULL string not supported here.
03-07 12:27:34.549  1823  2626 W LightsService: setBrightness brightness: 790.0, brightnessMode:0
03-07 12:27:34.555  4122  4263 D AudioManager: getStreamVolume packageName=com.instagram.barcelona, index=5, streamType=3
03-07 12:27:34.557 32224 32406 D AudioManager: getStreamVolume packageName=com.facebook.katana, index=0, streamType=1
03-07 12:27:34.566  1823  2626 W LightsService: setBrightness brightness: 844.0, brightnessMode:0
03-07 12:27:34.572  4122  4263 D AudioManager: getStreamVolume packageName=com.instagram.barcelona, index=5, streamType=3
03-07 12:27:34.574 32224 32406 D AudioManager: getStreamVolume packageName=com.facebook.katana, index=0, streamType=1
03-07 12:27:34.582  1823  2626 W LightsService: setBrightness brightness: 898.0, brightnessMode:0
03-07 12:27:34.588  4122  4263 D AudioManager: getStreamVolume packageName=com.instagram.barcelona, index=5, streamType=3
03-07 12:27:34.590 32224 32406 D AudioManager: getStreamVolume packageName=com.facebook.katana, index=0, streamType=1
03-07 12:27:34.599  1823  2626 W LightsService: setBrightness brightness: 951.0, brightnessMode:0
03-07 12:27:34.605 32224 32406 D AudioManager: getStreamVolume packageName=com.facebook.katana, index=0, streamType=1
03-07 12:27:34.606  4122  4263 D AudioManager: getStreamVolume packageName=com.instagram.barcelona, index=5, streamType=3
03-07 12:27:34.615  1823  2211 D DisplayPowerController: Animating brightness: target=977.0, rate=3200.0, source= 10
03-07 12:27:34.616  1823  2626 W LightsService: setBrightness brightness: 977.0, brightnessMode:0
03-07 12:27:34.624 32224 32406 D AudioManager: getStreamVolume packageName=com.facebook.katana, index=0, streamType=1
03-07 12:27:34.625  4122  4263 D AudioManager: getStreamVolume packageName=com.instagram.barcelona, index=5, streamType=3
03-07 12:27:34.707  6490  6644 I python  : [ERROR  ] [[Nav] switch_tab failed idx=0] name '_font_kwargs' is not defined
03-07 12:27:34.707  6490  6644 I python  : Traceback (most recent call last):
03-07 12:27:34.707  6490  6644 I python  :   File "/Users/donnytakeshi/Documents/jurnal-saham-ihsg/.buildozer/android/app/desktop_app_bak.py", line 9800, in switch_tab
03-07 12:27:34.707  6490  6644 I python  :   File "/Users/donnytakeshi/Documents/jurnal-saham-ihsg/.buildozer/android/app/desktop_app_bak.py", line 756, in __init__
03-07 12:27:34.707  6490  6644 I python  : NameError: name '_font_kwargs' is not defined
03-07 12:27:34.708  6490  6644 I python  :  Traceback (most recent call last):
03-07 12:27:34.708  6490  6644 I python  :    File "/Users/donnytakeshi/Documents/jurnal-saham-ihsg/.buildozer/android/app/main.py", line 75, in <module>
03-07 12:27:34.708  6490  6644 I python  :    File "/Users/donnytakeshi/Documents/jurnal-saham-ihsg/.buildozer/android/app/main.py", line 71, in main
03-07 12:27:34.708  6490  6644 I python  :    File "<frozen runpy>", line 229, in run_module
03-07 12:27:34.709  6490  6644 I python  :    File "<frozen runpy>", line 88, in _run_code
03-07 12:27:34.709  6490  6644 I python  :    File "/Users/donnytakeshi/Documents/jurnal-saham-ihsg/.buildozer/android/app/desktop_app_bak.py", line 9853, in <module>
03-07 12:27:34.709  6490  6644 I python  :    File "/Users/donnytakeshi/Documents/jurnal-saham-ihsg/.buildozer/android/platform/build-arm64-v8a_armeabi-v7a/build/python-installs/jurnalsahamihsg/arm64-v8a/kivy/app.py", line 955, in run
03-07 12:27:34.709  6490  6644 I python  :    File "/Users/donnytakeshi/Documents/jurnal-saham-ihsg/.buildozer/android/platform/build-arm64-v8a_armeabi-v7a/build/python-installs/jurnalsahamihsg/arm64-v8a/kivy/app.py", line 925, in _run_prepare
03-07 12:27:34.709  6490  6644 I python  :    File "/Users/donnytakeshi/Documents/jurnal-saham-ihsg/.buildozer/android/app/desktop_app_bak.py", line 9736, in build
03-07 12:27:34.709  6490  6644 I python  :    File "/Users/donnytakeshi/Documents/jurnal-saham-ihsg/.buildozer/android/app/desktop_app_bak.py", line 9692, in make_nav
03-07 12:27:34.710  6490  6644 I python  :  NameError: name '_font_kwargs' is not defined
03-07 12:27:34.710  6490  6644 I python  : Python for android ended.
03-07 12:27:35.092  6490  6644 I BpBinder: onLastStrongRef automatically unlinking death recipients: <uncached descriptor>
03-07 12:27:35.116 15572 15572 I adbd    : Remote process closed the socket (on MSG_PEEK)
03-07 12:27:35.150  1823  2443 W InputDispatcher: channel '69c9dfe com.jurnalsaham.jurnalsahamihsg/org.kivy.android.PythonActivity (server)' ~ Consumer closed input channel or an error occurred.  events=0x9
03-07 12:27:35.150  1823  2443 E InputDispatcher: channel '69c9dfe com.jurnalsaham.jurnalsahamihsg/org.kivy.android.PythonActivity (server)' ~ Channel is unrecoverably broken and will be disposed!
03-07 12:27:35.151  1823  2370 D DisplayManagerService: Display listener for pid 6490 died.
03-07 12:27:35.152  1823  2750 I WindowManager: WIN DEATH: Window{69c9dfe u0 com.jurnalsaham.jurnalsahamihsg/org.kivy.android.PythonActivity}
03-07 12:27:35.152  1823  2750 W InputDispatcher: Attempted to unregister already unregistered input channel '69c9dfe com.jurnalsaham.jurnalsahamihsg/org.kivy.android.PythonActivity (server)'
03-07 12:27:35.154  1823  2392 D SensorService: 0x7c1c4604c0 addFd fd=1219
03-07 12:27:35.154  1823 22248 D TheiaSocketClient: TheiaSend receive content : 4298113028:ApplicationFGCrash:1772861255154
03-07 12:27:35.155  1823  3350 W ContextImpl: Calling a method in the system process without a qualified user: android.app.ContextImpl.startService:1717 com.oplus.util.OplusStatisticsImpl.startService:216 com.oplus.util.OplusStatisticsImpl.sendDataToDCS:192 com.oplus.util.OplusStatisticsImpl.onCommonSync:84 com.oplus.util.OplusStatisticsImpl$1.run:124 
03-07 12:27:35.155  1823 22248 D TheiaSocketClient: send message success
03-07 12:27:35.155  1746 22337 I theia_socket: recv 4298113028:ApplicationFGCrash:1772861255154
03-07 12:27:35.155  1823  2391 D SensorService: 0x7c1c4604c0 Looper error 1219
03-07 12:27:35.155  1823  2391 D SensorService: 0x7c1c4604c0 removeFd fd=1219
03-07 12:27:35.155  1746 22337 I theia_socket: nowEvent is not KeyEvent
03-07 12:27:35.155  1823  4211 D TheiaCrashMonitor: com.jurnalsaham.jurnalsahamihsgcrash
03-07 12:27:35.155  1823  4211 I ActivityManager: Process com.jurnalsaham.jurnalsahamihsg (pid 6490) has died: fg  TOP 
03-07 12:27:35.155  1823  4211 W ContextImpl: Calling a method in the system process without a qualified user: android.app.ContextImpl.sendBroadcast:1159 com.android.server.am.OppoExtraActivityManagerService.setKeyLockModeNormal:51 com.android.server.am.ActivityManagerService.appDiedLocked:4314 com.android.server.am.ActivityManagerService$AppDeathRecipient.binderDied:1783 android.os.IBinder$DeathRecipient.binderDied:305 
03-07 12:27:35.157  1823  5657 D SensorService: ~SensorEventConnection(0x7c1c4604c0)
03-07 12:27:35.157  1823  5657 D SensorService: 8 active sensors
03-07 12:27:35.157  1823  5657 D SensorService: 0: disabling handle=0x0000000b
03-07 12:27:35.157  1823  5657 D SensorService: recordConnection in cleanupConnection
03-07 12:27:35.157  1823  5657 D SensorService: SensorDevice::activate: ident=0x7c1c4604c0, handle=0x0000000b, enabled=0, count=3
03-07 12:27:35.157  1823  5657 D SensorService: disable index=0
03-07 12:27:35.157  1823  5657 D SensorService: 	>>> actuating h/w batch 0x0000000b 50000000 0
03-07 12:27:35.157  1093  1093 I sensors-hal: batch:254, android.sensor.accelerometer/11, period=50000000, max_latency=0
03-07 12:27:35.157  1093  1093 I sensors-hal: batch:276, android.sensor.accelerometer/11, period=50000000, max_latency=0 request completed
03-07 12:27:35.158  1823  5657 D SensorService: activateHardware = 0
03-07 12:27:35.158  1823  5657 D SensorService: removing connection 0x7c1c4604c0 for sensor[0].handle=0x0000000b
03-07 12:27:35.158  1823  5657 D SensorService: removing connection 0x7c1c4604c0 for sensor[1].handle=0x00000029
03-07 12:27:35.158  1823  5657 D SensorService: removing connection 0x7c1c4604c0 for sensor[2].handle=0x00000033
03-07 12:27:35.158  1823  5657 D SensorService: removing connection 0x7c1c4604c0 for sensor[3].handle=0x0000005b
03-07 12:27:35.158  1823  5657 D SensorService: removing connection 0x7c1c4604c0 for sensor[4].handle=0x000000ac
03-07 12:27:35.158  1823  5657 D SensorService: removing connection 0x7c1c4604c0 for sensor[5].handle=0x000000bf
03-07 12:27:35.158  1823  5657 D SensorService: removing connection 0x7c1c4604c0 for sensor[6].handle=0x00000110
03-07 12:27:35.158  1823  5657 D SensorService: removing connection 0x7c1c4604c0 for sensor[7].handle=0x00000444
03-07 12:27:35.158  1093 10193 I sensors-hal: ssc_conn_resp_cb:672, resp_value = 0
03-07 12:27:35.159   919   919 I Zygote  : Process 6490 exited cleanly (255)
03-07 12:27:35.161  1823  2150 I libprocessgroup: Successfully killed process cgroup uid 10773 pid 6490 in 8ms
03-07 12:27:35.163  1823  2750 V WindowManager: Changing focus from Window{69c9dfe u0 com.jurnalsaham.jurnalsahamihsg/org.kivy.android.PythonActivity} to null,diplayid=0
03-07 12:27:35.164  1823  2750 D Theia.NoFocusWindow: FocusWindowErrorScene CheckFreezeScreen
03-07 12:27:35.166  1150  1150 D OppoExLayer: ~Layer() sequence=14837, name=69c9dfe com.jurnalsaham.jurnalsahamihsg/org.kivy.android.PythonActivity#0@0x7473108000
03-07 12:27:35.166  1150  1150 E Layer   : [Bounds for - com.jurnalsaham.jurnalsahamihsg/org.kivy.android.PythonActivity#0] No local sync point found
03-07 12:27:35.166  1150  1150 I chatty  : uid=1000(system) /system/bin/surfaceflinger identical 1 line
03-07 12:27:35.166  1150  1150 E Layer   : [Bounds for - com.jurnalsaham.jurnalsahamihsg/org.kivy.android.PythonActivity#0] No local sync point found
03-07 12:27:35.166  1823  2750 I InputDispatcher: Focus left window: Window{69c9dfe u0 com.jurnalsaham.jurnalsahamihsg/org.kivy.android.PythonActivity} in display 0
03-07 12:27:35.169  1150  1150 D OppoExLayer: ~Layer() sequence=14838, name=com.jurnalsaham.jurnalsahamihsg/org.kivy.android.PythonActivity#0@0x747312c000
03-07 12:27:35.169  1150  1150 D OppoExLayer: ~Layer() sequence=14843, name=Bounds for - com.jurnalsaham.jurnalsahamihsg/org.kivy.android.PythonActivity#0@0x74730d1000
03-07 12:27:35.169  1150  1150 D OppoExLayer: ~Layer() sequence=14844, name=SurfaceView - com.jurnalsaham.jurnalsahamihsg/org.kivy.android.PythonActivity#0@0x7473180000
03-07 12:27:35.169  1150  1150 D OppoExLayer: ~Layer() sequence=14845, name=Background for -SurfaceView - com.jurnalsaham.jurnalsahamihsg/org.kivy.android.PythonActivity#0@0x7473183000
03-07 12:27:35.173  1823  4211 W ActivityTaskManager: Force removing ActivityRecord{6738f80 u0 com.jurnalsaham.jurnalsahamihsg/org.kivy.android.PythonActivity t33112}: app died, no saved state
03-07 12:27:35.178  1823  4211 V ColorZoomWindowManagerService: onAnimationFinished:  r = ActivityRecord{6738f80 u0 com.jurnalsaham.jurnalsahamihsg/org.kivy.android.PythonActivity t33112 f}}
03-07 12:27:35.178  1823  4211 I OplusMirageDisplayManagerService: onAnimationFinished:
03-07 12:27:35.179  1823  4211 I InputDispatcher: setFocusedApplication displayId=0 <nullptr>
03-07 12:27:35.179 23306  5622 I Icing   : Usage reports ok 0, Failed Usage reports 0, indexed 0, rejected 0
03-07 12:27:35.181  1823  4211 I ColorHansManager : ColorHansManager : resume pkg: com.oppo.launcher, uid:10049, prev pkg: com.jurnalsaham.jurnalsahamihsg, prev uid: 10773
03-07 12:27:35.181  1823  3138 I ColorHansManager : enter fastfreezer
03-07 12:27:35.183  1823  3138 I ColorHansManager : freeze uid: 10006 package: com.wakeup.howear reason: fastfreezer|10049 scene: FastFreezerScene
03-07 12:27:35.184  1823  4211 I InputDispatcher: setFocusedApplication displayId=0 ActivityRecord{d5fbe0b u0 com.oppo.launcher/.Launcher t2}
03-07 12:27:35.185  1823  3461 V DCSEX-AppSwitchManager: OnAppSwitchObserver: onAppExit , info = OplusAppExitInfo = {  targetName = com.jurnalsaham.jurnalsahamihsg hasResumingActivity = true resumingPackageName = com.oppo.launcher resumingActivityName = com.oppo.launcher.Launcher resumingWindowMode = 1 isResumingMultiApp = false isResumingFirstStart = false extension = Bundle[{taskId=2, uid=10049}]}
03-07 12:27:35.185  1823  8266 D DCSEX-AppLaunchEventRecorder: onAppSwitch from = com.jurnalsaham.jurnalsahamihsg to = com.oppo.launcher
03-07 12:27:35.185  1823  8266 D DCSEX-AppLaunchEventRecorder: recordExitApp = com.jurnalsaham.jurnalsahamihsg
03-07 12:27:35.186  1823  8266 E OplusTrack-ApkInfoUtil: java.lang.NullPointerException: Attempt to invoke virtual method 'java.lang.Object android.os.Bundle.get(java.lang.String)' on a null object reference
03-07 12:27:35.186  1823  8266 W System.err: java.lang.NullPointerException: Attempt to invoke virtual method 'java.lang.Object android.os.Bundle.get(java.lang.String)' on a null object reference
03-07 12:27:35.186  1823  8266 W System.err: 	at com.oplus.statistics.h.b.d(ApkInfoUtil.java:136)
03-07 12:27:35.186  1823  8266 W System.err: 	at com.oplus.statistics.b.b.a(TrackEvent.java:141)
03-07 12:27:35.186  1823  8266 W System.err: 	at com.oplus.statistics.b.b.<init>(TrackEvent.java:47)
03-07 12:27:35.186  1823  8266 W System.err: 	at com.oplus.statistics.b.a.<init>(CommonBean.java:37)
03-07 12:27:35.186  1823  8266 W System.err: 	at com.oplus.statistics.c.a(OplusTrack.java:223)
03-07 12:27:35.186  1823  8266 W System.err: 	at com.oplus.statistics.e.a.a$a.a(AppLaunchEventRecorder.java:143)
03-07 12:27:35.186  1823  8266 W System.err: 	at com.oplus.statistics.e.a.a$a.a(AppLaunchEventRecorder.java:102)
03-07 12:27:35.186  1823  8266 W System.err: 	at com.oplus.statistics.e.a.-$$Lambda$2fHLmT8JZlr5OzkT2xnqiCVdLEk.onAppSwitch(Unknown Source:2)
03-07 12:27:35.186  1823  8266 W System.err: 	at com.oplus.statistics.c.b.a(AppSwitchMonitor.java:97)
03-07 12:27:35.186  1823  8266 W System.err: 	at com.oplus.statistics.c.b.lambda$yF2sSrETF4wpk07pjuI1ubPVnB8(Unknown Source:0)
03-07 12:27:35.186  1823  8266 W System.err: 	at com.oplus.statistics.c.-$$Lambda$b$yF2sSrETF4wpk07pjuI1ubPVnB8.accept(Unknown Source:4)
03-07 12:27:35.186  1823  8266 W System.err: 	at java.util.concurrent.CopyOnWriteArrayList.forEach(CopyOnWriteArrayList.java:832)
03-07 12:27:35.186  1823  8266 W System.err: 	at com.oplus.statistics.c.b.b(AppSwitchMonitor.java:97)
03-07 12:27:35.186  1823  8266 W System.err: 	at com.oplus.statistics.c.b.lambda$fX4Hi7f3z5t3AW9aa0q-E6iGF5w(Unknown Source:0)
03-07 12:27:35.186  1823  8266 W System.err: 	at com.oplus.statistics.c.-$$Lambda$b$fX4Hi7f3z5t3AW9aa0q-E6iGF5w.run(Unknown Source:4)
03-07 12:27:35.186  1823  8266 W System.err: 	at java.util.concurrent.ThreadPoolExecutor.runWorker(ThreadPoolExecutor.java:1167)
03-07 12:27:35.186  1823  8266 W System.err: 	at java.util.concurrent.ThreadPoolExecutor$Worker.run(ThreadPoolExecutor.java:641)
03-07 12:27:35.187  1823  8266 W System.err: 	at java.lang.Thread.run(Thread.java:923)
03-07 12:27:35.187  1823  8266 W OplusTrack-TrackEvent: appId is empty
03-07 12:27:35.187  1823  3461 I ColorResourcePreloadManager: resume pkg: com.oppo.launcher, uid:10049, prev pkg: com.jurnalsaham.jurnalsahamihsg, prev uid: 10773
03-07 12:27:35.187  1823  3461 V DCSEX-AppSwitchManager: OnAppSwitchObserver: onAppEnter , info = OplusAppEnterInfo = {  windowMode = 1 targetName = com.oppo.launcher multiApp = false firstStart = false launchedFromPackage = null intent = Intent { act=android.intent.action.MAIN cat=[android.intent.category.HOME] flg=0x10000100 cmp=com.oppo.launcher/.Launcher } extension = Bundle[{taskId=2, uid=10049}]}
03-07 12:27:35.188 15661 15680 W OppoGuardElf: ThermalControlUtils: mForegroundPkg=com.oppo.launcher
03-07 12:27:35.188  1823  3138 I ColorHansManager : freeze uid: 10152 package: com.lazada.android reason: fastfreezer|10049 scene: FastFreezerScene
03-07 12:27:35.188  4264 10786 D ZoomAppController: ignore onAppEnter: Invalid cvActionFlag = 0
03-07 12:27:35.193  1823  4211 E OppoThermalStats: Error getting package info: com.oppo.launcher
03-07 12:27:35.193  1823  3138 I ColorHansManager : freeze uid: 10282 package: com.tokopedia.sellerapp reason: fastfreezer|10049 scene: FastFreezerScene
03-07 12:27:35.195  1823  4211 D OplusKeepAliveManager: TOP_APP is ProcessRecord{56fcff4 3294:com.oppo.launcher/u0a49} uid is 10049
03-07 12:27:35.196  1823  3138 I ColorHansManager : freeze uid: 10030 package: com.shopee.id reason: fastfreezer|10049 scene: FastFreezerScene
03-07 12:27:35.197  1823  3138 I ColorHansManager : freeze uid: 10294 package: hk.easyvan.app.client reason: fastfreezer|10049 scene: FastFreezerScene
03-07 12:27:35.199  1823  3138 I ColorHansManager : freeze uid: 10167 package: com.instagram.android reason: fastfreezer|10049 scene: FastFreezerScene
03-07 12:27:35.203  1823  3138 I ColorHansManager : freeze uid: 10296 package: com.instagram.barcelona reason: fastfreezer|10049 scene: FastFreezerScene
03-07 12:27:35.206  1823  3138 I ColorHansManager : freeze uid: 10171 package: com.ss.android.ugc.trill reason: fastfreezer|10049 scene: FastFreezerScene
03-07 12:27:35.207  1823  3138 I ColorHansManager : freeze uid: 10307 package: com.truecaller reason: fastfreezer|10049 scene: FastFreezerScene
03-07 12:27:35.210  1823  3138 I ColorHansManager : freeze uid: 10455 package: com.facebook.katana reason: fastfreezer|10049 scene: FastFreezerScene
03-07 12:27:35.213  3294  3294 E Parcel  : Reading a NULL string not supported here.
03-07 12:27:35.215  1150  1150 D OppoExLayer: ~Layer() sequence=14829, name=Task=33112#0@0x7456ee2000
03-07 12:27:35.215  1150  1150 D OppoExLayer: ~Layer() sequence=14830, name=ActivityRecord{6738f80 u0 com.jurnalsaham.jurnalsahamihsg/org.kivy.android.PythonActivity#0@0x7456f05000
03-07 12:27:35.217  1823  3138 I ColorHansManager : freeze uid: 10203 package: com.tokopedia.tkpd reason: fastfreezer|10049 scene: FastFreezerScene
03-07 12:27:35.218  3294  3294 E Parcel  : Reading a NULL string not supported here.
03-07 12:27:35.219  1823  3138 I ColorHansManager : freeze uid: 10100 package: com.nearme.gamecenter reason: fastfreezer|10049 scene: FastFreezerScene
03-07 12:27:35.220  1823  3138 I ColorHansManager : freeze uid: 10613 package: com.alibaba.intl.android.apps.poseidon reason: fastfreezer|10049 scene: FastFreezerScene
03-07 12:27:35.234  1823  1823 I OppoPhoneWindowManager: KeyLockModeReceiver KeyLockMode: 0 ProcessName: com.jurnalsaham.jurnalsahamihsg
03-07 12:27:35.237  1823  3470 D OppoDisplayPolicy: com.oppo.launcher, change system app cutoutMode: color always
03-07 12:27:35.237  1216  1216 W dcs-thread-DcsW: type=1400 audit(0.0:213491): avc: denied { read } for name="u:object_r:oplus_nw_exported_system_prop:s0" dev="tmpfs" ino=21222 scontext=u:r:priv_app:s0:c512,c768 tcontext=u:object_r:oplus_nw_exported_system_prop:s0 tclass=file permissive=0 app=com.nearme.statistics.rom
03-07 12:27:35.242  1216  1265 W .statistics.ro: Accessing hidden method Landroid/telephony/OplusTelephonyManager;->getInstance(Landroid/content/Context;)Landroid/telephony/OplusTelephonyManager; (blacklist, linking, denied)
03-07 12:27:35.244  1216  1265 E libc    : Access denied finding property "gsm.serial"
03-07 12:27:35.244  1216  1265 E libc    : Access denied finding property "vendor.gsm.serial"
03-07 12:27:35.247  1823  3470 V WindowManager: Changing focus from null to Window{6f358e8 u0 com.oppo.launcher/com.oppo.launcher.Launcher},diplayid=0
03-07 12:27:35.253  1823  3470 D Theia.NoFocusWindow: FocusWindowErrorScene cancelCheckFreezeScreen
03-07 12:27:35.258  3294  3294 E Launcher.ColorBubbleTextView: mForceHideDot is false
03-07 12:27:35.261  1823  2011 W ActivityManager: setHasOverlayUi called on unknown pid: 6490
03-07 12:27:35.261  1823  2011 D PowerManagerService: setScreenBrightnessOverrideFromWindowManagerInternal brightness=NaN mScreenBrightnessOverrideFromWindowManager=NaN
03-07 12:27:35.260  3294  3294 I chatty  : uid=10049(com.oppo.launcher) identical 8 lines
03-07 12:27:35.261  3294  3294 E Launcher.ColorBubbleTextView: mForceHideDot is false
03-07 12:27:35.264  1823 15557 E ANDR-PERF-JNI: UXEngine Trigger - Returning null
03-07 12:27:35.268  1150  1230 D DispPerfService: onframeavailable pid=3294, slot=0, seq=14847, name=com.oppo.launcher:com.oppo.launcher/com.oppo.launcher.Launcher#0
03-07 12:27:35.270 23340 23340 D OplusWallpaperServiceHelper: isNightMode is true
03-07 12:27:35.270 23340 23340 D OplusWallpaperServiceHelper: getDarkWallpaperSwitchSettings contextandroid.app.ContextImpl@547dd7b
03-07 12:27:35.270 23340 23340 I OplusWallpaperServiceHelper: getDarkModeWallpaperWindowAlpha. nightMode = true
03-07 12:27:35.262  1823  2011 D PowerManagerService: setScreenBrightnessOverrideFromWindowManagerInternal brightness=NaN mScreenBrightnessOverrideFromWindowManager=NaN
03-07 12:27:35.272  1823  2012 V WindowManager: mIsWallpaper: setAlpha ok mShownAlpha = 0.76
03-07 12:27:35.281  1823  4211 D ColorAppListInterceptManager: shouldFilterTask
03-07 12:27:35.281  1823  4211 D ColorAppListInterceptManager: shouldFilterTask::packageName = com.jurnalsaham.jurnalsahamihsg
03-07 12:27:35.281  1823  4211 D ColorAppListInterceptManager: shouldFilterTask
03-07 12:27:35.281  1823  4211 D ColorAppListInterceptManager: shouldFilterTask::packageName = com.ss.android.ugc.trill
03-07 12:27:35.281  1823  4211 D ColorAppListInterceptManager: shouldFilterTask
03-07 12:27:35.281  1823  4211 D ColorAppListInterceptManager: shouldFilterTask::packageName = com.instagram.android
03-07 12:27:35.281  1823  4211 D ColorAppListInterceptManager: shouldFilterTask
03-07 12:27:35.281  1823  4211 D ColorAppListInterceptManager: shouldFilterTask::packageName = com.coloros.gallery3d
03-07 12:27:35.282  3294  3294 E Launcher.ColorBubbleTextView: mForceHideDot is false
03-07 12:27:35.282  1823  3013 I InputDispatcher: Focus entered window: Window{6f358e8 u0 com.oppo.launcher/com.oppo.launcher.Launcher} in display 0
03-07 12:27:35.283  3294  3294 E Launcher.ColorBubbleTextView: mForceHideDot is false
03-07 12:27:35.283  3294  3294 E Launcher.ColorBubbleTextView: mForceHideDot is false
03-07 12:27:35.286  3294  3615 E Parcel  : Reading a NULL string not supported here.
03-07 12:27:35.286  1150  1150 D OppoExSurfaceFlinger: RESOLUTIONSWITCH get resolution (1080, 2340) for config 0 !
03-07 12:27:35.291  1823  5655 D ColorInputMethodManagerServiceEx: onHandleImeWindowVisibleStatus handledVis: 0, switcher visible: 0, switcher active: 0, needsToShowImeSwitcher: false
03-07 12:27:35.286  1150  1150 I chatty  : uid=1000(system) /system/bin/surfaceflinger identical 1 line
03-07 12:27:35.286  1150  1150 D OppoExSurfaceFlinger: RESOLUTIONSWITCH get resolution (1080, 2340) for config 0 !
03-07 12:27:35.295  1823  5650 D InputMethodManagerService: isSecurity: attribute.packageName=com.oppo.launcher
03-07 12:27:35.295  1823  3013 D ColorAppListInterceptManager: shouldFilterTask
03-07 12:27:35.295  1823  5650 D InputMethodManagerService: isSecurity= false (  enable=false needShow=false inBlackList=false  isExist=true )
03-07 12:27:35.295  1823  3013 D ColorAppListInterceptManager: shouldFilterTask::packageName = com.jurnalsaham.jurnalsahamihsg
03-07 12:27:35.295  1823  3013 D ColorAppListInterceptManager: shouldFilterTask
03-07 12:27:35.295  1823  3013 D ColorAppListInterceptManager: shouldFilterTask::packageName = com.ss.android.ugc.trill
03-07 12:27:35.295  1823  3013 D ColorAppListInterceptManager: shouldFilterTask
03-07 12:27:35.295  1823  3013 D ColorAppListInterceptManager: shouldFilterTask::packageName = com.instagram.android
03-07 12:27:35.295  1823  3013 D ColorAppListInterceptManager: shouldFilterTask
03-07 12:27:35.295  1823  3013 D ColorAppListInterceptManager: shouldFilterTask::packageName = com.coloros.gallery3d
03-07 12:27:35.295  3294  3615 E Parcel  : Reading a NULL string not supported here.
03-07 12:27:35.296  1823  5650 D ColorInputMethodManagerServiceEx: onHandleImeWindowVisibleStatus handledVis: 0, switcher visible: 0, switcher active: 0, needsToShowImeSwitcher: false
03-07 12:27:35.303  3294  3615 E Parcel  : Reading a NULL string not supported here.
03-07 12:27:35.307  1823 15682 W Binder  : Outgoing transactions from this process must be FLAG_ONEWAY
03-07 12:27:35.307  1823 15682 W Binder  : java.lang.Throwable
03-07 12:27:35.307  1823 15682 W Binder  : 	at android.os.BinderProxy.transact(BinderProxy.java:529)
03-07 12:27:35.307  1823 15682 W Binder  : 	at android.content.ContentProviderProxy.insert(ContentProviderNative.java:548)
03-07 12:27:35.307  1823 15682 W Binder  : 	at android.content.ContentProviderClient.insert(ContentProviderClient.java:348)
03-07 12:27:35.307  1823 15682 W Binder  : 	at android.content.ContentProviderClient.insert(ContentProviderClient.java:337)
03-07 12:27:35.307  1823 15682 W Binder  : 	at com.oplus.statistics.d.b.a(ContentProviderRecorder.java:83)
03-07 12:27:35.307  1823 15682 W Binder  : 	at com.oplus.statistics.d.b.a(ContentProviderRecorder.java:30)
03-07 12:27:35.307  1823 15682 W Binder  : 	at com.oplus.statistics.d.d.a(ProxyRecorder.java:28)
03-07 12:27:35.307  1823 15682 W Binder  : 	at com.oplus.statistics.a.c.a(CommonAgent.java:14)
03-07 12:27:35.307  1823 15682 W Binder  : 	at com.oplus.statistics.c.b(OplusTrack.java:264)
03-07 12:27:35.307  1823 15682 W Binder  : 	at com.oplus.statistics.c.lambda$TevJh1zDK89VqR4KzFSU579I1Dw(Unknown Source:0)
03-07 12:27:35.307  1823 15682 W Binder  : 	at com.oplus.statistics.-$$Lambda$c$TevJh1zDK89VqR4KzFSU579I1Dw.run(Unknown Source:2)
03-07 12:27:35.307  1823 15682 W Binder  : 	at android.os.Handler.handleCallback(Handler.java:938)
03-07 12:27:35.307  1823 15682 W Binder  : 	at android.os.Handler.dispatchMessage(Handler.java:99)
03-07 12:27:35.307  1823 15682 W Binder  : 	at android.os.Looper.loop(Looper.java:263)
03-07 12:27:35.307  1823 15682 W Binder  : 	at android.os.HandlerThread.run(HandlerThread.java:67)
03-07 12:27:35.311  4239  4239 I GoogleInputMethodService: GoogleInputMethodService.onFinishInput():2113 
03-07 12:27:35.313  1216 20177 W .statistics.ro: Accessing hidden method Landroid/telephony/OplusTelephonyManager;->getInstance(Landroid/content/Context;)Landroid/telephony/OplusTelephonyManager; (blacklist, linking, denied)
03-07 12:27:35.313  1216 20177 E libc    : Access denied finding property "gsm.serial"
03-07 12:27:35.313  1216 20177 E libc    : Access denied finding property "vendor.gsm.serial"
03-07 12:27:35.307  1216  1216 W dcs-thread-act: type=1400 audit(0.0:213492): avc: denied { read } for name="u:object_r:oplus_nw_exported_system_prop:s0" dev="tmpfs" ino=21222 scontext=u:r:priv_app:s0:c512,c768 tcontext=u:object_r:oplus_nw_exported_system_prop:s0 tclass=file permissive=0 app=com.nearme.statistics.rom
03-07 12:27:35.326  4239  4239 I Module  : DeviceLockedStatusModuleProvider$Module.updateDeviceLockedStatus():103 repeatCheckTimes = 0, locked = false
03-07 12:27:35.327  4239  4239 I GoogleInputMethodService: GoogleInputMethodService.onStartInput():1384 onStartInput(EditorInfo{EditorInfo{packageName=com.oppo.launcher, inputType=0, inputTypeString=NULL, enableLearning=false, autoCorrection=false, autoComplete=false, imeOptions=0, privateImeOptions=null, actionName=UNSPECIFIED, actionLabel=null, initialSelStart=-1, initialSelEnd=-1, initialCapsMode=0, label=null, fieldId=-1, fieldName=null, extras=null, hintText=null, hintLocales=[]}}, false)
03-07 12:27:35.327  3294  3615 E Parcel  : Reading a NULL string not supported here.
03-07 12:27:35.327  4239  4239 I AndroidIME: LatinIMEBase.updateInputViewCoverNavigation():314 Update input view padding, extendsTouchBelowSpace=false, bottom inset=149
03-07 12:27:35.328  1823  2750 D OppoDisplayPolicy: com.android.systemui, change system app cutoutMode: color always
03-07 12:27:35.328  1823  4211 D AS.AudioService: getParameters() keyValuePairs:OPLUS_AUDIO_GET_FOCUS_STACK
03-07 12:27:35.329  4239  4239 I Module  : DeviceLockedStatusModuleProvider$Module.updateDeviceLockedStatus():103 repeatCheckTimes = 1, locked = false
03-07 12:27:35.329 15661 15680 W OppoGuardElf: ThermalControllHandler: tempLevel=4,userMode=2,gameUserMode=-1,appType=-1,envTempType=0,appStates=[]
03-07 12:27:35.329 15661 15680 W OppoGuardElf: ThermalControllerCenter: mSafetyState=10000
03-07 12:27:35.331 15661 15680 W OppoGuardElf: ThermalControllHandler: tempGear=4,configItemName=common_config
03-07 12:27:35.332 15661 15758 W OppoGuardElf: ThermalControllHandler: MSG_THERMAL_CONTROL_CATEGORY_CHANGED
03-07 12:27:35.334  1823  5657 D ColorInputMethodManagerServiceEx: onHandleImeWindowVisibleStatus handledVis: 0, switcher visible: 0, switcher active: 0, needsToShowImeSwitcher: false
03-07 12:27:35.339  3294  3615 E Parcel  : Reading a NULL string not supported here.
03-07 12:27:35.343  4401  4443 E oiface  : packageSwitch pkg com.oppo.launcher, enter
03-07 12:27:35.343  4401  4443 E oiface  : current package is com.oppo.launcher and pid is 3294
03-07 12:27:35.345  3294  3615 E Parcel  : Reading a NULL string not supported here.
03-07 12:27:35.348  3294  3615 E Parcel  : Reading a NULL string not supported here.
03-07 12:27:35.350  1823  2750 D OppoDisplayPolicy: com.android.systemui, change system app cutoutMode: color always
03-07 12:27:35.361  3294  3615 E Parcel  : Reading a NULL string not supported here.
03-07 12:27:35.367  1823  1834 I system_server: Background young concurrent copying GC freed 446630(35MB) AllocSpace objects, 298(9700KB) LOS objects, 20% free, 94MB/118MB, paused 356us total 146.924ms
03-07 12:27:35.373  1823  1836 W System  : A resource failed to call release. 
03-07 12:27:35.374  1823  1836 I chatty  : uid=1000(system) FinalizerDaemon identical 10 lines
03-07 12:27:35.374  1823  1836 W System  : A resource failed to call release. 
03-07 12:27:35.377  1823  2008 I ColorHansManager : uid: 10773, state: F -> D
03-07 12:27:35.377  1823  2008 D OplusAppBwCore: onUidImportance: 10773, 1000
03-07 12:27:35.377  1823  2008 D OplusAppBwCore: onUidImportance: 10049, 100
03-07 12:27:35.378  1134  2525 D AudioPolicyService: updateUidStates_l() allowCapture=true because of on TOP AND uses VOICE_RECOGNITION OR uses HOTWORD
03-07 12:27:35.378  1134  2525 D AudioPolicyService: updateUidStates_l() current->uid=10070 current->pid=17223 allowCapture=1 UidState=5 apmStat=1
03-07 12:27:35.379  1823  2008 W Looper  : Slow dispatch took 204ms android.ui h=com.android.server.am.ActivityManagerService$UiHandler c=null m=53
03-07 12:27:35.379  1823  2008 W Looper  : Slow delivery took 201ms android.ui h=com.android.server.wm.BarController$BarHandler c=com.android.server.wm.-$$Lambda$StatusBarController$1$3FiQ0kybPCSlgcNJkCsNm5M12iA@dd20a42 m=0
03-07 12:27:35.380  1823  2011 D PowerManagerService: setScreenBrightnessOverrideFromWindowManagerInternal brightness=NaN mScreenBrightnessOverrideFromWindowManager=NaN
03-07 12:27:35.380  1823  2011 I chatty  : uid=1000(system) android.display identical 3 lines
03-07 12:27:35.380  1823  2011 D PowerManagerService: setScreenBrightnessOverrideFromWindowManagerInternal brightness=NaN mScreenBrightnessOverrideFromWindowManager=NaN
03-07 12:27:35.381  1823  2537 W ActivityManager: Unable to start service Intent { cmp=com.coloros.phonemanager/.safejob.SafeCenterJobService (has extras) } U=0: not found
03-07 12:27:35.381  1823  2011 D PowerManagerService: setScreenBrightnessOverrideFromWindowManagerInternal brightness=NaN mScreenBrightnessOverrideFromWindowManager=NaN
03-07 12:27:35.381  4401  4441 E oiface  : Average freq 2080367 for 6s.
03-07 12:27:35.381  1823  2011 I chatty  : uid=1000(system) android.display identical 1 line
03-07 12:27:35.381  1823  2011 D PowerManagerService: setScreenBrightnessOverrideFromWindowManagerInternal brightness=NaN mScreenBrightnessOverrideFromWindowManager=NaN
03-07 12:27:35.381  1823  2537 D JobScheduler: Error executing JobStatus{981795f #1000/2009201 com.coloros.phonemanager/.safejob.SafeCenterJobService u=0 s=10563 TIME=-3d7h50m40s321ms:-3d7h50m40s321ms PERIODIC PERSISTED READY}
03-07 12:27:35.382  4401  4441 E oiface  : Average freq 1705526 for 6s.
03-07 12:27:35.382  1150  1150 D OppoExLayer: ~Layer() sequence=14840, name=Surface(name=1412601 NavigationBar0)/@0x71346e7 - animation-leash#1@0x7456f15000
03-07 12:27:35.382  1150  1150 D OppoExLayer: ~Layer() sequence=14842, name=Surface(name=2213480 InputMethod)/@0x60f9efe - animation-leash#0@0x7456fc9000
03-07 12:27:35.382  1150  1150 D OppoExLayer: ~Layer() sequence=14839, name=Surface(name=501053e StatusBar)/@0xbaa88ec - animation-leash#0@0x7464ee4000
03-07 12:27:35.377  1823  1823 W Binder:1823_E: type=1400 audit(0.0:213493): avc: denied { open } for path="/sys/devices/platform/soc/5000000.qcom,kgsl-3d0/kgsl/kgsl-3d0/freq_table_mhz" dev="sysfs" ino=46177 scontext=u:r:system_server:s0 tcontext=u:object_r:sysfs_kgsl:s0 tclass=file permissive=0
03-07 12:27:35.382  1823  2011 D PowerManagerService: setScreenBrightnessOverrideFromWindowManagerInternal brightness=NaN mScreenBrightnessOverrideFromWindowManager=NaN
03-07 12:27:35.383  1823  4211 E ORMS_Platform : OplusResourceManagerPlatformUtils: readFile function exception:/sys/devices/platform/soc/5000000.qcom,kgsl-3d0/kgsl/kgsl-3d0/freq_table_mhz: open failed: EACCES (Permission denied)
03-07 12:27:35.384  4401  4441 E oiface  : get gpu freq table failed
03-07 12:27:35.387  4401  4441 E oiface  : client  not found, skipped
03-07 12:27:35.387  4401  4441 D oiface  : forground package is com.oppo.launcher
03-07 12:27:35.389  1823  2537 D CompatibilityChangeReporter: Compat change id reported: 135634846; UID 10175; state: DISABLED
03-07 12:27:35.389  1823  2046 D CompatibilityChangeReporter: Compat change id reported: 143937733; UID 10175; state: ENABLED
03-07 12:27:35.390  3294  3615 E Parcel  : Reading a NULL string not supported here.
03-07 12:27:35.390  1134  2525 D AudioPolicyService: updateUidStates_l() allowCapture=true because of on TOP AND uses VOICE_RECOGNITION OR uses HOTWORD
03-07 12:27:35.390  1134  2525 D AudioPolicyService: updateUidStates_l() current->uid=10070 current->pid=17223 allowCapture=1 UidState=5 apmStat=1
03-07 12:27:35.390  1134  2525 D AudioPolicyService: updateUidStates_l() allowCapture=true because of on TOP AND uses VOICE_RECOGNITION OR uses HOTWORD
03-07 12:27:35.390  1134  2525 D AudioPolicyService: updateUidStates_l() current->uid=10070 current->pid=17223 allowCapture=1 UidState=5 apmStat=1
03-07 12:27:35.390  1134  2525 D AudioPolicyService: updateUidStates_l() allowCapture=true because of on TOP AND uses VOICE_RECOGNITION OR uses HOTWORD
03-07 12:27:35.390  1134  2525 D AudioPolicyService: updateUidStates_l() current->uid=10070 current->pid=17223 allowCapture=1 UidState=5 apmStat=1
03-07 12:27:35.390  1134  2525 D AudioPolicyService: updateUidStates_l() allowCapture=true because of on TOP AND uses VOICE_RECOGNITION OR uses HOTWORD
03-07 12:27:35.390  1134  2525 D AudioPolicyService: updateUidStates_l() current->uid=10070 current->pid=17223 allowCapture=1 UidState=5 apmStat=1
03-07 12:27:35.390  1134  2525 D AudioPolicyService: updateUidStates_l() allowCapture=true because of on TOP AND uses VOICE_RECOGNITION OR uses HOTWORD
03-07 12:27:35.390  1134  2525 D AudioPolicyService: updateUidStates_l() current->uid=10070 current->pid=17223 allowCapture=1 UidState=5 apmStat=1
03-07 12:27:35.390  1134  2525 D AudioPolicyService: updateUidStates_l() allowCapture=true because of on TOP AND uses VOICE_RECOGNITION OR uses HOTWORD
03-07 12:27:35.391  1134  2525 D AudioPolicyService: updateUidStates_l() current->uid=10070 current->pid=17223 allowCapture=1 UidState=5 apmStat=1
03-07 12:27:35.391  1134  2524 D AudioPolicyService: updateUidStates_l() allowCapture=true because of on TOP AND uses VOICE_RECOGNITION OR uses HOTWORD
03-07 12:27:35.391  1134  2524 D AudioPolicyService: updateUidStates_l() current->uid=10070 current->pid=17223 allowCapture=1 UidState=5 apmStat=1
03-07 12:27:35.392  1823  2011 D PowerManagerService: setScreenBrightnessOverrideFromWindowManagerInternal brightness=NaN mScreenBrightnessOverrideFromWindowManager=NaN
03-07 12:27:35.392  1823  2011 I chatty  : uid=1000(system) android.display identical 1 line
03-07 12:27:35.392  1823  2011 D PowerManagerService: setScreenBrightnessOverrideFromWindowManagerInternal brightness=NaN mScreenBrightnessOverrideFromWindowManager=NaN
03-07 12:27:35.393  1823  2008 W Looper  : Drained
03-07 12:27:35.393  1823  2008 D OplusAppBwCore: onUidImportance: 10175, 400
03-07 12:27:35.393  1134  2525 D AudioPolicyService: updateUidStates_l() allowCapture=true because of on TOP AND uses VOICE_RECOGNITION OR uses HOTWORD
03-07 12:27:35.393  1134  2525 D AudioPolicyService: updateUidStates_l() current->uid=10070 current->pid=17223 allowCapture=1 UidState=5 apmStat=1
03-07 12:27:35.406  1134 24353 D AudioPolicyService: updateUidStates_l() allowCapture=true because of on TOP AND uses VOICE_RECOGNITION OR uses HOTWORD
03-07 12:27:35.406  1134 24353 D AudioPolicyService: updateUidStates_l() current->uid=10070 current->pid=17223 allowCapture=1 UidState=5 apmStat=1
03-07 12:27:35.407  1823  1823 W Binder:1823_8: type=1400 audit(0.0:213494): avc: denied { open } for path="/sys/devices/platform/soc/5000000.qcom,kgsl-3d0/kgsl/kgsl-3d0/freq_table_mhz" dev="sysfs" ino=46177 scontext=u:r:system_server:s0 tcontext=u:object_r:sysfs_kgsl:s0 tclass=file permissive=0
03-07 12:27:35.419  1823  3196 E ORMS_Platform : OplusResourceManagerPlatformUtils: readFile function exception:/sys/devices/platform/soc/5000000.qcom,kgsl-3d0/kgsl/kgsl-3d0/freq_table_mhz: open failed: EACCES (Permission denied)
03-07 12:27:35.419  4401  4441 E oiface  : get gpu freq table failed
03-07 12:27:35.421   919   919 D Zygote  : Forked child process 6658
03-07 12:27:35.422  1823  2046 I ActivityManager: Start proc 6658:com.google.android.apps.wellbeing/u0a175 for service {com.google.android.apps.wellbeing/androidx.work.impl.background.systemjob.SystemJobService}
03-07 12:27:35.423  6658  6658 W Zygote  : Unable to open libbeluga.so: dlopen failed: library "libbeluga.so" not found.
03-07 12:27:35.428  3294  3615 E Parcel  : Reading a NULL string not supported here.
03-07 12:27:35.430  1823  1836 W System  : A resource failed to call release. 
03-07 12:27:35.432  1150  1150 D OppoExLayer: ~Layer() sequence=14819, name=Surface(name=2213480 InputMethod)/@0x60f9efe - animation-leash#1@0x7456f18000
03-07 12:27:35.440  3294  3615 E Parcel  : Reading a NULL string not supported here.
03-07 12:27:35.442  6658  6658 E .apps.wellbein: Unknown bits set in runtime_flags: 0x40000000
03-07 12:27:35.445  3294  3615 E Parcel  : Reading a NULL string not supported here.
03-07 12:27:35.447  3294  3615 E Parcel  : Reading a NULL string not supported here.
03-07 12:27:35.449  6658  6658 E .apps.wellbein: Not starting debugger since process cannot load the jdwp agent.
03-07 12:27:35.450  3294  3615 E Parcel  : Reading a NULL string not supported here.
03-07 12:27:35.455  3294  3615 I chatty  : uid=10049(com.oppo.launcher) launcher-loader identical 2 lines
03-07 12:27:35.459  3294  3615 E Parcel  : Reading a NULL string not supported here.
03-07 12:27:35.459  6658  6658 E RefClass: java.lang.reflect.InvocationTargetException
03-07 12:27:35.460  6658  6658 I OneTrace: Mark active for pid=6658? true
03-07 12:27:35.461  3294  3615 E Parcel  : Reading a NULL string not supported here.
03-07 12:27:35.468  3294  3615 I chatty  : uid=10049(com.oppo.launcher) launcher-loader identical 1 line
03-07 12:27:35.471  3294  3615 E Parcel  : Reading a NULL string not supported here.
03-07 12:27:35.471  1134 24353 D AudioPolicyService: updateUidStates_l() allowCapture=true because of on TOP AND uses VOICE_RECOGNITION OR uses HOTWORD
03-07 12:27:35.471  1134 24353 D AudioPolicyService: updateUidStates_l() current->uid=10070 current->pid=17223 allowCapture=1 UidState=5 apmStat=1
03-07 12:27:35.472  6658  6658 I oplus.android.OplusFrameworkFactoryImpl: get feature:IOplusScreenModeFeature
03-07 12:27:35.472  6658  6658 I oplus.android.OplusFrameworkFactoryImpl: getOplusScreenModeFeature
03-07 12:27:35.475  3294  3615 E Parcel  : Reading a NULL string not supported here.
03-07 12:27:35.485  1823  2537 W ActivityManager: Unable to start service Intent { cmp=com.nearme.gamecenter/com.heytap.cdo.client.util.BatteryJobService (has extras) } U=0: not found
03-07 12:27:35.485  1823  2537 D JobScheduler: Error executing JobStatus{dc4f3b7 #u0a100/1 com.nearme.gamecenter/com.heytap.cdo.client.util.BatteryJobService u=0 s=10100 TIME=-3d7h50m40s435ms:-3d7h50m40s435ms CHARGING PERIODIC PERSISTED READY}
03-07 12:27:35.486  1823  2537 W ActivityManager: Unable to start service Intent { cmp=com.google.android.googlequicksearchbox/com.google.android.apps.gsa.tasks.BackgroundTasksJobService (has extras) } U=0: not found
03-07 12:27:35.486  1823  2537 D JobScheduler: Error executing JobStatus{f86bacb #u0a70/-358 com.google.android.googlequicksearchbox/com.google.android.apps.gsa.tasks.BackgroundTasksJobService u=0 s=10070 TIME=-3d7h50m40s432ms:-3d7h50m40s432ms NET CHARGING PERIODIC PERSISTED READY}
03-07 12:27:35.487  1823  2537 W ActivityManager: Unable to start service Intent { cmp=com.google.android.googlequicksearchbox/com.google.android.apps.gsa.tasks.BackgroundTasksJobService (has extras) } U=0: not found
03-07 12:27:35.487  1823  2537 D JobScheduler: Error executing JobStatus{f569997 #u0a70/-350 com.google.android.googlequicksearchbox/com.google.android.apps.gsa.tasks.BackgroundTasksJobService u=0 s=10070 TIME=-3d7h50m40s432ms:-3d7h50m40s432ms PERIODIC PERSISTED READY}
03-07 12:27:35.477  3294  3615 I chatty  : uid=10049(com.oppo.launcher) launcher-loader identical 1 line
03-07 12:27:35.481  3294  3615 E Parcel  : Reading a NULL string not supported here.
03-07 12:27:35.487  6658  6658 E libc    : Access denied finding property "ro.odm.prev.product.name"
03-07 12:27:35.488  1823  2537 W ActivityManager: Unable to start service Intent { cmp=com.google.android.googlequicksearchbox/com.google.android.apps.gsa.tasks.BackgroundTasksJobService (has extras) } U=0: not found
03-07 12:27:35.488  1823  2537 D JobScheduler: Error executing JobStatus{d19c8fd #u0a70/-446 com.google.android.googlequicksearchbox/com.google.android.apps.gsa.tasks.BackgroundTasksJobService u=0 s=10070 TIME=-3d7h50m40s433ms:-3d7h50m40s433ms NET PERIODIC PERSISTED READY}
03-07 12:27:35.489  2640  2666 D OplusCoreAppService: isPackageContainsOplusCertificates be called
03-07 12:27:35.490  3294  3615 E Parcel  : Reading a NULL string not supported here.
03-07 12:27:35.500  1823  2012 V ColorZoomWindowManagerService: onAnimationFinished:  r = ActivityRecord{d5fbe0b u0 com.oppo.launcher/.Launcher t2}
03-07 12:27:35.501  1823  2012 I ColorAppSwitchManagerService:  handleAppVisible , r = ActivityRecord{d5fbe0b u0 com.oppo.launcher/.Launcher t2}
03-07 12:27:35.501  1823  2012 I OplusMirageDisplayManagerService: onAnimationFinished:
03-07 12:27:35.497  3294  3615 I chatty  : uid=10049(com.oppo.launcher) launcher-loader identical 2 lines
03-07 12:27:35.499  3294  3615 E Parcel  : Reading a NULL string not supported here.
03-07 12:27:35.502  1823  3138 I ColorHansManager : unfreeze uid: 10100 package: com.nearme.gamecenter reason: F-direct scene: FastFreezerScene
03-07 12:27:35.503  1823  3138 I ColorHansManager : unfreeze uid: 10167 package: com.instagram.android reason: F-direct scene: FastFreezerScene
03-07 12:27:35.505  1823  3138 I ColorHansManager : unfreeze uid: 10307 package: com.truecaller reason: F-direct scene: FastFreezerScene
03-07 12:27:35.506  1823  3138 I ColorHansManager : unfreeze uid: 10455 package: com.facebook.katana reason: F-direct scene: FastFreezerScene
03-07 12:27:35.506  1823  2011 D PowerManagerService: setScreenBrightnessOverrideFromWindowManagerInternal brightness=NaN mScreenBrightnessOverrideFromWindowManager=NaN
03-07 12:27:35.507  1823  3138 I ColorHansManager : unfreeze uid: 10613 package: com.alibaba.intl.android.apps.poseidon reason: F-direct scene: FastFreezerScene
03-07 12:27:35.507  3294  3615 E Parcel  : Reading a NULL string not supported here.
03-07 12:27:35.508  1823  3138 I ColorHansManager : unfreeze uid: 10296 package: com.instagram.barcelona reason: F-direct scene: FastFreezerScene
03-07 12:27:35.510  1823  3138 I ColorHansManager : unfreeze uid: 10294 package: hk.easyvan.app.client reason: F-direct scene: FastFreezerScene
03-07 12:27:35.511  1823  3138 I ColorHansManager : unfreeze uid: 10282 package: com.tokopedia.sellerapp reason: F-direct scene: FastFreezerScene
03-07 12:27:35.512  3294  3615 E Parcel  : Reading a NULL string not supported here.
03-07 12:27:35.512  1823  3138 I ColorHansManager : unfreeze uid: 10203 package: com.tokopedia.tkpd reason: F-direct scene: FastFreezerScene
03-07 12:27:35.507  1823  2011 D PowerManagerService: setScreenBrightnessOverrideFromWindowManagerInternal brightness=NaN mScreenBrightnessOverrideFromWindowManager=NaN
03-07 12:27:35.513  1823  2537 W ActivityManager: Unable to start service Intent { cmp=com.google.android.googlequicksearchbox/com.google.android.apps.gsa.tasks.BackgroundTasksJobService (has extras) } U=0: not found
03-07 12:27:35.513  1823  2537 D JobScheduler: Error executing JobStatus{c759784 #u0a70/-462 com.google.android.googlequicksearchbox/com.google.android.apps.gsa.tasks.BackgroundTasksJobService u=0 s=10070 TIME=-3d7h50m40s457ms:-3d7h50m40s457ms PERIODIC PERSISTED READY}
03-07 12:27:35.514  1823  2537 W ActivityManager: Unable to start service Intent { cmp=com.google.android.googlequicksearchbox/com.google.android.apps.gsa.tasks.BackgroundTasksJobService (has extras) } U=0: not found
03-07 12:27:35.514  1823  2537 D JobScheduler: Error executing JobStatus{bc75a89 #u0a70/-484 com.google.android.googlequicksearchbox/com.google.android.apps.gsa.tasks.BackgroundTasksJobService u=0 s=10070 TIME=-3d7h50m40s461ms:-3d7h50m40s461ms NET CHARGING PERIODIC PERSISTED READY}
03-07 12:27:35.514  1823  3138 I ColorHansManager : unfreeze uid: 10171 package: com.ss.android.ugc.trill reason: F-direct scene: FastFreezerScene
03-07 12:27:35.515  3294  3615 E Parcel  : Reading a NULL string not supported here.
03-07 12:27:35.515  1150  1150 D OppoExLayer: ~Layer() sequence=14850, name=Surface(name=Task=2)/@0x825ae65 - animation-leash#0@0x7473142000
03-07 12:27:35.516  1823  3138 I ColorHansManager : unfreeze uid: 10152 package: com.lazada.android reason: F-direct scene: FastFreezerScene
03-07 12:27:35.516  1823  2537 W ActivityManager: Unable to start service Intent { cmp=com.google.android.googlequicksearchbox/com.google.android.apps.gsa.tasks.BackgroundTasksJobService (has extras) } U=0: not found
03-07 12:27:35.516  1823  2537 D JobScheduler: Error executing JobStatus{bbef7f9 #u0a70/-202 com.google.android.googlequicksearchbox/com.google.android.apps.gsa.tasks.BackgroundTasksJobService u=0 s=10070 TIME=-3d7h50m40s461ms:-3d7h50m40s461ms NET CHARGING PERIODIC PERSISTED READY}
03-07 12:27:35.517  1823  3138 I ColorHansManager : unfreeze uid: 10030 package: com.shopee.id reason: F-direct scene: FastFreezerScene
03-07 12:27:35.519  1823  3138 I ColorHansManager : unfreeze uid: 10006 package: com.wakeup.howear reason: F-direct scene: FastFreezerScene
03-07 12:27:35.519  1823  2537 W ActivityManager: Unable to start service Intent { cmp=com.google.android.googlequicksearchbox/com.google.android.apps.gsa.tasks.BackgroundTasksJobService (has extras) } U=0: not found
03-07 12:27:35.519  1823  2537 D JobScheduler: Error executing JobStatus{8f2d1c1 #u0a70/-362 com.google.android.googlequicksearchbox/com.google.android.apps.gsa.tasks.BackgroundTasksJobService u=0 s=10070 TIME=-3d7h50m40s465ms:-3d7h50m40s465ms PERIODIC PERSISTED READY}
03-07 12:27:35.520  1823  3138 I ColorHansManager : exit fastfreezer, reason:F-direct
03-07 12:27:35.520  1823  3138 D OppoBasePowerManagerService: do restore jobs
03-07 12:27:35.521  1823  3144 I ColorHansManager : stateRToFFreeze--imporant case: pkgName: com.wakeup.howear, reason: lastResumeProtect
03-07 12:27:35.521  1823  3144 I ColorHansManager : stateRToFFreeze--imporant case: pkgName: com.lazada.android, reason: lastResumeProtect
03-07 12:27:35.521  1823  3144 I ColorHansManager : stateRToFFreeze--imporant case: pkgName: com.tokopedia.sellerapp, reason: lastResumeProtect
03-07 12:27:35.522  1823  3144 I ColorHansManager : stateRToFFreeze--imporant case: pkgName: com.shopee.id, reason: lastResumeProtect
03-07 12:27:35.522  1823  3144 I ColorHansManager : stateRToFFreeze--imporant case: pkgName: hk.easyvan.app.client, reason: lastResumeProtect
03-07 12:27:35.522  1823  3144 I ColorHansManager : stateRToFFreeze--imporant case: pkgName: com.instagram.barcelona, reason: lastResumeProtect
03-07 12:27:35.521  1823  3138 I chatty  : uid=1000(system) HansManagerHand identical 2 lines
03-07 12:27:35.521  1823  3138 D OppoBasePowerManagerService: do restore jobs
03-07 12:27:35.522  1823  2011 D PowerManagerService: setScreenBrightnessOverrideFromWindowManagerInternal brightness=NaN mScreenBrightnessOverrideFromWindowManager=NaN
03-07 12:27:35.522  1823  3144 I ColorHansManager : stateRToFFreeze--imporant case: pkgName: com.ss.android.ugc.trill, reason: lastResumeProtect
03-07 12:27:35.523  1823  3144 I ColorHansManager : stateRToFFreeze--imporant case: pkgName: com.tokopedia.tkpd, reason: lastResumeProtect
03-07 12:27:35.523  1823  3144 I ColorHansManager : stateRToFFreeze--imporant case: pkgName: com.alibaba.intl.android.apps.poseidon, reason: lastResumeProtect
03-07 12:27:35.529  3294  3615 E Parcel  : Reading a NULL string not supported here.
03-07 12:27:35.540  3294  3615 I chatty  : uid=10049(com.oppo.launcher) launcher-loader identical 2 lines
03-07 12:27:35.543  3294  3615 E Parcel  : Reading a NULL string not supported here.
03-07 12:27:35.544  1134 24353 D AudioPolicyService: updateUidStates_l() allowCapture=true because of on TOP AND uses VOICE_RECOGNITION OR uses HOTWORD
03-07 12:27:35.544  1134 24353 D AudioPolicyService: updateUidStates_l() current->uid=10070 current->pid=17223 allowCapture=1 UidState=5 apmStat=1
03-07 12:27:35.545  1134 24353 D AudioPolicyService: updateUidStates_l() allowCapture=true because of on TOP AND uses VOICE_RECOGNITION OR uses HOTWORD
03-07 12:27:35.545  1134 24353 D AudioPolicyService: updateUidStates_l() current->uid=10070 current->pid=17223 allowCapture=1 UidState=5 apmStat=1
03-07 12:27:35.545  1823  2537 W ActivityManager: Unable to start service Intent { cmp=com.google.android.googlequicksearchbox/com.google.android.apps.gsa.tasks.BackgroundTasksJobService (has extras) } U=0: not found
03-07 12:27:35.545  1823  2537 D JobScheduler: Error executing JobStatus{8bedc16 #u0a70/-148 com.google.android.googlequicksearchbox/com.google.android.apps.gsa.tasks.BackgroundTasksJobService u=0 s=10070 TIME=-3d7h50m40s490ms:-3d7h50m40s490ms NET PERIODIC PERSISTED READY}
03-07 12:27:35.546  1823  2537 W ActivityManager: Unable to start service Intent { cmp=com.google.android.googlequicksearchbox/com.google.android.apps.gsa.tasks.BackgroundTasksJobService (has extras) } U=0: not found
03-07 12:27:35.546  1823  2537 D JobScheduler: Error executing JobStatus{7b956ec #u0a70/-324 com.google.android.googlequicksearchbox/com.google.android.apps.gsa.tasks.BackgroundTasksJobService u=0 s=10070 TIME=-3d7h50m40s491ms:-3d7h50m40s491ms CHARGING PERIODIC PERSISTED READY}
03-07 12:27:35.547  1823  2537 W ActivityManager: Unable to start service Intent { cmp=com.google.android.googlequicksearchbox/com.google.android.apps.gsa.tasks.BackgroundTasksJobService (has extras) } U=0: not found
03-07 12:27:35.547  1823  2537 D JobScheduler: Error executing JobStatus{6c4a3a2 #u0a70/-128 com.google.android.googlequicksearchbox/com.google.android.apps.gsa.tasks.BackgroundTasksJobService u=0 s=10070 TIME=-3d7h50m40s491ms:-3d7h50m40s491ms NET PERIODIC PERSISTED READY}
03-07 12:27:35.547  1823  2537 W ActivityManager: Unable to start service Intent { cmp=com.google.android.googlequicksearchbox/com.google.android.apps.gsa.tasks.BackgroundTasksJobService (has extras) } U=0: not found
03-07 12:27:35.547  1823  2537 D JobScheduler: Error executing JobStatus{653eb6d #u0a70/-406 com.google.android.googlequicksearchbox/com.google.android.apps.gsa.tasks.BackgroundTasksJobService u=0 s=10070 TIME=-3d7h50m40s492ms:-3d7h50m40s492ms NET PERIODIC PERSISTED READY}
03-07 12:27:35.548  1823  2537 W ActivityManager: Unable to start service Intent { cmp=com.google.android.googlequicksearchbox/com.google.android.apps.gsa.tasks.BackgroundTasksJobService (has extras) } U=0: not found
03-07 12:27:35.548  1823  2537 D JobScheduler: Error executing JobStatus{3ed959f #u0a70/-480 com.google.android.googlequicksearchbox/com.google.android.apps.gsa.tasks.BackgroundTasksJobService u=0 s=10070 TIME=-3d7h50m40s493ms:-3d7h50m40s493ms NET PERIODIC PERSISTED READY}
03-07 12:27:35.555  3294  3615 E Parcel  : Reading a NULL string not supported here.
03-07 12:27:35.644  3294  3615 I chatty  : uid=10049(com.oppo.launcher) launcher-loader identical 20 lines
03-07 12:27:35.646  3294  3615 E Parcel  : Reading a NULL string not supported here.
03-07 12:27:35.648  6658  6658 W .apps.wellbein: JIT profile information will not be recorded: profile file does not exist.
03-07 12:27:35.649  3294  3615 E Parcel  : Reading a NULL string not supported here.
03-07 12:27:35.660  3294  3615 I chatty  : uid=10049(com.oppo.launcher) launcher-loader identical 2 lines
03-07 12:27:35.663  3294  3615 E Parcel  : Reading a NULL string not supported here.
03-07 12:27:35.700  6658  6658 I Perf    : Connecting to perf service.
03-07 12:27:35.705  6658  6658 E Perf    :  perftest packageName : com.google.android.apps.wellbeing App is allowed to use Hide APIs  
03-07 12:27:35.717  6658  6658 D NetworkSecurityConfig: No Network Security Config specified, using platform default
03-07 12:27:35.725  1823  2537 W ActivityManager: Unable to start service Intent { cmp=com.nearme.gamecenter/com.heytap.cdo.client.util.BatteryJobService (has extras) } U=0: not found
03-07 12:27:35.725  1823  2537 D JobScheduler: Error executing JobStatus{dc4f3b7 #u0a100/1 com.nearme.gamecenter/com.heytap.cdo.client.util.BatteryJobService u=0 s=10100 TIME=-3d7h50m40s675ms:-3d7h50m40s675ms CHARGING PERIODIC PERSISTED READY}
03-07 12:27:35.727  1823  2537 W ActivityManager: Unable to start service Intent { cmp=com.google.android.googlequicksearchbox/com.google.android.apps.gsa.tasks.BackgroundTasksJobService (has extras) } U=0: not found
03-07 12:27:35.727  1823  2537 D JobScheduler: Error executing JobStatus{f86bacb #u0a70/-358 com.google.android.googlequicksearchbox/com.google.android.apps.gsa.tasks.BackgroundTasksJobService u=0 s=10070 TIME=-3d7h50m40s673ms:-3d7h50m40s673ms NET CHARGING PERIODIC PERSISTED READY}
03-07 12:27:35.728  1823  2537 W ActivityManager: Unable to start service Intent { cmp=com.google.android.googlequicksearchbox/com.google.android.apps.gsa.tasks.BackgroundTasksJobService (has extras) } U=0: not found
03-07 12:27:35.729  1823  2537 D JobScheduler: Error executing JobStatus{f569997 #u0a70/-350 com.google.android.googlequicksearchbox/com.google.android.apps.gsa.tasks.BackgroundTasksJobService u=0 s=10070 TIME=-3d7h50m40s674ms:-3d7h50m40s674ms PERIODIC PERSISTED READY}
03-07 12:27:35.730  1823  2537 W ActivityManager: Unable to start service Intent { cmp=com.google.android.googlequicksearchbox/com.google.android.apps.gsa.tasks.BackgroundTasksJobService (has extras) } U=0: not found
03-07 12:27:35.730  1823  2537 D JobScheduler: Error executing JobStatus{d19c8fd #u0a70/-446 com.google.android.googlequicksearchbox/com.google.android.apps.gsa.tasks.BackgroundTasksJobService u=0 s=10070 TIME=-3d7h50m40s676ms:-3d7h50m40s676ms NET PERIODIC PERSISTED READY}
03-07 12:27:35.732  1823  2537 W ActivityManager: Unable to start service Intent { cmp=com.google.android.googlequicksearchbox/com.google.android.apps.gsa.tasks.BackgroundTasksJobService (has extras) } U=0: not found
03-07 12:27:35.732  1823  2537 D JobScheduler: Error executing JobStatus{c759784 #u0a70/-462 com.google.android.googlequicksearchbox/com.google.android.apps.gsa.tasks.BackgroundTasksJobService u=0 s=10070 TIME=-3d7h50m40s676ms:-3d7h50m40s676ms PERIODIC PERSISTED READY}
03-07 12:27:35.734  1823  2537 W ActivityManager: Unable to start service Intent { cmp=com.google.android.googlequicksearchbox/com.google.android.apps.gsa.tasks.BackgroundTasksJobService (has extras) } U=0: not found
03-07 12:27:35.734  1823  2537 D JobScheduler: Error executing JobStatus{bc75a89 #u0a70/-484 com.google.android.googlequicksearchbox/com.google.android.apps.gsa.tasks.BackgroundTasksJobService u=0 s=10070 TIME=-3d7h50m40s681ms:-3d7h50m40s681ms NET CHARGING PERIODIC PERSISTED READY}
03-07 12:27:35.735  1823  2537 W ActivityManager: Unable to start service Intent { cmp=com.google.android.googlequicksearchbox/com.google.android.apps.gsa.tasks.BackgroundTasksJobService (has extras) } U=0: not found
03-07 12:27:35.736  1823  2537 D JobScheduler: Error executing JobStatus{bbef7f9 #u0a70/-202 com.google.android.googlequicksearchbox/com.google.android.apps.gsa.tasks.BackgroundTasksJobService u=0 s=10070 TIME=-3d7h50m40s681ms:-3d7h50m40s681ms NET CHARGING PERIODIC PERSISTED READY}
03-07 12:27:35.737  1823  2537 W ActivityManager: Unable to start service Intent { cmp=com.google.android.googlequicksearchbox/com.google.android.apps.gsa.tasks.BackgroundTasksJobService (has extras) } U=0: not found
03-07 12:27:35.737  1823  2537 D JobScheduler: Error executing JobStatus{8f2d1c1 #u0a70/-362 com.google.android.googlequicksearchbox/com.google.android.apps.gsa.tasks.BackgroundTasksJobService u=0 s=10070 TIME=-3d7h50m40s683ms:-3d7h50m40s683ms PERIODIC PERSISTED READY}
03-07 12:27:35.738  1823  2537 W ActivityManager: Unable to start service Intent { cmp=com.google.android.googlequicksearchbox/com.google.android.apps.gsa.tasks.BackgroundTasksJobService (has extras) } U=0: not found
03-07 12:27:35.738  1823  2537 D JobScheduler: Error executing JobStatus{8bedc16 #u0a70/-148 com.google.android.googlequicksearchbox/com.google.android.apps.gsa.tasks.BackgroundTasksJobService u=0 s=10070 TIME=-3d7h50m40s684ms:-3d7h50m40s684ms NET PERIODIC PERSISTED READY}
03-07 12:27:35.740  1823  2537 W ActivityManager: Unable to start service Intent { cmp=com.google.android.googlequicksearchbox/com.google.android.apps.gsa.tasks.BackgroundTasksJobService (has extras) } U=0: not found
03-07 12:27:35.740  1823  2537 D JobScheduler: Error executing JobStatus{7b956ec #u0a70/-324 com.google.android.googlequicksearchbox/com.google.android.apps.gsa.tasks.BackgroundTasksJobService u=0 s=10070 TIME=-3d7h50m40s685ms:-3d7h50m40s685ms CHARGING PERIODIC PERSISTED READY}
03-07 12:27:35.718  6658  6658 D NetworkSecurityConfig: No Network Security Config specified, using platform default
03-07 12:27:35.744  6658  6658 I MultiDex: VM with version 2.1.0 has multidex support
03-07 12:27:35.744  6658  6658 I MultiDex: Installing application
03-07 12:27:35.744  6658  6658 I MultiDex: VM has multidex support, MultiDex support library is disabled.
03-07 12:27:35.825  1823  1834 I system_server: Background young concurrent copying GC freed 168096(15MB) AllocSpace objects, 70(3180KB) LOS objects, 8% free, 108MB/118MB, paused 373us total 140.454ms
03-07 12:27:35.915  6658  6658 I lof     : SslGuard completed installation.
03-07 12:27:35.946  6658  6658 I TetheringManager: registerTetheringEventCallback:com.google.android.apps.wellbeing
03-07 12:27:35.964  6658  6688 E Parcel  : Reading a NULL string not supported here.
03-07 12:27:36.048  3273  3273 E OplusNecManagerHelper: com.oplus.nec.OplusNecManager.notifyOrigSignalStrengthChanged [class android.telephony.SignalStrength, int]
03-07 12:27:36.097  1445  1468 D bspCriticalLog: thermal_monitor gpuss-0-usr: open fail -1
03-07 12:27:36.097  1445  1468 D bspCriticalLog: thermal_monitor cpu-0-0-usr: open fail -1
03-07 12:27:36.097  1445  1468 D bspCriticalLog: thermal_monitor cpu-1-0-usr: open fail -1
03-07 12:27:36.138  6658  6688 E Parcel  : Reading a NULL string not supported here.
03-07 12:27:36.159  6658  6658 E Parcel  : Reading a NULL string not supported here.
03-07 12:27:36.164  6658  6658 I chatty  : uid=10175(com.google.android.apps.wellbeing) identical 28 lines
03-07 12:27:36.164  6658  6658 E Parcel  : Reading a NULL string not supported here.
03-07 12:27:36.171  6658  6688 E Parcel  : Reading a NULL string not supported here.
03-07 12:27:36.175 23306  5622 I Icing   : Indexing com.google.android.gms-apps from com.google.android.gms
03-07 12:27:36.208  6658  6688 E Parcel  : Reading a NULL string not supported here.
03-07 12:27:36.209  6658  6688 E Parcel  : Reading a NULL string not supported here.
03-07 12:27:36.241 23306  5622 E Icing   : Not enough disk space for indexing
03-07 12:27:36.241 23306  5622 I Icing   : Cannot sync untrimmable corpus: no sync
03-07 12:27:36.241 23306  5622 I Icing   : Indexing done com.google.android.gms-apps
03-07 12:27:36.241 23306  5622 E Icing   : Aborting indexing of corpus apps
03-07 12:27:36.243 23306  5622 I Icing   : Indexing com.google.android.gms-apps from com.google.android.gms
03-07 12:27:36.243 23306  5622 E Icing   : Not enough disk space for indexing
03-07 12:27:36.243 23306  5622 I Icing   : Cannot sync untrimmable corpus: no sync
03-07 12:27:36.243 23306  5622 I Icing   : Indexing done com.google.android.gms-apps
03-07 12:27:36.243 23306  5622 E Icing   : Aborting indexing of corpus apps
03-07 12:27:36.257  6658  6693 W FirebaseApp: Default FirebaseApp failed to initialize because no default options were found. This usually means that com.google.gms:google-services was not applied to your gradle project.
03-07 12:27:36.269  6658  6694 W DynamiteModule: Local module descriptor class for com.google.android.gms.googlecertificates not found.
03-07 12:27:36.278  6658  6694 E Parcel  : Reading a NULL string not supported here.
03-07 12:27:36.278  6658  6688 E Parcel  : Reading a NULL string not supported here.
03-07 12:27:36.285  6658  6694 W .apps.wellbein: ClassLoaderContext classpath size mismatch. expected=14, found=0 (DLC[];PCL[base.apk*3925541856:base.apk!classes2.dex*1962173913:base.apk!classes3.dex*2020205301:base.apk!classes4.dex*960869038:base.apk!classes5.dex*3600617649:base.apk!classes6.dex*1823250005:base.apk!classes7.dex*1981843908:base.apk!classes8.dex*1088573054:base.apk!classes9.dex*3497116053:base.apk!classes10.dex*1486754099:base.apk!classes11.dex*3789079801:base.apk!classes12.dex*556847549:base.apk!classes13.dex*1596857181:base.apk!classes14.dex*3389685568]{PCL[/system/framework/org.apache.http.legacy.jar*3372527007]#PCL[/apex/com.android.extservices/javalib/android.ext.adservices.jar*1727077579]#PCL[/system/framework/com.android.location.provider.jar*1664931834]#PCL[/system/framework/com.android.media.remotedisplay.jar*1573936315]#PCL[/apex/com.android.extservices/javalib/android.ext.adservices.jar*1727077579]} | DLC[];PCL[])
03-07 12:27:36.287  6658  6694 I DynamiteModule: Considering local module com.google.android.gms.googlecertificates:0 and remote module com.google.android.gms.googlecertificates:7
03-07 12:27:36.287  6658  6694 I DynamiteModule: Selected remote version of com.google.android.gms.googlecertificates, version >= 7
03-07 12:27:36.299  2640  2666 D OplusCoreAppService: isPackageContainsOplusCertificates be called
03-07 12:27:36.300  6658  6694 W System  : ClassLoader referenced unknown path: 
03-07 12:27:36.318  1134 24353 D AudioPolicyService: updateUidStates_l() allowCapture=true because of on TOP AND uses VOICE_RECOGNITION OR uses HOTWORD
03-07 12:27:36.318  1134 24353 D AudioPolicyService: updateUidStates_l() current->uid=10070 current->pid=17223 allowCapture=1 UidState=5 apmStat=1
03-07 12:27:36.319  1823  2537 W ActivityManager: Unable to start service Intent { cmp=com.google.android.googlequicksearchbox/com.google.android.apps.gsa.tasks.BackgroundTasksJobService (has extras) } U=0: not found
03-07 12:27:36.320  1823  2537 D JobScheduler: Error executing JobStatus{6c4a3a2 #u0a70/-128 com.google.android.googlequicksearchbox/com.google.android.apps.gsa.tasks.BackgroundTasksJobService u=0 s=10070 TIME=-3d7h50m41s264ms:-3d7h50m41s264ms NET PERIODIC PERSISTED READY}
03-07 12:27:36.321  6658  6694 W .apps.wellbein: ClassLoaderContext classpath size mismatch. expected=14, found=3 (DLC[];PCL[base.apk*3925541856:base.apk!classes2.dex*1962173913:base.apk!classes3.dex*2020205301:base.apk!classes4.dex*960869038:base.apk!classes5.dex*3600617649:base.apk!classes6.dex*1823250005:base.apk!classes7.dex*1981843908:base.apk!classes8.dex*1088573054:base.apk!classes9.dex*3497116053:base.apk!classes10.dex*1486754099:base.apk!classes11.dex*3789079801:base.apk!classes12.dex*556847549:base.apk!classes13.dex*1596857181:base.apk!classes14.dex*3389685568]{PCL[/system/framework/org.apache.http.legacy.jar*3372527007]#PCL[/apex/com.android.extservices/javalib/android.ext.adservices.jar*1727077579]#PCL[/system/framework/com.android.location.provider.jar*1664931834]#PCL[/system/framework/com.android.media.remotedisplay.jar*1573936315]#PCL[/apex/com.android.extservices/javalib/android.ext.adservices.jar*1727077579]} | DLC[];PCL[/data/app/~~Nqf64J0R5YV-mpZRn-rDCQ==/com.google.android.apps.wellbeing-OfodwzD46O3BanCWQwX5WA==/base.apk*2201605860:/data/app/~~Nqf64J0R5YV-mpZRn-rDCQ==/com.google.android.apps.wellbeing-OfodwzD46O3BanCWQwX5WA==/base.apk!classes2.dex*2981447402:/data/app/~~Nqf64J0R5YV-mpZRn-rDCQ==/com.google.android.apps.wellbeing-OfodwzD46O3BanCWQwX5WA==/base.apk!classes3.dex*247756936])
03-07 12:27:36.321  6658  6694 W .apps.wellbein: Found duplicate classes, falling back to extracting from APK : /data/app/~~TdIJMiaq9PTJ9a83ycLJgA==/com.google.android.gms-EKXUOf5D_RJP4pCLSSm8cg==/split_GoogleCertificates_installtime.apk
03-07 12:27:36.322  6658  6694 W .apps.wellbein: NOTE: This wastes RAM and hurts startup performance.
03-07 12:27:36.322  6658  6694 W .apps.wellbein: Found duplicated class when checking oat files: 'Landroid/app/AppComponentFactory;' in /data/app/~~Nqf64J0R5YV-mpZRn-rDCQ==/com.google.android.apps.wellbeing-OfodwzD46O3BanCWQwX5WA==/base.apk and /data/app/~~TdIJMiaq9PTJ9a83ycLJgA==/com.google.android.gms-EKXUOf5D_RJP4pCLSSm8cg==/split_GoogleCertificates_installtime.apk!classes2.dex
03-07 12:27:36.324  1823  2537 W ActivityManager: Unable to start service Intent { cmp=com.google.android.googlequicksearchbox/com.google.android.apps.gsa.tasks.BackgroundTasksJobService (has extras) } U=0: not found
03-07 12:27:36.324  1823  2537 D JobScheduler: Error executing JobStatus{653eb6d #u0a70/-406 com.google.android.googlequicksearchbox/com.google.android.apps.gsa.tasks.BackgroundTasksJobService u=0 s=10070 TIME=-3d7h50m41s269ms:-3d7h50m41s269ms NET PERIODIC PERSISTED READY}
03-07 12:27:36.326  1823  2537 W ActivityManager: Unable to start service Intent { cmp=com.google.android.googlequicksearchbox/com.google.android.apps.gsa.tasks.BackgroundTasksJobService (has extras) } U=0: not found
03-07 12:27:36.326  1823  2537 D JobScheduler: Error executing JobStatus{3ed959f #u0a70/-480 com.google.android.googlequicksearchbox/com.google.android.apps.gsa.tasks.BackgroundTasksJobService u=0 s=10070 TIME=-3d7h50m41s271ms:-3d7h50m41s271ms NET PERIODIC PERSISTED READY}
03-07 12:27:36.327  1823  2537 W ActivityManager: Unable to start service Intent { cmp=com.google.android.googlequicksearchbox/com.google.android.apps.gsa.tasks.BackgroundTasksJobService (has extras) } U=0: not found
03-07 12:27:36.327  1823  2537 D JobScheduler: Error executing JobStatus{1c8a2af #u0a70/-486 com.google.android.googlequicksearchbox/com.google.android.apps.gsa.tasks.BackgroundTasksJobService u=0 s=10070 TIME=-3d7h50m41s274ms:-3d7h50m41s274ms NET PERIODIC PERSISTED READY}
03-07 12:27:36.328  1823  2537 W ActivityManager: Unable to start service Intent { cmp=com.google.android.googlequicksearchbox/com.google.android.apps.gsa.tasks.BackgroundTasksJobService (has extras) } U=0: not found
03-07 12:27:36.329  1823  2537 D JobScheduler: Error executing JobStatus{1c21645 #u0a70/-352 com.google.android.googlequicksearchbox/com.google.android.apps.gsa.tasks.BackgroundTasksJobService u=0 s=10070 TIME=-3d7h50m41s275ms:-3d7h50m41s275ms NET PERIODIC PERSISTED READY}
03-07 12:27:36.411  6658  6694 D Intent  : disableDeathOnFileUriExposure com.android.chrome
03-07 12:27:36.419  1134 24353 D AudioPolicyService: updateUidStates_l() allowCapture=true because of on TOP AND uses VOICE_RECOGNITION OR uses HOTWORD
03-07 12:27:36.419  1134 24353 D AudioPolicyService: updateUidStates_l() current->uid=10070 current->pid=17223 allowCapture=1 UidState=5 apmStat=1
03-07 12:27:36.420  1823  2537 W ActivityManager: Unable to start service Intent { cmp=com.google.android.googlequicksearchbox/com.google.android.apps.gsa.tasks.BackgroundTasksJobService (has extras) } U=0: not found
03-07 12:27:36.421  1823  2537 D JobScheduler: Error executing JobStatus{cab19a #u0a70/-370 com.google.android.googlequicksearchbox/com.google.android.apps.gsa.tasks.BackgroundTasksJobService u=0 s=10070 TIME=-3d7h50m41s367ms:-3d7h50m41s367ms NET CHARGING PERIODIC PERSISTED READY}
03-07 12:27:36.423  1823  2537 W ActivityManager: Unable to start service Intent { cmp=com.google.android.googlequicksearchbox/com.google.android.apps.gsa.tasks.BackgroundTasksJobService (has extras) } U=0: not found
03-07 12:27:36.423  1823  2537 D JobScheduler: Error executing JobStatus{6d7a8e #u0a70/-256 com.google.android.googlequicksearchbox/com.google.android.apps.gsa.tasks.BackgroundTasksJobService u=0 s=10070 TIME=-3d7h50m41s370ms:-3d7h50m41s370ms NET CHARGING PERIODIC PERSISTED READY}
03-07 12:27:36.425  1823  2537 W ActivityManager: Unable to start service Intent { cmp=com.coloros.deepthinker/com.coloros.proton.learn.schedule.TrainJobService (has extras) } U=0: not found
03-07 12:27:36.426  1823  2537 D JobScheduler: Error executing JobStatus{e63504a #1000/648162385 com.coloros.deepthinker/com.coloros.proton.learn.schedule.TrainJobService u=0 s=1000 TIME=-3d7h50m41s343ms:-3d7h50m41s343ms PERSISTED READY}
03-07 12:27:36.427  1823  2537 W ActivityManager: Unable to start service Intent { cmp=com.coloros.phonemanager/.safejob.SafeCenterJobService (has extras) } U=0: not found
03-07 12:27:36.427  1823  2537 D JobScheduler: Error executing JobStatus{981795f #1000/2009201 com.coloros.phonemanager/.safejob.SafeCenterJobService u=0 s=10563 TIME=-3d7h50m41s366ms:-3d7h50m41s366ms PERIODIC PERSISTED READY}
03-07 12:27:36.429  1823  3013 W PackageManager: Cannot suspend package "com.android.vending": required for package verification
03-07 12:27:36.435  1823  3013 W PackageManager: Cannot suspend the platform package: android
03-07 12:27:36.454  6658  6687 E Parcel  : Reading a NULL string not supported here.
03-07 12:27:36.462  1823  3013 W PackageManager: Cannot suspend package "com.oppo.launcher": contains the active launcher
03-07 12:27:36.467  1823  3013 W PackageManager: Cannot suspend package "com.google.android.packageinstaller": required for package installation
03-07 12:27:36.468  1823  3013 W PackageManager: Cannot suspend package "com.google.android.gms": has an active device admin
03-07 12:27:36.499  1823  3013 W PackageManager: Cannot suspend package "com.google.android.permissioncontroller": required for permissions management
03-07 12:27:36.529  1823  3013 W PackageManager: Cannot suspend package "app.source.getcontact": is the default dialer
03-07 12:27:36.509  6658  6687 I chatty  : uid=10175(com.google.android.apps.wellbeing) BG Thread #1 identical 15 lines
03-07 12:27:36.513  6658  6687 E Parcel  : Reading a NULL string not supported here.
03-07 12:27:36.539 21100  6545 W ctxmgr  : [UpdateFenceRegistrationOperation] Gesture nano app is not available. [CONTEXT service_id=47 ]
03-07 12:27:36.560  6658  6694 E ActivityThread: Failed to find provider info for com.google.android.deskclock.provider
03-07 12:27:36.564  6658  6694 W ClockBedtimeProviderBri: <DWB> Error calling get_bedtime_info provider
03-07 12:27:36.564  6658  6694 W ClockBedtimeProviderBri: java.lang.IllegalArgumentException: Unknown authority com.google.android.deskclock.provider
03-07 12:27:36.564  6658  6694 W ClockBedtimeProviderBri: 	at android.content.ContentResolver.call(ContentResolver.java:2434)
03-07 12:27:36.564  6658  6694 W ClockBedtimeProviderBri: 	at android.content.ContentResolver.call(ContentResolver.java:2417)
03-07 12:27:36.564  6658  6694 W ClockBedtimeProviderBri: 	at fgz.e(PG:143)
03-07 12:27:36.564  6658  6694 W ClockBedtimeProviderBri: 	at fgu.b(PG:715)
03-07 12:27:36.564  6658  6694 W ClockBedtimeProviderBri: 	at quq.p(PG:11)
03-07 12:27:36.564  6658  6694 W ClockBedtimeProviderBri: 	at rah.run(PG:107)
03-07 12:27:36.564  6658  6694 W ClockBedtimeProviderBri: 	at lli.run(PG:36)
03-07 12:27:36.564  6658  6694 W ClockBedtimeProviderBri: 	at nyb.run(PG:557)
03-07 12:27:36.564  6658  6694 W ClockBedtimeProviderBri: 	at kpo.run(PG:7)
03-07 12:27:36.564  6658  6694 W ClockBedtimeProviderBri: 	at odi.run(PG:44)
03-07 12:27:36.564  6658  6694 W ClockBedtimeProviderBri: 	at bm.run(PG:389)
03-07 12:27:36.564  6658  6694 W ClockBedtimeProviderBri: 	at java.lang.Thread.run(Thread.java:923)
03-07 12:27:36.564  6658  6694 W ClockBedtimeProviderBri: 	at kra.run(PG:61)
03-07 12:27:36.565  6658  6694 W BedtimeManager: <DWB> Couldn't read bedtime from Clock
03-07 12:27:36.567  1823  3013 W PackageManager: Cannot suspend package "com.google.android.apps.work.oobconfig": protected package
03-07 12:27:36.579  3878  3878 I cr_DisplayManager: Is Display Topology available: false
03-07 12:27:36.580  6658  6688 E Parcel  : Reading a NULL string not supported here.
03-07 12:27:36.610  6658  6688 E Parcel  : Reading a NULL string not supported here.
03-07 12:27:36.614  3878  6700 W DynamiteModule: Local module descriptor class for com.google.android.gms.googlecertificates not found.
03-07 12:27:36.625  3878  6700 E Parcel  : Reading a NULL string not supported here.
03-07 12:27:36.634  3878  6700 W .android.chrom: ClassLoaderContext classpath size mismatch. expected=14, found=0 (DLC[];PCL[base.apk*3925541856:base.apk!classes2.dex*1962173913:base.apk!classes3.dex*2020205301:base.apk!classes4.dex*960869038:base.apk!classes5.dex*3600617649:base.apk!classes6.dex*1823250005:base.apk!classes7.dex*1981843908:base.apk!classes8.dex*1088573054:base.apk!classes9.dex*3497116053:base.apk!classes10.dex*1486754099:base.apk!classes11.dex*3789079801:base.apk!classes12.dex*556847549:base.apk!classes13.dex*1596857181:base.apk!classes14.dex*3389685568]{PCL[/system/framework/org.apache.http.legacy.jar*3372527007]#PCL[/apex/com.android.extservices/javalib/android.ext.adservices.jar*1727077579]#PCL[/system/framework/com.android.location.provider.jar*1664931834]#PCL[/system/framework/com.android.media.remotedisplay.jar*1573936315]#PCL[/apex/com.android.extservices/javalib/android.ext.adservices.jar*1727077579]} | DLC[];PCL[])
03-07 12:27:36.637  3878  6700 I DynamiteModule: Considering local module com.google.android.gms.googlecertificates:0 and remote module com.google.android.gms.googlecertificates:7
03-07 12:27:36.637  3878  6700 I DynamiteModule: Selected remote version of com.google.android.gms.googlecertificates, version >= 7
03-07 12:27:36.647 23306 23306 D BoundBrokerSvc: onBind: Intent { act=com.google.android.gms.safebrowsing.SafeBrowsingService.START dat=chimera-action: cmp=com.google.android.gms/.chimera.GmsBoundBrokerService }
03-07 12:27:36.647 23306 23306 D BoundBrokerSvc: Loading bound service for intent: Intent { act=com.google.android.gms.safebrowsing.SafeBrowsingService.START dat=chimera-action: cmp=com.google.android.gms/.chimera.GmsBoundBrokerService }
03-07 12:27:36.657  2640  2666 D OplusCoreAppService: isPackageContainsOplusCertificates be called
03-07 12:27:36.658  3878  6700 W System  : ClassLoader referenced unknown path: 
03-07 12:27:36.669  3878  6706 E Parcel  : Reading a NULL string not supported here.
03-07 12:27:36.688  3878  6700 W .android.chrom: ClassLoaderContext classpath size mismatch. expected=14, found=1 (DLC[];PCL[base.apk*3925541856:base.apk!classes2.dex*1962173913:base.apk!classes3.dex*2020205301:base.apk!classes4.dex*960869038:base.apk!classes5.dex*3600617649:base.apk!classes6.dex*1823250005:base.apk!classes7.dex*1981843908:base.apk!classes8.dex*1088573054:base.apk!classes9.dex*3497116053:base.apk!classes10.dex*1486754099:base.apk!classes11.dex*3789079801:base.apk!classes12.dex*556847549:base.apk!classes13.dex*1596857181:base.apk!classes14.dex*3389685568]{PCL[/system/framework/org.apache.http.legacy.jar*3372527007]#PCL[/apex/com.android.extservices/javalib/android.ext.adservices.jar*1727077579]#PCL[/system/framework/com.android.location.provider.jar*1664931834]#PCL[/system/framework/com.android.media.remotedisplay.jar*1573936315]#PCL[/apex/com.android.extservices/javalib/android.ext.adservices.jar*1727077579]} | DLC[];PCL[/data/app/~~Qu2tH_ldY9dI7OChJnQ6qg==/com.android.chrome-6AxpOm6aXwpGltfZAvMPvQ==/split_chrome.apk*566976170];PCL[/data/app/~~Qu2tH_ldY9dI7OChJnQ6qg==/com.android.chrome-6AxpOm6aXwpGltfZAvMPvQ==/base.apk*3856866894]{PCL[]#PCL[/apex/com.android.extservices/javalib/android.ext.adservices.jar*1727077579]})
03-07 12:27:36.690  3878  6700 W .android.chrom: Found duplicate classes, falling back to extracting from APK : /data/app/~~TdIJMiaq9PTJ9a83ycLJgA==/com.google.android.gms-EKXUOf5D_RJP4pCLSSm8cg==/split_GoogleCertificates_installtime.apk
03-07 12:27:36.691  3878  6700 W .android.chrom: NOTE: This wastes RAM and hurts startup performance.
03-07 12:27:36.691  3878  6700 W .android.chrom: Found duplicated class when checking oat files: 'Landroid/support/v4/graphics/drawable/IconCompatParcelizer;' in /data/app/~~TdIJMiaq9PTJ9a83ycLJgA==/com.google.android.gms-EKXUOf5D_RJP4pCLSSm8cg==/split_GoogleCertificates_installtime.apk!classes2.dex and /data/app/~~Qu2tH_ldY9dI7OChJnQ6qg==/com.android.chrome-6AxpOm6aXwpGltfZAvMPvQ==/base.apk
03-07 12:27:36.743  3878  6700 I .android.chrom: Waiting for a blocking GC ClassLinker
03-07 12:27:36.759 23306 23336 E Parcel  : Reading a NULL string not supported here.
03-07 12:27:36.764  3878  6700 I .android.chrom: WaitForGcToComplete blocked ClassLinker on ClassLinker for 20.449ms
03-07 12:27:36.852  3878  3878 I cr_CombinedPProvider: #linkNativeInternal() 0
03-07 12:27:36.852  3878  3878 I cr_PolicyProvider: #setManagerAndSource() 0
03-07 12:27:36.859  3878  3878 I cr_PolicyCacheProvider: #refresh() true
03-07 12:27:37.000  3878  3878 I TetheringManager: registerTetheringEventCallback:com.android.chrome
03-07 12:27:37.006 11175  6713 I AudioManager: In isBluetoothScoOn(), calling application: com.ss.android.ugc.trill
03-07 12:27:37.006  1823  3470 I AS.AudioDeviceBroker: In isBluetoothScoOnForApp(), mForcedUseForCommExt: 0
03-07 12:27:37.048  3878  3878 E libc    : Access denied finding property "ro.vendor.api_level"
03-07 12:27:37.157  3878  3878 I cr_SUCFiltersObserver: setting=browser_content_filters_enabled updating with false
03-07 12:27:37.165  3878  3878 I cr_SUCFiltersObserver: setting=search_content_filters_enabled updating with false
03-07 12:27:37.203  5299  5899 I Athena  : MemoryGuardAction: triggerMemory:2000MB, availMemory:2308MB
03-07 12:27:37.219  3294  3788 D Launcher.: panicValue = false
03-07 12:27:37.254  3878  6717 I PlayCore: UID: [10091]  PID: [3878] AppUpdateService : requestUpdateInfo(com.android.chrome)
03-07 12:27:37.257  3878  6728 I PlayCore: UID: [10091]  PID: [3878] AppUpdateService : Initiate binding to the service.
03-07 12:27:37.260  3273  3273 E OplusNecManagerHelper: com.oplus.nec.OplusNecManager.notifyOrigSignalStrengthChanged [class android.telephony.SignalStrength, int]
03-07 12:27:37.263  3878  3878 I chromium: [INFO:components/enterprise/browser/controller/chrome_browser_cloud_management_controller.cc:302] Deferring CBCM Controller Initialization until it is unblocked.
03-07 12:27:37.266 10065 10081 W OplusExSystemServiceHelper: checkOplusExSystemService intent getComponent is null
03-07 12:27:37.268  1134 24353 D AudioPolicyService: updateUidStates_l() allowCapture=true because of on TOP AND uses VOICE_RECOGNITION OR uses HOTWORD
03-07 12:27:37.268  1134 24353 D AudioPolicyService: updateUidStates_l() current->uid=10070 current->pid=17223 allowCapture=1 UidState=5 apmStat=1
03-07 12:27:37.375  1150  1150 D OppoExSurfaceFlinger: RESOLUTIONSWITCH get resolution (1080, 2340) for config 0 !
03-07 12:27:37.375  1150  1150 I chatty  : uid=1000(system) /system/bin/surfaceflinger identical 1 line
03-07 12:27:37.375  1150  1150 D OppoExSurfaceFlinger: RESOLUTIONSWITCH get resolution (1080, 2340) for config 0 !
03-07 12:27:37.430 10065 10081 W OplusExSystemServiceHelper: checkOplusExSystemService intent getComponent is null
03-07 12:27:37.434  3878  3878 W cr_SearchEngineDelegate: ensureIsDeviceChoiceRequiredSupplier() called on ineligible device
03-07 12:27:37.446 10065 10065 I Finsky  : [2] Setup::DSE: Phenotype experiments synced with status: NO_UPDATE
03-07 12:27:37.524  3878  3878 W chromium: [WARNING:components/gcm_driver/instance_id/instance_id_android.cc:101] Non-zero TTL requested for InstanceID token, while TTLs are not supported by Android Firebase IID API.
03-07 12:27:37.526 23306 23306 D BoundBrokerSvc: onBind: Intent { act=com.google.android.gms.auth.key.retrieval.service.START dat=chimera-action: cmp=com.google.android.gms/.chimera.GmsApiService }
03-07 12:27:37.526 23306 23306 D BoundBrokerSvc: Loading bound service for intent: Intent { act=com.google.android.gms.auth.key.retrieval.service.START dat=chimera-action: cmp=com.google.android.gms/.chimera.GmsApiService }
03-07 12:27:37.528  6462  6462 W ContextImpl: Calling a method in the system process without a qualified user: android.app.ContextImpl.startService:1717 android.content.ContextWrapper.startService:730 com.heytap.mcs.biz.statistics.StaticProcessTrackStatusManager.exitCurrentProcess:11 com.heytap.mcs.biz.statistics.StaticProcessTrackStatusManager$1.handleMessage:3 android.os.Handler.dispatchMessage:102 
03-07 12:27:37.537  6462  6462 I Process : Sending signal. PID: 6462 SIG: 9
03-07 12:27:37.548 23306 23306 D BoundBrokerSvc: onBind: Intent { act=com.google.android.gms.credential.manager.service.firstparty.START dat=chimera-action: cmp=com.google.android.gms/.chimera.GmsApiService }
03-07 12:27:37.548 23306 23306 D BoundBrokerSvc: Loading bound service for intent: Intent { act=com.google.android.gms.credential.manager.service.firstparty.START dat=chimera-action: cmp=com.google.android.gms/.chimera.GmsApiService }
03-07 12:27:37.563  3878  3878 W chromium: [WARNING:components/gcm_driver/instance_id/instance_id_android.cc:101] Non-zero TTL requested for InstanceID token, while TTLs are not supported by Android Firebase IID API.
03-07 12:27:37.564  3878  3878 W chromium: [WARNING:components/gcm_driver/instance_id/instance_id_android.cc:101] Non-zero TTL requested for InstanceID token, while TTLs are not supported by Android Firebase IID API.
03-07 12:27:37.572  3878  3878 I cr_SmsProviderGms: construction successfull azm@9b63093, xym@a11a8d0
03-07 12:27:37.592  3878  3878 E libc    : Access denied finding property "persist.device_config.runtime_native_boot.bootloader_override"
03-07 12:27:37.587  3878  3878 W .android.chrome: type=1400 audit(0.0:213495): avc: denied { read } for name="u:object_r:device_config_runtime_native_boot_prop:s0" dev="tmpfs" ino=21143 scontext=u:r:untrusted_app:s0:c91,c256,c512,c768 tcontext=u:object_r:device_config_runtime_native_boot_prop:s0 tclass=file permissive=0 app=com.alibaba.intl.android.apps.poseidon
03-07 12:27:37.602  1823  3470 D ConnectivityService: ConnectivityService NetworkRequestInfo binderDied(NetworkRequest [ TRACK_DEFAULT id=18761, [ Capabilities: INTERNET&NOT_RESTRICTED&TRUSTED Uid: 1000 AdministratorUids: [] RequestorUid: 1000 RequestorPackageName: com.heytap.mcs] ], android.os.BinderProxy@c82bdc2)
03-07 12:27:37.602  1823  3196 I ActivityManager: Process com.heytap.mcs.statistics (pid 6462) has died: svcb SVC 
03-07 12:27:37.602  1823  2512 D ConnectivityService: releasing NetworkRequest [ TRACK_DEFAULT id=18761, [ Capabilities: INTERNET&NOT_RESTRICTED&TRUSTED Uid: 1000 AdministratorUids: [] RequestorUid: 1000 RequestorPackageName: com.heytap.mcs] ] (release request)
03-07 12:27:37.602  1823  3196 W ContextImpl: Calling a method in the system process without a qualified user: android.app.ContextImpl.sendBroadcast:1159 com.android.server.am.OppoExtraActivityManagerService.setKeyLockModeNormal:51 com.android.server.am.ActivityManagerService.appDiedLocked:4314 com.android.server.am.ActivityManagerService$AppDeathRecipient.binderDied:1783 android.os.IBinder$DeathRecipient.binderDied:305 
03-07 12:27:37.602  1823  4211 D DisplayManagerService: Display listener for pid 6462 died.
03-07 12:27:37.605 21515 21515 I ActivityThread: Removing dead content provider:android.content.ContentProviderProxy@606d66b
03-07 12:27:37.609   919   919 I Zygote  : Process 6462 exited due to signal 9 (Killed)
03-07 12:27:37.609  1823  1823 I OppoPhoneWindowManager: KeyLockModeReceiver KeyLockMode: 0 ProcessName: com.heytap.mcs.statistics
03-07 12:27:37.613  1823  2150 I libprocessgroup: Successfully killed process cgroup uid 1000 pid 6462 in 11ms
03-07 12:27:37.616  3878  3878 D Intent  : disableDeathOnFileUriExposure com.android.chrome
03-07 12:27:37.620  3878  3878 I chatty  : uid=10091(com.android.chrome) identical 2 lines
03-07 12:27:37.621  3878  3878 D Intent  : disableDeathOnFileUriExposure com.android.chrome
03-07 12:27:37.683  3878  3878 W cr_KnoxSettingsProvider: Permission to read device policy denied.
03-07 12:27:37.683  3878  3878 I cr_CombinedPProvider: #registerProvider() provider:wdh@62a5085 isPolicyCacheEnabled:true policyProvidersSize:0
03-07 12:27:37.683  3878  3878 I cr_PolicyProvider: #setManagerAndSource() 0
03-07 12:27:37.683  3878  3878 I cr_CombinedPProvider: #registerProvider() provider:jq0@6afeda isPolicyCacheEnabled:false policyProvidersSize:1
03-07 12:27:37.686  3878  3878 I cr_PolicyProvider: #setManagerAndSource() 1
03-07 12:27:37.690  3878  3878 I cr_AppResProvider: #getApplicationRestrictionsFromUserManager() Bundle[EMPTY_PARCEL]
03-07 12:27:37.690  3878  3878 I cr_PolicyProvider: #notifySettingsAvailable() 1
03-07 12:27:37.690  3878  3878 I cr_CombinedPProvider: #onSettingsAvailable() 1
03-07 12:27:37.718  3878  6718 E FilePhenotypeFlags: Config package com.google.android.gms.auth_account_client#com.android.chrome cannot use FILE backing without declarative registration. See go/phenotype-android-integration#phenotype for more information. This will lead to stale flags.
03-07 12:27:37.732  3878  6722 W InstanceID: Instance ID SDK is deprecated, com.android.chrome should update to use Firebase Instance ID
03-07 12:27:37.772  3878  6722 E CheckPermission: _bluetooth code = 1 
03-07 12:27:37.794  1823  4211 D ConnectivityService: requestNetwork for uid/pid:10091/3878 NetworkRequest [ TRACK_DEFAULT id=18762, [ Capabilities: INTERNET&NOT_RESTRICTED&TRUSTED Uid: 10091 AdministratorUids: [] RequestorUid: 10091 RequestorPackageName: com.android.chrome] ]
03-07 12:27:37.795  1823  2512 D ConnectivityService: NetReassign [18762 : null �? 167]
03-07 12:27:37.795  1823  2474 D UntrustedWifiNetworkFactory: got request NetworkRequest [ TRACK_DEFAULT id=18762, [ Capabilities: INTERNET&NOT_RESTRICTED&TRUSTED Uid: 10091 AdministratorUids: [] RequestorUid: 10091 RequestorPackageName: com.android.chrome] ] with score 79 and providerId 6
03-07 12:27:37.796  1823  2604 D Ethernet: got request NetworkRequest [ TRACK_DEFAULT id=18762, [ Capabilities: INTERNET&NOT_RESTRICTED&TRUSTED Uid: 10091 AdministratorUids: [] RequestorUid: 10091 RequestorPackageName: com.android.chrome] ] with score 79 and providerId 6
03-07 12:27:37.796  1823  2502 D OplusWifiNetworkFactory2: got request NetworkRequest [ TRACK_DEFAULT id=18762, [ Capabilities: INTERNET&NOT_RESTRICTED&TRUSTED Uid: 10091 AdministratorUids: [] RequestorUid: 10091 RequestorPackageName: com.android.chrome] ] with score 79 and providerId 6
03-07 12:27:37.797  3273  3273 D PhoneSwitcherNetworkRequstListener: got request NetworkRequest [ TRACK_DEFAULT id=18762, [ Capabilities: INTERNET&NOT_RESTRICTED&TRUSTED Uid: 10091 AdministratorUids: [] RequestorUid: 10091 RequestorPackageName: com.android.chrome] ] with score 79 and providerId 6
03-07 12:27:37.798  1823  2474 D WifiNetworkFactory: got request NetworkRequest [ TRACK_DEFAULT id=18762, [ Capabilities: INTERNET&NOT_RESTRICTED&TRUSTED Uid: 10091 AdministratorUids: [] RequestorUid: 10091 RequestorPackageName: com.android.chrome] ] with score 79 and providerId 6
03-07 12:27:37.806  1823  2512 D ConnectivityService: NetReassign [no changes]
03-07 12:27:37.901  3878  6737 I OplusCameraManager: saveOpPackageName, mOpPackageName: com.android.chrome
03-07 12:27:37.903  3878  6737 I OplusCameraManagerGlobal: setClientInfo, packageName: com.android.chrome, uid: 10091, pid: 3878
03-07 12:27:37.903  3878  6737 I OplusCameraManagerGlobal: Connecting to camera service
03-07 12:27:37.908  3878  6737 I CameraManagerGlobal: Connecting to camera service
03-07 12:27:37.917  1453 12755 W ServiceManager: Permission failure: android.permission.CAMERA_OPEN_CLOSE_LISTENER from uid=10091 pid=3878
03-07 12:27:37.918  1453 12755 W ServiceManager: Permission failure: android.permission.SYSTEM_CAMERA from uid=10091 pid=3878
03-07 12:27:37.907  1453  1453 W Binder:1453_B: type=1400 audit(0.0:213496): avc: denied { open } for path="/dev/__properties__/u:object_r:vendor_default_prop:s0" dev="tmpfs" ino=21287 scontext=u:r:cameraserver:s0 tcontext=u:object_r:vendor_default_prop:s0 tclass=file permissive=0
03-07 12:27:37.919  1453 12755 E libc    : Access denied finding property "vendor.camera.debug.raw"
03-07 12:27:37.919  1453 12755 W ServiceManager: Permission failure: android.permission.SYSTEM_CAMERA from uid=10091 pid=3878
03-07 12:27:37.919  1453 12755 E libc    : Access denied finding property "vendor.camera.debug.raw"
03-07 12:27:37.907  1453  1453 W Binder:1453_B: type=1400 audit(0.0:213497): avc: denied { open } for path="/dev/__properties__/u:object_r:vendor_default_prop:s0" dev="tmpfs" ino=21287 scontext=u:r:cameraserver:s0 tcontext=u:object_r:vendor_default_prop:s0 tclass=file permissive=0
03-07 12:27:37.917  1453  1453 W Binder:1453_B: type=1400 audit(0.0:213498): avc: denied { open } for path="/dev/__properties__/u:object_r:vendor_default_prop:s0" dev="tmpfs" ino=21287 scontext=u:r:cameraserver:s0 tcontext=u:object_r:vendor_default_prop:s0 tclass=file permissive=0
03-07 12:27:37.922  1453 12755 W ServiceManager: Permission failure: android.permission.SYSTEM_CAMERA from uid=10091 pid=3878
03-07 12:27:37.923  1453 12755 E libc    : Access denied finding property "vendor.camera.debug.raw"
03-07 12:27:37.925  1453 12755 W ServiceManager: Permission failure: android.permission.SYSTEM_CAMERA from uid=10091 pid=3878
03-07 12:27:37.925  1453 12755 E libc    : Access denied finding property "vendor.camera.debug.raw"
03-07 12:27:37.917  1453  1453 W Binder:1453_B: type=1400 audit(0.0:213499): avc: denied { open } for path="/dev/__properties__/u:object_r:vendor_default_prop:s0" dev="tmpfs" ino=21287 scontext=u:r:cameraserver:s0 tcontext=u:object_r:vendor_default_prop:s0 tclass=file permissive=0
03-07 12:27:37.927  1453 12755 W ServiceManager: Permission failure: android.permission.SYSTEM_CAMERA from uid=10091 pid=3878
03-07 12:27:37.927  1453 12755 E libc    : Access denied finding property "vendor.camera.debug.raw"
03-07 12:27:37.917  1453  1453 W Binder:1453_B: type=1400 audit(0.0:213500): avc: denied { open } for path="/dev/__properties__/u:object_r:vendor_default_prop:s0" dev="tmpfs" ino=21287 scontext=u:r:cameraserver:s0 tcontext=u:object_r:vendor_default_prop:s0 tclass=file permissive=0
03-07 12:27:37.928  3878  3878 I cr_EnterpriseInfoImpl: #setCacheResult() deviceOwned:false profileOwned:false
03-07 12:27:37.928  3878  3878 I cr_EnterpriseInfo: #getManagedStateForNative() s68@ee45448
03-07 12:27:37.929  1453 12755 W ServiceManager: Permission failure: android.permission.SYSTEM_CAMERA from uid=10091 pid=3878
03-07 12:27:37.929  1453 12755 E libc    : Access denied finding property "vendor.camera.debug.raw"
03-07 12:27:37.930  3878  6737 E libc    : Access denied finding property "vendor.camera.aux.packagelist"
03-07 12:27:37.930  3878  6737 E libc    : Access denied finding property "vendor.camera.aux.packagelist"
03-07 12:27:37.933  3878  3899 E libc    : Access denied finding property "vendor.camera.aux.packagelist"
03-07 12:27:37.934  3878  3899 E libc    : Access denied finding property "vendor.camera.aux.packagelist"
03-07 12:27:37.934  3878  3899 W CameraManagerGlobal: ignore the torch status update of camera: 2
03-07 12:27:37.934  3878  3899 E libc    : Access denied finding property "vendor.camera.aux.packagelist"
03-07 12:27:37.934  3878  3899 W CameraManagerGlobal: ignore the torch status update of camera: 3
03-07 12:27:37.934  3878  3899 E libc    : Access denied finding property "vendor.camera.aux.packagelist"
03-07 12:27:37.934  3878  3899 W CameraManagerGlobal: ignore the torch status update of camera: 5
03-07 12:27:37.934  3878  3899 E libc    : Access denied finding property "vendor.camera.aux.packagelist"
03-07 12:27:37.934  3878  3899 W CameraManagerGlobal: ignore the torch status update of camera: 6
03-07 12:27:37.934  3878  3899 E libc    : Access denied finding property "vendor.camera.aux.packagelist"
03-07 12:27:37.934  3878  3899 W CameraManagerGlobal: ignore the torch status update of camera: 7
03-07 12:27:37.944  3878  3878 D Intent  : disableDeathOnFileUriExposure com.android.chrome
03-07 12:27:37.949  3878  3878 I chatty  : uid=10091(com.android.chrome) identical 2 lines
03-07 12:27:37.951  3878  3878 D Intent  : disableDeathOnFileUriExposure com.android.chrome
03-07 12:27:37.977  3878  3878 I cr_PolicyProvider: #notifySettingsAvailable() 0
03-07 12:27:37.977  3878  3878 I cr_CombinedPProvider: #onSettingsAvailable() 0
03-07 12:27:37.977  3878  3878 I cr_CombinedPProvider: #flushPolicies()
03-07 12:27:37.977  3878  3878 I cr_PolicyService: #onPolicyServiceInitialized()
03-07 12:27:37.978  3878  3878 I cr_PolicyProvider: #notifySettingsAvailable() 0
03-07 12:27:37.978  3878  3878 I cr_CombinedPProvider: #onSettingsAvailable() 0
03-07 12:27:37.978  3878  3878 I cr_CombinedPProvider: #flushPolicies()
03-07 12:27:37.989  3878  3878 I PlayCore: UID: [10091]  PID: [3878] AppUpdateService : ServiceConnectionImpl.onServiceConnected(ComponentInfo{com.android.vending/com.google.android.finsky.installservice.DevTriggeredUpdateService})
03-07 12:27:37.992  3878  6728 I PlayCore: UID: [10091]  PID: [3878] AppUpdateService : linkToDeath
03-07 12:27:38.014  6658  6692 E CombinedComponentSuspen: <DWB> Failed to fetch suspensions in com.android.chrome
03-07 12:27:38.014  6658  6692 E CombinedComponentSuspen: java.util.concurrent.ExecutionException: ihg: Service rejected request (status=5)
03-07 12:27:38.014  6658  6692 E CombinedComponentSuspen: 	at oev.i(PG:21)
03-07 12:27:38.014  6658  6692 E CombinedComponentSuspen: 	at ofd.s(PG:23)
03-07 12:27:38.014  6658  6692 E CombinedComponentSuspen: 	at oev.get(PG:1)
03-07 12:27:38.014  6658  6692 E CombinedComponentSuspen: 	at ogs.get(PG:5)
03-07 12:27:38.014  6658  6692 E CombinedComponentSuspen: 	at a.B(PG:2)
03-07 12:27:38.014  6658  6692 E CombinedComponentSuspen: 	at obf.H(PG:10)
03-07 12:27:38.014  6658  6692 E CombinedComponentSuspen: 	at ctm.call(PG:849)
03-07 12:27:38.014  6658  6692 E CombinedComponentSuspen: 	at nlk.call(PG:31)
03-07 12:27:38.014  6658  6692 E CombinedComponentSuspen: 	at ogc.a(PG:3)
03-07 12:27:38.014  6658  6692 E CombinedComponentSuspen: 	at ohj.run(PG:19)
03-07 12:27:38.014  6658  6692 E CombinedComponentSuspen: 	at kpo.run(PG:7)
03-07 12:27:38.014  6658  6692 E CombinedComponentSuspen: 	at odi.run(PG:44)
03-07 12:27:38.014  6658  6692 E CombinedComponentSuspen: 	at bm.run(PG:389)
03-07 12:27:38.014  6658  6692 E CombinedComponentSuspen: 	at java.lang.Thread.run(Thread.java:923)
03-07 12:27:38.014  6658  6692 E CombinedComponentSuspen: 	at kra.run(PG:61)
03-07 12:27:38.014  6658  6692 E CombinedComponentSuspen: Caused by: ihg: Service rejected request (status=5)
03-07 12:27:38.014  6658  6692 E CombinedComponentSuspen: 	at ihl.a(PG:28)
03-07 12:27:38.014  6658  6692 E CombinedComponentSuspen: 	at ofr.a(PG:57)
03-07 12:27:38.014  6658  6692 E CombinedComponentSuspen: 	at off.e(PG:3)
03-07 12:27:38.014  6658  6692 E CombinedComponentSuspen: 	at ofh.run(PG:38)
03-07 12:27:38.014  6658  6692 E CombinedComponentSuspen: 	... 5 more
03-07 12:27:38.023  3878  6706 E Parcel  : Reading a NULL string not supported here.
03-07 12:27:38.024  3878  6706 E Parcel  : Reading a NULL string not supported here.
03-07 12:27:38.047  3878  6717 W chromium: [WARNING:net/cert/ev_root_ca_metadata.cc:118] Not implemented
03-07 12:27:38.054  3878  6706 E Parcel  : Reading a NULL string not supported here.
03-07 12:27:38.069 21100 19500 W PhBaseOp: Phenotype API error. Event: # hgsc@da07c9e4, EventCode: GET_EXP [CONTEXT service_id=51 ]
03-07 12:27:38.069 21100 19500 W PhBaseOp: dtvk: 29505: No config packages for log source, or config package not registered
03-07 12:27:38.069 21100 19500 W PhBaseOp: 	at dtyb.f(:com.google.android.gms@260834022@26.08.34 (150400-876566425):77)
03-07 12:27:38.069 21100 19500 W PhBaseOp: 	at dtxz.i(:com.google.android.gms@260834022@26.08.34 (150400-876566425):3)
03-07 12:27:38.069 21100 19500 W PhBaseOp: 	at dtxd.h(:com.google.android.gms@260834022@26.08.34 (150400-876566425):31)
03-07 12:27:38.069 21100 19500 W PhBaseOp: 	at dtxd.f(:com.google.android.gms@260834022@26.08.34 (150400-876566425):13)
03-07 12:27:38.069 21100 19500 W PhBaseOp: 	at cpcw.fy(:com.google.android.gms@260834022@26.08.34 (150400-876566425):1)
03-07 12:27:38.069 21100 19500 W PhBaseOp: 	at cpda.run(:com.google.android.gms@260834022@26.08.34 (150400-876566425):118)
03-07 12:27:38.069 21100 19500 W PhBaseOp: 	at fnef.run(:com.google.android.gms@260834022@26.08.34 (150400-876566425):19)
03-07 12:27:38.069 21100 19500 W PhBaseOp: 	at beex.c(:com.google.android.gms@260834022@26.08.34 (150400-876566425):50)
03-07 12:27:38.069 21100 19500 W PhBaseOp: 	at beex.run(:com.google.android.gms@260834022@26.08.34 (150400-876566425):73)
03-07 12:27:38.069 21100 19500 W PhBaseOp: 	at java.util.concurrent.ThreadPoolExecutor.runWorker(ThreadPoolExecutor.java:1167)
03-07 12:27:38.069 21100 19500 W PhBaseOp: 	at java.util.concurrent.ThreadPoolExecutor$Worker.run(ThreadPoolExecutor.java:641)
03-07 12:27:38.069 21100 19500 W PhBaseOp: 	at bekp.run(:com.google.android.gms@260834022@26.08.34 (150400-876566425):8)
03-07 12:27:38.069 21100 19500 W PhBaseOp: 	at java.lang.Thread.run(Thread.java:923)
03-07 12:27:38.071 21100 19500 W AsyncOperation: operation=GetExperimentTokensOperationCall, opStatusCode=29505 [CONTEXT service_id=51 ]
03-07 12:27:38.071 21100 19500 W AsyncOperation: OperationException[Status{statusCode=No config packages for log source, or config package not registered, resolution=null}]
03-07 12:27:38.071 21100 19500 W AsyncOperation: 	at dtxd.h(:com.google.android.gms@260834022@26.08.34 (150400-876566425):61)
03-07 12:27:38.071 21100 19500 W AsyncOperation: 	at dtxd.f(:com.google.android.gms@260834022@26.08.34 (150400-876566425):13)
03-07 12:27:38.071 21100 19500 W AsyncOperation: 	at cpcw.fy(:com.google.android.gms@260834022@26.08.34 (150400-876566425):1)
03-07 12:27:38.071 21100 19500 W AsyncOperation: 	at cpda.run(:com.google.android.gms@260834022@26.08.34 (150400-876566425):118)
03-07 12:27:38.071 21100 19500 W AsyncOperation: 	at fnef.run(:com.google.android.gms@260834022@26.08.34 (150400-876566425):19)
03-07 12:27:38.071 21100 19500 W AsyncOperation: 	at beex.c(:com.google.android.gms@260834022@26.08.34 (150400-876566425):50)
03-07 12:27:38.071 21100 19500 W AsyncOperation: 	at beex.run(:com.google.android.gms@260834022@26.08.34 (150400-876566425):73)
03-07 12:27:38.071 21100 19500 W AsyncOperation: 	at java.util.concurrent.ThreadPoolExecutor.runWorker(ThreadPoolExecutor.java:1167)
03-07 12:27:38.071 21100 19500 W AsyncOperation: 	at java.util.concurrent.ThreadPoolExecutor$Worker.run(ThreadPoolExecutor.java:641)
03-07 12:27:38.071 21100 19500 W AsyncOperation: 	at bekp.run(:com.google.android.gms@260834022@26.08.34 (150400-876566425):8)
03-07 12:27:38.071 21100 19500 W AsyncOperation: 	at java.lang.Thread.run(Thread.java:923)
03-07 12:27:38.081  1823  2549 D JobScheduler.Temperature: get temperature=32.1
03-07 12:27:38.082  3878  6706 E Parcel  : Reading a NULL string not supported here.
03-07 12:27:38.295  3273  3273 E OplusNecManagerHelper: com.oplus.nec.OplusNecManager.notifyOrigSignalStrengthChanged [class android.telephony.SignalStrength, int]
03-07 12:27:38.351  3878  3899 I PlayCore: UID: [10091]  PID: [3878] OnRequestInstallCallback : onRequestInfo
03-07 12:27:38.351  3878  6728 I PlayCore: UID: [10091]  PID: [3878] AppUpdateService : Unbind from service.
03-07 12:27:38.353 10065 10112 E SQLiteLog: (1032) statement aborts at 20: [INSERT OR REPLACE INTO streamdata(id,account_name,data,space_occupied,expiration_time,soft_expiration_time) VALUES (?,?,?,?,?,?)] attempt to write a readonly database
03-07 12:27:38.448  3878  6716 E libc    : Access denied finding property "ro.hardware.chipname"
03-07 12:27:38.476 19906 20121 D HoraeHelper: getAllShellTemps tSize : 4
03-07 12:27:38.478 19906 20121 D HoraeHelper: Thermal length:1
03-07 12:27:38.530 10065 10082 I Finsky  : [53146] Setup::DSE: Android ID is non-zero.
03-07 12:27:38.531 10065 10082 I Finsky  : [53146] Setup::DSE: Phenotype experiments synced with status: NO_UPDATE
03-07 12:27:38.542 10065 10082 I Finsky  : [53146] Package com.android.chrome is verified.
03-07 12:27:38.545 10065 10082 I Finsky  : [53146] Setup::DSE: Using on-device eligibility
03-07 12:27:38.550 10065 10082 I Finsky  : [53146] Setup::DSE: original default browser com.android.chrome,  isPixel false, isEeav2Device false, isDseChoiceScreenDevice false, inSamprasCountries false, inDmaCountries false, inDseChoiceScreenCountries false, isDefaultBrowserChanged false, inOsakaCountries false, cohortId 0
03-07 12:27:38.563 10065 10082 I Finsky  : [53146] DSE: Set Settings.Secure.play_determined_dma_eligibility to: 0 (success=true)
03-07 12:27:38.565 10065 10082 I Finsky  : [53146] DSE: Set Settings.Secure.play_determined_choice_program to: 0 (success=true)
03-07 12:27:38.662  3878  6716 W chromium: [WARNING:net/cert/ev_root_ca_metadata.cc:118] Not implemented
