--------- beginning of system
03-07 12:34:53.757  1823  2245 I ActivityManager: Force stopping com.jurnalsaham.jurnalsahamihsg appid=10773 user=0: pkg removed
03-07 12:34:53.759  1823  2245 W ContextImpl: Calling a method in the system process without a qualified user: android.app.ContextImpl.sendBroadcast:1159 com.android.server.am.OppoExtraActivityManagerService.setKeyLockModeNormal:51 com.android.server.am.ActivityManagerService.forceStopPackageLocked:5387 com.android.server.am.ActivityManagerService.broadcastIntentLocked:17412 com.android.server.am.ActivityManagerService$LocalService.broadcastIntent:20821 
--------- beginning of main
03-07 12:34:53.809 11583 11583 D NetworkSecurityConfig: No Network Security Config specified, using platform default
03-07 12:34:53.809 11583 11583 D NetworkSecurityConfig: No Network Security Config specified, using platform default
03-07 12:34:53.817 11583 11583 D VersionUtils: Get OsVersion Exception : java.lang.NoSuchFieldException: OplusOS_11_3
03-07 12:34:53.817 11583 11583 D VersionUtils: Get OsVersion Exception : java.lang.NoSuchFieldException: OplusOS_11_3
03-07 12:34:53.821 11583 11583 I ChildrenSpace: ChildrenLogUtils, IS_QELOG_ON = false, IS_QELOG_ON_MTK = false, sIsDebugTagOn = false
03-07 12:34:53.821 11583 11583 I ChildrenSpace.ChildrenApplication: attachBaseContext base=android.app.ContextImpl@156147f
03-07 12:34:53.830  1823  1823 W Looper  : Slow dispatch took 114ms main h=android.app.ActivityThread$H c=null m=131
03-07 12:34:53.848  1216  8539 D TapHttp.CallTrackHelper 47881: responseHeadersEnd https://dc-dragate-sg.heytapmobile.com/v1/stat/rinstall?appid=21000&logtag=0&nonce=1603&timestamp=1772861693&sign=567d37ec536b75a4c2be775dd018cedc
03-07 12:34:53.848  1216  8539 D TapHttp.CallTrackHelper 47881: responseBodyStart https://dc-dragate-sg.heytapmobile.com/v1/stat/rinstall?appid=21000&logtag=0&nonce=1603&timestamp=1772861693&sign=567d37ec536b75a4c2be775dd018cedc
03-07 12:34:53.848  1216  8539 D TapHttp.CallTrackHelper 47881: responseEnd https://dc-dragate-sg.heytapmobile.com/v1/stat/rinstall?appid=21000&logtag=0&nonce=1603&timestamp=1772861693&sign=567d37ec536b75a4c2be775dd018cedc
03-07 12:34:53.848  1216  8539 I TapHttp.SpecialCallServerStub: response online : protocol: http/1.1, code:200 ,url:https://dc-dragate-sg.heytapmobile.com/v1/stat/rinstall?appid=21000&logtag=0&nonce=1603&timestamp=1772861693&sign=567d37ec536b75a4c2be775dd018cedc
03-07 12:34:53.848  1216  8539 I TapHttp.SpecialCallServerStub: response online: host:dc-dragate-sg.heytapmobile.com,headers:Server: nginx
03-07 12:34:53.848  1216  8539 I TapHttp.SpecialCallServerStub: Date: Sat, 07 Mar 2026 05:34:55 GMT
03-07 12:34:53.848  1216  8539 I TapHttp.SpecialCallServerStub: Content-Type: application/json;charset=UTF-8
03-07 12:34:53.848  1216  8539 I TapHttp.SpecialCallServerStub: Content-Length: 23
03-07 12:34:53.848  1216  8539 I TapHttp.SpecialCallServerStub: Connection: keep-alive
03-07 12:34:53.848  1216  8539 I TapHttp.SpecialCallServerStub: Access-Control-Allow-Credentials: true
03-07 12:34:53.848  1216  8539 I TapHttp.SpecialCallServerStub: Access-Control-Allow-Origin: *
03-07 12:34:53.848  1216  8539 I TapHttp.SpecialCallServerStub: Access-Control-Allow-Methods: GET, POST, OPTIONS
03-07 12:34:53.848  1216  8539 I TapHttp.SpecialCallServerStub: Access-Control-Allow-Headers: content-type, Origin, X-Requested-With
03-07 12:34:53.848  1216  8539 I TapHttp.SpecialCallServerStub: Access-Control-Expose-Headers: Content-Length
03-07 12:34:53.848  1216  8539 I TapHttp.SpecialCallServerStub: Access-Control-Max-Age: 86400
03-07 12:34:53.848  1216  8539 I TapHttp.SpecialCallServerStub: TAP-APP-CONF-DIM: compass_dcs:0,dcc_124200:0,dcc_module_switch:0,dcc_20158:0,dcc_2:0
03-07 12:34:53.848  1216  8539 I TapHttp.SpecialCallServerStub: X-Backend-Host: 21bsm:81
03-07 12:34:53.848  1216  8539 I TapHttp.SpecialCallServerStub: X-Gateway-Host: b85f8269c98cdfb2b89c8334790e504bb2afd245cc9d429a8965a43ae2a8c5758d39673f303be3899a96be2bf74f21bd
03-07 12:34:53.848  1216  8539 I TapHttp.SpecialCallServerStub: 
03-07 12:34:53.860  1823  2154 D CompatibilityChangeReporter: Compat change id reported: 135634846; UID 10559; state: DISABLED
03-07 12:34:53.860  1823  2046 D CompatibilityChangeReporter: Compat change id reported: 143937733; UID 10559; state: ENABLED
03-07 12:34:53.878 21100 11623 I Fitness : (REDACTED) FitCleanupIntentOperation received Intent %s
03-07 12:34:53.881  1216  8539 D TapHttp.CallTrackHelper 47881: responseBodyEnd https://dc-dragate-sg.heytapmobile.com/v1/stat/rinstall?appid=21000&logtag=0&nonce=1603&timestamp=1772861693&sign=567d37ec536b75a4c2be775dd018cedc
03-07 12:34:53.882  1216  8539 D TapHttp.CallTrackHelper 47881: connectionReleased https://dc-dragate-sg.heytapmobile.com/v1/stat/rinstall?appid=21000&logtag=0&nonce=1603&timestamp=1772861693&sign=567d37ec536b75a4c2be775dd018cedc
03-07 12:34:53.882  1216  8539 D TapHttp.CallTrackHelper 47881: callEnd https://dc-dragate-sg.heytapmobile.com/v1/stat/rinstall?appid=21000&logtag=0&nonce=1603&timestamp=1772861693&sign=567d37ec536b75a4c2be775dd018cedc
03-07 12:34:53.882  1216  8539 D TapHttp.CallTrackHelper 47881: call_time : 467
03-07 12:34:53.882  1216  8539 D TapHttp.CallTrackHelper 47881: callEnd https://dc-dragate-sg.heytapmobile.com/v1/stat/rinstall?appid=21000&logtag=0&nonce=1603&timestamp=1772861693&sign=567d37ec536b75a4c2be775dd018cedc
03-07 12:34:53.882  1216  8539 V TapHttp.StatRateHelper: ignore record by sample ratio is 1
03-07 12:34:53.898   919   919 D Zygote  : Forked child process 11630
03-07 12:34:53.906  1823  2046 I ActivityManager: Start proc 11630:com.coloros.securepay/u0a559 for broadcast {com.coloros.securepay/com.coloros.securepay.SecurePayReceiver}
03-07 12:34:53.909  2640  2707 D OppoCertificateVerifier: Add packages name is :com.jurnalsaham.jurnalsahamihsg;dir:/data/app/~~03BxGhrZwhD1UTVM9COh3g==/com.jurnalsaham.jurnalsahamihsg-TL6Ky3hw1VdUoI-RLoHTYQ==/base.apk
03-07 12:34:53.913 11630 11630 W Zygote  : Unable to open libbeluga.so: dlopen failed: library "libbeluga.so" not found.
03-07 12:34:53.914  2763  2763 D Avrcp_ext: buildBrowsablePlayerList 
03-07 12:34:53.917  2763  2763 D Avrcp_ext: Fetch the displayName of package - start
03-07 12:34:53.917  2763  2763 D Avrcp_ext: Fetch the displayName of package -YouTube Music end
03-07 12:34:53.917  2763  2763 D Avrcp_ext: svc com.google.android.apps.youtube.music.mediabrowser.MusicBrowserService pkg com.google.android.apps.youtube.music
03-07 12:34:53.918  2763  2763 D Avrcp_ext: Adding media player info for com.google.android.apps.youtube.music with id 1
03-07 12:34:53.918  2763  2763 D Avrcp_ext: Added MediaPlayerController/MediaPlayerPackage
03-07 12:34:53.918  2763  2763 D Avrcp_ext: Adding media player info for com.google.android.googlequicksearchbox with id 2
03-07 12:34:53.918  2763  2763 D Avrcp_ext: Added MediaPlayerController/MediaPlayerPackage
03-07 12:34:53.918  2763  2763 D Avrcp_ext: Adding media player info for com.google.android.youtube with id 3
03-07 12:34:53.918  2763  2763 D Avrcp_ext: Added MediaPlayerController/MediaPlayerPackage
03-07 12:34:53.919  2763  2763 D Avrcp_ext: Adding media player info for com.heytap.mcs with id 4
03-07 12:34:53.919  2763  2763 D Avrcp_ext: Added MediaPlayerController/MediaPlayerPackage
03-07 12:34:53.919  2678  2678 D AppManager.ColorServicesMonitor: receive :android.intent.action.PACKAGE_ADDED
03-07 12:34:53.919  2763  2763 D Avrcp_ext: Adding media player info for com.brave.browser with id 5
03-07 12:34:53.919  2763  2763 D Avrcp_ext: Added MediaPlayerController/MediaPlayerPackage
03-07 12:34:53.920  2763  2763 D Avrcp_ext: Adding media player info for com.spotify.music with id 6
03-07 12:34:53.920  2763  2763 V Avrcp_ext: updateCurrentMediaState: mMediaController: null
03-07 12:34:53.920  2763  2763 V Avrcp_ext: isMusicActive: false getBluetoothPlayState: 2
03-07 12:34:53.920  2763  2763 V Avrcp_ext: updateCurrentMediaState: isPlaying = false
03-07 12:34:53.920  2763  2763 V Avrcp_ext: Media update: id -1-->-1? [MediaAttributes: none] : [MediaAttributes: none]
03-07 12:34:53.920  2763  2763 V Avrcp_ext: newPlayStatus:2 mReportedPlayStatus:-1
03-07 12:34:53.920  2763  2763 V Avrcp_ext: updatePlaybackState, state: PlaybackState {state=2, position=-1, buffered position=0, speed=0.0, updated=287902324, actions=0, custom actions=[], active item id=-1, error=null} device: null
03-07 12:34:53.920  2763  2763 V Avrcp_ext: Device: no name: 
03-07 12:34:53.924  1823  4211 D OplusPackageManager: removePkgFromNotLaunchedList com.jurnalsaham.jurnalsahamihsg
03-07 12:34:53.924  1823  4211 I ActivityTaskManager: START u0 {flg=0x10000000 cmp=com.jurnalsaham.jurnalsahamihsg/org.kivy.android.PythonActivity mCallingUid=2000} from uid 2000 and from pid 11632
03-07 12:34:53.920  2763  2763 I chatty  : uid=1002(bluetooth) com.android.bluetooth identical 3 lines
03-07 12:34:53.920  2763  2763 V Avrcp_ext: Device: no name: 
03-07 12:34:53.928 24181 24224 D PackageReceiver: onReceive()
03-07 12:34:53.929 16531 16531 I AstScreen.ApplicationStateChangeMonitor: ApplicationStateChangeReceiver onReceive
03-07 12:34:53.929 16531 16531 I AstScreen.ApplicationStateChangeMonitor: ApplicationStateChangeReceiver onReceive, action = android.intent.action.PACKAGE_ADDED packageName = jurnalsahamihsg
03-07 12:34:53.929  1823  4211 V SensorManager: setScreenShotDisableImpl
03-07 12:34:53.929  1823  4211 D SensorService: debug_oplusGeminiProximity setScreenShotDisable in SensorService
03-07 12:34:53.930 10248 10248 D SecurityCheck: isOOBEOver 1
03-07 12:34:53.930  1823  4211 E ColorZoomWindowManagerService: onConfigurationChanged rotation not changed - prevRotation: 0
03-07 12:34:53.931 10065 10065 I Finsky  : [2] aick - Received: android.intent.action.PACKAGE_ADDED, [RNTEHK_6blyCC_wNG8Yk_0_1l0Hycbve8El6ixm9NOs]
03-07 12:34:53.933 10065 10100 I Finsky  : [53160] WM::SCH: Logging work initialize for 12-1
03-07 12:34:53.933 17223 17369 I dkrw    : (REDACTED) maybeUpdateCacheDataForAddedPackage %s
03-07 12:34:53.933  1823  2444 I InputReader: Reconfiguring input devices, changes=KEYBOARD_LAYOUTS | 
03-07 12:34:53.936  2763  2763 E HeadsetStateMachine: returning mCurrentState as Disconnected
03-07 12:34:53.936  2763  2763 D HeadsetService:  isAudioOn: The number of audio connected devices 0
03-07 12:34:53.936  2763  2763 D HeadsetService: isScoOrCallActive(): Call Active:falseCall is Ringing:falseSCO is Active:false
03-07 12:34:53.930 15661 15661 I NotificationBackend: onReceive intent= Intent { act=android.intent.action.PACKAGE_ADDED dat=package:com.jurnalsaham.jurnalsahamihsg flg=0x4000010 (has extras) }
03-07 12:34:53.934  1823  4211 E ColorZoomWindowManagerService: onConfigurationChanged rotation not changed - prevRotation: 0
03-07 12:34:53.938 15661 15689 W ContextImpl: Calling a method in the system process without a qualified user: android.app.ContextImpl.sendBroadcast:1174 android.content.ContextWrapper.sendBroadcast:483 com.coloros.notificationmanager.AppModificationReceiver.notifyAppModified:42 com.coloros.notificationmanager.NotificationBackend.processBroadcast:2304 com.coloros.notificationmanager.NotificationBackend.access$300:97 
03-07 12:34:53.941 11630 11630 E loros.securepa: Unknown bits set in runtime_flags: 0x40000000
03-07 12:34:53.945  1823  4211 D ColorZoomWindowRUSConfigManager: isSupportZoomModeWithPolicyLocked: target = com.jurnalsaham.jurnalsahamihsg/org.kivy.android.PythonActivity
03-07 12:34:53.945  1823  4211 D ColorZoomWindowRUSConfigManager: targetPkg = com.jurnalsaham.jurnalsahamihsg
03-07 12:34:53.945  1823  4211 V ColorZoomWindowManagerService: unSupportZoom: false ,callingPid: 11632 ,sourceStack: null
03-07 12:34:53.947  1823  4211 D ActivityTrigger: ActivityTrigger activityPauseTrigger 
03-07 12:34:53.947 11630 11630 E loros.securepa: Not starting debugger since process cannot load the jdwp agent.
03-07 12:34:53.953  1823  3152 I ColorResourcePreloadManager: onPackageStatusChange ACTION_PACKAGE_ADDED pkgName: com.jurnalsaham.jurnalsahamihsg uid: 10773
03-07 12:34:53.955  1108  1148 E ANDR-PERF-UTIL: Failed to read /sys/class/devfreq/soc:qcom,cpu0-llcc-ddr-lat/min_freq
03-07 12:34:53.955  1108  1148 E ANDR-PERF-OPTSHANDLER: Failed to read /sys/class/devfreq/soc:qcom,cpu0-llcc-ddr-lat/min_freq
03-07 12:34:53.955  1108  1148 E ANDR-PERF-RESOURCEQS: Failed to apply optimization [13, 12]
03-07 12:34:53.956  1108  1148 E ANDR-PERF-UTIL: Failed to read /sys/class/devfreq/soc:qcom,cpu6-llcc-ddr-lat/min_freq
03-07 12:34:53.956  1108  1148 E ANDR-PERF-OPTSHANDLER: Failed to read /sys/class/devfreq/soc:qcom,cpu6-llcc-ddr-lat/min_freq
03-07 12:34:53.956  1108  1148 E ANDR-PERF-RESOURCEQS: Failed to apply optimization [13, 12]
03-07 12:34:53.956  1823  4211 D ActivityTaskManager: setWillCloseOrEnterPip:true ActivityRecord:ActivityRecord{d5fbe0b u0 com.oppo.launcher/.Launcher t2} callers:com.android.server.wm.ActivityStack.resumeTopActivityInnerLocked:1921 com.android.server.wm.ActivityStack.resumeTopActivityUncheckedLocked:1710 com.android.server.wm.RootWindowContainer.resumeFocusedStacksTopActivities:2476 com.android.server.wm.ActivityStarter.startActivityInner:2288 com.android.server.wm.ActivityStarter.startActivityUnchecked:1997 
03-07 12:34:53.957  1108  1148 E ANDR-PERF-UTIL: Failed to read /sys/class/devfreq/soc:qcom,cpu0-cpu-llcc-lat/mem_latency/ratio_ceil
03-07 12:34:53.957  1108  1148 E ANDR-PERF-OPTSHANDLER: Failed to read /sys/class/devfreq/soc:qcom,cpu0-cpu-llcc-lat/mem_latency/ratio_ceil
03-07 12:34:53.957  1108  1148 E ANDR-PERF-RESOURCEQS: Failed to apply optimization [13, 8]
03-07 12:34:53.957  1108  1148 E ANDR-PERF-UTIL: Failed to read /sys/class/devfreq/soc:qcom,cpu4-cpu-llcc-lat/mem_latency/ratio_ceil
03-07 12:34:53.957  1108  1148 E ANDR-PERF-OPTSHANDLER: Failed to read /sys/class/devfreq/soc:qcom,cpu4-cpu-llcc-lat/mem_latency/ratio_ceil
03-07 12:34:53.957  1108  1148 E ANDR-PERF-RESOURCEQS: Failed to apply optimization [13, 9]
03-07 12:34:53.958  1108  1148 E ANDR-PERF-UTIL: Failed to read /sys/class/devfreq/soc:qcom,cpu0-llcc-ddr-lat/min_freq
03-07 12:34:53.958  1108  1148 E ANDR-PERF-OPTSHANDLER: Failed to read /sys/class/devfreq/soc:qcom,cpu0-llcc-ddr-lat/min_freq
03-07 12:34:53.958  1108  1148 E ANDR-PERF-RESOURCEQS: Failed to apply optimization [13, 12]
03-07 12:34:53.958  1108  1148 E ANDR-PERF-UTIL: Failed to read /sys/class/devfreq/soc:qcom,cpu6-llcc-ddr-lat/min_freq
03-07 12:34:53.958  1108  1148 E ANDR-PERF-OPTSHANDLER: Failed to read /sys/class/devfreq/soc:qcom,cpu6-llcc-ddr-lat/min_freq
03-07 12:34:53.958  1108  1148 E ANDR-PERF-RESOURCEQS: Failed to apply optimization [13, 12]
03-07 12:34:53.962  1108  1148 E ANDR-PERF-UTIL: Failed to read /sys/class/devfreq/soc:qcom,cpu0-cpu-llcc-lat/mem_latency/ratio_ceil
03-07 12:34:53.962  1108  1148 E ANDR-PERF-OPTSHANDLER: Failed to read /sys/class/devfreq/soc:qcom,cpu0-cpu-llcc-lat/mem_latency/ratio_ceil
03-07 12:34:53.962  1108  1148 E ANDR-PERF-RESOURCEQS: Failed to apply optimization [13, 8]
03-07 12:34:53.962  1108  1148 E ANDR-PERF-UTIL: Failed to read /sys/class/devfreq/soc:qcom,cpu4-cpu-llcc-lat/mem_latency/ratio_ceil
03-07 12:34:53.962  1108  1148 E ANDR-PERF-OPTSHANDLER: Failed to read /sys/class/devfreq/soc:qcom,cpu4-cpu-llcc-lat/mem_latency/ratio_ceil
03-07 12:34:53.962  1108  1148 E ANDR-PERF-RESOURCEQS: Failed to apply optimization [13, 9]
03-07 12:34:53.964 11632 11640 I cmd     : oneway function results will be dropped but finished with status OK and parcel size 4
03-07 12:34:53.963  1823  1834 I system_server: Background concurrent copying GC freed 287181(27MB) AllocSpace objects, 294(6028KB) LOS objects, 17% free, 113MB/137MB, paused 297us total 1.033s
03-07 12:34:53.969  1823  2751 D ActivityTaskManager: setWillCloseOrEnterPip:false ActivityRecord:ActivityRecord{d5fbe0b u0 com.oppo.launcher/.Launcher t2} callers:com.android.server.wm.ActivityStack.completePauseLocked:1325 com.android.server.wm.ActivityRecord.activityPaused:5483 com.android.server.wm.ActivityTaskManagerService.activityPaused:1998 android.app.IActivityTaskManager$Stub.onTransact:1956 com.android.server.wm.OppoActivityTaskManagerService.onTransact:174 
03-07 12:34:53.974  3294  3812 W Launcher.ColorLauncherModel: onGreenPointAppsUpdate pkgNames is invalid 
03-07 12:34:53.978  1823  2751 V SensorManager: setScreenShotDisableImpl
03-07 12:34:53.978  1823  2751 D SensorService: debug_oplusGeminiProximity setScreenShotDisable in SensorService
03-07 12:34:53.978  1823  2751 I ColorHansManager : ColorHansManager : resume pkg: com.jurnalsaham.jurnalsahamihsg, uid:10773, prev pkg: com.oppo.launcher, prev uid: 10049
03-07 12:34:53.978  1823  2537 W ActivityManager: Unable to start service Intent { cmp=com.coloros.phonemanager/.safejob.SafeCenterJobService (has extras) } U=0: not found
03-07 12:34:53.978  1823  2751 V SensorManager: setScreenShotDisableImpl
03-07 12:34:53.978  1823  2751 D SensorService: debug_oplusGeminiProximity setScreenShotDisable in SensorService
03-07 12:34:53.979  2763  2763 E HeadsetStateMachine: returning mCurrentState as Disconnected
03-07 12:34:53.979  2763  2763 D HeadsetService:  isAudioOn: The number of audio connected devices 0
03-07 12:34:53.979  2763  2763 I Avrcp_ext: updatePlayStatusForDevice: device: null
03-07 12:34:53.979  2763  2763 I Avrcp_ext: Exit updatePlayStatusForDevice
03-07 12:34:53.980  1823  2751 V SensorManager: setScreenShotDisableImpl
03-07 12:34:53.980  1823  2751 D SensorService: debug_oplusGeminiProximity setScreenShotDisable in SensorService
03-07 12:34:53.980  1108  1148 E ANDR-PERF-UTIL: Failed to read /sys/class/devfreq/soc:qcom,cpu0-llcc-ddr-lat/min_freq
03-07 12:34:53.980  1108  1148 E ANDR-PERF-OPTSHANDLER: Failed to read /sys/class/devfreq/soc:qcom,cpu0-llcc-ddr-lat/min_freq
03-07 12:34:53.980  1108  1148 E ANDR-PERF-RESOURCEQS: Failed to apply optimization [13, 12]
03-07 12:34:53.980  1108  1148 E ANDR-PERF-UTIL: Failed to read /sys/class/devfreq/soc:qcom,cpu6-llcc-ddr-lat/min_freq
03-07 12:34:53.980  1108  1148 E ANDR-PERF-OPTSHANDLER: Failed to read /sys/class/devfreq/soc:qcom,cpu6-llcc-ddr-lat/min_freq
03-07 12:34:53.980  1108  1148 E ANDR-PERF-RESOURCEQS: Failed to apply optimization [13, 12]
03-07 12:34:53.981  1823  2537 D JobScheduler: Error executing JobStatus{981795f #1000/2009201 com.coloros.phonemanager/.safejob.SafeCenterJobService u=0 s=10563 TIME=-3d7h57m58s920ms:-3d7h57m58s920ms PERIODIC PERSISTED READY}
03-07 12:34:53.982  1823  3138 I ColorHansManager : enter fastfreezer
03-07 12:34:53.982  4326  4475 D BaseJobBuilder: set process for client: com.coloros.deepthinker
03-07 12:34:53.984  1108  1148 E ANDR-PERF-UTIL: Failed to read /sys/class/devfreq/soc:qcom,cpu0-cpu-llcc-lat/mem_latency/ratio_ceil
03-07 12:34:53.984  1108  1148 E ANDR-PERF-OPTSHANDLER: Failed to read /sys/class/devfreq/soc:qcom,cpu0-cpu-llcc-lat/mem_latency/ratio_ceil
03-07 12:34:53.984  1108  1148 E ANDR-PERF-RESOURCEQS: Failed to apply optimization [13, 8]
03-07 12:34:53.984  1108  1148 E ANDR-PERF-UTIL: Failed to read /sys/class/devfreq/soc:qcom,cpu4-cpu-llcc-lat/mem_latency/ratio_ceil
03-07 12:34:53.984  1108  1148 E ANDR-PERF-OPTSHANDLER: Failed to read /sys/class/devfreq/soc:qcom,cpu4-cpu-llcc-lat/mem_latency/ratio_ceil
03-07 12:34:53.984  1108  1148 E ANDR-PERF-RESOURCEQS: Failed to apply optimization [13, 9]
03-07 12:34:53.985  1108  1148 E ANDR-PERF-UTIL: Failed to read /sys/class/devfreq/soc:qcom,cpu0-llcc-ddr-lat/min_freq
03-07 12:34:53.985  1108  1148 E ANDR-PERF-OPTSHANDLER: Failed to read /sys/class/devfreq/soc:qcom,cpu0-llcc-ddr-lat/min_freq
03-07 12:34:53.985  1108  1148 E ANDR-PERF-RESOURCEQS: Failed to apply optimization [13, 12]
03-07 12:34:53.985  1108  1148 E ANDR-PERF-UTIL: Failed to read /sys/class/devfreq/soc:qcom,cpu6-llcc-ddr-lat/min_freq
03-07 12:34:53.985  1108  1148 E ANDR-PERF-OPTSHANDLER: Failed to read /sys/class/devfreq/soc:qcom,cpu6-llcc-ddr-lat/min_freq
03-07 12:34:53.985  1108  1148 E ANDR-PERF-RESOURCEQS: Failed to apply optimization [13, 12]
03-07 12:34:53.985  1823  2008 W Looper  : Slow dispatch took 295ms android.ui h=com.android.server.am.ActivityManagerService$UiHandler c=null m=53
03-07 12:34:53.986  1823  2007 W Looper  : Slow dispatch took 236ms android.fg h=com.android.server.AppStateTracker$MyHandler c=null m=1
03-07 12:34:53.986  1823  3138 I ColorHansManager : freeze uid: 10757 package: com.kajokangin.indosaham reason: fastfreezer|10773 scene: FastFreezerScene
03-07 12:34:53.987  1823  3138 I ColorHansManager : freeze uid: 10006 package: com.wakeup.howear reason: fastfreezer|10773 scene: FastFreezerScene
03-07 12:34:53.987  1108  1148 E ANDR-PERF-UTIL: Failed to read /sys/class/devfreq/soc:qcom,cpu0-cpu-llcc-lat/mem_latency/ratio_ceil
03-07 12:34:53.987  1108  1148 E ANDR-PERF-OPTSHANDLER: Failed to read /sys/class/devfreq/soc:qcom,cpu0-cpu-llcc-lat/mem_latency/ratio_ceil
03-07 12:34:53.987  1108  1148 E ANDR-PERF-RESOURCEQS: Failed to apply optimization [13, 8]
03-07 12:34:53.987  1108  1148 E ANDR-PERF-UTIL: Failed to read /sys/class/devfreq/soc:qcom,cpu4-cpu-llcc-lat/mem_latency/ratio_ceil
03-07 12:34:53.987  1108  1148 E ANDR-PERF-OPTSHANDLER: Failed to read /sys/class/devfreq/soc:qcom,cpu4-cpu-llcc-lat/mem_latency/ratio_ceil
03-07 12:34:53.987  1108  1148 E ANDR-PERF-RESOURCEQS: Failed to apply optimization [13, 9]
03-07 12:34:53.987  1823  1823 W Looper  : Slow dispatch took 157ms main h=com.android.server.AlarmManagerService$AlarmHandler c=null m=8
03-07 12:34:53.988  1823  5655 V AlarmManager: set(PendingIntent{ba4638d: PendingIntentRecord{e7e0c76 com.whatsapp broadcastIntent}}) : type=2 when=288202383whenElapsed288202383maxWhen =288202383 win=0 interval=0 flags=0x8 pkg = com.whatsapp
03-07 12:34:53.988 11583 11583 E Parcel  : Reading a NULL string not supported here.
03-07 12:34:53.988  1108  1148 E ANDR-PERF-UTIL: Failed to read /sys/class/devfreq/soc:qcom,cpu0-llcc-ddr-lat/min_freq
03-07 12:34:53.988  1108  1148 E ANDR-PERF-OPTSHANDLER: Failed to read /sys/class/devfreq/soc:qcom,cpu0-llcc-ddr-lat/min_freq
03-07 12:34:53.988  1108  1148 E ANDR-PERF-RESOURCEQS: Failed to apply optimization [13, 12]
03-07 12:34:53.988  1108  1148 E ANDR-PERF-UTIL: Failed to read /sys/class/devfreq/soc:qcom,cpu6-llcc-ddr-lat/min_freq
03-07 12:34:53.988  1108  1148 E ANDR-PERF-OPTSHANDLER: Failed to read /sys/class/devfreq/soc:qcom,cpu6-llcc-ddr-lat/min_freq
03-07 12:34:53.988  1108  1148 E ANDR-PERF-RESOURCEQS: Failed to apply optimization [13, 12]
03-07 12:34:53.990  1108  1148 E ANDR-PERF-UTIL: Failed to read /sys/class/devfreq/soc:qcom,cpu0-cpu-llcc-lat/mem_latency/ratio_ceil
03-07 12:34:53.990  1108  1148 E ANDR-PERF-OPTSHANDLER: Failed to read /sys/class/devfreq/soc:qcom,cpu0-cpu-llcc-lat/mem_latency/ratio_ceil
03-07 12:34:53.990  1108  1148 E ANDR-PERF-RESOURCEQS: Failed to apply optimization [13, 8]
03-07 12:34:53.990  1108  1148 E ANDR-PERF-UTIL: Failed to read /sys/class/devfreq/soc:qcom,cpu4-cpu-llcc-lat/mem_latency/ratio_ceil
03-07 12:34:53.990  1108  1148 E ANDR-PERF-OPTSHANDLER: Failed to read /sys/class/devfreq/soc:qcom,cpu4-cpu-llcc-lat/mem_latency/ratio_ceil
03-07 12:34:53.990  1108  1148 E ANDR-PERF-RESOURCEQS: Failed to apply optimization [13, 9]
03-07 12:34:53.992  1823  1823 I OppoPhoneWindowManager: KeyLockModeReceiver KeyLockMode: 0 ProcessName: com.jurnalsaham.jurnalsahamihsg
03-07 12:34:53.994  1823  3138 I ColorHansManager : freeze uid: 10650 package: id.dana reason: fastfreezer|10773 scene: FastFreezerScene
03-07 12:34:53.995  1823  3138 I ColorHansManager : freeze uid: 10018 package: com.google.android.apps.youtube.creator reason: fastfreezer|10773 scene: FastFreezerScene
03-07 12:34:53.997  1823  3138 I ColorHansManager : freeze uid: 10152 package: com.lazada.android reason: fastfreezer|10773 scene: FastFreezerScene
03-07 12:34:54.000  1823  3138 I ColorHansManager : freeze uid: 10282 package: com.tokopedia.sellerapp reason: fastfreezer|10773 scene: FastFreezerScene
03-07 12:34:54.000 11583 11583 I OplusFeatureCache: Milliseconds spent on init(): 8
03-07 12:34:54.002 11583 11583 E Parcel  : Reading a NULL string not supported here.
03-07 12:34:54.005 11630 11630 E RefClass: java.lang.reflect.InvocationTargetException
03-07 12:34:54.006 11583 11583 E Parcel  : Reading a NULL string not supported here.
03-07 12:34:54.008 11630 11630 I OneTrace: Mark active for pid=11630? true
03-07 12:34:54.010  5225 13287 E Parcel  : Reading a NULL string not supported here.
03-07 12:34:54.012  2763  2763 E HeadsetStateMachine: returning mCurrentState as Disconnected
03-07 12:34:54.012  2763  2763 D HeadsetService:  isAudioOn: The number of audio connected devices 0
03-07 12:34:54.012  2763  2763 D HeadsetService: isScoOrCallActive(): Call Active:falseCall is Ringing:falseSCO is Active:false
03-07 12:34:54.012  5225 13287 E Parcel  : Reading a NULL string not supported here.
03-07 12:34:54.013  2763  2763 E HeadsetStateMachine: returning mCurrentState as Disconnected
03-07 12:34:54.013  2763  2763 D HeadsetService:  isAudioOn: The number of audio connected devices 0
03-07 12:34:54.013  2763  2763 I Avrcp_ext: updatePlayStatusForDevice: device: null
03-07 12:34:54.013  2763  2763 I Avrcp_ext: Exit updatePlayStatusForDevice
03-07 12:34:54.015  5225 13287 E Parcel  : Reading a NULL string not supported here.
03-07 12:34:54.015  1823  2012 D OppoPhoneWindowManager: RevertColorDrawableInDarkMode packageName = com.jurnalsaham.jurnalsahamihsg; versionCode = 1021100;result = false; time:16515261
03-07 12:34:54.017  5225 13287 E Parcel  : Reading a NULL string not supported here.
03-07 12:34:54.018 10065 10065 I Finsky  : [2] DTU: Received onPackageAdded, replacing: true
03-07 12:34:54.019  5225 13287 E Parcel  : Reading a NULL string not supported here.
03-07 12:34:54.023 11583 11583 D AppFeatureProviderUtils: getStringForFeature: com.glance.internet
03-07 12:34:54.023 11583 11583 I ChildrenSpace.FeatureOption: initFeature isShowAllLetter=false isSupportAppFrozen=false
03-07 12:34:54.024  2763  2763 E HeadsetStateMachine: returning mCurrentState as Disconnected
03-07 12:34:54.024  2763  2763 D HeadsetService:  isAudioOn: The number of audio connected devices 0
03-07 12:34:54.024  2763  2763 D HeadsetService: isScoOrCallActive(): Call Active:falseCall is Ringing:falseSCO is Active:false
03-07 12:34:54.027  3294  3294 W Launcher.AlphabeticalAppsList: updateAdapterItems
03-07 12:34:54.028  3294  3294 W Launcher.AlphabeticalAppsList: drawAppSort cost to muchTime sortCost = 3 sectionUpdateCost = 0 adapterUpdateCost = 1
03-07 12:34:54.028  5225 13287 E Parcel  : Reading a NULL string not supported here.
03-07 12:34:54.032  5225 13287 I chatty  : uid=10446(com.qualcomm.qti.workloadclassifier) WLCServiceHandl identical 2 lines
03-07 12:34:54.033  5225 13287 E Parcel  : Reading a NULL string not supported here.
03-07 12:34:54.034  2763  2763 E HeadsetStateMachine: returning mCurrentState as Disconnected
03-07 12:34:54.034  2763  2763 D HeadsetService:  isAudioOn: The number of audio connected devices 0
03-07 12:34:54.034  2763  2763 I Avrcp_ext: updatePlayStatusForDevice: device: null
03-07 12:34:54.034  2763  2763 I Avrcp_ext: Exit updatePlayStatusForDevice
03-07 12:34:54.035  5225 13287 E Parcel  : Reading a NULL string not supported here.
03-07 12:34:54.043  5225 13287 I chatty  : uid=10446(com.qualcomm.qti.workloadclassifier) WLCServiceHandl identical 1 line
03-07 12:34:54.045  5225 13287 E Parcel  : Reading a NULL string not supported here.
03-07 12:34:54.046  2763  2763 E HeadsetStateMachine: returning mCurrentState as Disconnected
03-07 12:34:54.046  2763  2763 D HeadsetService:  isAudioOn: The number of audio connected devices 0
03-07 12:34:54.046  2763  2763 D HeadsetService: isScoOrCallActive(): Call Active:falseCall is Ringing:falseSCO is Active:false
03-07 12:34:54.047  2763  2763 E HeadsetStateMachine: returning mCurrentState as Disconnected
03-07 12:34:54.047  2763  2763 D HeadsetService:  isAudioOn: The number of audio connected devices 0
03-07 12:34:54.047  2763  2763 I Avrcp_ext: updatePlayStatusForDevice: device: null
03-07 12:34:54.047  2763  2763 I Avrcp_ext: Exit updatePlayStatusForDevice
03-07 12:34:54.048  2763  2763 E HeadsetStateMachine: returning mCurrentState as Disconnected
03-07 12:34:54.048  2763  2763 D HeadsetService:  isAudioOn: The number of audio connected devices 0
03-07 12:34:54.048  2763  2763 D HeadsetService: isScoOrCallActive(): Call Active:falseCall is Ringing:falseSCO is Active:false
03-07 12:34:54.048  2763  2763 E HeadsetStateMachine: returning mCurrentState as Disconnected
03-07 12:34:54.048  2763  2763 D HeadsetService:  isAudioOn: The number of audio connected devices 0
03-07 12:34:54.048  2763  2763 I Avrcp_ext: updatePlayStatusForDevice: device: null
03-07 12:34:54.049  2763  2763 I Avrcp_ext: Exit updatePlayStatusForDevice
03-07 12:34:54.049  2763  2763 D Avrcp_ext: Enter sendPlayPosNotificationRsp
03-07 12:34:54.049  2763  2763 I chatty  : uid=1002(bluetooth) com.android.bluetooth identical 3 lines
03-07 12:34:54.049  2763  2763 D Avrcp_ext: Enter sendPlayPosNotificationRsp
03-07 12:34:54.049  2763  2763 V Avrcp_ext: Exit updatePlayerStateAndPosition
03-07 12:34:54.049  2763  2763 D Avrcp_ext: Added MediaPlayerController/MediaPlayerPackage
03-07 12:34:54.050 21515 21679 W ContextImpl: Calling a method in the system process without a qualified user: android.app.ContextImpl.startService:1717 android.content.ContextWrapper.startService:730 com.heytap.mcs.pkginstall.a.a:24 com.heytap.mcs.pkginstall.a.a:10 com.heytap.mcs.pkginstall.a.d:0 
03-07 12:34:54.052  5225 13287 E Parcel  : Reading a NULL string not supported here.
03-07 12:34:54.052  2763  2763 D Avrcp_ext: Adding media player info for com.ss.android.ugc.trill with id 7
03-07 12:34:54.052  2763  2763 D Avrcp_ext: Added MediaPlayerController/MediaPlayerPackage
03-07 12:34:54.054  2763  2763 D Avrcp_ext: Adding media player info for com.ss.android.ugc.trill with id 7
03-07 12:34:54.054  2763  2763 D Avrcp_ext: Added MediaPlayerController/MediaPlayerPackage
03-07 12:34:54.054  5225 13287 E Parcel  : Reading a NULL string not supported here.
03-07 12:34:54.054  2763  2763 D Avrcp_ext: Adding media player info for com.ss.android.ugc.trill with id 7
03-07 12:34:54.054  2763  2763 D Avrcp_ext: Added MediaPlayerController/MediaPlayerPackage
03-07 12:34:54.055  5225 13287 E Parcel  : Reading a NULL string not supported here.
03-07 12:34:54.055  2763  2763 D Avrcp_ext: Adding media player info for com.ss.android.ugc.trill with id 7
03-07 12:34:54.055  2763  2763 D Avrcp_ext: Added MediaPlayerController/MediaPlayerPackage
03-07 12:34:54.056  2763  2763 D Avrcp_ext: Adding media player info for org.telegram.messenger with id 8
03-07 12:34:54.056  2763  2763 D Avrcp_ext: Added MediaPlayerController/MediaPlayerPackage
03-07 12:34:54.056  2763  2763 V Avrcp_ext: updateCurrentMediaState: mMediaController: null
03-07 12:34:54.057  2763  2763 V Avrcp_ext: isMusicActive: false getBluetoothPlayState: 2
03-07 12:34:54.057  2763  2763 V Avrcp_ext: updateCurrentMediaState: isPlaying = false
03-07 12:34:54.057  2763  2763 V Avrcp_ext: Media update: id -1-->-1? [MediaAttributes: none] : [MediaAttributes: none]
03-07 12:34:54.057  2763  2763 V Avrcp_ext: newPlayStatus:2 mReportedPlayStatus:-1
03-07 12:34:54.057  5225 13287 E Parcel  : Reading a NULL string not supported here.
03-07 12:34:54.057  2763  2763 V Avrcp_ext: updatePlaybackState, state: PlaybackState {state=2, position=-1, buffered position=0, speed=0.0, updated=287902461, actions=0, custom actions=[], active item id=-1, error=null} device: null
03-07 12:34:54.057  2763  2763 V Avrcp_ext: Device: no name: 
03-07 12:34:54.057  2763  2763 I chatty  : uid=1002(bluetooth) com.android.bluetooth identical 3 lines
03-07 12:34:54.057  2763  2763 V Avrcp_ext: Device: no name: 
03-07 12:34:54.057  2763  2763 E HeadsetStateMachine: returning mCurrentState as Disconnected
03-07 12:34:54.057  2763  2763 D HeadsetService:  isAudioOn: The number of audio connected devices 0
03-07 12:34:54.057  2763  2763 D HeadsetService: isScoOrCallActive(): Call Active:falseCall is Ringing:falseSCO is Active:false
03-07 12:34:54.057  2763  2763 E HeadsetStateMachine: returning mCurrentState as Disconnected
03-07 12:34:54.057  2763  2763 D HeadsetService:  isAudioOn: The number of audio connected devices 0
03-07 12:34:54.057  2763  2763 I Avrcp_ext: updatePlayStatusForDevice: device: null
03-07 12:34:54.058  2763  2763 I Avrcp_ext: Exit updatePlayStatusForDevice
03-07 12:34:54.058  2763  2763 E HeadsetStateMachine: returning mCurrentState as Disconnected
03-07 12:34:54.058  2763  2763 D HeadsetService:  isAudioOn: The number of audio connected devices 0
03-07 12:34:54.058  2763  2763 D HeadsetService: isScoOrCallActive(): Call Active:falseCall is Ringing:falseSCO is Active:false
03-07 12:34:54.058  2763  2763 E HeadsetStateMachine: returning mCurrentState as Disconnected
03-07 12:34:54.058  2763  2763 D HeadsetService:  isAudioOn: The number of audio connected devices 0
03-07 12:34:54.058  2763  2763 I Avrcp_ext: updatePlayStatusForDevice: device: null
03-07 12:34:54.058  2763  2763 I Avrcp_ext: Exit updatePlayStatusForDevice
03-07 12:34:54.058  2763  2763 E HeadsetStateMachine: returning mCurrentState as Disconnected
03-07 12:34:54.058  2763  2763 D HeadsetService:  isAudioOn: The number of audio connected devices 0
03-07 12:34:54.058  2763  2763 D HeadsetService: isScoOrCallActive(): Call Active:falseCall is Ringing:falseSCO is Active:false
03-07 12:34:54.058  2763  2763 E HeadsetStateMachine: returning mCurrentState as Disconnected
03-07 12:34:54.058  2763  2763 D HeadsetService:  isAudioOn: The number of audio connected devices 0
03-07 12:34:54.058  2763  2763 I Avrcp_ext: updatePlayStatusForDevice: device: null
03-07 12:34:54.058  2763  2763 I Avrcp_ext: Exit updatePlayStatusForDevice
03-07 12:34:54.058  2763  2763 E HeadsetStateMachine: returning mCurrentState as Disconnected
03-07 12:34:54.058  2763  2763 D HeadsetService:  isAudioOn: The number of audio connected devices 0
03-07 12:34:54.058  2763  2763 D HeadsetService: isScoOrCallActive(): Call Active:falseCall is Ringing:falseSCO is Active:false
03-07 12:34:54.059  2763  2763 E HeadsetStateMachine: returning mCurrentState as Disconnected
03-07 12:34:54.059  2763  2763 D HeadsetService:  isAudioOn: The number of audio connected devices 0
03-07 12:34:54.059  2763  2763 I Avrcp_ext: updatePlayStatusForDevice: device: null
03-07 12:34:54.059  2763  2763 I Avrcp_ext: Exit updatePlayStatusForDevice
03-07 12:34:54.059  2763  2763 E HeadsetStateMachine: returning mCurrentState as Disconnected
03-07 12:34:54.059  2763  2763 D HeadsetService:  isAudioOn: The number of audio connected devices 0
03-07 12:34:54.059  2763  2763 D HeadsetService: isScoOrCallActive(): Call Active:falseCall is Ringing:falseSCO is Active:false
03-07 12:34:54.059  2763  2763 E HeadsetStateMachine: returning mCurrentState as Disconnected
03-07 12:34:54.059  2763  2763 D HeadsetService:  isAudioOn: The number of audio connected devices 0
03-07 12:34:54.059  2763  2763 I Avrcp_ext: updatePlayStatusForDevice: device: null
03-07 12:34:54.059  2763  2763 I Avrcp_ext: Exit updatePlayStatusForDevice
03-07 12:34:54.059  2763  2763 D Avrcp_ext: Enter sendPlayPosNotificationRsp
03-07 12:34:54.059  2763  2763 I chatty  : uid=1002(bluetooth) com.android.bluetooth identical 3 lines
03-07 12:34:54.059  2763  2763 D Avrcp_ext: Enter sendPlayPosNotificationRsp
03-07 12:34:54.059  2763  2763 V Avrcp_ext: Exit updatePlayerStateAndPosition
03-07 12:34:54.059  2763  2763 D Avrcp_ext: Exit handlePackageModified
03-07 12:34:54.059  5225 13287 E Parcel  : Reading a NULL string not supported here.
03-07 12:34:54.061  5225 13287 E Parcel  : Reading a NULL string not supported here.
03-07 12:34:54.067  1823  3138 I ColorHansManager : freeze uid: 10030 package: com.shopee.id reason: fastfreezer|10773 scene: FastFreezerScene
03-07 12:34:54.069  1823  3138 I ColorHansManager : freeze uid: 10167 package: com.instagram.android reason: fastfreezer|10773 scene: FastFreezerScene
03-07 12:34:54.071  1823  3138 I ColorHansManager : freeze uid: 10171 package: com.ss.android.ugc.trill reason: fastfreezer|10773 scene: FastFreezerScene
03-07 12:34:54.072  5225 13287 E Parcel  : Reading a NULL string not supported here.
03-07 12:34:54.072  1823  3138 I ColorHansManager : freeze uid: 10307 package: com.truecaller reason: fastfreezer|10773 scene: FastFreezerScene
03-07 12:34:54.073  1823  3138 I ColorHansManager : freeze uid: 10190 package: com.twitter.android reason: fastfreezer|10773 scene: FastFreezerScene
03-07 12:34:54.075  1823  3138 I ColorHansManager : freeze uid: 10455 package: com.facebook.katana reason: fastfreezer|10773 scene: FastFreezerScene
03-07 12:34:54.077  5225 13287 E Parcel  : Reading a NULL string not supported here.
03-07 12:34:54.079  1823  3138 I ColorHansManager : freeze uid: 10203 package: com.tokopedia.tkpd reason: fastfreezer|10773 scene: FastFreezerScene
03-07 12:34:54.080  1823  3138 I ColorHansManager : freeze uid: 10613 package: com.alibaba.intl.android.apps.poseidon reason: fastfreezer|10773 scene: FastFreezerScene
03-07 12:34:54.080  5225 13287 E Parcel  : Reading a NULL string not supported here.
03-07 12:34:54.082 11536 11536 D KeyChain: onDestroy
03-07 12:34:54.084  5225 13287 E Parcel  : Reading a NULL string not supported here.
03-07 12:34:54.085  1823  4232 I ColorListManagerImpl: removeStageProtectInfo from com.android.keychain for com.android.keychain
03-07 12:34:54.085  1823  3350 W ContextImpl: Calling a method in the system process without a qualified user: android.app.ContextImpl.startService:1717 com.oplus.util.OplusStatisticsImpl.startService:216 com.oplus.util.OplusStatisticsImpl.sendDataToDCS:192 com.oplus.util.OplusStatisticsImpl.onCommonSync:84 com.oplus.util.OplusStatisticsImpl$1.run:124 
03-07 12:34:54.085 15661 15661 I RemovableAppProvider: receive action oppo.intent.action.PACKAGE_ADDED
03-07 12:34:54.086 15661 15686 I RemovableAppProvider: handleMessagae what = 20190303
03-07 12:34:54.086 15661 15686 D RemovableAppProvider: onPackageAdded
03-07 12:34:54.086 15661 15686 D RemovableAppProvider: package com.jurnal**********alsahamihsg isn't removable app
03-07 12:34:54.087  5225 13287 E Parcel  : Reading a NULL string not supported here.
03-07 12:34:54.116  1823  2011 D CompatibilityChangeReporter: Compat change id reported: 135634846; UID 10773; state: DISABLED
03-07 12:34:54.118  1823  2046 D CompatibilityChangeReporter: Compat change id reported: 143937733; UID 10773; state: ENABLED
03-07 12:34:54.118  1823  2011 D PowerManagerService: setScreenBrightnessOverrideFromWindowManagerInternal brightness=NaN mScreenBrightnessOverrideFromWindowManager=NaN
03-07 12:34:54.098  5225 13287 I chatty  : uid=10446(com.qualcomm.qti.workloadclassifier) WLCServiceHandl identical 3 lines
03-07 12:34:54.101  5225 13287 E Parcel  : Reading a NULL string not supported here.
03-07 12:34:54.124  1823  3438 V SensorManager: setScreenShotDisableImpl
03-07 12:34:54.125  1823  3438 D SensorService: debug_oplusGeminiProximity setScreenShotDisable in SensorService
03-07 12:34:54.128  1108  1148 E ANDR-PERF-UTIL: Failed to read /sys/class/devfreq/soc:qcom,cpu0-llcc-ddr-lat/min_freq
03-07 12:34:54.128  1108  1148 E ANDR-PERF-OPTSHANDLER: Failed to read /sys/class/devfreq/soc:qcom,cpu0-llcc-ddr-lat/min_freq
03-07 12:34:54.128  1108  1148 E ANDR-PERF-RESOURCEQS: Failed to apply optimization [13, 12]
03-07 12:34:54.128  1108  1148 E ANDR-PERF-UTIL: Failed to read /sys/class/devfreq/soc:qcom,cpu6-llcc-ddr-lat/min_freq
03-07 12:34:54.128  1108  1148 E ANDR-PERF-OPTSHANDLER: Failed to read /sys/class/devfreq/soc:qcom,cpu6-llcc-ddr-lat/min_freq
03-07 12:34:54.128  1108  1148 E ANDR-PERF-RESOURCEQS: Failed to apply optimization [13, 12]
03-07 12:34:54.130  1108  1148 E ANDR-PERF-UTIL: Failed to read /sys/class/devfreq/soc:qcom,cpu0-cpu-llcc-lat/mem_latency/ratio_ceil
03-07 12:34:54.130  1108  1148 E ANDR-PERF-OPTSHANDLER: Failed to read /sys/class/devfreq/soc:qcom,cpu0-cpu-llcc-lat/mem_latency/ratio_ceil
03-07 12:34:54.130  1108  1148 E ANDR-PERF-RESOURCEQS: Failed to apply optimization [13, 8]
03-07 12:34:54.130  1108  1148 E ANDR-PERF-UTIL: Failed to read /sys/class/devfreq/soc:qcom,cpu4-cpu-llcc-lat/mem_latency/ratio_ceil
03-07 12:34:54.130  1108  1148 E ANDR-PERF-OPTSHANDLER: Failed to read /sys/class/devfreq/soc:qcom,cpu4-cpu-llcc-lat/mem_latency/ratio_ceil
03-07 12:34:54.130  1108  1148 E ANDR-PERF-RESOURCEQS: Failed to apply optimization [13, 9]
03-07 12:34:54.137 11630 11630 I oplus.android.OplusFrameworkFactoryImpl: get feature:IOplusScreenModeFeature
03-07 12:34:54.137 11630 11630 I oplus.android.OplusFrameworkFactoryImpl: getOplusScreenModeFeature
03-07 12:34:54.142 10065 10065 I Finsky  : [2] AIM: AppInfoCacheUpdater -> invalidating apps: [com.jurnalsaham.jurnalsahamihsg]
03-07 12:34:54.142 10065 10065 I Finsky  : [2] AIM: AppInfoManager-Perf > getApps > called for 1 apps
03-07 12:34:54.149  3273  3273 E OplusNecManagerHelper: com.oplus.nec.OplusNecManager.notifyOrigSignalStrengthChanged [class android.telephony.SignalStrength, int]
03-07 12:34:54.153 11583 11583 I ChildrenSpace.ChildrenApplication: onCreate
03-07 12:34:54.157  1823  2008 W Looper  : Slow delivery took 286ms android.ui h=com.android.server.am.ActivityManagerService$UiHandler c=null m=31
03-07 12:34:54.157 10065 10112 I Finsky  : [53169] AIM: AppInfoManager-Perf > OnDeviceAppInfo > cacheHitCount=0, cacheMissCount=1. Missed  in cache (limit 10) : [com.jurnalsaham.jurnalsahamihsg]
03-07 12:34:54.157  1823  2008 W Looper  : Slow dispatch took 172ms android.ui h=com.android.server.am.ActivityManagerService$UiHandler c=null m=31
03-07 12:34:54.158 10065 10111 I Finsky  : [53168] SCH: Scheduling phonesky job Id: 12-1, CT: 1772861693551, Constraints: [{ L: 15000, D: 86400000, C: CHARGING_NONE, I: IDLE_NONE, N: NET_ANY, B: BATTERY_ANY }]
03-07 12:34:54.159 10065 10111 I Finsky  : [53168] AIM: Got app ownership map. App counts: . Unique apps: 0
03-07 12:34:54.160 10065 10111 E Finsky  : [53168] [Counters] attempted to use a non-positive increment for: 4752
03-07 12:34:54.160 10065 10111 I Finsky  : [53168] AIM: AppInfoManager-Perf > OnDeviceAppInfo > cacheHitCount=1, cacheMissCount=0. Missed  in cache (limit 10) : []
03-07 12:34:54.162 10065 10111 E Finsky  : [53168] [Counters] attempted to use a non-positive increment for: 4753
03-07 12:34:54.162 10065 10111 I Finsky  : [53168] AIM: Got app ownership map. App counts: . Unique apps: 0
03-07 12:34:54.162 10065 10111 E Finsky  : [53168] [Counters] attempted to use a non-positive increment for: 4752
03-07 12:34:54.163 10065 10111 E Finsky  : [53168] [Counters] attempted to use a non-positive increment for: 4753
03-07 12:34:54.163  6229  6247 E IHansComunication: HANS printMessageBody: RCVed message body: type = 0, port = 86870, caller_pid = 1823, caller_uid = 1000, target_pid = 9354, target_uid = 10152, pkg_cmd = -1
03-07 12:34:54.163  6229  6247 E IHansComunication: HANS printMessageBody: RCVed message body: type = 0, port = 86870, caller_pid = 1823, caller_uid = 1000, target_pid = 31216, target_uid = 10167, pkg_cmd = -1
03-07 12:34:54.163  6229  6247 E IHansComunication: HANS printMessageBody: RCVed message body: type = 0, port = 86870, caller_pid = 1823, caller_uid = 1000, target_pid = 11175, target_uid = 10171, pkg_cmd = -1
03-07 12:34:54.163  6229  6247 E IHansComunication: HANS printMessageBody: RCVed message body: type = 0, port = 86870, caller_pid = 1823, caller_uid = 1000, target_pid = 32224, target_uid = 10455, pkg_cmd = -1
03-07 12:34:54.164  6229  6247 E IHansComunication: HANS printMessageBody: RCVed message body: type = 0, port = 86870, caller_pid = 1823, caller_uid = 1000, target_pid = 10336, target_uid = 10190, pkg_cmd = -1
03-07 12:34:54.166  3294  3294 E Launcher.ColorBubbleTextView: mForceHideDot is false
03-07 12:34:54.174   919   919 D Zygote  : Forked child process 11676
03-07 12:34:54.177  1823  2046 W ActivityManager: Slow operation: 62ms so far, now at startProcess: returned from zygote!
03-07 12:34:54.177 10065 11544 I Finsky  : [53772] [ContentSync] finished, scheduled=false
03-07 12:34:54.179  1823  4357 E IntervalStats: Unable to parse usage stats package 5
03-07 12:34:54.179  1823  4357 E IntervalStats: Unable to parse usage stats package 30
03-07 12:34:54.179  1823  4357 E IntervalStats: Unable to parse usage stats package 219
03-07 12:34:54.179  1823  4357 E IntervalStats: Unable to parse usage stats package 306
03-07 12:34:54.179  1823  4357 E IntervalStats: Unable to parse usage stats package 332
03-07 12:34:54.179  1823  4357 E IntervalStats: Unable to parse usage stats package 573
03-07 12:34:54.179  1823  4357 E IntervalStats: Unable to parse usage stats package 635
03-07 12:34:54.179  1823  4357 E IntervalStats: Unable to parse usage stats package 641
03-07 12:34:54.179  1823  4357 E IntervalStats: Unable to parse usage stats package 891
03-07 12:34:54.179  1823  4357 E IntervalStats: Unable to parse usage stats package 970
03-07 12:34:54.179  1823  4357 E IntervalStats: Unable to parse usage stats package 1003
03-07 12:34:54.179  1823  4357 E IntervalStats: Unable to parse usage stats package 1217
03-07 12:34:54.180  1823  4357 E IntervalStats: Unable to parse usage stats package 1375
03-07 12:34:54.180  1823  4357 E IntervalStats: Unable to parse usage stats package 1850
03-07 12:34:54.180  1823  4357 E IntervalStats: Unable to parse usage stats package 1888
03-07 12:34:54.180  1823  4357 E IntervalStats: Unable to parse usage stats package 1972
03-07 12:34:54.180  1823  4357 E IntervalStats: Unable to parse usage stats package 2274
03-07 12:34:54.180  1823  4357 E IntervalStats: Unable to parse usage stats package 2283
03-07 12:34:54.180  1823  4357 E IntervalStats: Unable to parse usage stats package 2286
03-07 12:34:54.180  1823  4357 E IntervalStats: Unable to parse usage stats package 2391
03-07 12:34:54.182  1823  4357 E IntervalStats: Unable to parse usage stats package 2468
03-07 12:34:54.182  1823  4357 E IntervalStats: Unable to parse usage stats package 2470
03-07 12:34:54.182  1823  4357 E IntervalStats: Unable to parse usage stats package 2556
03-07 12:34:54.182  1823  4357 E IntervalStats: Unable to parse usage stats package 2573
03-07 12:34:54.182  1823  4357 E IntervalStats: Unable to parse usage stats package 2583
03-07 12:34:54.182  1823  4357 E IntervalStats: Unable to parse usage stats package 2624
03-07 12:34:54.182  1823  4357 E IntervalStats: Unable to parse usage stats package 2626
03-07 12:34:54.182  1823  4357 E IntervalStats: Unable to parse usage stats package 2695
03-07 12:34:54.182  1823  4357 E IntervalStats: Unable to parse usage stats package 2703
03-07 12:34:54.182  1823  4357 E IntervalStats: Unable to parse usage stats package 2708
03-07 12:34:54.182  1823  4357 E IntervalStats: Unable to parse usage stats package 2720
03-07 12:34:54.182  1823  4357 E IntervalStats: Unable to parse usage stats package 2724
03-07 12:34:54.182  1823  4357 E IntervalStats: Unable to parse usage stats package 2725
03-07 12:34:54.182  1823  4357 E IntervalStats: Unable to parse usage stats package 2726
03-07 12:34:54.182  1823  4357 E IntervalStats: Unable to parse usage stats package 2760
03-07 12:34:54.182  1823  4357 E IntervalStats: Unable to parse usage stats package 2772
03-07 12:34:54.182  1823  4357 E IntervalStats: Unable to parse usage stats package 2773
03-07 12:34:54.182  1823  4357 E IntervalStats: Unable to parse usage stats package 2774
03-07 12:34:54.182  1823  4357 E IntervalStats: Unable to parse usage stats package 2804
03-07 12:34:54.182  1823  4357 E IntervalStats: Unable to parse usage stats package 2805
03-07 12:34:54.183  1823  4357 E IntervalStats: Unable to parse usage stats package 2880
03-07 12:34:54.183  1823  4357 E IntervalStats: Unable to parse usage stats package 2889
03-07 12:34:54.183  1823  4357 E IntervalStats: Unable to parse usage stats package 2890
03-07 12:34:54.183  1823  4357 E IntervalStats: Unable to parse usage stats package 2901
03-07 12:34:54.183  1823  4357 E IntervalStats: Unable to parse usage stats package 2905
03-07 12:34:54.183  1823  4357 E IntervalStats: Unable to parse usage stats package 2906
03-07 12:34:54.183  1823  4357 E IntervalStats: Unable to parse usage stats package 2933
03-07 12:34:54.183  1823  4357 E IntervalStats: Unable to parse usage stats package 2934
03-07 12:34:54.183  1823  4357 E IntervalStats: Unable to parse usage stats package 2935
03-07 12:34:54.183  1823  4357 E IntervalStats: Unable to parse usage stats package 2936
03-07 12:34:54.183  1823  4357 E IntervalStats: Unable to parse usage stats package 2937
03-07 12:34:54.183  1823  4357 E IntervalStats: Unable to parse usage stats package 2938
03-07 12:34:54.183  1823  4357 E IntervalStats: Unable to parse usage stats package 2939
03-07 12:34:54.183  1823  4357 E IntervalStats: Unable to parse usage stats package 2940
03-07 12:34:54.183  1823  4357 E IntervalStats: Unable to parse usage stats package 2941
03-07 12:34:54.183  1823  4357 E IntervalStats: Unable to parse usage stats package 2942
03-07 12:34:54.183  1823  4357 E IntervalStats: Unable to parse usage stats package 2943
03-07 12:34:54.183  1823  4357 E IntervalStats: Unable to parse usage stats package 2944
03-07 12:34:54.183  1823  4357 E IntervalStats: Unable to parse usage stats package 2945
03-07 12:34:54.183  1823  4357 E IntervalStats: Unable to parse usage stats package 2946
03-07 12:34:54.183  1823  4357 E IntervalStats: Unable to parse usage stats package 2947
03-07 12:34:54.183  1823  4357 E IntervalStats: Unable to parse usage stats package 2948
03-07 12:34:54.183  1823  4357 E IntervalStats: Unable to parse usage stats package 2951
03-07 12:34:54.183  1823  4357 E IntervalStats: Unable to parse usage stats package 2952
03-07 12:34:54.183  1823  4357 E IntervalStats: Unable to parse usage stats package 2954
03-07 12:34:54.183  1823  4357 E IntervalStats: Unable to parse usage stats package 2955
03-07 12:34:54.184 11676 11676 W Zygote  : Unable to open libbeluga.so: dlopen failed: library "libbeluga.so" not found.
03-07 12:34:54.192 10065 10112 E Parcel  : Reading a NULL string not supported here.
03-07 12:34:54.193 11630 11630 E libc    : Access denied finding property "ro.odm.prev.product.name"
03-07 12:34:54.202  2640  2666 D OplusCoreAppService: isPackageContainsOplusCertificates be called
03-07 12:34:54.208 11676 11676 I jurnalsahamihs: Late-enabling -Xcheck:jni
03-07 12:34:54.210 10065 10112 E Parcel  : Reading a NULL string not supported here.
03-07 12:34:54.216 10065 10112 I Finsky  : [53169] SCH: Scheduling 1 system job(s)
03-07 12:34:54.216 10065 10112 D BaseJobBuilder: set process for client: com.android.vending
03-07 12:34:54.217 10065 10112 I Finsky  : [53169] SCH: Scheduling system job Id: 9236, L: 14335, D: 77716154, C: false, I: false, N: 1
03-07 12:34:54.226  1823  2012 D ColorViewRootUtil: initSwipState, isDisplayCompatApp false
03-07 12:34:54.227  1823  2012 D ColorViewRootUtil: mScreenHeight 2340, mScreenWidth 1080
03-07 12:34:54.227  1823  2012 D WindowManager: Add to mViews: DecorView@de1de45[jurnalsahamihsg],pkg= com.jurnalsaham.jurnalsahamihsg
03-07 12:34:54.229  1823  2012 D OppoDisplayPolicy: com.jurnalsaham.jurnalsahamihsg, no change cutoutMode: 0
03-07 12:34:54.252  1823  2012 D OppoDisplayPolicy: com.jurnalsaham.jurnalsahamihsg, no change cutoutMode: 0
03-07 12:34:54.259 11676 11676 I jurnalsahamihs: Unquickening 21 vdex files!
03-07 12:34:54.260 11676 11676 E jurnalsahamihs: Unknown bits set in runtime_flags: 0x40000000
03-07 12:34:54.264  1823  2012 D WindowManager: WARNING: focused app window can't receive keys, focusedApp:ActivityRecord{d5fbe0b u0 com.oppo.launcher/.Launcher t2} window:Window{6f358e8 u0 com.oppo.launcher/com.oppo.launcher.Launcher}
03-07 12:34:54.264  1823  2012 D WindowManager: isRecentsAnimationConsumingAppInput:false isParentWindowHidden:false mAnimatingExit:false mRelayoutCalled:true
03-07 12:34:54.265  1823  2012 V WindowManager: Changing focus from Window{6f358e8 u0 com.oppo.launcher/com.oppo.launcher.Launcher} to null,diplayid=0
03-07 12:34:54.266  1823  3196 I InputDispatcher: Focus left window: Window{6f358e8 u0 com.oppo.launcher/com.oppo.launcher.Launcher} in display 0
03-07 12:34:54.266  1823  2012 D Theia.NoFocusWindow: FocusWindowErrorScene CheckFreezeScreen
03-07 12:34:54.268  1823  3196 D ColorInputMethodManagerServiceEx: onHandleImeWindowVisibleStatus handledVis: 0, switcher visible: 0, switcher active: 0, needsToShowImeSwitcher: false
03-07 12:34:54.276  3943  3943 I WeatherS_WeatherServiceVersionUtils: serviceVersionCode8002022
03-07 12:34:54.279  3943  3943 I WeatherS_WeatherServiceVersionUtils: serviceVersionCode8002022
03-07 12:34:54.279  3943  3943 I WeatherS_WeatherBaseDataTask: Service has not started, bind update Service.
03-07 12:34:54.279  3943  3943 I WeatherS_WeatherServiceManager: bindUpdateService false
03-07 12:34:54.283 15572 15578 I adbd    : jdwp connection from 11676
03-07 12:34:54.283 10065 10109 E Parcel  : Reading a NULL string not supported here.
03-07 12:34:54.292 10065 10109 I chatty  : uid=10069(com.android.vending) bgExecutor #1 identical 2 lines
03-07 12:34:54.299 10065 10109 E Parcel  : Reading a NULL string not supported here.
03-07 12:34:54.301 11676 11676 E RefClass: java.lang.reflect.InvocationTargetException
03-07 12:34:54.302 11676 11676 I OneTrace: Mark active for pid=11676? true
03-07 12:34:54.305  1823  2012 V OplusZoomWindowDecorViewHelper: setLastReportedMergedConfiguration mZoomDisplayHeight: 2340 getDecorView.DecorView@de1de45[jurnalsahamihsg]
03-07 12:34:54.316  1823  2046 W ActivityManager: Slow operation: 201ms so far, now at startProcess: done updating battery stats
03-07 12:34:54.316  1823  2046 W ActivityManager: Slow operation: 201ms so far, now at startProcess: building log message
03-07 12:34:54.316  1823  2046 I ActivityManager: Start proc 11676:com.jurnalsaham.jurnalsahamihsg/u0a773 for pre-top-activity {com.jurnalsaham.jurnalsahamihsg/org.kivy.android.PythonActivity}
03-07 12:34:54.316  1823  2046 W ActivityManager: Slow operation: 201ms so far, now at startProcess: starting to update pids map
03-07 12:34:54.323  1150  1231 D DispPerfService: onframeavailable pid=1823, slot=0, seq=14884, name=system_server:Splash Screen com.jurnalsaham.jurnalsahamihsg#0
03-07 12:34:54.337 11630 11630 I Perf    : Connecting to perf service.
03-07 12:34:54.341  1823  2046 W ActivityManager: Slow operation: 226ms so far, now at startProcess: done updating pids map
03-07 12:34:54.346 11630 11630 E Perf    :  perftest packageName : com.coloros.securepay App is allowed to use Hide APIs  
03-07 12:34:54.351 10065 10111 E Parcel  : Reading a NULL string not supported here.
03-07 12:34:54.351 10065 10109 E Parcel  : Reading a NULL string not supported here.
03-07 12:34:54.356 10065 10109 E Parcel  : Reading a NULL string not supported here.
03-07 12:34:54.359 10065 10111 E Parcel  : Reading a NULL string not supported here.
03-07 12:34:54.362 10065 10108 E Parcel  : Reading a NULL string not supported here.
03-07 12:34:54.363 11630 11630 D NetworkSecurityConfig: No Network Security Config specified, using platform default
03-07 12:34:54.364 11630 11630 D NetworkSecurityConfig: No Network Security Config specified, using platform default
03-07 12:34:54.366 10065 10108 E Parcel  : Reading a NULL string not supported here.
03-07 12:34:54.367 10065 10109 E Parcel  : Reading a NULL string not supported here.
03-07 12:34:54.371 10065 10109 E Parcel  : Reading a NULL string not supported here.
03-07 12:34:54.372 10065 10111 E Parcel  : Reading a NULL string not supported here.
03-07 12:34:54.373 10065 10108 E Parcel  : Reading a NULL string not supported here.
03-07 12:34:54.375 10065 10109 E Parcel  : Reading a NULL string not supported here.
03-07 12:34:54.376 10065 10108 E Parcel  : Reading a NULL string not supported here.
03-07 12:34:54.380 10065 10109 E Parcel  : Reading a NULL string not supported here.
03-07 12:34:54.383 10065 10108 E Parcel  : Reading a NULL string not supported here.
03-07 12:34:54.385 10065 10111 E Parcel  : Reading a NULL string not supported here.
03-07 12:34:54.388 10065 10111 E Parcel  : Reading a NULL string not supported here.
03-07 12:34:54.388 10065 10108 E Parcel  : Reading a NULL string not supported here.
03-07 12:34:54.392 10065 10111 E Parcel  : Reading a NULL string not supported here.
03-07 12:34:54.397 10065 10111 E Parcel  : Reading a NULL string not supported here.
03-07 12:34:54.400 10065 10108 E Parcel  : Reading a NULL string not supported here.
03-07 12:34:54.402 10065 10111 E Parcel  : Reading a NULL string not supported here.
03-07 12:34:54.404 10065 10108 E Parcel  : Reading a NULL string not supported here.
03-07 12:34:54.405 10065 10111 E Parcel  : Reading a NULL string not supported here.
03-07 12:34:54.409 10065 10108 E Parcel  : Reading a NULL string not supported here.
03-07 12:34:54.410 10065 10111 E Parcel  : Reading a NULL string not supported here.
03-07 12:34:54.411  1823  1834 I system_server: Background young concurrent copying GC freed 151124(42MB) AllocSpace objects, 257(5140KB) LOS objects, 19% free, 100MB/124MB, paused 549us total 250ms
03-07 12:34:54.413 10065 10108 E Parcel  : Reading a NULL string not supported here.
03-07 12:34:54.416  1823  2517 W ActivityManager: Permission Denial: opening provider com.coloros.securitypermission.common.provider.PermissionProvider from ProcessRecord{da37d16 4689:android.process.acore/u0a22} (pid=4689, uid=10022) requires com.oppo.permission.safe.SECURITY or com.oppo.permission.safe.SECURITY
03-07 12:34:54.420  4689  4712 E OppoPrivacyProtectUtil: checkPrivacyProtect error.
03-07 12:34:54.426  1823  3013 D CompatibilityChangeReporter: Compat change id reported: 135634846; UID 1000; state: DISABLED
03-07 12:34:54.426  1108  1148 E ANDR-PERF-UTIL: Failed to read /sys/class/devfreq/soc:qcom,cpu0-llcc-ddr-lat/min_freq
03-07 12:34:54.426  1108  1148 E ANDR-PERF-OPTSHANDLER: Failed to read /sys/class/devfreq/soc:qcom,cpu0-llcc-ddr-lat/min_freq
03-07 12:34:54.426  1108  1148 E ANDR-PERF-RESOURCEQS: Failed to apply optimization [13, 12]
03-07 12:34:54.426  1108  1148 E ANDR-PERF-UTIL: Failed to read /sys/class/devfreq/soc:qcom,cpu6-llcc-ddr-lat/min_freq
03-07 12:34:54.426  1108  1148 E ANDR-PERF-OPTSHANDLER: Failed to read /sys/class/devfreq/soc:qcom,cpu6-llcc-ddr-lat/min_freq
03-07 12:34:54.426  1108  1148 E ANDR-PERF-RESOURCEQS: Failed to apply optimization [13, 12]
03-07 12:34:54.428  1823  2008 D OplusAppBwCore: onUidImportance: 10559, 300
03-07 12:34:54.429  1108  1148 E ANDR-PERF-UTIL: Failed to read /sys/class/devfreq/soc:qcom,cpu0-cpu-llcc-lat/mem_latency/ratio_ceil
03-07 12:34:54.429  1108  1148 E ANDR-PERF-OPTSHANDLER: Failed to read /sys/class/devfreq/soc:qcom,cpu0-cpu-llcc-lat/mem_latency/ratio_ceil
03-07 12:34:54.429  1108  1148 E ANDR-PERF-RESOURCEQS: Failed to apply optimization [13, 8]
03-07 12:34:54.429  1108  1148 E ANDR-PERF-UTIL: Failed to read /sys/class/devfreq/soc:qcom,cpu4-cpu-llcc-lat/mem_latency/ratio_ceil
03-07 12:34:54.429  1108  1148 E ANDR-PERF-OPTSHANDLER: Failed to read /sys/class/devfreq/soc:qcom,cpu4-cpu-llcc-lat/mem_latency/ratio_ceil
03-07 12:34:54.429  1108  1148 E ANDR-PERF-RESOURCEQS: Failed to apply optimization [13, 9]
03-07 12:34:54.431  1134 24353 D AudioPolicyService: updateUidStates_l() allowCapture=true because of on TOP AND uses VOICE_RECOGNITION OR uses HOTWORD
03-07 12:34:54.431  1134 24353 D AudioPolicyService: updateUidStates_l() current->uid=10070 current->pid=17223 allowCapture=1 UidState=5 apmStat=1
03-07 12:34:54.431  1134 24353 D AudioPolicyService: updateUidStates_l() allowCapture=true because of on TOP AND uses VOICE_RECOGNITION OR uses HOTWORD
03-07 12:34:54.431  1134 24353 D AudioPolicyService: updateUidStates_l() current->uid=10070 current->pid=17223 allowCapture=1 UidState=5 apmStat=1
03-07 12:34:54.432  1134  8840 D AudioPolicyService: updateUidStates_l() allowCapture=true because of on TOP AND uses VOICE_RECOGNITION OR uses HOTWORD
03-07 12:34:54.432  1134  8840 D AudioPolicyService: updateUidStates_l() current->uid=10070 current->pid=17223 allowCapture=1 UidState=5 apmStat=1
03-07 12:34:54.432  1823  1823 W Looper  : Slow dispatch took 440ms main h=com.android.server.AlarmManagerService$AlarmHandler c=null m=8
03-07 12:34:54.432  1134  8840 D AudioPolicyService: updateUidStates_l() allowCapture=true because of on TOP AND uses VOICE_RECOGNITION OR uses HOTWORD
03-07 12:34:54.432  1134  8840 D AudioPolicyService: updateUidStates_l() current->uid=10070 current->pid=17223 allowCapture=1 UidState=5 apmStat=1
03-07 12:34:54.432  1134  8840 D AudioPolicyService: updateUidStates_l() allowCapture=true because of on TOP AND uses VOICE_RECOGNITION OR uses HOTWORD
03-07 12:34:54.432  1134  8840 D AudioPolicyService: updateUidStates_l() current->uid=10070 current->pid=17223 allowCapture=1 UidState=5 apmStat=1
03-07 12:34:54.432  1823  1823 W Looper  : Slow delivery took 552ms main h=com.android.server.AlarmManagerService$AlarmHandler c=null m=8
03-07 12:34:54.432  1134  8840 D AudioPolicyService: updateUidStates_l() allowCapture=true because of on TOP AND uses VOICE_RECOGNITION OR uses HOTWORD
03-07 12:34:54.432  1134  8840 D AudioPolicyService: updateUidStates_l() current->uid=10070 current->pid=17223 allowCapture=1 UidState=5 apmStat=1
03-07 12:34:54.462   919   919 D Zygote  : Forked child process 11701
03-07 12:34:54.473 11701 11701 W Zygote  : Unable to open libbeluga.so: dlopen failed: library "libbeluga.so" not found.
03-07 12:34:54.482  1823  3438 I ColorAppSwitchManagerService: appswitch hasProcess ActivityRecord{46a8bb8 u0 com.jurnalsaham.jurnalsahamihsg/org.kivy.android.PythonActivity t33114}
03-07 12:34:54.482  1823  3438 I InputDispatcher: setFocusedApplication displayId=0 ActivityRecord{46a8bb8 u0 com.jurnalsaham.jurnalsahamihsg/org.kivy.android.PythonActivity t33114}
03-07 12:34:54.486  1108  1148 E ANDR-PERF-UTIL: Failed to read /sys/class/devfreq/soc:qcom,cpu0-llcc-ddr-lat/min_freq
03-07 12:34:54.486  1108  1148 E ANDR-PERF-OPTSHANDLER: Failed to read /sys/class/devfreq/soc:qcom,cpu0-llcc-ddr-lat/min_freq
03-07 12:34:54.486  1108  1148 E ANDR-PERF-RESOURCEQS: Failed to apply optimization [13, 12]
03-07 12:34:54.486  1108  1148 E ANDR-PERF-UTIL: Failed to read /sys/class/devfreq/soc:qcom,cpu6-llcc-ddr-lat/min_freq
03-07 12:34:54.486  1108  1148 E ANDR-PERF-OPTSHANDLER: Failed to read /sys/class/devfreq/soc:qcom,cpu6-llcc-ddr-lat/min_freq
03-07 12:34:54.486  1108  1148 E ANDR-PERF-RESOURCEQS: Failed to apply optimization [13, 12]
03-07 12:34:54.487  1823  3461 V DCSEX-AppSwitchManager: OnAppSwitchObserver: onAppExit , info = OplusAppExitInfo = {  targetName = com.oppo.launcher hasResumingActivity = true resumingPackageName = com.jurnalsaham.jurnalsahamihsg resumingActivityName = org.kivy.android.PythonActivity resumingWindowMode = 1 isResumingMultiApp = false isResumingFirstStart = true extension = Bundle[{taskId=33114, uid=10773}]}
03-07 12:34:54.487  1823  8266 D DCSEX-AppLaunchEventRecorder: onAppSwitch from = com.oppo.launcher to = com.jurnalsaham.jurnalsahamihsg
03-07 12:34:54.489  1823  3461 I ColorResourcePreloadManager: resume pkg: com.jurnalsaham.jurnalsahamihsg, uid:10773, prev pkg: com.oppo.launcher, prev uid: 10049
03-07 12:34:54.489 15661 16398 W OppoGuardElf: ThermalControlUtils: mForegroundPkg=com.jurnalsaham.jurnalsahamihsg
03-07 12:34:54.489  1823  3461 V DCSEX-AppSwitchManager: OnAppSwitchObserver: onAppEnter , info = OplusAppEnterInfo = {  windowMode = 1 targetName = com.jurnalsaham.jurnalsahamihsg multiApp = false firstStart = true launchedFromPackage = com.android.shell intent = Intent { flg=0x10000000 cmp=com.jurnalsaham.jurnalsahamihsg/org.kivy.android.PythonActivity mCallingUid=2000 } extension = Bundle[{taskId=33114, uid=10773}]}
03-07 12:34:54.490  1108  1148 E ANDR-PERF-UTIL: Failed to read /sys/class/devfreq/soc:qcom,cpu0-cpu-llcc-lat/mem_latency/ratio_ceil
03-07 12:34:54.490  1108  1148 E ANDR-PERF-OPTSHANDLER: Failed to read /sys/class/devfreq/soc:qcom,cpu0-cpu-llcc-lat/mem_latency/ratio_ceil
03-07 12:34:54.490  1108  1148 E ANDR-PERF-RESOURCEQS: Failed to apply optimization [13, 8]
03-07 12:34:54.490  1108  1148 E ANDR-PERF-UTIL: Failed to read /sys/class/devfreq/soc:qcom,cpu4-cpu-llcc-lat/mem_latency/ratio_ceil
03-07 12:34:54.490  1108  1148 E ANDR-PERF-OPTSHANDLER: Failed to read /sys/class/devfreq/soc:qcom,cpu4-cpu-llcc-lat/mem_latency/ratio_ceil
03-07 12:34:54.490  1108  1148 E ANDR-PERF-RESOURCEQS: Failed to apply optimization [13, 9]
03-07 12:34:54.496  4264 10786 D ZoomAppController: ignore onAppEnter: Invalid cvActionFlag = 0
03-07 12:34:54.495 11701 11701 E .mcs.statistic: Unknown bits set in runtime_flags: 0x40000000
03-07 12:34:54.507 11701 11701 E .mcs.statistic: Not starting debugger since process cannot load the jdwp agent.
03-07 12:34:54.482  1823  3438 I ColorAppSwitchManagerService: appswitch hasProcess ActivityRecord{46a8bb8 u0 com.jurnalsaham.jurnalsahamihsg/org.kivy.android.PythonActivity t33114}
03-07 12:34:54.514  1823  4212 E OppoThermalStats: Error getting package info: com.jurnalsaham.jurnalsahamihsg
03-07 12:34:54.515  1150  1150 D OppoExLayer: ~Layer() sequence=14877, name=Surface(name=501053e StatusBar)/@0xbaa88ec - animation-leash#0@0x7473122000
03-07 12:34:54.515  1150  1150 D OppoExLayer: ~Layer() sequence=14878, name=Surface(name=1412601 NavigationBar0)/@0x71346e7 - animation-leash#1@0x7456f67000
03-07 12:34:54.519  1823  3718 D OplusKeepAliveManager: TOP_APP is ProcessRecord{5284860 11676:com.jurnalsaham.jurnalsahamihsg/u0a773} uid is 10773
03-07 12:34:54.524 11701 11701 E RefClass: java.lang.reflect.InvocationTargetException
03-07 12:34:54.525 11701 11701 I OneTrace: Mark active for pid=11701? true
03-07 12:34:54.526 11676 11676 I oplus.android.OplusFrameworkFactoryImpl: get feature:IOplusScreenModeFeature
03-07 12:34:54.526 11676 11676 I oplus.android.OplusFrameworkFactoryImpl: getOplusScreenModeFeature
03-07 12:34:54.535  6229  6247 E IHansComunication: HANS printMessageBody: RCVed message body: type = 0, port = 86870, caller_pid = 1823, caller_uid = 1000, target_pid = 11175, target_uid = 10171, pkg_cmd = -1
03-07 12:34:54.537  6229  6247 E IHansComunication: HANS printMessageBody: RCVed message body: type = 0, port = 86870, caller_pid = 1823, caller_uid = 1000, target_pid = 31216, target_uid = 10167, pkg_cmd = -1
03-07 12:34:54.537  6229  6247 E IHansComunication: HANS printMessageBody: RCVed message body: type = 0, port = 86870, caller_pid = 1823, caller_uid = 1000, target_pid = 4629, target_uid = 99505, pkg_cmd = -1
03-07 12:34:54.548  6229  6247 E IHansComunication: HANS printMessageBody: RCVed message body: type = 0, port = 86870, caller_pid = 1823, caller_uid = 1000, target_pid = 32208, target_uid = 10613, pkg_cmd = -1
03-07 12:34:54.549 11676 11676 E libc    : Access denied finding property "ro.odm.prev.product.name"
03-07 12:34:54.552  2640  2666 D OplusCoreAppService: isPackageContainsOplusCertificates be called
03-07 12:34:54.553  6229  6247 E IHansComunication: HANS printMessageBody: RCVed message body: type = 0, port = 86870, caller_pid = 1823, caller_uid = 1000, target_pid = 32224, target_uid = 10455, pkg_cmd = -1
03-07 12:34:54.554  6229  6247 E IHansComunication: HANS printMessageBody: RCVed message body: type = 0, port = 86870, caller_pid = 1823, caller_uid = 1000, target_pid = 10921, target_uid = 10757, pkg_cmd = -1
03-07 12:34:54.555  6229  6247 E IHansComunication: HANS printMessageBody: RCVed message body: type = 0, port = 86870, caller_pid = 1823, caller_uid = 1000, target_pid = 10336, target_uid = 10190, pkg_cmd = -1
03-07 12:34:54.555  6229  6247 E IHansComunication: HANS printMessageBody: RCVed message body: type = 0, port = 86870, caller_pid = 1823, caller_uid = 1000, target_pid = 9317, target_uid = 10203, pkg_cmd = -1
03-07 12:34:54.556  6229  6247 E IHansComunication: HANS printMessageBody: RCVed message body: type = 0, port = 86870, caller_pid = 1823, caller_uid = 1000, target_pid = 9354, target_uid = 10152, pkg_cmd = -1
03-07 12:34:54.556  6229  6247 E IHansComunication: HANS printMessageBody: RCVed message body: type = 0, port = 86870, caller_pid = 1823, caller_uid = 1000, target_pid = 9217, target_uid = 10282, pkg_cmd = -1
03-07 12:34:54.556  6229  6247 E IHansComunication: HANS printMessageBody: RCVed message body: type = 0, port = 86870, caller_pid = 1823, caller_uid = 1000, target_pid = 8759, target_uid = 10650, pkg_cmd = -1
03-07 12:34:54.557  6229  6247 E IHansComunication: HANS printMessageBody: RCVed message body: type = 0, port = 86870, caller_pid = 1823, caller_uid = 1000, target_pid = 8596, target_uid = 10018, pkg_cmd = -1
03-07 12:34:54.558  6229  6247 E IHansComunication: HANS printMessageBody: RCVed message body: type = 0, port = 86870, caller_pid = 1823, caller_uid = 1000, target_pid = 24202, target_uid = 10307, pkg_cmd = -1
03-07 12:34:54.560  6229  6247 E IHansComunication: HANS printMessageBody: RCVed message body: type = 0, port = 86870, caller_pid = 1823, caller_uid = 1000, target_pid = 19464, target_uid = 10030, pkg_cmd = -1
03-07 12:34:54.560  6229  6247 E IHansComunication: HANS printMessageBody: RCVed message body: type = 0, port = 86870, caller_pid = 1823, caller_uid = 1000, target_pid = 21521, target_uid = 10030, pkg_cmd = -1
03-07 12:34:54.563  6229  6247 E IHansComunication: HANS printMessageBody: RCVed message body: type = 0, port = 86870, caller_pid = 1823, caller_uid = 1000, target_pid = 24169, target_uid = 10006, pkg_cmd = -1
03-07 12:34:54.568 11676 11676 I Perf    : Connecting to perf service.
03-07 12:34:54.575 11676 11676 E Perf    :  perftest packageName : com.jurnalsaham.jurnalsahamihsg App is allowed to use Hide APIs  
03-07 12:34:54.576  1823  2011 D PowerManagerService: setScreenBrightnessOverrideFromWindowManagerInternal brightness=NaN mScreenBrightnessOverrideFromWindowManager=NaN
03-07 12:34:54.576  1823  2008 W Looper  : Slow dispatch took 419ms android.ui h=com.android.server.am.ActivityManagerService$UiHandler c=null m=53
03-07 12:34:54.577  1823  3470 V AlarmManager: set(null) : type=2 when=287902992whenElapsed287902992maxWhen =287902992 win=0 interval=0 flags=0x0 pkg = android
03-07 12:34:54.578  3943  3943 I WeatherS_WeatherBaseDataTask: Service has not started, bind update Service.
03-07 12:34:54.578  3943  3943 I WeatherS_WeatherServiceManager: bindUpdateService false
03-07 12:34:54.578  1823  5657 D ColorAppListInterceptManager: shouldFilterTask
03-07 12:34:54.578  1823  5657 D ColorAppListInterceptManager: shouldFilterTask::packageName = com.jurnalsaham.jurnalsahamihsg
03-07 12:34:54.578  1823  5657 D ColorAppListInterceptManager: shouldFilterTask
03-07 12:34:54.578  1823  5657 D ColorAppListInterceptManager: shouldFilterTask::packageName = com.ss.android.ugc.trill
03-07 12:34:54.582 10065 10065 I Finsky  : [2] aick - Received: android.intent.action.PACKAGE_ADDED, [RNTEHK_6blyCC_wNG8Yk_0_1l0Hycbve8El6ixm9NOs]
03-07 12:34:54.584 11676 11676 D NetworkSecurityConfig: No Network Security Config specified, using platform default
03-07 12:34:54.585 11676 11676 D NetworkSecurityConfig: No Network Security Config specified, using platform default
03-07 12:34:54.597 24181 24224 D PackageReceiver: onReceive()
03-07 12:34:54.598 15661 15661 I NotificationBackend: onReceive intent= Intent { act=android.intent.action.PACKAGE_REPLACED dat=package:com.jurnalsaham.jurnalsahamihsg flg=0x4000010 (has extras) }
03-07 12:34:54.599  1823  4232 V AlarmManager: set(null) : type=2 when=288049271whenElapsed288049271maxWhen =288158971 win=109700 interval=0 flags=0x0 pkg = android
03-07 12:34:54.603 16531 16531 I AstScreen.ApplicationStateChangeMonitor: ApplicationStateChangeReceiver onReceive
03-07 12:34:54.603 16531 16531 I AstScreen.ApplicationStateChangeMonitor: ApplicationStateChangeReceiver onReceive, action = android.intent.action.PACKAGE_REPLACED packageName = jurnalsahamihsg
03-07 12:34:54.606  1823  2154 D CompatibilityChangeReporter: Compat change id reported: 135634846; UID 10100; state: DISABLED
03-07 12:34:54.608 15661 15689 W ContextImpl: Calling a method in the system process without a qualified user: android.app.ContextImpl.sendBroadcast:1174 android.content.ContextWrapper.sendBroadcast:483 com.coloros.notificationmanager.AppModificationReceiver.notifyAppModified:42 com.coloros.notificationmanager.NotificationBackend.processBroadcast:2304 com.coloros.notificationmanager.NotificationBackend.access$300:97 
03-07 12:34:54.608  1108  1148 E ANDR-PERF-UTIL: Failed to read /sys/class/devfreq/soc:qcom,cpu0-llcc-ddr-lat/min_freq
03-07 12:34:54.608  1108  1148 E ANDR-PERF-OPTSHANDLER: Failed to read /sys/class/devfreq/soc:qcom,cpu0-llcc-ddr-lat/min_freq
03-07 12:34:54.608  1108  1148 E ANDR-PERF-RESOURCEQS: Failed to apply optimization [13, 12]
03-07 12:34:54.608  1108  1148 E ANDR-PERF-UTIL: Failed to read /sys/class/devfreq/soc:qcom,cpu6-llcc-ddr-lat/min_freq
03-07 12:34:54.608  1108  1148 E ANDR-PERF-OPTSHANDLER: Failed to read /sys/class/devfreq/soc:qcom,cpu6-llcc-ddr-lat/min_freq
03-07 12:34:54.608  1108  1148 E ANDR-PERF-RESOURCEQS: Failed to apply optimization [13, 12]
03-07 12:34:54.611  1108  1148 E ANDR-PERF-UTIL: Failed to read /sys/class/devfreq/soc:qcom,cpu0-cpu-llcc-lat/mem_latency/ratio_ceil
03-07 12:34:54.611  1108  1148 E ANDR-PERF-OPTSHANDLER: Failed to read /sys/class/devfreq/soc:qcom,cpu0-cpu-llcc-lat/mem_latency/ratio_ceil
03-07 12:34:54.611  1108  1148 E ANDR-PERF-RESOURCEQS: Failed to apply optimization [13, 8]
03-07 12:34:54.611  1108  1148 E ANDR-PERF-UTIL: Failed to read /sys/class/devfreq/soc:qcom,cpu4-cpu-llcc-lat/mem_latency/ratio_ceil
03-07 12:34:54.611  1108  1148 E ANDR-PERF-OPTSHANDLER: Failed to read /sys/class/devfreq/soc:qcom,cpu4-cpu-llcc-lat/mem_latency/ratio_ceil
03-07 12:34:54.611  1108  1148 E ANDR-PERF-RESOURCEQS: Failed to apply optimization [13, 9]
03-07 12:34:54.615 10065 10065 I Finsky  : [2] aick - Deduping intent android.intent.action.PACKAGE_ADDED
03-07 12:34:54.617  1823  5204 I ActivityManager: Killing 8514:com.facebook.system/u0a67 (adj 995): empty #25
03-07 12:34:54.620  1150  1230 W DisplayIdentification: Invalid EDID: falling back to serial number due to missing display name.
03-07 12:34:54.620  1150  1230 W DisplayIdentification: Invalid EDID: falling back to ASCII text due to missing serial number.
03-07 12:34:54.621  1823  5656 W ActivityManager: Slow operation: 199ms so far, now at startProcess: done updating battery stats
03-07 12:34:54.622  1823  5656 W ActivityManager: Slow operation: 200ms so far, now at startProcess: building log message
03-07 12:34:54.622  1823  5656 I ActivityManager: Start proc 11701:com.heytap.mcs.statistics/1000 for content provider {com.heytap.mcs/com.heytap.mcs.biz.statistics.provider.StatisticsContentProvider}
03-07 12:34:54.622  1823  5656 W ActivityManager: Slow operation: 200ms so far, now at startProcess: starting to update pids map
03-07 12:34:54.622  1823  5656 W ActivityManager: Slow operation: 200ms so far, now at startProcess: done updating pids map
03-07 12:34:54.624 11676 11731 E libEGL  : Invalid file path for libcolorx-loader.so
03-07 12:34:54.625  3294  3788 D Launcher.: panicValue = false
03-07 12:34:54.632  1823  3350 W ContextImpl: Calling a method in the system process without a qualified user: android.app.ContextImpl.startService:1717 com.oplus.util.OplusStatisticsImpl.startService:216 com.oplus.util.OplusStatisticsImpl.sendDataToDCS:192 com.oplus.util.OplusStatisticsImpl.onCommonSync:84 com.oplus.util.OplusStatisticsImpl$1.run:124 
03-07 12:34:54.634 11630 11630 D VersionUtils: Get OsVersion Exception : java.lang.NoSuchFieldException: OplusOS_11_3
03-07 12:34:54.634 11630 11630 D VersionUtils: Get OsVersion Exception : java.lang.NoSuchFieldException: OplusOS_11_3
03-07 12:34:54.636 11701 11701 I oplus.android.OplusFrameworkFactoryImpl: get feature:IOplusScreenModeFeature
03-07 12:34:54.637 11701 11701 I oplus.android.OplusFrameworkFactoryImpl: getOplusScreenModeFeature
03-07 12:34:54.637 11630 11630 I SecurePay: SecurePayLog, IS_QE_LOG_ON = false, IS_QE_LOG_ON_MTK = false, IS_DEBUG_TAG_ON = false
03-07 12:34:54.637 11630 11630 D BaseJobBuilder: set process for client: com.coloros.securepay
03-07 12:34:54.638  1823  5657 D AS.AudioService: getParameters() keyValuePairs:OPLUS_AUDIO_GET_FOCUS_STACK
03-07 12:34:54.638 15661 16398 W OppoGuardElf: ThermalControllHandler: tempLevel=4,userMode=2,gameUserMode=-1,appType=-1,envTempType=0,appStates=[]
03-07 12:34:54.639 15661 16398 W OppoGuardElf: ThermalControllerCenter: mSafetyState=10000
03-07 12:34:54.640 11676 11676 I oplus.android.OplusFrameworkFactoryImpl: getOplusRedPacketManager
03-07 12:34:54.641  6229  6247 E IHansComunication: HANS printMessageBody: RCVed message body: type = 0, port = 86870, caller_pid = 1823, caller_uid = 1000, target_pid = 11175, target_uid = 10171, pkg_cmd = -1
03-07 12:34:54.642 11676 11676 V PythonActivity: PythonActivity onCreate running
03-07 12:34:54.642 11676 11676 V PythonActivity: About to do super onCreate
03-07 12:34:54.642 11676 11676 V SDL     : Device: RMX1971
03-07 12:34:54.642 11676 11676 V SDL     : Model: RMX1971
03-07 12:34:54.642  6229  6247 E IHansComunication: HANS printMessageBody: RCVed message body: type = 0, port = 86870, caller_pid = 1823, caller_uid = 1000, target_pid = 31216, target_uid = 10167, pkg_cmd = -1
03-07 12:34:54.642 11676 11676 V SDL     : onCreate()
03-07 12:34:54.642  6229  6247 E IHansComunication: HANS printMessageBody: RCVed message body: type = 0, port = 86870, caller_pid = 1823, caller_uid = 1000, target_pid = 4629, target_uid = 99505, pkg_cmd = -1
03-07 12:34:54.642 11676 11676 V PythonActivity: Did super onCreate
03-07 12:34:54.642 11676 11676 V SDL     : getting identifier
03-07 12:34:54.642 11676 11676 V SDL     : kind is layout and name lottie
03-07 12:34:54.643 11676 11676 V SDL     : result is 0
03-07 12:34:54.643 15661 16398 W OppoGuardElf: ThermalControllHandler: tempGear=4,configItemName=common_config
03-07 12:34:54.643 11676 11676 E jurnalsahamihs: Invalid ID 0x00000000.
03-07 12:34:54.643 11676 11676 V SDL     : couldn't find lottie layout or animation, trying static splash
03-07 12:34:54.643 11676 11676 V SDL     : getting identifier
03-07 12:34:54.643 11676 11676 V SDL     : kind is drawable and name presplash
03-07 12:34:54.643 11676 11676 V SDL     : result is 2130771969
03-07 12:34:54.643 15661 15758 W OppoGuardElf: ThermalControllHandler: MSG_THERMAL_CONTROL_CATEGORY_CHANGED
03-07 12:34:54.645  4401  4443 E oiface  : packageSwitch pkg com.jurnalsaham.jurnalsahamihsg, enter
03-07 12:34:54.645  4401  4443 E oiface  : current package is com.jurnalsaham.jurnalsahamihsg and pid is 11676
03-07 12:34:54.645  6229  6247 E IHansComunication: HANS printMessageBody: RCVed message body: type = 0, port = 86870, caller_pid = 1823, caller_uid = 1000, target_pid = 32208, target_uid = 10613, pkg_cmd = -1
03-07 12:34:54.646  6229  6247 E IHansComunication: HANS printMessageBody: RCVed message body: type = 0, port = 86870, caller_pid = 1823, caller_uid = 1000, target_pid = 32224, target_uid = 10455, pkg_cmd = -1
03-07 12:34:54.646  6229  6247 E IHansComunication: HANS printMessageBody: RCVed message body: type = 0, port = 86870, caller_pid = 1823, caller_uid = 1000, target_pid = 10921, target_uid = 10757, pkg_cmd = -1
03-07 12:34:54.647  6229  6247 E IHansComunication: HANS printMessageBody: RCVed message body: type = 0, port = 86870, caller_pid = 1823, caller_uid = 1000, target_pid = 10336, target_uid = 10190, pkg_cmd = -1
03-07 12:34:54.648  6229  6247 E IHansComunication: HANS printMessageBody: RCVed message body: type = 0, port = 86870, caller_pid = 1823, caller_uid = 1000, target_pid = 9317, target_uid = 10203, pkg_cmd = -1
03-07 12:34:54.648  6229  6247 E IHansComunication: HANS printMessageBody: RCVed message body: type = 0, port = 86870, caller_pid = 1823, caller_uid = 1000, target_pid = 9354, target_uid = 10152, pkg_cmd = -1
03-07 12:34:54.650  6229  6247 E IHansComunication: HANS printMessageBody: RCVed message body: type = 0, port = 86870, caller_pid = 1823, caller_uid = 1000, target_pid = 9217, target_uid = 10282, pkg_cmd = -1
03-07 12:34:54.651 11676 11676 V SDL     : asked to get string presplash_color
03-07 12:34:54.651 11676 11676 V SDL     : getting identifier
03-07 12:34:54.651 11676 11676 V SDL     : kind is string and name presplash_color
03-07 12:34:54.651 11676 11676 V SDL     : result is 2131034113
03-07 12:34:54.651  6229  6247 E IHansComunication: HANS printMessageBody: RCVed message body: type = 0, port = 86870, caller_pid = 1823, caller_uid = 1000, target_pid = 8759, target_uid = 10650, pkg_cmd = -1
03-07 12:34:54.654  6229  6247 E IHansComunication: HANS printMessageBody: RCVed message body: type = 0, port = 86870, caller_pid = 1823, caller_uid = 1000, target_pid = 8596, target_uid = 10018, pkg_cmd = -1
03-07 12:34:54.655  6229  6247 E IHansComunication: HANS printMessageBody: RCVed message body: type = 0, port = 86870, caller_pid = 1823, caller_uid = 1000, target_pid = 24202, target_uid = 10307, pkg_cmd = -1
03-07 12:34:54.656  6229  6247 E IHansComunication: HANS printMessageBody: RCVed message body: type = 0, port = 86870, caller_pid = 1823, caller_uid = 1000, target_pid = 19464, target_uid = 10030, pkg_cmd = -1
03-07 12:34:54.657  6229  6247 E IHansComunication: HANS printMessageBody: RCVed message body: type = 0, port = 86870, caller_pid = 1823, caller_uid = 1000, target_pid = 21521, target_uid = 10030, pkg_cmd = -1
03-07 12:34:54.658  6229  6247 E IHansComunication: HANS printMessageBody: RCVed message body: type = 0, port = 86870, caller_pid = 1823, caller_uid = 1000, target_pid = 24169, target_uid = 10006, pkg_cmd = -1
03-07 12:34:54.663  1823  2011 D PowerManagerService: setScreenBrightnessOverrideFromWindowManagerInternal brightness=NaN mScreenBrightnessOverrideFromWindowManager=NaN
03-07 12:34:54.665 11701 11701 E libc    : Access denied finding property "ro.odm.prev.product.name"
03-07 12:34:54.668  3943  3943 I WeatherS_WeatherServiceManager: onServiceConnected
03-07 12:34:54.668  3943  6406 I WeatherS_WeatherBaseDataTask: executeRequest getLocationCityDataAndUpdateWeatherInfoIfNeeded
03-07 12:34:54.669  2640  2666 D OplusCoreAppService: isPackageContainsOplusCertificates be called
03-07 12:34:54.670  3943  3943 I WeatherS_WeatherServiceManager: onServiceConnected
03-07 12:34:54.670  3943  5975 I WeatherS_WeatherBaseDataTask: executeRequest getResidentSecureSettingsData
03-07 12:34:54.663  1823  2011 D PowerManagerService: setScreenBrightnessOverrideFromWindowManagerInternal brightness=NaN mScreenBrightnessOverrideFromWindowManager=NaN
03-07 12:34:54.671  1823  5200 D CompatibilityChangeReporter: Compat change id reported: 135634846; UID 1000; state: DISABLED
03-07 12:34:54.675  1108  1148 E ANDR-PERF-UTIL: Failed to read /sys/class/devfreq/soc:qcom,cpu0-llcc-ddr-lat/min_freq
03-07 12:34:54.675  1108  1148 E ANDR-PERF-OPTSHANDLER: Failed to read /sys/class/devfreq/soc:qcom,cpu0-llcc-ddr-lat/min_freq
03-07 12:34:54.675  1108  1148 E ANDR-PERF-RESOURCEQS: Failed to apply optimization [13, 12]
03-07 12:34:54.675  1108  1148 E ANDR-PERF-UTIL: Failed to read /sys/class/devfreq/soc:qcom,cpu6-llcc-ddr-lat/min_freq
03-07 12:34:54.675  1108  1148 E ANDR-PERF-OPTSHANDLER: Failed to read /sys/class/devfreq/soc:qcom,cpu6-llcc-ddr-lat/min_freq
03-07 12:34:54.675  1108  1148 E ANDR-PERF-RESOURCEQS: Failed to apply optimization [13, 12]
03-07 12:34:54.677 11676 11676 V SDL     : onStart()
03-07 12:34:54.678  1108  1148 E ANDR-PERF-UTIL: Failed to read /sys/class/devfreq/soc:qcom,cpu0-cpu-llcc-lat/mem_latency/ratio_ceil
03-07 12:34:54.678  1108  1148 E ANDR-PERF-OPTSHANDLER: Failed to read /sys/class/devfreq/soc:qcom,cpu0-cpu-llcc-lat/mem_latency/ratio_ceil
03-07 12:34:54.678  1108  1148 E ANDR-PERF-RESOURCEQS: Failed to apply optimization [13, 8]
03-07 12:34:54.678  1108  1148 E ANDR-PERF-UTIL: Failed to read /sys/class/devfreq/soc:qcom,cpu4-cpu-llcc-lat/mem_latency/ratio_ceil
03-07 12:34:54.678  1108  1148 E ANDR-PERF-OPTSHANDLER: Failed to read /sys/class/devfreq/soc:qcom,cpu4-cpu-llcc-lat/mem_latency/ratio_ceil
03-07 12:34:54.678  1108  1148 E ANDR-PERF-RESOURCEQS: Failed to apply optimization [13, 9]
03-07 12:34:54.679  1823  2046 W ActivityManager: Slow operation: 76ms so far, now at startProcess: asking zygote to start proc
03-07 12:34:54.679  1823  2046 D CompatibilityChangeReporter: Compat change id reported: 143937733; UID 10100; state: ENABLED
03-07 12:34:54.679 11701 11701 I .mcs.statistic: The ClassLoaderContext is a special shared library.
03-07 12:34:54.679 11676 11676 V PythonActivity: onResume()
03-07 12:34:54.679 11676 11676 V SDL     : onResume()
03-07 12:34:54.680 11676 11676 D OplusInputMethodUtil: init DEBUG to false, update DEBUG_IME to false
03-07 12:34:54.686  1823  4256 D CompatibilityChangeReporter: Compat change id reported: 135634846; UID 10127; state: DISABLED
03-07 12:34:54.689  1823  2008 W Looper  : Slow dispatch took 112ms android.ui h=com.android.server.am.ActivityManagerService$UiHandler c=null m=31
03-07 12:34:54.697  3943  5975 I WeatherS_WeatherBaseDataTask: after doRequestFromWeatherService getResidentSecureSettingsData result true
03-07 12:34:54.697  3943  5975 I WeatherS_WeatherServiceManager: unBindUpdateService true
03-07 12:34:54.687 11701 11701 W .mcs.statistics: type=1400 audit(0.0:213925): avc: denied { write } for name="com.heytap.mcs-rbqbAyb9ZQRRGREWdx21sg==" dev="sda14" ino=8537 scontext=u:r:system_app:s0 tcontext=u:object_r:apk_data_file:s0 tclass=dir permissive=0
03-07 12:34:54.701 11676 11676 I OplusFeatureCache: Milliseconds spent on init(): 12
03-07 12:34:54.704 11676 11676 D OplusSlideAnimOptHelper: scrollEffectOpt enable = false
03-07 12:34:54.705 11676 11676 D ColorViewRootUtil: initSwipState, isDisplayCompatApp false
03-07 12:34:54.706 11676 11676 D ColorViewRootUtil: mScreenHeight 2340, mScreenWidth 1080
03-07 12:34:54.707  3294  3294 W Launcher.AlphabeticalAppsList: updateAdapterItems
03-07 12:34:54.708  3294  3294 W Launcher.AlphabeticalAppsList: drawAppSort cost to muchTime sortCost = 2 sectionUpdateCost = 1 adapterUpdateCost = 1
03-07 12:34:54.708 11676 11676 D WindowManager: Add to mViews: DecorView@566d503[PythonActivity],pkg= com.jurnalsaham.jurnalsahamihsg
03-07 12:34:54.711 22705 22920 E WeatherS_OppoUtils: startAutoGetLocalCity bg location permission:false
03-07 12:34:54.727  1823  1823 W Binder:1823_1C: type=1400 audit(0.0:213926): avc: denied { open } for path="/sys/devices/platform/soc/5000000.qcom,kgsl-3d0/kgsl/kgsl-3d0/freq_table_mhz" dev="sysfs" ino=46177 scontext=u:r:system_server:s0 tcontext=u:object_r:sysfs_kgsl:s0 tclass=file permissive=0
03-07 12:34:54.767  1823  1823 W Binder:1823_10: type=1400 audit(0.0:213927): avc: denied { open } for path="/sys/devices/platform/soc/5000000.qcom,kgsl-3d0/kgsl/kgsl-3d0/freq_table_mhz" dev="sysfs" ino=46177 scontext=u:r:system_server:s0 tcontext=u:object_r:sysfs_kgsl:s0 tclass=file permissive=0
03-07 12:34:54.715  2640  2666 D OplusCoreAppService: isPackageContainsOplusCertificates be called
03-07 12:34:54.717 11676 11735 V PythonActivity: Ready to unpack
03-07 12:34:54.718 11676 11735 V pythonutil: Unpacking private app
03-07 12:34:54.718 11676 11735 V pythonutil: Data version is b027d4a978e5a666b9998d8adbec6dd63d457524
03-07 12:34:54.725 11676 11735 V pythonutil: Extracting private assets.
03-07 12:34:54.726  1823  4212 D OppoDisplayPolicy: com.jurnalsaham.jurnalsahamihsg, no change cutoutMode: 0
03-07 12:34:54.731   919   919 D Zygote  : Forked child process 11740
03-07 12:34:54.736  3943  6406 I WeatherS_WeatherBaseDataTask: after doRequestFromWeatherService getLocationCityDataAndUpdateWeatherInfoIfNeeded result true
03-07 12:34:54.736  1823  2046 W ActivityManager: Slow operation: 133ms so far, now at startProcess: returned from zygote!
03-07 12:34:54.737  1823  2046 W ActivityManager: Slow operation: 133ms so far, now at startProcess: done updating battery stats
03-07 12:34:54.737  1823  2046 W ActivityManager: Slow operation: 134ms so far, now at startProcess: building log message
03-07 12:34:54.737  1823  2046 I ActivityManager: Start proc 11740:com.nearme.gamecenter/u0a100 for broadcast {com.nearme.gamecenter/com.heytap.cdo.client.domain.receiver.PackageReceiver}
03-07 12:34:54.737  4401  4441 E oiface  : Average freq 2285854 for 1s.
03-07 12:34:54.737  1823  2046 W ActivityManager: Slow operation: 134ms so far, now at startProcess: starting to update pids map
03-07 12:34:54.737  4401  4441 E oiface  : Average freq 1699410 for 1s.
03-07 12:34:54.737  1823  2046 W ActivityManager: Slow operation: 134ms so far, now at startProcess: done updating pids map
03-07 12:34:54.738  1823  2046 W ActivityManager: Slow operation: 68ms so far, now at startProcess: asking zygote to start proc
03-07 12:34:54.738  1823  2008 D OplusAppBwCore: onUidImportance: 10773, 100
03-07 12:34:54.738  1823  2008 D OplusAppBwCore: onUidImportance: 10127, 400
03-07 12:34:54.738  1823  2008 D OplusAppBwCore: onUidImportance: 10100, 400
03-07 12:34:54.739  1134 24353 D AudioPolicyService: updateUidStates_l() allowCapture=true because of on TOP AND uses VOICE_RECOGNITION OR uses HOTWORD
03-07 12:34:54.739  1134 24353 D AudioPolicyService: updateUidStates_l() current->uid=10070 current->pid=17223 allowCapture=1 UidState=5 apmStat=1
03-07 12:34:54.739  1134 24353 D AudioPolicyService: updateUidStates_l() allowCapture=true because of on TOP AND uses VOICE_RECOGNITION OR uses HOTWORD
03-07 12:34:54.739  1134 24353 D AudioPolicyService: updateUidStates_l() current->uid=10070 current->pid=17223 allowCapture=1 UidState=5 apmStat=1
03-07 12:34:54.739  1134 24353 D AudioPolicyService: updateUidStates_l() allowCapture=true because of on TOP AND uses VOICE_RECOGNITION OR uses HOTWORD
03-07 12:34:54.739  1134 24353 D AudioPolicyService: updateUidStates_l() current->uid=10070 current->pid=17223 allowCapture=1 UidState=5 apmStat=1
03-07 12:34:54.739  1134 24353 D AudioPolicyService: updateUidStates_l() allowCapture=true because of on TOP AND uses VOICE_RECOGNITION OR uses HOTWORD
03-07 12:34:54.739  1134 24353 D AudioPolicyService: updateUidStates_l() current->uid=10070 current->pid=17223 allowCapture=1 UidState=5 apmStat=1
03-07 12:34:54.739  1134 24353 D AudioPolicyService: updateUidStates_l() allowCapture=true because of on TOP AND uses VOICE_RECOGNITION OR uses HOTWORD
03-07 12:34:54.739  1134 24353 D AudioPolicyService: updateUidStates_l() current->uid=10070 current->pid=17223 allowCapture=1 UidState=5 apmStat=1
03-07 12:34:54.739 11740 11740 W Zygote  : Unable to open libbeluga.so: dlopen failed: library "libbeluga.so" not found.
03-07 12:34:54.739  1823  5653 E ORMS_Platform : OplusResourceManagerPlatformUtils: readFile function exception:/sys/devices/platform/soc/5000000.qcom,kgsl-3d0/kgsl/kgsl-3d0/freq_table_mhz: open failed: EACCES (Permission denied)
03-07 12:34:54.740  4401  4441 E oiface  : get gpu freq table failed
03-07 12:34:54.743  2640  2666 D OplusCoreAppService: isPackageContainsOplusCertificates be called
03-07 12:34:54.744  2640  2666 D OplusCoreAppService: isPackageContainsOplusCertificates be called
03-07 12:34:54.744  6229  6247 E IHansComunication: HANS printMessageBody: RCVed message body: type = 0, port = 86870, caller_pid = 1823, caller_uid = 1000, target_pid = 11175, target_uid = 10171, pkg_cmd = -1
03-07 12:34:54.744  6229  6247 E IHansComunication: HANS printMessageBody: RCVed message body: type = 0, port = 86870, caller_pid = 1823, caller_uid = 1000, target_pid = 31216, target_uid = 10167, pkg_cmd = -1
03-07 12:34:54.746  6229  6247 E IHansComunication: HANS printMessageBody: RCVed message body: type = 0, port = 86870, caller_pid = 1823, caller_uid = 1000, target_pid = 4629, target_uid = 99505, pkg_cmd = -1
03-07 12:34:54.747  2640  2666 D OplusCoreAppService: isPackageContainsOplusCertificates be called
03-07 12:34:54.753  4401  4441 E oiface  : client  not found, skipped
03-07 12:34:54.753  4401  4441 D oiface  : forground package is com.jurnalsaham.jurnalsahamihsg
03-07 12:34:54.755  2640  2666 D OplusCoreAppService: isPackageContainsOplusCertificates be called
03-07 12:34:54.760 11740 11740 E arme.gamecente: Unknown bits set in runtime_flags: 0x40000000
03-07 12:34:54.763  6229  6247 E IHansComunication: HANS printMessageBody: RCVed message body: type = 0, port = 86870, caller_pid = 1823, caller_uid = 1000, target_pid = 32208, target_uid = 10613, pkg_cmd = -1
03-07 12:34:54.764  6229  6247 E IHansComunication: HANS printMessageBody: RCVed message body: type = 0, port = 86870, caller_pid = 1823, caller_uid = 1000, target_pid = 32224, target_uid = 10455, pkg_cmd = -1
03-07 12:34:54.765  6229  6247 E IHansComunication: HANS printMessageBody: RCVed message body: type = 0, port = 86870, caller_pid = 1823, caller_uid = 1000, target_pid = 10921, target_uid = 10757, pkg_cmd = -1
03-07 12:34:54.768  2640  2666 D OplusCoreAppService: isPackageContainsOplusCertificates be called
03-07 12:34:54.769  2640  2666 D OplusCoreAppService: isPackageContainsOplusCertificates be called
03-07 12:34:54.769 10065 10112 I Finsky  : [53169] AIM: AppInfoManager-Perf > ItemModel > CacheSize=199, cacheHitCount=0, cacheMissCount=0, total appsWithNoServerDataCount=17. Missed  in cache (limit 10) : []
03-07 12:34:54.771  3943  6406 I WeatherS_WeatherBaseDataTask:  doRequestFromWeatherService getLocationCityDataAndUpdateWeatherInfoIfNeeded response data true
03-07 12:34:54.772  3943  6406 I WeatherS_WeatherServiceManager: unBindUpdateService true
03-07 12:34:54.773  1823  4232 E ORMS_Platform : OplusResourceManagerPlatformUtils: readFile function exception:/sys/devices/platform/soc/5000000.qcom,kgsl-3d0/kgsl/kgsl-3d0/freq_table_mhz: open failed: EACCES (Permission denied)
03-07 12:34:54.773  4401  4441 E oiface  : get gpu freq table failed
03-07 12:34:54.774 11740 11740 E arme.gamecente: Not starting debugger since process cannot load the jdwp agent.
03-07 12:34:54.774 10065 10112 I Finsky  : [53169] AIM: AppInfoManager-Perf > ItemModel > CacheSize=199, cacheHitCount=0, cacheMissCount=0, total appsWithNoServerDataCount=17. Missed  in cache (limit 10) : []
03-07 12:34:54.780  1823  3470 D OppoDisplayPolicy: com.jurnalsaham.jurnalsahamihsg, no change cutoutMode: 0
03-07 12:34:54.782  6229  6247 E IHansComunication: HANS printMessageBody: RCVed message body: type = 0, port = 86870, caller_pid = 1823, caller_uid = 1000, target_pid = 10336, target_uid = 10190, pkg_cmd = -1
03-07 12:34:54.782  6229  6247 E IHansComunication: HANS printMessageBody: RCVed message body: type = 0, port = 86870, caller_pid = 1823, caller_uid = 1000, target_pid = 9317, target_uid = 10203, pkg_cmd = -1
03-07 12:34:54.782  6229  6247 E IHansComunication: HANS printMessageBody: RCVed message body: type = 0, port = 86870, caller_pid = 1823, caller_uid = 1000, target_pid = 9354, target_uid = 10152, pkg_cmd = -1
03-07 12:34:54.782  6229  6247 E IHansComunication: HANS printMessageBody: RCVed message body: type = 0, port = 86870, caller_pid = 1823, caller_uid = 1000, target_pid = 9217, target_uid = 10282, pkg_cmd = -1
03-07 12:34:54.782  6229  6247 E IHansComunication: HANS printMessageBody: RCVed message body: type = 0, port = 86870, caller_pid = 1823, caller_uid = 1000, target_pid = 8759, target_uid = 10650, pkg_cmd = -1
03-07 12:34:54.782  6229  6247 E IHansComunication: HANS printMessageBody: RCVed message body: type = 0, port = 86870, caller_pid = 1823, caller_uid = 1000, target_pid = 8596, target_uid = 10018, pkg_cmd = -1
03-07 12:34:54.782  6229  6247 E IHansComunication: HANS printMessageBody: RCVed message body: type = 0, port = 86870, caller_pid = 1823, caller_uid = 1000, target_pid = 24202, target_uid = 10307, pkg_cmd = -1
03-07 12:34:54.788   919   919 D Zygote  : Forked child process 11760
03-07 12:34:54.789  1823  2046 W ActivityManager: Slow operation: 120ms so far, now at startProcess: returned from zygote!
03-07 12:34:54.792  1823  3470 V WindowManager: Changing focus from null to Window{ba29089 u0 com.jurnalsaham.jurnalsahamihsg/org.kivy.android.PythonActivity},diplayid=0
03-07 12:34:54.798  1823  3470 D Theia.NoFocusWindow: FocusWindowErrorScene cancelCheckFreezeScreen
03-07 12:34:54.799 11740 11740 E RefClass: java.lang.reflect.InvocationTargetException
03-07 12:34:54.799  1823  2012 V ColorZoomWindowManagerService: onAnimationFinished:  r = ActivityRecord{d5fbe0b u0 com.oppo.launcher/.Launcher t2}
03-07 12:34:54.799  1823  2012 I OplusMirageDisplayManagerService: onAnimationFinished:
03-07 12:34:54.799  6229  6247 E IHansComunication: HANS printMessageBody: RCVed message body: type = 0, port = 86870, caller_pid = 1823, caller_uid = 1000, target_pid = 19464, target_uid = 10030, pkg_cmd = -1
03-07 12:34:54.799  6229  6247 E IHansComunication: HANS printMessageBody: RCVed message body: type = 0, port = 86870, caller_pid = 1823, caller_uid = 1000, target_pid = 21521, target_uid = 10030, pkg_cmd = -1
03-07 12:34:54.799  6229  6247 E IHansComunication: HANS printMessageBody: RCVed message body: type = 0, port = 86870, caller_pid = 1823, caller_uid = 1000, target_pid = 24169, target_uid = 10006, pkg_cmd = -1
03-07 12:34:54.800 11740 11740 I OneTrace: Mark active for pid=11740? true
03-07 12:34:54.801 11760 11760 W Zygote  : Unable to open libbeluga.so: dlopen failed: library "libbeluga.so" not found.
03-07 12:34:54.804 11676 11676 V OplusZoomWindowDecorViewHelper: setLastReportedMergedConfiguration mZoomDisplayHeight: 2340 getDecorView.DecorView@566d503[PythonActivity]
03-07 12:34:54.806  1823  2011 D PowerManagerService: setScreenBrightnessOverrideFromWindowManagerInternal brightness=NaN mScreenBrightnessOverrideFromWindowManager=NaN
03-07 12:34:54.806 11676 11728 E libEGL  : Invalid file path for libcolorx-loader.so
03-07 12:34:54.806 11676 11728 I AdrenoGLES-0: QUALCOMM build                   : 5af5ff1, Iff02ff076a
03-07 12:34:54.806 11676 11728 I AdrenoGLES-0: Build Date                       : 01/05/21
03-07 12:34:54.806 11676 11728 I AdrenoGLES-0: OpenGL ES Shader Compiler Version: EV031.32.02.06
03-07 12:34:54.806 11676 11728 I AdrenoGLES-0: Local Branch                     : mybrancheb4f33c0-fd8a-f1f2-ab18-5cb90179c3d8
03-07 12:34:54.806 11676 11728 I AdrenoGLES-0: Remote Branch                    : quic/gfx-adreno.lnx.1.0.r114-rel
03-07 12:34:54.806 11676 11728 I AdrenoGLES-0: Remote Branch                    : NONE
03-07 12:34:54.806 11676 11728 I AdrenoGLES-0: Reconstruct Branch               : NOTHING
03-07 12:34:54.806 11676 11728 I AdrenoGLES-0: Build Config                     : S P 10.0.7 AArch64
03-07 12:34:54.806 11676 11728 I AdrenoGLES-0: Driver Path                      : /vendor/lib64/egl/libGLESv2_adreno.so
03-07 12:34:54.807  1823  2011 D PowerManagerService: setScreenBrightnessOverrideFromWindowManagerInternal brightness=NaN mScreenBrightnessOverrideFromWindowManager=NaN
03-07 12:34:54.807  1823  2012 V ColorZoomWindowManagerService: onAnimationFinished:  r = ActivityRecord{46a8bb8 u0 com.jurnalsaham.jurnalsahamihsg/org.kivy.android.PythonActivity t33114}
03-07 12:34:54.807  1823  2012 I ColorAppSwitchManagerService:  handleAppVisible , r = ActivityRecord{46a8bb8 u0 com.jurnalsaham.jurnalsahamihsg/org.kivy.android.PythonActivity t33114}
03-07 12:34:54.808  1823  2012 I OplusMirageDisplayManagerService: onAnimationFinished:
03-07 12:34:54.811 11760 11760 E .mcs.appservic: Unknown bits set in runtime_flags: 0x40000000
03-07 12:34:54.813 10065 10112 I Finsky  : [53169] AIM: AppInfoManager-Perf > getApps > data collection finished
03-07 12:34:54.813 10065 10112 I Finsky  : [53169] AIM: AppInfoManager-Perf > maybeDestroyAppInfoManager is called. actives = 1
03-07 12:34:54.814 11676 11728 I AdrenoGLES-0: PFP: 0x016ee190, ME: 0x00000000
03-07 12:34:54.822  1823  3470 D DisplayManagerService: Display listener for pid 8514 died.
03-07 12:34:54.825 11760 11760 E .mcs.appservic: Not starting debugger since process cannot load the jdwp agent.
03-07 12:34:54.826 11676 11728 E libEGL  : Invalid file path for libcolorx-loader.so
03-07 12:34:54.826   919   919 I Zygote  : Process 8514 exited due to signal 9 (Killed)
03-07 12:34:54.826 11676 11728 E libEGL  : Invalid file path for libcolorx-loader.so
03-07 12:34:54.828 11676 11728 I chatty  : uid=10773(com.jurnalsaham.jurnalsahamihsg) RenderThread identical 15 lines
03-07 12:34:54.828 11676 11728 E libEGL  : Invalid file path for libcolorx-loader.so
03-07 12:34:54.828  1823  2150 I libprocessgroup: Successfully killed process cgroup uid 10067 pid 8514 in 209ms
03-07 12:34:54.828 11676 11728 E libEGL  : Invalid file path for libcolorx-loader.so
03-07 12:34:54.829 11676 11728 I chatty  : uid=10773(com.jurnalsaham.jurnalsahamihsg) RenderThread identical 2 lines
03-07 12:34:54.829 11676 11728 E libEGL  : Invalid file path for libcolorx-loader.so
03-07 12:34:54.829 10065 10099 I Finsky  : [53159] [ContentSync] finished, scheduled=true
03-07 12:34:54.829 11676 11728 E libEGL  : Invalid file path for libcolorx-loader.so
03-07 12:34:54.830 11676 11728 I chatty  : uid=10773(com.jurnalsaham.jurnalsahamihsg) RenderThread identical 7 lines
03-07 12:34:54.831 11676 11728 E libEGL  : Invalid file path for libcolorx-loader.so
03-07 12:34:54.832  1150  1150 D OppoExLayer: ~Layer() sequence=14886, name=Surface(name=Task=2)/@0x825ae65 - animation-leash#0@0x7456e69000
03-07 12:34:54.832 11676 11728 E libEGL  : Invalid file path for libcolorx-loader.so
03-07 12:34:54.833  1150  1150 D OppoExLayer: ~Layer() sequence=14885, name=Surface(name=Task=33114)/@0x8851917 - animation-leash#0@0x7464fae000
03-07 12:34:54.833 11676 11728 E libEGL  : Invalid file path for libcolorx-loader.so
03-07 12:34:54.839 11676 11728 I chatty  : uid=10773(com.jurnalsaham.jurnalsahamihsg) RenderThread identical 33 lines
03-07 12:34:54.840 11676 11728 E libEGL  : Invalid file path for libcolorx-loader.so
03-07 12:34:54.842 23306 23336 E Parcel  : Reading a NULL string not supported here.
03-07 12:34:54.843 11760 11760 E RefClass: java.lang.reflect.InvocationTargetException
03-07 12:34:54.844 11760 11760 I OneTrace: Mark active for pid=11760? true
03-07 12:34:54.849  1150  1150 D OppoExLayer: ~Layer() sequence=14888, name=Surface(name=1412601 NavigationBar0)/@0x71346e7 - animation-leash#0@0x74730c8000
03-07 12:34:54.849  1150  1150 D OppoExLayer: ~Layer() sequence=14887, name=Surface(name=501053e StatusBar)/@0xbaa88ec - animation-leash#1@0x747317d000
03-07 12:34:54.859  1823  2154 W BroadcastQueue: Background execution not allowed: receiving Intent { act=android.intent.action.PACKAGE_ADDED dat=package:com.jurnalsaham.jurnalsahamihsg flg=0x4000010 (has extras) } to com.google.android.packageinstaller/com.android.packageinstaller.PackageInstalledReceiver
03-07 12:34:54.859  1823  2008 W Looper  : Slow dispatch took 170ms android.ui h=com.android.server.am.ActivityManagerService$UiHandler c=null m=53
03-07 12:34:54.859  1823  2154 W BroadcastQueue: Background execution not allowed: receiving Intent { act=android.intent.action.PACKAGE_ADDED dat=package:com.jurnalsaham.jurnalsahamihsg flg=0x4000010 (has extras) } to com.android.vending/com.google.android.finsky.packagemonitor.impl.PackageMonitorReceiverImpl$RegisteredReceiver
03-07 12:34:54.862 11740 11740 I oplus.android.OplusFrameworkFactoryImpl: get feature:IOplusScreenModeFeature
03-07 12:34:54.862  1823  2046 W ActivityManager: Slow operation: 193ms so far, now at startProcess: done updating battery stats
03-07 12:34:54.862 11740 11740 I oplus.android.OplusFrameworkFactoryImpl: getOplusScreenModeFeature
03-07 12:34:54.862  1823  2046 W ActivityManager: Slow operation: 193ms so far, now at startProcess: building log message
03-07 12:34:54.862  1823  2046 I ActivityManager: Start proc 11760:com.heytap.mcs.appservice/1000 for content provider {com.heytap.mcs/com.heytap.mcs.biz.appservice.provider.AppServiceContentProvider}
03-07 12:34:54.862  1823  2046 W ActivityManager: Slow operation: 193ms so far, now at startProcess: starting to update pids map
03-07 12:34:54.863  1823  2046 W ActivityManager: Slow operation: 194ms so far, now at startProcess: done updating pids map
03-07 12:34:54.863  1823  2046 W ActivityManager: Slow operation: 177ms so far, now at startProcess: asking zygote to start proc
03-07 12:34:54.864  1823  2046 D CompatibilityChangeReporter: Compat change id reported: 143937733; UID 10127; state: ENABLED
03-07 12:34:54.886 11701 11701 I Perf    : Connecting to perf service.
03-07 12:34:54.889   625   625 I hwservicemanager: getTransport: Cannot find entry android.hardware.graphics.mapper@4.0::IMapper/default in either framework or device manifest.
03-07 12:34:54.889 11676 11728 I Gralloc4: mapper 4.x is not supported
03-07 12:34:54.890   625   625 I hwservicemanager: getTransport: Cannot find entry android.hardware.graphics.mapper@3.0::IMapper/default in either framework or device manifest.
03-07 12:34:54.891 11676 11728 W Gralloc3: mapper 3.x is not supported
03-07 12:34:54.891 11701 11701 E Perf    :  perftest packageName : com.heytap.mcs App is allowed to use Hide APIs  
03-07 12:34:54.895  1823  1823 W Looper  : Slow dispatch took 463ms main h=android.app.ActivityThread$H c=android.app.-$$Lambda$LoadedApk$ReceiverDispatcher$Args$_BumDX2UKsnxLVrE6UJsJZkotuA@22c9666 m=0
03-07 12:34:54.895 24181 24193 I debar:edgepane: Background concurrent copying GC freed 2083(146KB) AllocSpace objects, 0(0B) LOS objects, 49% free, 2096KB/4193KB, paused 121us total 102.132ms
03-07 12:34:54.898  1823  2444 I InputReader: Reconfiguring input devices, changes=KEYBOARD_LAYOUTS | 
03-07 12:34:54.902 11760 11760 I oplus.android.OplusFrameworkFactoryImpl: get feature:IOplusScreenModeFeature
03-07 12:34:54.902 11760 11760 I oplus.android.OplusFrameworkFactoryImpl: getOplusScreenModeFeature
03-07 12:34:54.902 11740 11740 E libc    : Access denied finding property "ro.odm.prev.product.name"
03-07 12:34:54.904  1823  1823 D OplusNfHooksHelper: Received broadcast:android.intent.action.PACKAGE_ADDED
03-07 12:34:54.904  1823  1823 D OplusSlaManager: Received broadcast:android.intent.action.PACKAGE_ADDED
03-07 12:34:54.905  1823  2011 D PowerManagerService: setScreenBrightnessOverrideFromWindowManagerInternal brightness=NaN mScreenBrightnessOverrideFromWindowManager=NaN
03-07 12:34:54.920 23306 11666 I Auth    : (REDACTED) [SupervisedAccountIntentOperation] onHandleIntent: %s
03-07 12:34:54.920  2640  2666 D OplusCoreAppService: isPackageContainsOplusCertificates be called
03-07 12:34:54.924 11740 11740 I arme.gamecente: The ClassLoaderContext is a special shared library.
03-07 12:34:54.936 11790 11790 W Zygote  : Unable to open libbeluga.so: dlopen failed: library "libbeluga.so" not found.
03-07 12:34:54.913  1823  2011 I chatty  : uid=1000(system) android.display identical 3 lines
03-07 12:34:54.913  1823  2011 D PowerManagerService: setScreenBrightnessOverrideFromWindowManagerInternal brightness=NaN mScreenBrightnessOverrideFromWindowManager=NaN
03-07 12:34:54.938  1823  2154 W BroadcastQueue: Background execution not allowed: receiving Intent { act=android.intent.action.PACKAGE_ADDED dat=package:com.jurnalsaham.jurnalsahamihsg flg=0x4000010 (has extras) } to com.android.vending/com.google.android.finsky.packagemonitor.backgroundimpl.BackgroundPackageMonitorReceiverImpl$RegisteredReceiver
03-07 12:34:54.940 11701 11701 I LoadedApk: No resource references to update in package com.heytap.mcs.kit_sys_integrity
03-07 12:34:54.940 11760 11760 E libc    : Access denied finding property "ro.odm.prev.product.name"
03-07 12:34:54.940 11701 11701 I LoadedApk: No resource references to update in package com.heytap.mcs.kit_quickapp
03-07 12:34:54.941 11701 11701 I LoadedApk: No resource references to update in package com.heytap.mcs.kit_region
03-07 12:34:54.945  2640  2666 D OplusCoreAppService: isPackageContainsOplusCertificates be called
03-07 12:34:54.948 11701 11701 I LoadedApk: No resource references to update in package com.heytap.mcs.kit_mcs
03-07 12:34:54.949  1823  2008 D OplusAppBwCore: onUidImportance: 10067, 1000
03-07 12:34:54.951  1823  2154 W BroadcastQueue: Background execution not allowed: receiving Intent { act=android.intent.action.PACKAGE_ADDED dat=package:com.jurnalsaham.jurnalsahamihsg flg=0x4000010 (has extras) } to com.coloros.safecenter/.startupapp.StartupReceiver
03-07 12:34:54.951  1823  2154 W BroadcastQueue: Background execution not allowed: receiving Intent { act=android.intent.action.PACKAGE_ADDED dat=package:com.jurnalsaham.jurnalsahamihsg flg=0x4000010 (has extras) } to com.google.android.gms/.gass.chimera.PackageChangeBroadcastReceiver
03-07 12:34:54.951  1823  2154 W BroadcastQueue: Background execution not allowed: receiving Intent { act=android.intent.action.PACKAGE_ADDED dat=package:com.jurnalsaham.jurnalsahamihsg flg=0x4000010 (has extras) } to com.google.android.gms/.chimera.GmsIntentOperationService$PersistentTrustedReceiver
03-07 12:34:54.952  1823  2154 W BroadcastQueue: Background execution not allowed: receiving Intent { act=android.intent.action.PACKAGE_ADDED dat=package:com.jurnalsaham.jurnalsahamihsg flg=0x4000010 (has extras) } to com.heytap.cloud/.receiver.ColorCloudReceiver
03-07 12:34:54.952  1823  2154 W BroadcastQueue: Background execution not allowed: receiving Intent { act=android.intent.action.PACKAGE_ADDED dat=package:com.jurnalsaham.jurnalsahamihsg flg=0x4000010 (has extras) } to com.heytap.market/com.heytap.cdo.client.domain.receiver.PackageReceiver
03-07 12:34:54.952  1823  2154 W BroadcastQueue: Background execution not allowed: receiving Intent { act=android.intent.action.PACKAGE_ADDED dat=package:com.jurnalsaham.jurnalsahamihsg flg=0x4000010 (has extras) } to com.nearme.gamecenter/com.heytap.cdo.client.domain.receiver.PackageReceiver
03-07 12:34:54.952  1150  1407 D DispPerfService: onframeavailable pid=11676, slot=0, seq=14890, name=com.jurnalsaham.jurnalsahamihsg:com.jurnalsaham.jurnalsahamihsg/org.kivy.android.PythonActivity#0
03-07 12:34:54.952  1823  2154 W BroadcastQueue: Background execution not allowed: receiving Intent { act=android.intent.action.PACKAGE_ADDED dat=package:com.jurnalsaham.jurnalsahamihsg flg=0x4000010 (has extras) } to com.facebook.katana/com.facebook.feed.platformads.AppInstallReceiver
03-07 12:34:54.952  6042  6531 D DateUtils: country : 
03-07 12:34:54.952  1823  2154 W BroadcastQueue: Background execution not allowed: receiving Intent { act=android.intent.action.PACKAGE_ADDED dat=package:com.jurnalsaham.jurnalsahamihsg flg=0x4000010 (has extras) } to com.google.android.apps.nbu.files/.documentbrowser.browselanding.rootcontainerlist.receiver.PackageChangeReceiver_Receiver
03-07 12:34:54.953  1823  2154 W BroadcastQueue: Background execution not allowed: receiving Intent { act=android.intent.action.PACKAGE_ADDED dat=package:com.jurnalsaham.jurnalsahamihsg flg=0x4000010 (has extras) } to com.ss.android.ugc.trill/com.ss.android.common.applog.HotsoonReceiver
03-07 12:34:54.953  1134 21099 D AudioPolicyService: updateUidStates_l() allowCapture=true because of on TOP AND uses VOICE_RECOGNITION OR uses HOTWORD
03-07 12:34:54.953  1134 21099 D AudioPolicyService: updateUidStates_l() current->uid=10070 current->pid=17223 allowCapture=1 UidState=5 apmStat=1
03-07 12:34:54.954 11760 11760 I .mcs.appservic: The ClassLoaderContext is a special shared library.
03-07 12:34:54.956 23306 11672 I NearbyDiscovery: (REDACTED) processGrantSlicePermission: %s
03-07 12:34:54.957  6042  6531 D DateUtils: country : 
03-07 12:34:54.957  3379  3402 D OplusNotificationManager: getOpenid--pkg:com.coloros.weather.service,uid:10122,type:OUID
03-07 12:34:54.957  2640  2666 D OplusCoreAppService: isPackageContainsOplusCertificates be called
03-07 12:34:54.957  6042  6531 D DateUtils: country : 
03-07 12:34:54.958  2640  2666 D OplusCoreAppService: isPackageContainsOplusCertificates be called
03-07 12:34:54.958 11701 11701 D NetworkSecurityConfig: No Network Security Config specified, using platform default
03-07 12:34:54.959 11701 11701 D NetworkSecurityConfig: No Network Security Config specified, using platform default
03-07 12:34:54.957 11760 11760 W .mcs.appservice: type=1400 audit(0.0:213928): avc: denied { write } for name="com.heytap.mcs-rbqbAyb9ZQRRGREWdx21sg==" dev="sda14" ino=8537 scontext=u:r:system_app:s0 tcontext=u:object_r:apk_data_file:s0 tclass=dir permissive=0
03-07 12:34:54.960  2640  2666 D OplusCoreAppService: isPackageContainsOplusCertificates be called
03-07 12:34:54.962 19068 19106 E OpenID  : com.coloros.weather.service:OUID:ret:T
03-07 12:34:54.963   919   919 D Zygote  : Forked child process 11790
03-07 12:34:54.964  1823  2046 W ActivityManager: Slow operation: 278ms so far, now at startProcess: returned from zygote!
03-07 12:34:54.967  2640  2666 D OplusCoreAppService: isPackageContainsOplusCertificates be called
03-07 12:34:54.976  1823  3138 I ColorHansManager : unfreeze uid: 10167 package: com.instagram.android reason: F-direct scene: FastFreezerScene
03-07 12:34:54.976 31216 31216 I Choreographer: Skipped 53 frames!  The application may be doing too much work on its main thread.
03-07 12:34:54.976  1823  3138 I ColorHansManager : unfreeze uid: 10190 package: com.twitter.android reason: F-direct scene: FastFreezerScene
03-07 12:34:54.977  1823  3138 I ColorHansManager : unfreeze uid: 10307 package: com.truecaller reason: F-direct scene: FastFreezerScene
03-07 12:34:54.979  1823  3138 I ColorHansManager : unfreeze uid: 10455 package: com.facebook.katana reason: F-direct scene: FastFreezerScene
03-07 12:34:54.980  1823  3138 I ColorHansManager : unfreeze uid: 10757 package: com.kajokangin.indosaham reason: F-direct scene: FastFreezerScene
03-07 12:34:54.980 11790 11790 E earme.romupdat: Unknown bits set in runtime_flags: 0x40000000
03-07 12:34:54.981  1823  3138 I ColorHansManager : unfreeze uid: 10650 package: id.dana reason: F-direct scene: FastFreezerScene
03-07 12:34:54.982  1823  3138 I ColorHansManager : unfreeze uid: 10613 package: com.alibaba.intl.android.apps.poseidon reason: F-direct scene: FastFreezerScene
03-07 12:34:54.982  1823  3138 I ColorHansManager : uid: 10613, state: M -> D
03-07 12:34:54.982  1823  3138 I ColorHansManager : unfreeze uid: 10282 package: com.tokopedia.sellerapp reason: F-direct scene: FastFreezerScene
03-07 12:34:54.983  1823  3138 I ColorHansManager : unfreeze uid: 10203 package: com.tokopedia.tkpd reason: F-direct scene: FastFreezerScene
03-07 12:34:54.991  1823  3138 I ColorHansManager : unfreeze uid: 10171 package: com.ss.android.ugc.trill reason: F-direct scene: FastFreezerScene
03-07 12:34:54.992  1823  3138 I ColorHansManager : unfreeze uid: 10152 package: com.lazada.android reason: F-direct scene: FastFreezerScene
03-07 12:34:54.994  1823  2011 D PowerManagerService: setScreenBrightnessOverrideFromWindowManagerInternal brightness=NaN mScreenBrightnessOverrideFromWindowManager=NaN
03-07 12:34:54.994 11790 11790 E earme.romupdat: Not starting debugger since process cannot load the jdwp agent.
03-07 12:34:54.995  3294  3294 E Parcel  : Reading a NULL string not supported here.
03-07 12:34:55.000 11701 11701 I MultiDex: VM with version 2.1.0 has multidex support
03-07 12:34:55.000 11701 11701 I MultiDex: Installing application
03-07 12:34:55.000 11701 11701 I MultiDex: VM has multidex support, MultiDex support library is disabled.
03-07 12:34:55.000  1823  1872 I InputDispatcher: Focus entered window: Window{ba29089 u0 com.jurnalsaham.jurnalsahamihsg/org.kivy.android.PythonActivity} in display 0
03-07 12:34:55.004 11676 11676 V SDL     : onWindowFocusChanged(): true
03-07 12:34:55.007  1823  1872 D InputMethodManagerService: isSecurity: attribute.packageName=com.jurnalsaham.jurnalsahamihsg
03-07 12:34:55.007  1823  1872 D InputMethodManagerService: isSecurity= false (  enable=false needShow=false inBlackList=false  isExist=true )
03-07 12:34:55.007  1823  1872 D ColorInputMethodManagerServiceEx: onHandleImeWindowVisibleStatus handledVis: 0, switcher visible: 0, switcher active: 0, needsToShowImeSwitcher: false
03-07 12:34:55.018 11790 11790 E RefClass: java.lang.reflect.InvocationTargetException
03-07 12:34:55.020 11790 11790 I OneTrace: Mark active for pid=11790? true
03-07 12:34:55.028  1823  3138 I ColorHansManager : unfreeze uid: 10030 package: com.shopee.id reason: F-direct scene: FastFreezerScene
03-07 12:34:55.030  1823  3138 I ColorHansManager : unfreeze uid: 10018 package: com.google.android.apps.youtube.creator reason: F-direct scene: FastFreezerScene
03-07 12:34:55.037  1823  3138 I ColorHansManager : unfreeze uid: 10006 package: com.wakeup.howear reason: F-direct scene: FastFreezerScene
03-07 12:34:55.037  1823  3138 I ColorHansManager : exit fastfreezer, reason:F-direct
03-07 12:34:55.042  6042  6531 D DateUtils: country : 
03-07 12:34:55.041  1823  1872 D ColorInputMethodManagerServiceEx: onHandleImeWindowVisibleStatus handledVis: 0, switcher visible: 0, switcher active: 0, needsToShowImeSwitcher: false
03-07 12:34:55.045  1823  3470 W ActivityManager: setGlThreads detect 11676 11728
03-07 12:34:55.046  1823  3144 I ColorHansManager : stateRToFFreeze--imporant case: pkgName: com.kajokangin.indosaham, reason: lastResumeProtect
03-07 12:34:55.047 11701 11701 I MSP-LOG-APP-: create msplog:logcat
03-07 12:34:55.047  1823  3144 I ColorHansManager : stateRToFFreeze--imporant case: pkgName: com.jurnalsaham.jurnalsahamihsg, reason: top
03-07 12:34:55.048  1823  3144 I ColorHansManager : stateRToFFreeze--imporant case: pkgName: com.wakeup.howear, reason: lastResumeProtect
03-07 12:34:55.048  1823  3144 I ColorHansManager : stateRToFFreeze--imporant case: pkgName: id.dana, reason: lastResumeProtect
03-07 12:34:55.049  1823  3144 I ColorHansManager : stateRToFFreeze--imporant case: pkgName: com.google.android.apps.youtube.creator, reason: lastResumeProtect
03-07 12:34:55.050  1823  3144 I ColorHansManager : stateRToFFreeze--imporant case: pkgName: com.lazada.android, reason: lastResumeProtect
03-07 12:34:55.050 10248 10341 E AppPlatformAvailability: AppPlatform not installed
03-07 12:34:55.050 10248 10248 I PhoneManager.RealTimeMonitorReceiver: installer=
03-07 12:34:55.052  1134 21099 D AudioPolicyService: updateUidStates_l() allowCapture=true because of on TOP AND uses VOICE_RECOGNITION OR uses HOTWORD
03-07 12:34:55.052  1134 21099 D AudioPolicyService: updateUidStates_l() current->uid=10070 current->pid=17223 allowCapture=1 UidState=5 apmStat=1
03-07 12:34:55.052  1134 21099 D AudioPolicyService: updateUidStates_l() allowCapture=true because of on TOP AND uses VOICE_RECOGNITION OR uses HOTWORD
03-07 12:34:55.052  1134 21099 D AudioPolicyService: updateUidStates_l() current->uid=10070 current->pid=17223 allowCapture=1 UidState=5 apmStat=1
03-07 12:34:55.053  1823  3144 I ColorHansManager : stateRToFFreeze--imporant case: pkgName: com.tokopedia.sellerapp, reason: lastResumeProtect
03-07 12:34:55.055  1823  3144 I ColorHansManager : stateRToFFreeze--imporant case: pkgName: com.shopee.id, reason: lastResumeProtect
03-07 12:34:55.057 10248 10342 E PhoneManager.ZeroLaunchHelper:  handlerCheckZeroLaunch metaData error!
03-07 12:34:55.057 23306  5622 E Parcel  : Reading a NULL string not supported here.
03-07 12:34:55.060  1823  2007 W Looper  : Slow dispatch took 105ms android.fg h=com.android.server.AppStateTracker$MyHandler c=null m=0
03-07 12:34:55.060 10248 10387 E PhoneManager.ScanVirusUtil:  platform not support
03-07 12:34:55.063 18141 18463 I PermissionControllerServiceImpl: Updating user sensitive for uid 10773
03-07 12:34:55.064  1823  3138 D OppoBasePowerManagerService: do restore jobs
03-07 12:34:55.065  1823  3144 I ColorHansManager : stateRToFFreeze--imporant case: pkgName: com.ss.android.ugc.trill, reason: lastResumeProtect
03-07 12:34:55.066  1823  3144 I ColorHansManager : stateRToFFreeze--imporant case: pkgName: com.tokopedia.tkpd, reason: lastResumeProtect
03-07 12:34:55.066  1150  1150 D OppoExLayer: ~Layer() sequence=14876, name=com.oppo.launcher/com.oppo.launcher.Launcher#0@0x74730d1000
03-07 12:34:55.066  1823  3144 I ColorHansManager : stateRToFFreeze--imporant case: pkgName: com.alibaba.intl.android.apps.poseidon, reason: lastResumeProtect
03-07 12:34:55.072  4239  4239 I GoogleInputMethodService: GoogleInputMethodService.onFinishInput():2113 
03-07 12:34:55.074 19068 19106 E OpenID  : com.coloros.weather.service:DUID:ret:T
03-07 12:34:55.075 22705  6934 I WeatherS_WeatherDataClientManager: [Weather Data Client] >>>> track region = [ID]
03-07 12:34:55.077  4239  4239 I Module  : DeviceLockedStatusModuleProvider$Module.updateDeviceLockedStatus():103 repeatCheckTimes = 0, locked = false
03-07 12:34:55.078  4239  4239 I GoogleInputMethodService: GoogleInputMethodService.onStartInput():1384 onStartInput(EditorInfo{EditorInfo{packageName=com.jurnalsaham.jurnalsahamihsg, inputType=0, inputTypeString=NULL, enableLearning=false, autoCorrection=false, autoComplete=false, imeOptions=0, privateImeOptions=null, actionName=UNSPECIFIED, actionLabel=null, initialSelStart=-1, initialSelEnd=-1, initialCapsMode=0, label=null, fieldId=-1, fieldName=null, extras=null, hintText=null, hintLocales=[]}}, false)
03-07 12:34:55.080  4239  4239 I AndroidIME: LatinIMEBase.updateInputViewCoverNavigation():314 Update input view padding, extendsTouchBelowSpace=false, bottom inset=149
03-07 12:34:55.081  1823  3438 D ColorInputMethodManagerServiceEx: onHandleImeWindowVisibleStatus handledVis: 0, switcher visible: 0, switcher active: 0, needsToShowImeSwitcher: false
03-07 12:34:55.086  4239  4239 I Module  : DeviceLockedStatusModuleProvider$Module.updateDeviceLockedStatus():103 repeatCheckTimes = 1, locked = false
03-07 12:34:55.086 23306  5622 E Parcel  : Reading a NULL string not supported here.
03-07 12:34:55.089  1823  2751 W ActivityManager: Slow operation: 402ms so far, now at startProcess: done updating battery stats
03-07 12:34:55.089  1823  2751 W ActivityManager: Slow operation: 403ms so far, now at startProcess: building log message
03-07 12:34:55.089  1823  2751 I ActivityManager: Start proc 11790:com.nearme.romupdate/u0a127 for content provider {com.nearme.romupdate/com.coloros.romupdate.provider.RomUpdateContentProvider}
03-07 12:34:55.089  1823  2751 W ActivityManager: Slow operation: 403ms so far, now at startProcess: starting to update pids map
03-07 12:34:55.089  1823  2751 W ActivityManager: Slow operation: 403ms so far, now at startProcess: done updating pids map
03-07 12:34:55.090  1823  2011 D PowerManagerService: setScreenBrightnessOverrideFromWindowManagerInternal brightness=NaN mScreenBrightnessOverrideFromWindowManager=NaN
03-07 12:34:55.096 23306  5622 I chatty  : uid=10036(com.google.android.gms) lowpool[469] identical 2 lines
03-07 12:34:55.100 23306  5622 E Parcel  : Reading a NULL string not supported here.
03-07 12:34:55.102 23306 21989 E Parcel  : Reading a NULL string not supported here.
03-07 12:34:55.103 23306  5622 E Parcel  : Reading a NULL string not supported here.
03-07 12:34:55.107  1823  1823 W Looper  : Slow dispatch took 199ms main h=android.app.ActivityThread$H c=android.app.-$$Lambda$LoadedApk$ReceiverDispatcher$Args$_BumDX2UKsnxLVrE6UJsJZkotuA@1389427 m=0
03-07 12:34:55.105 23306  5622 I chatty  : uid=10036(com.google.android.gms) lowpool[469] identical 1 line
03-07 12:34:55.107 23306  5622 E Parcel  : Reading a NULL string not supported here.
03-07 12:34:55.108  1823  1823 D OpenID  : action=android.intent.action.PACKAGE_ADDED
03-07 12:34:55.108  1823  1823 D OpenID  : pkgName:com.jurnalsaham.jurnalsahamihsg,isreplace=true
03-07 12:34:55.108  1823  1823 D OppoBrightUtils: CtsTest = false
03-07 12:34:55.108  1823  1823 D OppoBaseLightsService: isCtsHardwareTestCases = false
03-07 12:34:55.110 11760 11760 I Perf    : Connecting to perf service.
03-07 12:34:55.111 23306  5622 E Parcel  : Reading a NULL string not supported here.
03-07 12:34:55.114 23306  5622 E Parcel  : Reading a NULL string not supported here.
03-07 12:34:55.116 11701 11701 E SignatureUtil: reflectWechatPay onError: android.app.OplusActivityManager.addFastAppWCPay [class java.lang.String, class java.lang.String]
03-07 12:34:55.116 11701 11701 E SignatureUtil: reflectWechatPay onError: android.app.OplusActivityManager.removeFastAppWCPay [class java.lang.String, class java.lang.String]
03-07 12:34:55.119 23306  5622 E Parcel  : Reading a NULL string not supported here.
03-07 12:34:55.121 11790 11790 I oplus.android.OplusFrameworkFactoryImpl: get feature:IOplusScreenModeFeature
03-07 12:34:55.121 11790 11790 I oplus.android.OplusFrameworkFactoryImpl: getOplusScreenModeFeature
03-07 12:34:55.122 23306  5622 E Parcel  : Reading a NULL string not supported here.
03-07 12:34:55.128 23306  5622 E Parcel  : Reading a NULL string not supported here.
03-07 12:34:55.129 11701 11701 I Application: addBackgroundRestrictedInfo use: 22
03-07 12:34:55.130 23306  5622 E Parcel  : Reading a NULL string not supported here.
03-07 12:34:55.136 11701 11701 W SkyEye.HandlerThread: warning: create new handler thread with name skyEye_auto_speed_thread,alive thread size:1
03-07 12:34:55.140 11701 11701 I Application: Application init: 
03-07 12:34:55.141 11701 11701 I KitInfoManager: Kit infos: {cloudctrl=KitInfo{kitName='cloudctrl', kitVersionCode=10000, kitVersionName='1.0.0', kitApplicationClass='com.heytap.msp.cloudctrl.CloudCtrlApplication', callMothodInterval=0}, kit-core=KitInfo{kitName='kit-core', kitVersionCode=0, kitVersionName='', kitApplicationClass='com.heytap.msp.v2.MspCoreApplication', callMothodInterval=0}, sysintegrity=KitInfo{kitName='sysintegrity', kitVersionCode=0, kitVersionName='', kitApplicationClass='com.oplus.omes.srp.SrpApplication', callMothodInterval=0}, kit-mcs=KitInfo{kitName='kit-mcs', kitVersionCode=0, kitVersionName='', kitApplicationClass='com.heytap.mcs.msp.McsForMspApplication', callMothodInterval=0}, regionkit=KitInfo{kitName='regionkit', kitVersionCode=0, kitVersionName='', kitApplicationClass='com.heytap.msp.kit.region.RegionKitApplication', callMothodInterval=0}, instant=KitInfo{kitName='instant', kitVersionCode=0, kitVersionName='', kitApplicationClass='com.nearme.instant.platform.Application', callMothodInterval=0}}
03-07 12:34:55.142 11701 11701 I AbstractModuleApplication: AbstractModuleApplication attachBaseContext com.heytap.mcs.statistics
03-07 12:34:55.152 11790 11790 E libc    : Access denied finding property "ro.odm.prev.product.name"
03-07 12:34:55.156 23306  5622 E Parcel  : Reading a NULL string not supported here.
03-07 12:34:55.157  2640  2666 D OplusCoreAppService: isPackageContainsOplusCertificates be called
03-07 12:34:55.158 23306  5622 E Parcel  : Reading a NULL string not supported here.
03-07 12:34:55.160 23306  5622 E Parcel  : Reading a NULL string not supported here.
03-07 12:34:55.161 11790 11790 I earme.romupdat: The ClassLoaderContext is a special shared library.
03-07 12:34:55.163 23306  5622 E Parcel  : Reading a NULL string not supported here.
03-07 12:34:55.193  1823  3718 V AlarmManager: set(PendingIntent{4efb9c: PendingIntentRecord{965b0cc com.google.android.gms/com.google.android.gms.scheduler broadcastIntent}}) : type=3 when=287913537whenElapsed287913537maxWhen =287913537 win=0 interval=0 flags=0x0 pkg = com.google.android.gms
03-07 12:34:55.169 23306  5622 E Parcel  : Reading a NULL string not supported here.
03-07 12:34:55.195 11760 11760 E Perf    :  perftest packageName : com.heytap.mcs App is allowed to use Hide APIs  
03-07 12:34:55.195  1823  2008 W Looper  : Slow dispatch took 250ms android.ui h=com.android.server.am.ActivityManagerService$UiHandler c=null m=53
03-07 12:34:55.211  1823  1823 V BackupManagerConstants: getFullBackupIntervalMilliseconds(...) returns 86400000
03-07 12:34:55.211  1823  1823 V BackupManagerConstants: getFullBackupRequiredNetworkType(...) returns 2
03-07 12:34:55.211  1823  1823 V BackupManagerConstants: getFullBackupRequireCharging(...) returns true
03-07 12:34:55.211  1823  1823 D BaseJobBuilder: set process for client: system_server
03-07 12:34:55.213 11760 11760 I LoadedApk: No resource references to update in package com.heytap.mcs.kit_sys_integrity
03-07 12:34:55.213 11760 11760 I LoadedApk: No resource references to update in package com.heytap.mcs.kit_quickapp
03-07 12:34:55.214 11760 11760 I LoadedApk: No resource references to update in package com.heytap.mcs.kit_region
03-07 12:34:55.214 11760 11760 I LoadedApk: No resource references to update in package com.heytap.mcs.kit_mcs
03-07 12:34:55.215 10248 10387 I PhoneManager.OplusVirusEngine: scanPackage() >>>>>>>>> 
03-07 12:34:55.215  1150  1150 D OppoExLayer: ~Layer() sequence=14893, name=Surface(name=6dfc2cb Splash Screen com.jurnalsaham.jurnalsahamihsg)/@0x4f99944 - animation-leash#0@0x7473136000
03-07 12:34:55.207 11266 11266 W ThreadPoolForeg: type=1400 audit(0.0:213929): avc: denied { write } for name="traced_producer" dev="tmpfs" ino=28986 scontext=u:r:gmscore_app:s0:c512,c768 tcontext=u:object_r:traced_producer_socket:s0 tclass=sock_file permissive=0 app=com.google.android.gms
03-07 12:34:55.215  1150  1150 D OppoExLayer: ~Layer() sequence=14883, name=6dfc2cb Splash Screen com.jurnalsaham.jurnalsahamihsg#0@0x7464eab000
03-07 12:34:55.217  1150  1150 D OppoExLayer: ~Layer() sequence=14884, name=Splash Screen com.jurnalsaham.jurnalsahamihsg#0@0x7464eea000
03-07 12:34:55.222 11760 11760 D NetworkSecurityConfig: No Network Security Config specified, using platform default
03-07 12:34:55.222 11760 11760 D NetworkSecurityConfig: No Network Security Config specified, using platform default
03-07 12:34:55.223 11760 11760 I MultiDex: VM with version 2.1.0 has multidex support
03-07 12:34:55.223 11760 11760 I MultiDex: Installing application
03-07 12:34:55.223 11760 11760 I MultiDex: VM has multidex support, MultiDex support library is disabled.
03-07 12:34:55.228 11760 11760 I MSP-LOG-APP-: create msplog:logcat
03-07 12:34:55.233 23306 23323 W OplusExSystemServiceHelper: checkOplusExSystemService intent getComponent is null
03-07 12:34:55.255 11760 11760 E SignatureUtil: reflectWechatPay onError: android.app.OplusActivityManager.addFastAppWCPay [class java.lang.String, class java.lang.String]
03-07 12:34:55.256 11760 11760 E SignatureUtil: reflectWechatPay onError: android.app.OplusActivityManager.removeFastAppWCPay [class java.lang.String, class java.lang.String]
03-07 12:34:55.257 23306 23323 W OplusExSystemServiceHelper: checkOplusExSystemService intent getComponent is null
03-07 12:34:55.258 11760 11760 I Application: addBackgroundRestrictedInfo use: 12
03-07 12:34:55.259 11760 11760 W SkyEye.HandlerThread: warning: create new handler thread with name skyEye_auto_speed_thread,alive thread size:1
03-07 12:34:55.263 11701 11701 I MspBaseApplication: current processName:com.heytap.mcs.statistics,pid:11701
03-07 12:34:55.263 11701 11701 I AbstractModuleApplication: AbstractModuleApplication init com.heytap.mcs.statistics
03-07 12:34:55.271 11790 11790 I Perf    : Connecting to perf service.
03-07 12:34:55.277 11740 11740 I Perf    : Connecting to perf service.
03-07 12:34:55.284 11760 11760 I Application: Application init: 
03-07 12:34:55.285 11760 11760 I KitInfoManager: Kit infos: {cloudctrl=KitInfo{kitName='cloudctrl', kitVersionCode=10000, kitVersionName='1.0.0', kitApplicationClass='com.heytap.msp.cloudctrl.CloudCtrlApplication', callMothodInterval=0}, kit-core=KitInfo{kitName='kit-core', kitVersionCode=0, kitVersionName='', kitApplicationClass='com.heytap.msp.v2.MspCoreApplication', callMothodInterval=0}, sysintegrity=KitInfo{kitName='sysintegrity', kitVersionCode=0, kitVersionName='', kitApplicationClass='com.oplus.omes.srp.SrpApplication', callMothodInterval=0}, kit-mcs=KitInfo{kitName='kit-mcs', kitVersionCode=0, kitVersionName='', kitApplicationClass='com.heytap.mcs.msp.McsForMspApplication', callMothodInterval=0}, regionkit=KitInfo{kitName='regionkit', kitVersionCode=0, kitVersionName='', kitApplicationClass='com.heytap.msp.kit.region.RegionKitApplication', callMothodInterval=0}, instant=KitInfo{kitName='instant', kitVersionCode=0, kitVersionName='', kitApplicationClass='com.nearme.instant.platform.Application', callMothodInterval=0}}
03-07 12:34:55.286 11760 11760 I AbstractModuleApplication: AbstractModuleApplication attachBaseContext com.heytap.mcs.appservice
03-07 12:34:55.289  2640  2666 D OplusCoreAppService: isPackageContainsOplusCertificates be called
03-07 12:34:55.292 11790 11790 E Perf    :  perftest packageName : com.nearme.romupdate App is allowed to use Hide APIs  
03-07 12:34:55.297  1823  2011 D PowerManagerService: setScreenBrightnessOverrideFromWindowManagerInternal brightness=NaN mScreenBrightnessOverrideFromWindowManager=NaN
03-07 12:34:55.303 11701 11838 I TetheringManager: registerTetheringEventCallback:com.heytap.mcs
03-07 12:34:55.308  1823  5650 D ConnectivityService: requestNetwork for uid/pid:1000/11701 NetworkRequest [ TRACK_DEFAULT id=18814, [ Capabilities: INTERNET&NOT_RESTRICTED&TRUSTED Uid: 1000 AdministratorUids: [] RequestorUid: 1000 RequestorPackageName: com.heytap.mcs] ]
03-07 12:34:55.308  1823  2512 D ConnectivityService: NetReassign [18814 : null �? 167]
03-07 12:34:55.309  1823  2474 D UntrustedWifiNetworkFactory: got request NetworkRequest [ TRACK_DEFAULT id=18814, [ Capabilities: INTERNET&NOT_RESTRICTED&TRUSTED Uid: 1000 AdministratorUids: [] RequestorUid: 1000 RequestorPackageName: com.heytap.mcs] ] with score 79 and providerId 6
03-07 12:34:55.309  1823  2474 D WifiNetworkFactory: got request NetworkRequest [ TRACK_DEFAULT id=18814, [ Capabilities: INTERNET&NOT_RESTRICTED&TRUSTED Uid: 1000 AdministratorUids: [] RequestorUid: 1000 RequestorPackageName: com.heytap.mcs] ] with score 79 and providerId 6
03-07 12:34:55.309  1823  2604 D Ethernet: got request NetworkRequest [ TRACK_DEFAULT id=18814, [ Capabilities: INTERNET&NOT_RESTRICTED&TRUSTED Uid: 1000 AdministratorUids: [] RequestorUid: 1000 RequestorPackageName: com.heytap.mcs] ] with score 79 and providerId 6
03-07 12:34:55.310  1823  2502 D OplusWifiNetworkFactory2: got request NetworkRequest [ TRACK_DEFAULT id=18814, [ Capabilities: INTERNET&NOT_RESTRICTED&TRUSTED Uid: 1000 AdministratorUids: [] RequestorUid: 1000 RequestorPackageName: com.heytap.mcs] ] with score 79 and providerId 6
03-07 12:34:55.326 11701 11725 I MMKV    : Disable checkProcessMode()
03-07 12:34:55.330 11740 11740 E Perf    :  perftest packageName : com.nearme.gamecenter App is allowed to use Hide APIs  
03-07 12:34:55.344 23306 23306 D BoundBrokerSvc: onUnbind: Intent { act=com.google.android.gms.measurement.START pkg=com.google.android.gms }
03-07 12:34:55.348  1823  2011 D PowerManagerService: setScreenBrightnessOverrideFromWindowManagerInternal brightness=NaN mScreenBrightnessOverrideFromWindowManager=NaN
03-07 12:34:55.348 11760 11760 I MspBaseApplication: current processName:com.heytap.mcs.appservice,pid:11760
03-07 12:34:55.350 11790 11790 D NetworkSecurityConfig: Using Network Security Config from resource network_security_config debugBuild: false
03-07 12:34:55.351 11760 11760 I AbstractModuleApplication: AbstractModuleApplication init com.heytap.mcs.appservice
03-07 12:34:55.352 11790 11790 D NetworkSecurityConfig: Using Network Security Config from resource network_security_config debugBuild: false
03-07 12:34:55.359 11740 11740 I LoadedApk: No resource references to update in package com.nearme.gamecenter.feature_systemintent
03-07 12:34:55.360 11740 11740 D NetworkSecurityConfig: Using Network Security Config from resource network_security_config debugBuild: false
03-07 12:34:55.348  1823  2011 D PowerManagerService: setScreenBrightnessOverrideFromWindowManagerInternal brightness=NaN mScreenBrightnessOverrideFromWindowManager=NaN
03-07 12:34:55.375 15661 15661 W ContextImpl: Calling a method in the system process without a qualified user: android.app.ContextImpl.startService:1717 android.content.ContextWrapper.startService:730 android.content.ContextWrapper.startService:730 com.coloros.safecenter.appfrozen.receiver.AppFrozenReceiver.onReceive:236 android.app.ActivityThread.handleReceiver:4355 
03-07 12:34:55.376 15661 15661 D Intent  : disableDeathOnFileUriExposure com.coloros.safecenter
03-07 12:34:55.377 11701 11725 I MMKV    : current API level = 30, libc++_shared=0
03-07 12:34:55.378 11701 11725 I MMKV    : <MMKV.cpp:165::initialize> version v1.2.15, page size 4096, arch arm64-v8a
03-07 12:34:55.378 11701 11725 I MMKV    : <MMKV.cpp:176::initialize> armv8 AES instructions is supported
03-07 12:34:55.378 11701 11725 I MMKV    : <MMKV.cpp:184::initialize> armv8 CRC32 instructions is supported
03-07 12:34:55.378 11701 11725 I MMKV    : <MMKV.cpp:208::initializeMMKV> root dir: /data/user_de/0/com.heytap.mcs/files/mmkv
03-07 12:34:55.378 11701 11725 I MMKV    : <MemoryFile.cpp:97::open> open fd[0x4e], /data/user_de/0/com.heytap.mcs/files/mmkv/mmkv_com.heytap.mcs.config
03-07 12:34:55.378 11701 11725 I MMKV    : <MemoryFile.cpp:97::open> open fd[0x4f], /data/user_de/0/com.heytap.mcs/files/mmkv/mmkv_com.heytap.mcs.config.crc
03-07 12:34:55.378 11701 11725 I MMKV    : <MMKV_IO.cpp:81::loadFromFile> loading [mmkv_com.heytap.mcs.config] with 25131 actual size, file size 32768, InterProcess 1, meta info version:3
03-07 12:34:55.378 11701 11725 I MMKV    : <MMKV_IO.cpp:86::loadFromFile> loading [mmkv_com.heytap.mcs.config] with crc 3407023574 sequence 247 version 3
03-07 12:34:55.379 11701 11725 I MMKV    : <MMKV_IO.cpp:130::loadFromFile> loaded [mmkv_com.heytap.mcs.config] with 88 key-values
03-07 12:34:55.386  1823  1834 I system_server: Background young concurrent copying GC freed 197939(27MB) AllocSpace objects, 78(4536KB) LOS objects, 20% free, 94MB/118MB, paused 618us total 289.199ms
03-07 12:34:55.392 11740 11740 D NetworkSecurityConfig: Using Network Security Config from resource network_security_config debugBuild: false
03-07 12:34:55.393  1823  1836 W System  : A resource failed to call release. 
03-07 12:34:55.395 11701 11725 I MMKV    : Disable checkProcessMode()
03-07 12:34:55.395 11701 11725 I MMKV    : <MMKV.cpp:208::initializeMMKV> root dir: /data/user_de/0/com.heytap.mcs/files/mmkv
03-07 12:34:55.395 11701 11725 I MMKV    : <MemoryFile.cpp:97::open> open fd[0x50], /data/user_de/0/com.heytap.mcs/files/mmkv/mmkv_com.heytap.mcs.static.backup
03-07 12:34:55.395 11701 11725 I MMKV    : <MemoryFile.cpp:97::open> open fd[0x51], /data/user_de/0/com.heytap.mcs/files/mmkv/mmkv_com.heytap.mcs.static.backup.crc
03-07 12:34:55.399  1150  1150 D OppoExLayer: ~Layer() sequence=14880, name=Surface(name=2213480 InputMethod)/@0x60f9efe - animation-leash#1@0x746efc0000
03-07 12:34:55.402 15661 11828 D StartupManager: getStartupRestrictSwitch: false
03-07 12:34:55.402 15661 11828 D StartupManager: getBlackListDefault start
03-07 12:34:55.405 11701 11725 I MMKV    : <MMKV_IO.cpp:81::loadFromFile> loading [mmkv_com.heytap.mcs.static.backup] with 244 actual size, file size 8192, InterProcess 1, meta info version:3
03-07 12:34:55.405 11701 11725 I MMKV    : <MMKV_IO.cpp:86::loadFromFile> loading [mmkv_com.heytap.mcs.static.backup] with crc 3516125215 sequence 74 version 3
03-07 12:34:55.405 11701 11725 I MMKV    : <MMKV_IO.cpp:130::loadFromFile> loaded [mmkv_com.heytap.mcs.static.backup] with 0 key-values
03-07 12:34:55.407 23306  4948 I Icing   : IndexChimeraService.getServiceInterface callingPackage=com.google.android.gms componentName=AppsCorpus serviceId=36
03-07 12:34:55.414 11701 11701 I McsForMspApplication: metaData key = mspcore_push_prxoy_com.nearme.instant.platform, value = instant:30
03-07 12:34:55.415 11701 11701 I MspBaseApplication: app version:2.1.23_ce1820b_250904_mcs_oppoexp_sea,2012312
03-07 12:34:55.416 15661 11828 D StartupManager: getBlackList start
03-07 12:34:55.424  1823  2008 W Looper  : Slow dispatch took 228ms android.ui h=com.android.server.am.ActivityManagerService$UiHandler c=null m=31
03-07 12:34:55.424  1823  2008 D OplusAppBwCore: onUidImportance: 10049, 125
03-07 12:34:55.425  1134 18555 D AudioPolicyService: updateUidStates_l() allowCapture=true because of on TOP AND uses VOICE_RECOGNITION OR uses HOTWORD
03-07 12:34:55.425  1134 18555 D AudioPolicyService: updateUidStates_l() current->uid=10070 current->pid=17223 allowCapture=1 UidState=5 apmStat=1
03-07 12:34:55.425  1134 18555 D AudioPolicyService: updateUidStates_l() allowCapture=true because of on TOP AND uses VOICE_RECOGNITION OR uses HOTWORD
03-07 12:34:55.425  1134 18555 D AudioPolicyService: updateUidStates_l() current->uid=10070 current->pid=17223 allowCapture=1 UidState=5 apmStat=1
03-07 12:34:55.425  1134 21099 D AudioPolicyService: updateUidStates_l() allowCapture=true because of on TOP AND uses VOICE_RECOGNITION OR uses HOTWORD
03-07 12:34:55.425  1134 21099 D AudioPolicyService: updateUidStates_l() current->uid=10070 current->pid=17223 allowCapture=1 UidState=5 apmStat=1
03-07 12:34:55.425  1134 21099 D AudioPolicyService: updateUidStates_l() allowCapture=true because of on TOP AND uses VOICE_RECOGNITION OR uses HOTWORD
03-07 12:34:55.425  1134 21099 D AudioPolicyService: updateUidStates_l() current->uid=10070 current->pid=17223 allowCapture=1 UidState=5 apmStat=1
03-07 12:34:55.425  1134 21099 D AudioPolicyService: updateUidStates_l() allowCapture=true because of on TOP AND uses VOICE_RECOGNITION OR uses HOTWORD
03-07 12:34:55.425  1134 21099 D AudioPolicyService: updateUidStates_l() current->uid=10070 current->pid=17223 allowCapture=1 UidState=5 apmStat=1
03-07 12:34:55.425  1134 21099 D AudioPolicyService: updateUidStates_l() allowCapture=true because of on TOP AND uses VOICE_RECOGNITION OR uses HOTWORD
03-07 12:34:55.425  1134 21099 D AudioPolicyService: updateUidStates_l() current->uid=10070 current->pid=17223 allowCapture=1 UidState=5 apmStat=1
03-07 12:34:55.429 15661 11850 I SafeCenter.DexOptRecordManager: handlePackageInstallEvent for com.jurnal**********alsahamihsg
03-07 12:34:55.441  3273  3273 D CarrierSvcBindHelper: No carrier app for: 0
03-07 12:34:55.444  3273  3273 E PhoneInterfaceManager: [PhoneIntfMgr] getCarrierPackageNamesForIntentAndPhone: No UICC
03-07 12:34:55.444  3273  3273 D CarrierSvcBindHelper: No carrier app for: 1
03-07 12:34:55.444 11760 11760 I McsForMspApplication: metaData key = mspcore_push_prxoy_com.nearme.instant.platform, value = instant:30
03-07 12:34:55.444 11760 11760 I MspBaseApplication: app version:2.1.23_ce1820b_250904_mcs_oppoexp_sea,2012312
03-07 12:34:55.447 11760 11846 I MMKV    : Disable checkProcessMode()
03-07 12:34:55.448  3273  3273 D CarrierSvcBindHelper: No carrier app for: 0
03-07 12:34:55.452  3273  3273 E PhoneInterfaceManager: [PhoneIntfMgr] getCarrierPackageNamesForIntentAndPhone: No UICC
03-07 12:34:55.452  3273  3273 D CarrierSvcBindHelper: No carrier app for: 1
03-07 12:34:55.459  1823  2008 W Looper  : Drained
03-07 12:34:55.460  1134  2524 D AudioPolicyService: updateUidStates_l() allowCapture=true because of on TOP AND uses VOICE_RECOGNITION OR uses HOTWORD
03-07 12:34:55.460  1134  2524 D AudioPolicyService: updateUidStates_l() current->uid=10070 current->pid=17223 allowCapture=1 UidState=5 apmStat=1
03-07 12:34:55.461 15661 11850 I SafeCenter.DexOptRecordManager: install happened for com.jurnal**********alsahamihsg which is not thresh yet
03-07 12:34:55.462  1823  2154 D CompatibilityChangeReporter: Compat change id reported: 135634846; UID 10069; state: DISABLED
03-07 12:34:55.463  1823  2046 D CompatibilityChangeReporter: Compat change id reported: 143937733; UID 10069; state: ENABLED
03-07 12:34:55.463 11760 11846 I MMKV    : current API level = 30, libc++_shared=0
03-07 12:34:55.463 11760 11846 I MMKV    : <MMKV.cpp:165::initialize> version v1.2.15, page size 4096, arch arm64-v8a
03-07 12:34:55.463 11760 11846 I MMKV    : <MMKV.cpp:176::initialize> armv8 AES instructions is supported
03-07 12:34:55.463 11760 11846 I MMKV    : <MMKV.cpp:184::initialize> armv8 CRC32 instructions is supported
03-07 12:34:55.463 11760 11846 I MMKV    : <MMKV.cpp:208::initializeMMKV> root dir: /data/user_de/0/com.heytap.mcs/files/mmkv
03-07 12:34:55.463 11760 11846 I MMKV    : <MemoryFile.cpp:97::open> open fd[0x4f], /data/user_de/0/com.heytap.mcs/files/mmkv/mmkv_com.heytap.mcs.env.config
03-07 12:34:55.463 11760 11846 I MMKV    : <MemoryFile.cpp:97::open> open fd[0x50], /data/user_de/0/com.heytap.mcs/files/mmkv/mmkv_com.heytap.mcs.env.config.crc
03-07 12:34:55.464 10065 10065 I Finsky  : [2] aick - Received: android.intent.action.PACKAGE_ADDED, [RNTEHK_6blyCC_wNG8Yk_0_1l0Hycbve8El6ixm9NOs]
03-07 12:34:55.476  5123  5123 W ContextImpl: Calling a method in the system process without a qualified user: android.app.ContextImpl.startService:1717 android.content.ContextWrapper.startService:730 android.content.ContextWrapper.startService:730 com.coloros.securitypermission.permission.OppoPermissionReceiver.a:669 com.coloros.securitypermission.permission.OppoPermissionReceiver.onReceive:272 
03-07 12:34:55.484 23306 23306 D BoundBrokerSvc: onBind: Intent { act=com.google.android.gms.feedback.internal.IFeedbackService dat=chimera-action: cmp=com.google.android.gms/.chimera.GmsBoundBrokerService }
03-07 12:34:55.484 23306 23306 D BoundBrokerSvc: Loading bound service for intent: Intent { act=com.google.android.gms.feedback.internal.IFeedbackService dat=chimera-action: cmp=com.google.android.gms/.chimera.GmsBoundBrokerService }
03-07 12:34:55.490 11760 11846 I MMKV    : <MMKV_IO.cpp:81::loadFromFile> loading [mmkv_com.heytap.mcs.env.config] with 2672 actual size, file size 4096, InterProcess 1, meta info version:3
03-07 12:34:55.490 11760 11846 I MMKV    : <MMKV_IO.cpp:86::loadFromFile> loading [mmkv_com.heytap.mcs.env.config] with crc 1108149752 sequence 4 version 3
03-07 12:34:55.490 11760 11846 I MMKV    : <MMKV_IO.cpp:130::loadFromFile> loaded [mmkv_com.heytap.mcs.env.config] with 2 key-values
03-07 12:34:55.490 11760 11846 I MMKV    : <MemoryFile.cpp:97::open> open fd[0x52], /data/user_de/0/com.heytap.mcs/files/mmkv/mmkv_shared_prefs_alert_status_result
03-07 12:34:55.490 11760 11846 I MMKV    : <MemoryFile.cpp:97::open> open fd[0x53], /data/user_de/0/com.heytap.mcs/files/mmkv/mmkv_shared_prefs_alert_status_result.crc
03-07 12:34:55.497 11760 11846 I MMKV    : <MMKV_IO.cpp:81::loadFromFile> loading [mmkv_shared_prefs_alert_status_result] with 0 actual size, file size 4096, InterProcess 1, meta info version:1
03-07 12:34:55.497 11760 11846 I MMKV    : <MMKV_IO.cpp:130::loadFromFile> loaded [mmkv_shared_prefs_alert_status_result] with 0 key-values
03-07 12:34:55.498 11760 11846 I MMKV    : <MemoryFile.cpp:97::open> open fd[0x51], /data/user_de/0/com.heytap.mcs/files/mmkv/mmkv_com.heytap.mcs.cloudconfig
03-07 12:34:55.498 11760 11846 I MMKV    : <MemoryFile.cpp:97::open> open fd[0x54], /data/user_de/0/com.heytap.mcs/files/mmkv/mmkv_com.heytap.mcs.cloudconfig.crc
03-07 12:34:55.500 15661 11850 I SafeCenter.DexOptRecordManager: addDexOptRecordInfo com.jurnalsaham.jurnalsahamihsg*0.1.0*1021100*install**0*
03-07 12:34:55.510   919   919 D Zygote  : Forked child process 11861
03-07 12:34:55.517  1823  2046 W ActivityManager: Slow operation: 54ms so far, now at startProcess: returned from zygote!
03-07 12:34:55.517 11760 11846 I MMKV    : <MMKV_IO.cpp:81::loadFromFile> loading [mmkv_com.heytap.mcs.cloudconfig] with 1341 actual size, file size 4096, InterProcess 1, meta info version:3
03-07 12:34:55.517 11760 11846 I MMKV    : <MMKV_IO.cpp:86::loadFromFile> loading [mmkv_com.heytap.mcs.cloudconfig] with crc 1931867341 sequence 27 version 3
03-07 12:34:55.518 11760 11846 I MMKV    : <MMKV_IO.cpp:130::loadFromFile> loaded [mmkv_com.heytap.mcs.cloudconfig] with 8 key-values
03-07 12:34:55.518 11760 11846 I MMKV    : <MemoryFile.cpp:97::open> open fd[0x55], /data/user_de/0/com.heytap.mcs/files/mmkv/mmkv_com.heytap.mcs.externalconfig
03-07 12:34:55.518 11760 11846 I MMKV    : <MemoryFile.cpp:97::open> open fd[0x56], /data/user_de/0/com.heytap.mcs/files/mmkv/mmkv_com.heytap.mcs.externalconfig.crc
03-07 12:34:55.518 11760 11846 I MMKV    : <MMKV_IO.cpp:81::loadFromFile> loading [mmkv_com.heytap.mcs.externalconfig] with 3679 actual size, file size 4096, InterProcess 1, meta info version:3
03-07 12:34:55.518 11760 11846 I MMKV    : <MMKV_IO.cpp:86::loadFromFile> loading [mmkv_com.heytap.mcs.externalconfig] with crc 3727072818 sequence 16 version 3
03-07 12:34:55.518 11760 11846 I MMKV    : <MMKV_IO.cpp:130::loadFromFile> loaded [mmkv_com.heytap.mcs.externalconfig] with 3 key-values
03-07 12:34:55.518 11861 11861 W Zygote  : Unable to open libbeluga.so: dlopen failed: library "libbeluga.so" not found.
03-07 12:34:55.520 11760 11846 I MMKV    : <MemoryFile.cpp:97::open> open fd[0x57], /data/user_de/0/com.heytap.mcs/files/mmkv/mmkv_com.heytap.mcs.expfunctionconfig
03-07 12:34:55.520 11760 11846 I MMKV    : <MemoryFile.cpp:97::open> open fd[0x58], /data/user_de/0/com.heytap.mcs/files/mmkv/mmkv_com.heytap.mcs.expfunctionconfig.crc
03-07 12:34:55.534 11760 11846 I MMKV    : <MMKV_IO.cpp:81::loadFromFile> loading [mmkv_com.heytap.mcs.expfunctionconfig] with 844 actual size, file size 4096, InterProcess 1, meta info version:3
03-07 12:34:55.534 11760 11846 I MMKV    : <MMKV_IO.cpp:86::loadFromFile> loading [mmkv_com.heytap.mcs.expfunctionconfig] with crc 2595202799 sequence 1 version 3
03-07 12:34:55.534 11760 11846 I MMKV    : <MMKV_IO.cpp:130::loadFromFile> loaded [mmkv_com.heytap.mcs.expfunctionconfig] with 1 key-values
03-07 12:34:55.540 11861 11861 E ding:backgroun: Unknown bits set in runtime_flags: 0x40000000
03-07 12:34:55.547 11861 11861 E ding:backgroun: Not starting debugger since process cannot load the jdwp agent.
03-07 12:34:55.551 23306 23336 E Parcel  : Reading a NULL string not supported here.
03-07 12:34:55.557 11861 11861 E RefClass: java.lang.reflect.InvocationTargetException
03-07 12:34:55.559 11861 11861 I OneTrace: Mark active for pid=11861? true
03-07 12:34:55.561 10065 10065 I Finsky  : [2] aick - Deduping intent android.intent.action.PACKAGE_ADDED
03-07 12:34:55.561 10065 10089 I Finsky  : [53153] RECEIVER_PACKAGE_MONITOR#logWorkEndAndFinishGoAsync: SUCCESS
03-07 12:34:55.570  5123  5123 W ContextImpl: Calling a method in the system process without a qualified user: android.app.ContextImpl.startService:1717 android.content.ContextWrapper.startService:730 android.content.ContextWrapper.startService:730 com.coloros.securitypermission.permission.OppoPermissionReceiver.a:669 com.coloros.securitypermission.permission.OppoPermissionReceiver.onReceive:276 
03-07 12:34:55.574 11630 11730 E Parcel  : Reading a NULL string not supported here.
03-07 12:34:55.578  1823  2046 W ActivityManager: Slow operation: 115ms so far, now at startProcess: done updating battery stats
03-07 12:34:55.578  1823  2046 W ActivityManager: Slow operation: 116ms so far, now at startProcess: building log message
03-07 12:34:55.578  1823  2046 I ActivityManager: Start proc 11861:com.android.vending:background/u0a69 for broadcast {com.android.vending/com.google.android.finsky.packagemonitor.backgroundimpl.BackgroundPackageMonitorReceiverImpl$RegisteredReceiver}
03-07 12:34:55.578  1823  2046 W ActivityManager: Slow operation: 116ms so far, now at startProcess: starting to update pids map
03-07 12:34:55.578  1823  2046 W ActivityManager: Slow operation: 116ms so far, now at startProcess: done updating pids map
03-07 12:34:55.578 11790 11815 W SQLiteLog: (28) double-quoted string literal: "sys_secure_pay_list"
03-07 12:34:55.585  3273  3273 E OplusNecManagerHelper: com.oplus.nec.OplusNecManager.notifyOrigSignalStrengthChanged [class android.telephony.SignalStrength, int]
03-07 12:34:55.594 11790 11790 I TetheringManager: registerTetheringEventCallback:com.nearme.romupdate
03-07 12:34:55.600 11790 11790 D UpdateApplication: log switch:false
03-07 12:34:55.603 11861 11861 I oplus.android.OplusFrameworkFactoryImpl: get feature:IOplusScreenModeFeature
03-07 12:34:55.603 11861 11861 I oplus.android.OplusFrameworkFactoryImpl: getOplusScreenModeFeature
03-07 12:34:55.603  1823  2154 W BroadcastQueue: Background execution not allowed: receiving Intent { act=android.intent.action.PACKAGE_REPLACED dat=package:com.jurnalsaham.jurnalsahamihsg flg=0x4000010 (has extras) } to com.coloros.safecenter/.startupapp.StartupReceiver
03-07 12:34:55.604  1823  2154 W BroadcastQueue: Background execution not allowed: receiving Intent { act=android.intent.action.PACKAGE_REPLACED dat=package:com.jurnalsaham.jurnalsahamihsg flg=0x4000010 (has extras) } to com.coloros.securitypermission/.permission.PermissionReceiver
03-07 12:34:55.604  1823  2154 W BroadcastQueue: Background execution not allowed: receiving Intent { act=android.intent.action.PACKAGE_REPLACED dat=package:com.jurnalsaham.jurnalsahamihsg flg=0x4000010 (has extras) } to com.google.android.gms/.gass.chimera.PackageChangeBroadcastReceiver
03-07 12:34:55.604  1823  2154 W BroadcastQueue: Background execution not allowed: receiving Intent { act=android.intent.action.PACKAGE_REPLACED dat=package:com.jurnalsaham.jurnalsahamihsg flg=0x4000010 (has extras) } to com.google.android.gms/.chimera.GmsIntentOperationService$PersistentTrustedReceiver
03-07 12:34:55.604  1823  2154 W BroadcastQueue: Background execution not allowed: receiving Intent { act=android.intent.action.PACKAGE_REPLACED dat=package:com.jurnalsaham.jurnalsahamihsg flg=0x4000010 (has extras) } to com.heytap.market/com.heytap.cdo.client.domain.receiver.PackageReceiver
03-07 12:34:55.604  1823  2154 W BroadcastQueue: Background execution not allowed: receiving Intent { act=android.intent.action.PACKAGE_REPLACED dat=package:com.jurnalsaham.jurnalsahamihsg flg=0x4000010 (has extras) } to com.nearme.gamecenter/com.heytap.cdo.client.domain.receiver.PackageReceiver
03-07 12:34:55.605  1823  2154 W BroadcastQueue: Background execution not allowed: receiving Intent { act=android.intent.action.PACKAGE_REPLACED dat=package:com.jurnalsaham.jurnalsahamihsg flg=0x4000010 (has extras) } to com.google.android.apps.nbu.files/.documentbrowser.browselanding.rootcontainerlist.receiver.PackageChangeReceiver_Receiver
03-07 12:34:55.607  3273  3273 D PhoneSwitcherNetworkRequstListener: got request NetworkRequest [ TRACK_DEFAULT id=18814, [ Capabilities: INTERNET&NOT_RESTRICTED&TRUSTED Uid: 1000 AdministratorUids: [] RequestorUid: 1000 RequestorPackageName: com.heytap.mcs] ] with score 79 and providerId 6
03-07 12:34:55.609 23306 23336 E Parcel  : Reading a NULL string not supported here.
03-07 12:34:55.611 11740 11740 I OplusFeatureCache: Milliseconds spent on init(): 9
03-07 12:34:55.611 11740 11740 E OplusFeatureCache: invalid oplus feature oplus.hardware.type.fold
03-07 12:34:55.622  5123 11893 D PermissionService: onHandleIntent, action=action.PACKAGE_REPLACED current user: 0
03-07 12:34:55.627  3273  3273 D ImsResolver: maybeAddedImsService, packageName: com.jurnalsaham.jurnalsahamihsg
03-07 12:34:55.628 23306  2903 E Parcel  : Reading a NULL string not supported here.
03-07 12:34:55.629 23306 11670 W SQLiteLog: (28) double-quoted string literal: "com.jurnalsaham.jurnalsahamihsg"
03-07 12:34:55.632 11861 11861 E libc    : Access denied finding property "ro.odm.prev.product.name"
03-07 12:34:55.633  1823  3199 V AlarmManager: set(PendingIntent{a00d2fe: PendingIntentRecord{efd1e64 com.nearme.romupdate broadcastIntent}}) : type=0 when=1772873266692whenElapsed299475097maxWhen =308153392 win=8678295 interval=0 flags=0x8 pkg = com.nearme.romupdate
03-07 12:34:55.635 23306  2903 E Parcel  : Reading a NULL string not supported here.
03-07 12:34:55.637  2640  2666 D OplusCoreAppService: isPackageContainsOplusCertificates be called
03-07 12:34:55.640 11861 11861 I ding:backgroun: The ClassLoaderContext is a special shared library.
03-07 12:34:55.641  1823  4256 V AlarmManager: set(PendingIntent{8bd9ec2: PendingIntentRecord{dcafb47 com.nearme.romupdate startService}}) : type=3 when=288804037whenElapsed288804037maxWhen =288804037 win=0 interval=0 flags=0x9 pkg = com.nearme.romupdate
03-07 12:34:55.642 23306  2903 E Parcel  : Reading a NULL string not supported here.
03-07 12:34:55.643  3273  3273 D CarrierConfigLoader: mHandler: 9 phoneId: 0
03-07 12:34:55.647  5123 11893 E SP      : /my_company/etc/permissions/factory_permission_record: open failed: ENOENT (No such file or directory)
03-07 12:34:55.654  1823  3199 I SecurityPermissionService: updateCachedPermission pkgName:com.jurnalsaham.jurnalsahamihsg, userId:0, delete:false
03-07 12:34:55.659  5123 11893 D PermissionService: onHandleIntent, action=action.RESTORE_OPS current user: 0
03-07 12:34:55.681 23306  2903 E Parcel  : Reading a NULL string not supported here.
03-07 12:34:55.702 23306  2903 E Parcel  : Reading a NULL string not supported here.
03-07 12:34:55.703  5123 11899 I SP.UsageAccessUtils: AppOp permission exists for package audioserver but package doesn't exist or did not request UsageStats access
03-07 12:34:55.703  5123 11899 I SP.UsageAccessUtils: AppOp permission exists for package com.whatsapp but package doesn't exist or did not request UsageStats access
03-07 12:34:55.703  5123 11899 I SP.UsageAccessUtils: AppOp permission exists for package com.indopremier.ipot but package doesn't exist or did not request UsageStats access
03-07 12:34:55.703  5123 11899 I SP.UsageAccessUtils: AppOp permission exists for package com.gojek.app but package doesn't exist or did not request UsageStats access
03-07 12:34:55.703  5123 11899 I SP.UsageAccessUtils: AppOp permission exists for package com.shopee.id but package doesn't exist or did not request UsageStats access
03-07 12:34:55.703  5123 11899 I SP.UsageAccessUtils: AppOp permission exists for package com.google.android.gsf but package doesn't exist or did not request UsageStats access
03-07 12:34:55.703  5123 11899 I SP.UsageAccessUtils: AppOp permission exists for package com.oppo.launcher but package doesn't exist or did not request UsageStats access
03-07 12:34:55.703  5123 11899 I SP.UsageAccessUtils: AppOp permission exists for package com.microsoft.appmanager but package doesn't exist or did not request UsageStats access
03-07 12:34:55.703  5123 11899 I SP.UsageAccessUtils: AppOp permission exists for package com.stockbit.android but package doesn't exist or did not request UsageStats access
03-07 12:34:55.703  5123 11899 I SP.UsageAccessUtils: AppOp permission exists for package com.google.android.youtube but package doesn't exist or did not request UsageStats access
03-07 12:34:55.703  5123 11899 I SP.UsageAccessUtils: AppOp permission exists for package com.linkedin.android but package doesn't exist or did not request UsageStats access
03-07 12:34:55.703  5123 11899 I SP.UsageAccessUtils: AppOp permission exists for package com.lemon.lvoverseas but package doesn't exist or did not request UsageStats access
03-07 12:34:55.703  5123 11899 I SP.UsageAccessUtils: AppOp permission exists for package com.exness.android.pa but package doesn't exist or did not request UsageStats access
03-07 12:34:55.703  5123 11899 I SP.UsageAccessUtils: AppOp permission exists for package com.instagram.android but package doesn't exist or did not request UsageStats access
03-07 12:34:55.703  5123 11899 I SP.UsageAccessUtils: AppOp permission exists for package com.ss.android.ugc.trill but package doesn't exist or did not request UsageStats access
03-07 12:34:55.703  5123 11899 I SP.UsageAccessUtils: AppOp permission exists for package com.realme.securitycheck but package doesn't exist or did not request UsageStats access
03-07 12:34:55.703  5123 11899 I SP.UsageAccessUtils: AppOp permission exists for package com.yahoo.mobile.client.android.mail but package doesn't exist or did not request UsageStats access
03-07 12:34:55.703  5123 11899 I SP.UsageAccessUtils: AppOp permission exists for package com.tokopedia.tkpd but package doesn't exist or did not request UsageStats access
03-07 12:34:55.703  5123 11899 I SP.UsageAccessUtils: AppOp permission exists for package com.heytap.browser but package doesn't exist or did not request UsageStats access
03-07 12:34:55.703  5123 11899 I SP.UsageAccessUtils: AppOp permission exists for package com.heytap.themestore but package doesn't exist or did not request UsageStats access
03-07 12:34:55.703  5123 11899 I SP.UsageAccessUtils: AppOp permission exists for package com.xiaomi.smarthome but package doesn't exist or did not request UsageStats access
03-07 12:34:55.703  5123 11899 I SP.UsageAccessUtils: AppOp permission exists for package com.facebook.orca but package doesn't exist or did not request UsageStats access
03-07 12:34:55.703  5123 11899 I SP.UsageAccessUtils: AppOp permission exists for package com.facebook.katana but package doesn't exist or did not request UsageStats access
03-07 12:34:55.716 23306  2903 E Parcel  : Reading a NULL string not supported here.
03-07 12:34:55.773 23306  2903 I chatty  : uid=10036(com.google.android.gms) lowpool[502] identical 3 lines
03-07 12:34:55.792 23306  2903 E Parcel  : Reading a NULL string not supported here.
03-07 12:34:55.801  1823  2040 W Searchables: No web search activity found
03-07 12:34:55.818 23306  2903 E Parcel  : Reading a NULL string not supported here.
03-07 12:34:55.821  3943  3943 I WeatherS_WeatherServiceVersionUtils: serviceVersionCode8002022
03-07 12:34:55.823 23306  2903 E Parcel  : Reading a NULL string not supported here.
03-07 12:34:55.824  3943  3943 I WeatherS_WeatherServiceVersionUtils: serviceVersionCode8002022
03-07 12:34:55.826  3943  3943 I chatty  : uid=10084(com.coloros.alarmclock) identical 1 line
03-07 12:34:55.828  3943  3943 I WeatherS_WeatherServiceVersionUtils: serviceVersionCode8002022
03-07 12:34:55.830 23340 23340 E Parcel  : Reading a NULL string not supported here.
03-07 12:34:55.840 23306  2903 E Parcel  : Reading a NULL string not supported here.
03-07 12:34:55.840  3943  3943 I WeatherS_WeatherServiceVersionUtils: serviceVersionCode8002022
03-07 12:34:55.844  3943  3943 I WeatherS_WeatherServiceVersionUtils: serviceVersionCode8002022
03-07 12:34:55.844  3943  3943 I WeatherS_WeatherBaseDataTask: Service has not started, bind update Service.
03-07 12:34:55.844  3943  3943 I WeatherS_WeatherServiceManager: bindUpdateService false
03-07 12:34:55.846 23340 24029 E WeatherS_WeatherServiceManager: onServiceDisconnected
03-07 12:34:55.849  1823  4212 V ActivityManager: Has totaly same connectionRecord, just reuse it!
03-07 12:34:55.851  3943  3943 I WeatherS_WeatherBaseDataTask: Service has not started, bind update Service.
03-07 12:34:55.851  3943  3943 I WeatherS_WeatherServiceManager: bindUpdateService false
03-07 12:34:55.856 23340 23340 E Parcel  : Reading a NULL string not supported here.
03-07 12:34:55.858  3943  3943 I WeatherS_WeatherServiceVersionUtils: serviceVersionCode8002022
03-07 12:34:55.859  3943  3943 I WeatherS_WeatherServiceVersionUtils: serviceVersionCode8002022
03-07 12:34:55.863 23306  2903 E Parcel  : Reading a NULL string not supported here.
03-07 12:34:55.873  1134  2524 D AudioPolicyService: updateUidStates_l() allowCapture=true because of on TOP AND uses VOICE_RECOGNITION OR uses HOTWORD
03-07 12:34:55.873  1134  2524 D AudioPolicyService: updateUidStates_l() current->uid=10070 current->pid=17223 allowCapture=1 UidState=5 apmStat=1
03-07 12:34:55.877 23306 23336 E Parcel  : Reading a NULL string not supported here.
03-07 12:34:55.883  3943  3943 I WeatherS_WeatherServiceVersionUtils: serviceVersionCode8002022
03-07 12:34:55.899  3943  3943 I WeatherS_WeatherServiceVersionUtils: serviceVersionCode8002022
03-07 12:34:55.900 23306  2903 E Parcel  : Reading a NULL string not supported here.
03-07 12:34:55.903  3943  3943 I WeatherS_WeatherServiceVersionUtils: serviceVersionCode8002022
03-07 12:34:55.907 23306  2903 E Parcel  : Reading a NULL string not supported here.
03-07 12:34:55.912  3943  3943 I WeatherS_WeatherServiceVersionUtils: serviceVersionCode8002022
03-07 12:34:55.912  3943  3943 I WeatherS_WeatherBaseDataTask: Service has not started, bind update Service.
03-07 12:34:55.912  3943  3943 I WeatherS_WeatherServiceManager: bindUpdateService false
03-07 12:34:55.915  1823  2537 W ActivityManager: Unable to start service Intent { cmp=com.nearme.gamecenter/com.heytap.cdo.client.util.BatteryJobService (has extras) } U=0: not found
03-07 12:34:55.918 23306  2903 E Parcel  : Reading a NULL string not supported here.
03-07 12:34:55.919  1823  2537 D JobScheduler: Error executing JobStatus{dc4f3b7 #u0a100/1 com.nearme.gamecenter/com.heytap.cdo.client.util.BatteryJobService u=0 s=10100 TIME=-3d7h58m0s869ms:-3d7h58m0s869ms CHARGING PERIODIC PERSISTED READY}
03-07 12:34:55.921 21100 21917 E Parcel  : Reading a NULL string not supported here.
03-07 12:34:55.923  1823  2537 W ActivityManager: Unable to start service Intent { cmp=com.google.android.googlequicksearchbox/com.google.android.apps.gsa.tasks.BackgroundTasksJobService (has extras) } U=0: not found
03-07 12:34:55.924  3943  3943 I WeatherS_WeatherBaseDataTask: Service has not started, bind update Service.
03-07 12:34:55.924  3943  3943 I WeatherS_WeatherServiceManager: bindUpdateService false
03-07 12:34:55.925  1823  2537 D JobScheduler: Error executing JobStatus{f86bacb #u0a70/-358 com.google.android.googlequicksearchbox/com.google.android.apps.gsa.tasks.BackgroundTasksJobService u=0 s=10070 TIME=-3d7h58m0s871ms:-3d7h58m0s871ms NET CHARGING PERIODIC PERSISTED READY}
03-07 12:34:55.925 23306  2903 E Parcel  : Reading a NULL string not supported here.
03-07 12:34:55.931  3943  3943 I WeatherS_WeatherServiceManager: onServiceConnected
03-07 12:34:55.931  3943  5977 I WeatherS_WeatherBaseDataTask: executeRequest getLocationCityDataAndUpdateWeatherInfoIfNeeded
03-07 12:34:55.932  3943  3943 I WeatherS_WeatherServiceManager: onServiceConnected
03-07 12:34:55.935 23306  4948 I Icing   : IndexChimeraService.getServiceInterface callingPackage=com.google.android.gms componentName=null serviceId=30
03-07 12:34:55.935 21100 21924 E Parcel  : Reading a NULL string not supported here.
03-07 12:34:55.935  3943  3943 I WeatherS_WeatherServiceManager: onServiceConnected
03-07 12:34:55.936  3943  6405 I WeatherS_WeatherBaseDataTask: executeRequest getResidentSecureSettingsData
03-07 12:34:55.936  3943  3943 I WeatherS_WeatherServiceManager: onServiceConnected
03-07 12:34:55.936 11861 11861 W ding:backgroun: JIT profile information will not be recorded: profile file does not exist.
03-07 12:34:55.936  3943  5974 I WeatherS_WeatherBaseDataTask: executeRequest getLocationCityDataAndUpdateWeatherInfoIfNeeded
03-07 12:34:55.936 11861 11861 W ding:backgroun: JIT profile information will not be recorded: profile file does not exist.
03-07 12:34:55.936 11861 11861 I chatty  : uid=10069 com.android.vending:background identical 1 line
03-07 12:34:55.936 11861 11861 W ding:backgroun: JIT profile information will not be recorded: profile file does not exist.
03-07 12:34:55.936  3943  6479 I WeatherS_WeatherBaseDataTask: executeRequest getResidentSecureSettingsData
03-07 12:34:55.938  3943  6405 I WeatherS_WeatherBaseDataTask: after doRequestFromWeatherService getResidentSecureSettingsData result true
03-07 12:34:55.939  3943  6405 I WeatherS_WeatherServiceManager: unBindUpdateService true
03-07 12:34:55.939  1823  2537 W ActivityManager: Unable to start service Intent { cmp=com.google.android.googlequicksearchbox/com.google.android.apps.gsa.tasks.BackgroundTasksJobService (has extras) } U=0: not found
03-07 12:34:55.939  1823  2537 D JobScheduler: Error executing JobStatus{f569997 #u0a70/-350 com.google.android.googlequicksearchbox/com.google.android.apps.gsa.tasks.BackgroundTasksJobService u=0 s=10070 TIME=-3d7h58m0s884ms:-3d7h58m0s884ms PERIODIC PERSISTED READY}
03-07 12:34:55.939 23306  2903 E Parcel  : Reading a NULL string not supported here.
03-07 12:34:55.940  3943  6479 I WeatherS_WeatherBaseDataTask: after doRequestFromWeatherService getResidentSecureSettingsData result true
03-07 12:34:55.940  3943  6479 I WeatherS_WeatherServiceManager: unBindUpdateService true
03-07 12:34:55.947  1823  2537 W ActivityManager: Unable to start service Intent { cmp=com.google.android.googlequicksearchbox/com.google.android.apps.gsa.tasks.BackgroundTasksJobService (has extras) } U=0: not found
03-07 12:34:55.947  1823  2537 D JobScheduler: Error executing JobStatus{d19c8fd #u0a70/-446 com.google.android.googlequicksearchbox/com.google.android.apps.gsa.tasks.BackgroundTasksJobService u=0 s=10070 TIME=-3d7h58m0s892ms:-3d7h58m0s892ms NET PERIODIC PERSISTED READY}
03-07 12:34:55.947  1823  3138 D OppoBasePowerManagerService: do restore jobs
03-07 12:34:55.948 21100 21933 E Parcel  : Reading a NULL string not supported here.
03-07 12:34:55.950 23306 23336 E Parcel  : Reading a NULL string not supported here.
03-07 12:34:55.951  3943  5977 I WeatherS_WeatherBaseDataTask: after doRequestFromWeatherService getLocationCityDataAndUpdateWeatherInfoIfNeeded result true
03-07 12:34:55.951  3943  5977 I WeatherS_WeatherBaseDataTask:  doRequestFromWeatherService getLocationCityDataAndUpdateWeatherInfoIfNeeded response data true
03-07 12:34:55.952  3943  5977 I WeatherS_WeatherServiceManager: unBindUpdateService true
03-07 12:34:55.952  1823  1823 W Looper  : Slow dispatch took 844ms main h=android.app.ActivityThread$H c=android.app.-$$Lambda$LoadedApk$ReceiverDispatcher$Args$_BumDX2UKsnxLVrE6UJsJZkotuA@f2028c7 m=0
03-07 12:34:55.952  1823  3138 D OppoBasePowerManagerService: do restore jobs
03-07 12:34:55.955  3943  5974 I WeatherS_WeatherBaseDataTask: after doRequestFromWeatherService getLocationCityDataAndUpdateWeatherInfoIfNeeded result true
03-07 12:34:55.956  3943  5974 I WeatherS_WeatherBaseDataTask:  doRequestFromWeatherService getLocationCityDataAndUpdateWeatherInfoIfNeeded response data true
03-07 12:34:55.956  3943  5974 I WeatherS_WeatherServiceManager: unBindUpdateService true
03-07 12:34:55.961 11630 11630 E Parcel  : Reading a NULL string not supported here.
03-07 12:34:55.961  1108  1148 E ANDR-PERF-UTIL: Failed to read /sys/class/devfreq/soc:qcom,cpu0-llcc-ddr-lat/min_freq
03-07 12:34:55.961  1108  1148 E ANDR-PERF-OPTSHANDLER: Failed to read /sys/class/devfreq/soc:qcom,cpu0-llcc-ddr-lat/min_freq
03-07 12:34:55.961  1108  1148 E ANDR-PERF-RESOURCEQS: Failed to apply optimization [13, 12]
03-07 12:34:55.961  1108  1148 E ANDR-PERF-UTIL: Failed to read /sys/class/devfreq/soc:qcom,cpu6-llcc-ddr-lat/min_freq
03-07 12:34:55.961  1108  1148 E ANDR-PERF-OPTSHANDLER: Failed to read /sys/class/devfreq/soc:qcom,cpu6-llcc-ddr-lat/min_freq
03-07 12:34:55.961  1108  1148 E ANDR-PERF-RESOURCEQS: Failed to apply optimization [13, 12]
03-07 12:34:55.966  1823  1823 D OplusNfHooksHelper: Received broadcast:android.intent.action.PACKAGE_REPLACED
03-07 12:34:55.967  1823  1823 D OplusSlaManager: Received broadcast:android.intent.action.PACKAGE_REPLACED
03-07 12:34:55.968  1108  1148 E ANDR-PERF-UTIL: Failed to read /sys/class/devfreq/soc:qcom,cpu0-cpu-llcc-lat/mem_latency/ratio_ceil
03-07 12:34:55.968  1108  1148 E ANDR-PERF-OPTSHANDLER: Failed to read /sys/class/devfreq/soc:qcom,cpu0-cpu-llcc-lat/mem_latency/ratio_ceil
03-07 12:34:55.968  1108  1148 E ANDR-PERF-RESOURCEQS: Failed to apply optimization [13, 8]
03-07 12:34:55.968  1108  1148 E ANDR-PERF-UTIL: Failed to read /sys/class/devfreq/soc:qcom,cpu4-cpu-llcc-lat/mem_latency/ratio_ceil
03-07 12:34:55.968  1108  1148 E ANDR-PERF-OPTSHANDLER: Failed to read /sys/class/devfreq/soc:qcom,cpu4-cpu-llcc-lat/mem_latency/ratio_ceil
03-07 12:34:55.968  1108  1148 E ANDR-PERF-RESOURCEQS: Failed to apply optimization [13, 9]
03-07 12:34:55.952  1823  3138 D OppoBasePowerManagerService: do restore jobs
03-07 12:34:55.968  1823  2537 W ActivityManager: Unable to start service Intent { cmp=com.google.android.googlequicksearchbox/com.google.android.apps.gsa.tasks.BackgroundTasksJobService (has extras) } U=0: not found
03-07 12:34:55.969  1823  2537 D JobScheduler: Error executing JobStatus{c759784 #u0a70/-462 com.google.android.googlequicksearchbox/com.google.android.apps.gsa.tasks.BackgroundTasksJobService u=0 s=10070 TIME=-3d7h58m0s913ms:-3d7h58m0s913ms PERIODIC PERSISTED READY}
03-07 12:34:55.981  1823  2537 W ActivityManager: Unable to start service Intent { cmp=com.google.android.googlequicksearchbox/com.google.android.apps.gsa.tasks.BackgroundTasksJobService (has extras) } U=0: not found
03-07 12:34:55.982  1823  2537 D JobScheduler: Error executing JobStatus{bc75a89 #u0a70/-484 com.google.android.googlequicksearchbox/com.google.android.apps.gsa.tasks.BackgroundTasksJobService u=0 s=10070 TIME=-3d7h58m0s929ms:-3d7h58m0s929ms NET CHARGING PERIODIC PERSISTED READY}
03-07 12:34:55.983  1823  4256 D OppoDisplayPolicy: com.android.systemui, change system app cutoutMode: color always
03-07 12:34:55.986  1823  2537 W ActivityManager: Unable to start service Intent { cmp=com.google.android.googlequicksearchbox/com.google.android.apps.gsa.tasks.BackgroundTasksJobService (has extras) } U=0: not found
03-07 12:34:55.986  1823  2537 D JobScheduler: Error executing JobStatus{bbef7f9 #u0a70/-202 com.google.android.googlequicksearchbox/com.google.android.apps.gsa.tasks.BackgroundTasksJobService u=0 s=10070 TIME=-3d7h58m0s932ms:-3d7h58m0s932ms NET CHARGING PERIODIC PERSISTED READY}
03-07 12:34:55.987  1823  2011 D PowerManagerService: setScreenBrightnessOverrideFromWindowManagerInternal brightness=NaN mScreenBrightnessOverrideFromWindowManager=NaN
03-07 12:34:55.989 11861 11861 I Perf    : Connecting to perf service.
03-07 12:34:55.992  1108  1148 E ANDR-PERF-UTIL: Failed to read /sys/class/devfreq/soc:qcom,cpu0-llcc-ddr-lat/min_freq
03-07 12:34:55.992  1108  1148 E ANDR-PERF-OPTSHANDLER: Failed to read /sys/class/devfreq/soc:qcom,cpu0-llcc-ddr-lat/min_freq
03-07 12:34:55.992  1108  1148 E ANDR-PERF-RESOURCEQS: Failed to apply optimization [13, 12]
03-07 12:34:55.992  1108  1148 E ANDR-PERF-UTIL: Failed to read /sys/class/devfreq/soc:qcom,cpu6-llcc-ddr-lat/min_freq
03-07 12:34:55.992  1108  1148 E ANDR-PERF-OPTSHANDLER: Failed to read /sys/class/devfreq/soc:qcom,cpu6-llcc-ddr-lat/min_freq
03-07 12:34:55.992  1108  1148 E ANDR-PERF-RESOURCEQS: Failed to apply optimization [13, 12]
03-07 12:34:55.995  1823  2537 W ActivityManager: Unable to start service Intent { cmp=com.google.android.googlequicksearchbox/com.google.android.apps.gsa.tasks.BackgroundTasksJobService (has extras) } U=0: not found
03-07 12:34:55.996  1823  2537 D JobScheduler: Error executing JobStatus{8f2d1c1 #u0a70/-362 com.google.android.googlequicksearchbox/com.google.android.apps.gsa.tasks.BackgroundTasksJobService u=0 s=10070 TIME=-3d7h58m0s942ms:-3d7h58m0s942ms PERIODIC PERSISTED READY}
03-07 12:34:55.996 11861 11861 E Perf    :  perftest packageName : com.android.vending App is allowed to use Hide APIs  
03-07 12:34:55.996  1108  1148 E ANDR-PERF-UTIL: Failed to read /sys/class/devfreq/soc:qcom,cpu0-cpu-llcc-lat/mem_latency/ratio_ceil
03-07 12:34:55.996  1108  1148 E ANDR-PERF-OPTSHANDLER: Failed to read /sys/class/devfreq/soc:qcom,cpu0-cpu-llcc-lat/mem_latency/ratio_ceil
03-07 12:34:55.996  1108  1148 E ANDR-PERF-RESOURCEQS: Failed to apply optimization [13, 8]
03-07 12:34:55.996  1108  1148 E ANDR-PERF-UTIL: Failed to read /sys/class/devfreq/soc:qcom,cpu4-cpu-llcc-lat/mem_latency/ratio_ceil
03-07 12:34:55.996  1108  1148 E ANDR-PERF-OPTSHANDLER: Failed to read /sys/class/devfreq/soc:qcom,cpu4-cpu-llcc-lat/mem_latency/ratio_ceil
03-07 12:34:55.996  1108  1148 E ANDR-PERF-RESOURCEQS: Failed to apply optimization [13, 9]
03-07 12:34:55.998  1823  2537 W ActivityManager: Unable to start service Intent { cmp=com.google.android.googlequicksearchbox/com.google.android.apps.gsa.tasks.BackgroundTasksJobService (has extras) } U=0: not found
03-07 12:34:55.998  1823  2537 D JobScheduler: Error executing JobStatus{8bedc16 #u0a70/-148 com.google.android.googlequicksearchbox/com.google.android.apps.gsa.tasks.BackgroundTasksJobService u=0 s=10070 TIME=-3d7h58m0s943ms:-3d7h58m0s943ms NET PERIODIC PERSISTED READY}
03-07 12:34:56.000  1823  2537 W ActivityManager: Unable to start service Intent { cmp=com.google.android.googlequicksearchbox/com.google.android.apps.gsa.tasks.BackgroundTasksJobService (has extras) } U=0: not found
03-07 12:34:56.001  1823  2537 D JobScheduler: Error executing JobStatus{7b956ec #u0a70/-324 com.google.android.googlequicksearchbox/com.google.android.apps.gsa.tasks.BackgroundTasksJobService u=0 s=10070 TIME=-3d7h58m0s946ms:-3d7h58m0s946ms CHARGING PERIODIC PERSISTED READY}
03-07 12:34:56.003  1823  2537 W ActivityManager: Unable to start service Intent { cmp=com.google.android.googlequicksearchbox/com.google.android.apps.gsa.tasks.BackgroundTasksJobService (has extras) } U=0: not found
03-07 12:34:56.003  1823  2537 D JobScheduler: Error executing JobStatus{6c4a3a2 #u0a70/-128 com.google.android.googlequicksearchbox/com.google.android.apps.gsa.tasks.BackgroundTasksJobService u=0 s=10070 TIME=-3d7h58m0s947ms:-3d7h58m0s947ms NET PERIODIC PERSISTED READY}
03-07 12:34:56.004  1823  2537 W ActivityManager: Unable to start service Intent { cmp=com.google.android.googlequicksearchbox/com.google.android.apps.gsa.tasks.BackgroundTasksJobService (has extras) } U=0: not found
03-07 12:34:56.004  1823  2537 D JobScheduler: Error executing JobStatus{653eb6d #u0a70/-406 com.google.android.googlequicksearchbox/com.google.android.apps.gsa.tasks.BackgroundTasksJobService u=0 s=10070 TIME=-3d7h58m0s948ms:-3d7h58m0s948ms NET PERIODIC PERSISTED READY}
03-07 12:34:56.007  1823  2537 W ActivityManager: Unable to start service Intent { cmp=com.google.android.googlequicksearchbox/com.google.android.apps.gsa.tasks.BackgroundTasksJobService (has extras) } U=0: not found
03-07 12:34:56.007 11861 11861 D NetworkSecurityConfig: No Network Security Config specified, using platform default
03-07 12:34:56.008  1823  2537 D JobScheduler: Error executing JobStatus{3ed959f #u0a70/-480 com.google.android.googlequicksearchbox/com.google.android.apps.gsa.tasks.BackgroundTasksJobService u=0 s=10070 TIME=-3d7h58m0s953ms:-3d7h58m0s953ms NET PERIODIC PERSISTED READY}
03-07 12:34:56.011  1823  2537 W ActivityManager: Unable to start service Intent { cmp=com.google.android.googlequicksearchbox/com.google.android.apps.gsa.tasks.BackgroundTasksJobService (has extras) } U=0: not found
03-07 12:34:56.011  1823  2537 D JobScheduler: Error executing JobStatus{1c8a2af #u0a70/-486 com.google.android.googlequicksearchbox/com.google.android.apps.gsa.tasks.BackgroundTasksJobService u=0 s=10070 TIME=-3d7h58m0s959ms:-3d7h58m0s959ms NET PERIODIC PERSISTED READY}
03-07 12:34:56.016  1823  2537 W ActivityManager: Unable to start service Intent { cmp=com.google.android.googlequicksearchbox/com.google.android.apps.gsa.tasks.BackgroundTasksJobService (has extras) } U=0: not found
03-07 12:34:56.017  1823  2537 D JobScheduler: Error executing JobStatus{1c21645 #u0a70/-352 com.google.android.googlequicksearchbox/com.google.android.apps.gsa.tasks.BackgroundTasksJobService u=0 s=10070 TIME=-3d7h58m0s964ms:-3d7h58m0s964ms NET PERIODIC PERSISTED READY}
03-07 12:34:56.022  1823  2537 W ActivityManager: Unable to start service Intent { cmp=com.google.android.googlequicksearchbox/com.google.android.apps.gsa.tasks.BackgroundTasksJobService (has extras) } U=0: not found
03-07 12:34:56.022  1823  2537 D JobScheduler: Error executing JobStatus{cab19a #u0a70/-370 com.google.android.googlequicksearchbox/com.google.android.apps.gsa.tasks.BackgroundTasksJobService u=0 s=10070 TIME=-3d7h58m0s969ms:-3d7h58m0s969ms NET CHARGING PERIODIC PERSISTED READY}
03-07 12:34:56.008 11861 11861 D NetworkSecurityConfig: No Network Security Config specified, using platform default
03-07 12:34:56.024 23306  5622 I Icing   : Usage reports ok 0, Failed Usage reports 0, indexed 0, rejected 0
03-07 12:34:56.025  1823  2537 W ActivityManager: Unable to start service Intent { cmp=com.google.android.googlequicksearchbox/com.google.android.apps.gsa.tasks.BackgroundTasksJobService (has extras) } U=0: not found
03-07 12:34:56.025  1823  2537 D JobScheduler: Error executing JobStatus{6d7a8e #u0a70/-256 com.google.android.googlequicksearchbox/com.google.android.apps.gsa.tasks.BackgroundTasksJobService u=0 s=10070 TIME=-3d7h58m0s972ms:-3d7h58m0s972ms NET CHARGING PERIODIC PERSISTED READY}
03-07 12:34:56.027  1823  2537 W ActivityManager: Unable to start service Intent { cmp=com.coloros.deepthinker/com.coloros.proton.learn.schedule.TrainJobService (has extras) } U=0: not found
03-07 12:34:56.028  1823  2537 D JobScheduler: Error executing JobStatus{e63504a #1000/648162385 com.coloros.deepthinker/com.coloros.proton.learn.schedule.TrainJobService u=0 s=1000 TIME=-3d7h58m0s945ms:-3d7h58m0s945ms PERSISTED READY}
03-07 12:34:56.029  1823  2537 W ActivityManager: Unable to start service Intent { cmp=com.coloros.phonemanager/.safejob.SafeCenterJobService (has extras) } U=0: not found
03-07 12:34:56.029  1823  2537 D JobScheduler: Error executing JobStatus{981795f #1000/2009201 com.coloros.phonemanager/.safejob.SafeCenterJobService u=0 s=10563 TIME=-3d7h58m0s968ms:-3d7h58m0s968ms PERIODIC PERSISTED READY}
03-07 12:34:56.034  4347  4365 I sist.multimedi: Background young concurrent copying GC freed 39363(1887KB) AllocSpace objects, 0(0B) LOS objects, 49% free, 1963KB/3925KB, paused 139us total 100.715ms
03-07 12:34:56.035  4347  4365 W sist.multimedi: Reducing the number of considered missed Gc histogram windows from 145 to 100
03-07 12:34:56.037  1823  1823 W Looper  : Drained
03-07 12:34:56.037 11861 11861 I Finsky:background: [2] Process created at version: 50.3.27-29 [0] [PR] 875414499
03-07 12:34:56.043 10248 11836 I DpmTcmClient: RegisterTcmMonitor from: $Proxy1
03-07 12:34:56.043  2640  2666 D OplusCoreAppService: isPackageContainsOplusCertificates be called
03-07 12:34:56.055  4326 11913 D AppFeatureProviderUtils: getStringForFeature: classify-f.apps.coloros.com
03-07 12:34:56.056  4326 24158 I DpmTcmClient: RegisterTcmMonitor from: $Proxy1
03-07 12:34:56.063 11861 11861 I Finsky:background: [2] [BGP] Initializing early flags...
03-07 12:34:56.064 11861 11861 I Finsky:background: [2] [BGP] Initializing Gservices...
03-07 12:34:56.064  1134  2524 D AudioPolicyService: updateUidStates_l() allowCapture=true because of on TOP AND uses VOICE_RECOGNITION OR uses HOTWORD
03-07 12:34:56.064  1134  2524 D AudioPolicyService: updateUidStates_l() current->uid=10070 current->pid=17223 allowCapture=1 UidState=5 apmStat=1
03-07 12:34:56.069 11861 11861 I Finsky:background: [2] [BGP] Initializing flags...
03-07 12:34:56.077  1134  2524 D AudioPolicyService: updateUidStates_l() allowCapture=true because of on TOP AND uses VOICE_RECOGNITION OR uses HOTWORD
03-07 12:34:56.077  1134  2524 D AudioPolicyService: updateUidStates_l() current->uid=10070 current->pid=17223 allowCapture=1 UidState=5 apmStat=1
03-07 12:34:56.077  1134  2524 D AudioPolicyService: updateUidStates_l() allowCapture=true because of on TOP AND uses VOICE_RECOGNITION OR uses HOTWORD
03-07 12:34:56.077  1134  2524 D AudioPolicyService: updateUidStates_l() current->uid=10070 current->pid=17223 allowCapture=1 UidState=5 apmStat=1
03-07 12:34:56.094 11740 11740 W arme.gamecente: Accessing hidden method Landroid/content/pm/IPackageInstaller$Stub;->asInterface(Landroid/os/IBinder;)Landroid/content/pm/IPackageInstaller; (greylist-max-o, linking, denied)
03-07 12:34:56.095 23340 23340 E ClockFaceSettings: Settings value is not valid JSON
03-07 12:34:56.095 23340 23340 E ClockFaceSettings: org.json.JSONException: Value com.coloros.systemui.keyguard.clock.HorizontalSingleClockController of type java.lang.String cannot be converted to JSONObject
03-07 12:34:56.095 23340 23340 E ClockFaceSettings: 	at org.json.JSON.typeMismatch(JSON.java:112)
03-07 12:34:56.095 23340 23340 E ClockFaceSettings: 	at org.json.JSONObject.<init>(JSONObject.java:169)
03-07 12:34:56.095 23340 23340 E ClockFaceSettings: 	at org.json.JSONObject.<init>(JSONObject.java:182)
03-07 12:34:56.095 23340 23340 E ClockFaceSettings: 	at com.android.keyguard.clock.SettingsWrapper.decode(SettingsWrapper.java:85)
03-07 12:34:56.095 23340 23340 E ClockFaceSettings: 	at com.android.keyguard.clock.SettingsWrapper.getLockScreenCustomClockFace(SettingsWrapper.java:57)
03-07 12:34:56.095 23340 23340 E ClockFaceSettings: 	at com.android.keyguard.clock.ClockManager$AvailableClocks.getClockPlugin(ClockManager.java:398)
03-07 12:34:56.095 23340 23340 E ClockFaceSettings: 	at com.android.keyguard.clock.ClockManager$AvailableClocks.reloadCurrentClock(ClockManager.java:383)
03-07 12:34:56.095 23340 23340 E ClockFaceSettings: 	at com.android.keyguard.clock.ClockManager.reload(ClockManager.java:269)
03-07 12:34:56.095 23340 23340 E ClockFaceSettings: 	at com.android.keyguard.clock.ClockManager$1.onChange(ClockManager.java:91)
03-07 12:34:56.095 23340 23340 E ClockFaceSettings: 	at android.database.ContentObserver.lambda$dispatchChange$0$ContentObserver(ContentObserver.java:282)
03-07 12:34:56.095 23340 23340 E ClockFaceSettings: 	at android.database.-$$Lambda$ContentObserver$MgqiYb2qvgLhoXTioYXq9MvvpNk.run(Unknown Source:10)
03-07 12:34:56.095 23340 23340 E ClockFaceSettings: 	at android.os.Handler.handleCallback(Handler.java:938)
03-07 12:34:56.095 23340 23340 E ClockFaceSettings: 	at android.os.Handler.dispatchMessage(Handler.java:99)
03-07 12:34:56.095 23340 23340 E ClockFaceSettings: 	at android.os.Looper.loop(Looper.java:263)
03-07 12:34:56.095 23340 23340 E ClockFaceSettings: 	at android.app.ActivityThread.main(ActivityThread.java:8296)
03-07 12:34:56.095 23340 23340 E ClockFaceSettings: 	at java.lang.reflect.Method.invoke(Native Method)
03-07 12:34:56.095 23340 23340 E ClockFaceSettings: 	at com.android.internal.os.RuntimeInit$MethodAndArgsCaller.run(RuntimeInit.java:612)
03-07 12:34:56.095 23340 23340 E ClockFaceSettings: 	at com.android.internal.os.ZygoteInit.main(ZygoteInit.java:1006)
03-07 12:34:56.098  1823  4212 I ActivityManager: Killing 8313:com.facebook.appmanager/u0a136 (adj 999): empty #25
03-07 12:34:56.103  1134  2524 D AudioPolicyService: updateUidStates_l() allowCapture=true because of on TOP AND uses VOICE_RECOGNITION OR uses HOTWORD
03-07 12:34:56.103  1134  2524 D AudioPolicyService: updateUidStates_l() current->uid=10070 current->pid=17223 allowCapture=1 UidState=5 apmStat=1
03-07 12:34:56.103  1134  2524 D AudioPolicyService: updateUidStates_l() allowCapture=true because of on TOP AND uses VOICE_RECOGNITION OR uses HOTWORD
03-07 12:34:56.103  1134  2524 D AudioPolicyService: updateUidStates_l() current->uid=10070 current->pid=17223 allowCapture=1 UidState=5 apmStat=1
03-07 12:34:56.108 23340 23340 E ThemeUtils: View class com.coloros.systemui.keyguard.fontvariation.NumberFontVariationTextView is an AppCompat widget that can only be used with a Theme.AppCompat theme (or descendant).
03-07 12:34:56.108 23340 23340 I chatty  : uid=10063(com.android.systemui) identical 1 line
03-07 12:34:56.109 23340 23340 E ThemeUtils: View class com.coloros.systemui.keyguard.fontvariation.NumberFontVariationTextView is an AppCompat widget that can only be used with a Theme.AppCompat theme (or descendant).
03-07 12:34:56.110 23340 23340 E ThemeUtils: View class com.coloros.systemui.keyguard.clock.LunarCalendarTextView is an AppCompat widget that can only be used with a Theme.AppCompat theme (or descendant).
03-07 12:34:56.110 23340 23340 E ThemeUtils: View class com.coloros.systemui.keyguard.fontvariation.GeneralFontVariationTextView is an AppCompat widget that can only be used with a Theme.AppCompat theme (or descendant).
03-07 12:34:56.113 23340 23340 E ThemeUtils: View class com.coloros.systemui.keyguard.clock.ClockExtraTextView is an AppCompat widget that can only be used with a Theme.AppCompat theme (or descendant).
03-07 12:34:56.118  1445  1468 D bspCriticalLog: thermal_monitor gpuss-0-usr: open fail -1
03-07 12:34:56.118  1445  1468 D bspCriticalLog: thermal_monitor cpu-0-0-usr: open fail -1
03-07 12:34:56.118  1445  1468 D bspCriticalLog: thermal_monitor cpu-1-0-usr: open fail -1
03-07 12:34:56.137 11861 11861 I Finsky:background: [2] Finished reading experiment flags from file [0tGUNCGIkbk4o6-fQ335kUYSKwVj4lusnHT-A5Dsy08] numFlags=2162.
03-07 12:34:56.166  1823  4212 D OppoDisplayPolicy: com.android.systemui, change system app cutoutMode: color always
03-07 12:34:56.169  1823  2011 D PowerManagerService: setScreenBrightnessOverrideFromWindowManagerInternal brightness=NaN mScreenBrightnessOverrideFromWindowManager=NaN
03-07 12:34:56.185 23340 23340 E ThemeUtils: View class com.coloros.systemui.keyguard.fontvariation.NumberFontVariationTextView is an AppCompat widget that can only be used with a Theme.AppCompat theme (or descendant).
03-07 12:34:56.186 23340 23340 I chatty  : uid=10063(com.android.systemui) identical 1 line
03-07 12:34:56.187 23340 23340 E ThemeUtils: View class com.coloros.systemui.keyguard.fontvariation.NumberFontVariationTextView is an AppCompat widget that can only be used with a Theme.AppCompat theme (or descendant).
03-07 12:34:56.187 23340 23340 E ThemeUtils: View class com.coloros.systemui.keyguard.clock.LunarCalendarTextView is an AppCompat widget that can only be used with a Theme.AppCompat theme (or descendant).
03-07 12:34:56.188 23340 23340 E ThemeUtils: View class com.coloros.systemui.keyguard.fontvariation.GeneralFontVariationTextView is an AppCompat widget that can only be used with a Theme.AppCompat theme (or descendant).
03-07 12:34:56.188 23340 23340 E ThemeUtils: View class com.coloros.systemui.keyguard.clock.ClockExtraTextView is an AppCompat widget that can only be used with a Theme.AppCompat theme (or descendant).
03-07 12:34:56.210 23306 23336 E Parcel  : Reading a NULL string not supported here.
03-07 12:34:56.211  1823  2040 W Searchables: No web search activity found
03-07 12:34:56.235  1823  2040 D ArtManagerInternalImpl: /data/misc/iorapd/com.jurnalsaham.jurnalsahamihsg/1021100/org.kivy.android.PythonActivity/compiled_traces/compiled_trace.pb doesn't exist
03-07 12:34:56.236  1823  2040 I ActivityTaskManager: Displayed com.jurnalsaham.jurnalsahamihsg/org.kivy.android.PythonActivity: +1s41ms
03-07 12:34:56.236 23306  5622 I Icing   : Usage reports ok 0, Failed Usage reports 0, indexed 0, rejected 0
03-07 12:34:56.244  1823  2751 D DisplayManagerService: Display listener for pid 8313 died.
03-07 12:34:56.247   919   919 I Zygote  : Process 8313 exited due to signal 9 (Killed)
03-07 12:34:56.250  1823  2150 I libprocessgroup: Successfully killed process cgroup uid 10136 pid 8313 in 148ms
03-07 12:34:56.258  1823  2008 D OplusAppBwCore: onUidImportance: 10136, 1000
03-07 12:34:56.284  4326 11913 D EventBus: No subscribers registered for event class com.coloros.deepthinker.common.proton.learn.schedule.a.c
03-07 12:34:56.284  4326 11913 D EventBus: No subscribers registered for event class org.greenrobot.eventbus.NoSubscriberEvent
03-07 12:34:56.294 23306  5622 I Icing   : Indexing com.google.android.gms-apps from com.google.android.gms
03-07 12:34:56.335  1823  2537 W ActivityManager: Unable to start service Intent { cmp=com.nearme.gamecenter/com.heytap.cdo.client.util.BatteryJobService (has extras) } U=0: not found
03-07 12:34:56.335  1823  2537 D JobScheduler: Error executing JobStatus{dc4f3b7 #u0a100/1 com.nearme.gamecenter/com.heytap.cdo.client.util.BatteryJobService u=0 s=10100 TIME=-3d7h58m1s285ms:-3d7h58m1s285ms CHARGING PERIODIC PERSISTED READY}
03-07 12:34:56.337  1823  2537 W ActivityManager: Unable to start service Intent { cmp=com.google.android.googlequicksearchbox/com.google.android.apps.gsa.tasks.BackgroundTasksJobService (has extras) } U=0: not found
03-07 12:34:56.337  1823  2537 D JobScheduler: Error executing JobStatus{f86bacb #u0a70/-358 com.google.android.googlequicksearchbox/com.google.android.apps.gsa.tasks.BackgroundTasksJobService u=0 s=10070 TIME=-3d7h58m1s283ms:-3d7h58m1s283ms NET CHARGING PERIODIC PERSISTED READY}
03-07 12:34:56.338  1823  2537 W ActivityManager: Unable to start service Intent { cmp=com.google.android.googlequicksearchbox/com.google.android.apps.gsa.tasks.BackgroundTasksJobService (has extras) } U=0: not found
03-07 12:34:56.338  1823  2537 D JobScheduler: Error executing JobStatus{f569997 #u0a70/-350 com.google.android.googlequicksearchbox/com.google.android.apps.gsa.tasks.BackgroundTasksJobService u=0 s=10070 TIME=-3d7h58m1s284ms:-3d7h58m1s284ms PERIODIC PERSISTED READY}
03-07 12:34:56.339  1823  2537 W ActivityManager: Unable to start service Intent { cmp=com.google.android.googlequicksearchbox/com.google.android.apps.gsa.tasks.BackgroundTasksJobService (has extras) } U=0: not found
03-07 12:34:56.340  1823  2537 D JobScheduler: Error executing JobStatus{d19c8fd #u0a70/-446 com.google.android.googlequicksearchbox/com.google.android.apps.gsa.tasks.BackgroundTasksJobService u=0 s=10070 TIME=-3d7h58m1s285ms:-3d7h58m1s285ms NET PERIODIC PERSISTED READY}
03-07 12:34:56.341  1823  2537 W ActivityManager: Unable to start service Intent { cmp=com.google.android.googlequicksearchbox/com.google.android.apps.gsa.tasks.BackgroundTasksJobService (has extras) } U=0: not found
03-07 12:34:56.341  1823  2537 D JobScheduler: Error executing JobStatus{c759784 #u0a70/-462 com.google.android.googlequicksearchbox/com.google.android.apps.gsa.tasks.BackgroundTasksJobService u=0 s=10070 TIME=-3d7h58m1s285ms:-3d7h58m1s285ms PERIODIC PERSISTED READY}
03-07 12:34:56.342  1823  2537 W ActivityManager: Unable to start service Intent { cmp=com.google.android.googlequicksearchbox/com.google.android.apps.gsa.tasks.BackgroundTasksJobService (has extras) } U=0: not found
03-07 12:34:56.343  1823  2537 D JobScheduler: Error executing JobStatus{bc75a89 #u0a70/-484 com.google.android.googlequicksearchbox/com.google.android.apps.gsa.tasks.BackgroundTasksJobService u=0 s=10070 TIME=-3d7h58m1s290ms:-3d7h58m1s290ms NET CHARGING PERIODIC PERSISTED READY}
03-07 12:34:56.344  1823  2537 W ActivityManager: Unable to start service Intent { cmp=com.google.android.googlequicksearchbox/com.google.android.apps.gsa.tasks.BackgroundTasksJobService (has extras) } U=0: not found
03-07 12:34:56.344  1823  2537 D JobScheduler: Error executing JobStatus{bbef7f9 #u0a70/-202 com.google.android.googlequicksearchbox/com.google.android.apps.gsa.tasks.BackgroundTasksJobService u=0 s=10070 TIME=-3d7h58m1s289ms:-3d7h58m1s289ms NET CHARGING PERIODIC PERSISTED READY}
03-07 12:34:56.346  1823  2537 W ActivityManager: Unable to start service Intent { cmp=com.google.android.googlequicksearchbox/com.google.android.apps.gsa.tasks.BackgroundTasksJobService (has extras) } U=0: not found
03-07 12:34:56.346  1823  2537 D JobScheduler: Error executing JobStatus{8f2d1c1 #u0a70/-362 com.google.android.googlequicksearchbox/com.google.android.apps.gsa.tasks.BackgroundTasksJobService u=0 s=10070 TIME=-3d7h58m1s292ms:-3d7h58m1s292ms PERIODIC PERSISTED READY}
03-07 12:34:56.347 11740 11943 I TetheringManager: registerTetheringEventCallback:com.nearme.gamecenter
03-07 12:34:56.348  1823  2537 W ActivityManager: Unable to start service Intent { cmp=com.google.android.googlequicksearchbox/com.google.android.apps.gsa.tasks.BackgroundTasksJobService (has extras) } U=0: not found
03-07 12:34:56.348 11861 11861 I Finsky:background: [2] Finished reading experiment flags from file [qLdavlZBZQI_l0p30NHzHKJZCCAOna2SbK-qts1eALo] numFlags=2050.
03-07 12:34:56.349  1823  2537 D JobScheduler: Error executing JobStatus{8bedc16 #u0a70/-148 com.google.android.googlequicksearchbox/com.google.android.apps.gsa.tasks.BackgroundTasksJobService u=0 s=10070 TIME=-3d7h58m1s294ms:-3d7h58m1s294ms NET PERIODIC PERSISTED READY}
03-07 12:34:56.350  1823  2537 W ActivityManager: Unable to start service Intent { cmp=com.google.android.googlequicksearchbox/com.google.android.apps.gsa.tasks.BackgroundTasksJobService (has extras) } U=0: not found
03-07 12:34:56.350  1823  2537 D JobScheduler: Error executing JobStatus{7b956ec #u0a70/-324 com.google.android.googlequicksearchbox/com.google.android.apps.gsa.tasks.BackgroundTasksJobService u=0 s=10070 TIME=-3d7h58m1s295ms:-3d7h58m1s295ms CHARGING PERIODIC PERSISTED READY}
03-07 12:34:56.352  1823  2537 W ActivityManager: Unable to start service Intent { cmp=com.google.android.googlequicksearchbox/com.google.android.apps.gsa.tasks.BackgroundTasksJobService (has extras) } U=0: not found
03-07 12:34:56.352  1823  5569 D ConnectivityService: requestNetwork for uid/pid:10100/11740 NetworkRequest [ TRACK_DEFAULT id=18815, [ Capabilities: INTERNET&NOT_RESTRICTED&TRUSTED Uid: 10100 AdministratorUids: [] RequestorUid: 10100 RequestorPackageName: com.nearme.gamecenter] ]
03-07 12:34:56.352  1823  2537 D JobScheduler: Error executing JobStatus{6c4a3a2 #u0a70/-128 com.google.android.googlequicksearchbox/com.google.android.apps.gsa.tasks.BackgroundTasksJobService u=0 s=10070 TIME=-3d7h58m1s297ms:-3d7h58m1s297ms NET PERIODIC PERSISTED READY}
03-07 12:34:56.353  1823  2512 D ConnectivityService: NetReassign [18815 : null �? 167]
03-07 12:34:56.353  1823  2474 D UntrustedWifiNetworkFactory: got request NetworkRequest [ TRACK_DEFAULT id=18815, [ Capabilities: INTERNET&NOT_RESTRICTED&TRUSTED Uid: 10100 AdministratorUids: [] RequestorUid: 10100 RequestorPackageName: com.nearme.gamecenter] ] with score 79 and providerId 6
03-07 12:34:56.353  1823  2604 D Ethernet: got request NetworkRequest [ TRACK_DEFAULT id=18815, [ Capabilities: INTERNET&NOT_RESTRICTED&TRUSTED Uid: 10100 AdministratorUids: [] RequestorUid: 10100 RequestorPackageName: com.nearme.gamecenter] ] with score 79 and providerId 6
03-07 12:34:56.354  1823  2502 D OplusWifiNetworkFactory2: got request NetworkRequest [ TRACK_DEFAULT id=18815, [ Capabilities: INTERNET&NOT_RESTRICTED&TRUSTED Uid: 10100 AdministratorUids: [] RequestorUid: 10100 RequestorPackageName: com.nearme.gamecenter] ] with score 79 and providerId 6
03-07 12:34:56.354  3273  3273 D PhoneSwitcherNetworkRequstListener: got request NetworkRequest [ TRACK_DEFAULT id=18815, [ Capabilities: INTERNET&NOT_RESTRICTED&TRUSTED Uid: 10100 AdministratorUids: [] RequestorUid: 10100 RequestorPackageName: com.nearme.gamecenter] ] with score 79 and providerId 6
03-07 12:34:56.354  1823  2474 D WifiNetworkFactory: got request NetworkRequest [ TRACK_DEFAULT id=18815, [ Capabilities: INTERNET&NOT_RESTRICTED&TRUSTED Uid: 10100 AdministratorUids: [] RequestorUid: 10100 RequestorPackageName: com.nearme.gamecenter] ] with score 79 and providerId 6
03-07 12:34:56.355  1823  2537 W ActivityManager: Unable to start service Intent { cmp=com.google.android.googlequicksearchbox/com.google.android.apps.gsa.tasks.BackgroundTasksJobService (has extras) } U=0: not found
03-07 12:34:56.355  1823  2537 D JobScheduler: Error executing JobStatus{653eb6d #u0a70/-406 com.google.android.googlequicksearchbox/com.google.android.apps.gsa.tasks.BackgroundTasksJobService u=0 s=10070 TIME=-3d7h58m1s300ms:-3d7h58m1s300ms NET PERIODIC PERSISTED READY}
03-07 12:34:56.358  1823  2537 W ActivityManager: Unable to start service Intent { cmp=com.google.android.googlequicksearchbox/com.google.android.apps.gsa.tasks.BackgroundTasksJobService (has extras) } U=0: not found
03-07 12:34:56.358  1823  2537 D JobScheduler: Error executing JobStatus{3ed959f #u0a70/-480 com.google.android.googlequicksearchbox/com.google.android.apps.gsa.tasks.BackgroundTasksJobService u=0 s=10070 TIME=-3d7h58m1s303ms:-3d7h58m1s303ms NET PERIODIC PERSISTED READY}
03-07 12:34:56.360  1823  2537 W ActivityManager: Unable to start service Intent { cmp=com.google.android.googlequicksearchbox/com.google.android.apps.gsa.tasks.BackgroundTasksJobService (has extras) } U=0: not found
03-07 12:34:56.360  1823  2537 D JobScheduler: Error executing JobStatus{1c8a2af #u0a70/-486 com.google.android.googlequicksearchbox/com.google.android.apps.gsa.tasks.BackgroundTasksJobService u=0 s=10070 TIME=-3d7h58m1s307ms:-3d7h58m1s307ms NET PERIODIC PERSISTED READY}
03-07 12:34:56.361  1823  2537 W ActivityManager: Unable to start service Intent { cmp=com.google.android.googlequicksearchbox/com.google.android.apps.gsa.tasks.BackgroundTasksJobService (has extras) } U=0: not found
03-07 12:34:56.361  1823  2537 D JobScheduler: Error executing JobStatus{1c21645 #u0a70/-352 com.google.android.googlequicksearchbox/com.google.android.apps.gsa.tasks.BackgroundTasksJobService u=0 s=10070 TIME=-3d7h58m1s307ms:-3d7h58m1s307ms NET PERIODIC PERSISTED READY}
03-07 12:34:56.362  1823  2537 W ActivityManager: Unable to start service Intent { cmp=com.google.android.googlequicksearchbox/com.google.android.apps.gsa.tasks.BackgroundTasksJobService (has extras) } U=0: not found
03-07 12:34:56.362  1823  2537 D JobScheduler: Error executing JobStatus{cab19a #u0a70/-370 com.google.android.googlequicksearchbox/com.google.android.apps.gsa.tasks.BackgroundTasksJobService u=0 s=10070 TIME=-3d7h58m1s308ms:-3d7h58m1s308ms NET CHARGING PERIODIC PERSISTED READY}
03-07 12:34:56.363  1823  2537 W ActivityManager: Unable to start service Intent { cmp=com.google.android.googlequicksearchbox/com.google.android.apps.gsa.tasks.BackgroundTasksJobService (has extras) } U=0: not found
03-07 12:34:56.363  1823  2537 D JobScheduler: Error executing JobStatus{6d7a8e #u0a70/-256 com.google.android.googlequicksearchbox/com.google.android.apps.gsa.tasks.BackgroundTasksJobService u=0 s=10070 TIME=-3d7h58m1s310ms:-3d7h58m1s310ms NET CHARGING PERIODIC PERSISTED READY}
03-07 12:34:56.364  1823  2537 W ActivityManager: Unable to start service Intent { cmp=com.coloros.deepthinker/com.coloros.proton.learn.schedule.TrainJobService (has extras) } U=0: not found
03-07 12:34:56.364  1823  2537 D JobScheduler: Error executing JobStatus{e63504a #1000/648162385 com.coloros.deepthinker/com.coloros.proton.learn.schedule.TrainJobService u=0 s=1000 TIME=-3d7h58m1s281ms:-3d7h58m1s281ms PERSISTED READY}
03-07 12:34:56.365  1823  2537 W ActivityManager: Unable to start service Intent { cmp=com.coloros.phonemanager/.safejob.SafeCenterJobService (has extras) } U=0: not found
03-07 12:34:56.365  1823  2537 D JobScheduler: Error executing JobStatus{981795f #1000/2009201 com.coloros.phonemanager/.safejob.SafeCenterJobService u=0 s=10563 TIME=-3d7h58m1s304ms:-3d7h58m1s304ms PERIODIC PERSISTED READY}
03-07 12:34:56.370  1823  1823 W Looper  : Slow dispatch took 264ms main h=com.android.providers.settings.SettingsProvider$SettingsRegistry$MyHandler c=null m=2
03-07 12:34:56.380 11861 11861 I Finsky:background: [2] Finished reading experiment flags from file [NC4vb4Rt3DEe02wxEyZ78LCaaJFPcYwbfCh30gQtA38] numFlags=2050.
03-07 12:34:56.394 23306  5622 E Icing   : Not enough disk space for indexing
03-07 12:34:56.394 23306  5622 I Icing   : Cannot sync untrimmable corpus: no sync
03-07 12:34:56.394 23306  5622 I Icing   : Indexing done com.google.android.gms-apps
03-07 12:34:56.394 23306  5622 E Icing   : Aborting indexing of corpus apps
03-07 12:34:56.400 23306  5622 I Icing   : Indexing com.google.android.gms-apps from com.google.android.gms
03-07 12:34:56.400 23306  5622 E Icing   : Not enough disk space for indexing
03-07 12:34:56.400 23306  5622 I Icing   : Cannot sync untrimmable corpus: no sync
03-07 12:34:56.400 23306  5622 I Icing   : Indexing done com.google.android.gms-apps
03-07 12:34:56.400 23306  5622 E Icing   : Aborting indexing of corpus apps
03-07 12:34:56.400 11861 11861 I Finsky:background: [2] Finished reading experiment flags from file [4kdZUIlCGeON0H-8JQjeHx7rSDYVyfhr7RMVb9zvHF0] numFlags=2050.
03-07 12:34:56.420 11861 11861 I Finsky:background: [2] Finished reading experiment flags from file [dsXvODlesfSs5j9AcjXjgxaUEcq6ely04kGUeeEkuu8] numFlags=2050.
03-07 12:34:56.445 11861 11861 I Finsky:background: [2] Finished reading experiment flags from file [UXCTppjKZFyEtNFJ5sK54g8gShh4IVnX5JbhS-83JH8] numFlags=2050.
03-07 12:34:56.455  1823  2537 W ActivityManager: Unable to start service Intent { cmp=com.nearme.gamecenter/com.heytap.cdo.client.util.BatteryJobService (has extras) } U=0: not found
03-07 12:34:56.456  1823  2537 D JobScheduler: Error executing JobStatus{dc4f3b7 #u0a100/1 com.nearme.gamecenter/com.heytap.cdo.client.util.BatteryJobService u=0 s=10100 TIME=-3d7h58m1s406ms:-3d7h58m1s406ms CHARGING PERIODIC PERSISTED READY}
03-07 12:34:56.456  1823  2537 W ActivityManager: Unable to start service Intent { cmp=com.google.android.googlequicksearchbox/com.google.android.apps.gsa.tasks.BackgroundTasksJobService (has extras) } U=0: not found
03-07 12:34:56.456  1823  2537 D JobScheduler: Error executing JobStatus{f86bacb #u0a70/-358 com.google.android.googlequicksearchbox/com.google.android.apps.gsa.tasks.BackgroundTasksJobService u=0 s=10070 TIME=-3d7h58m1s402ms:-3d7h58m1s402ms NET CHARGING PERIODIC PERSISTED READY}
03-07 12:34:56.457  1823  2537 W ActivityManager: Unable to start service Intent { cmp=com.google.android.googlequicksearchbox/com.google.android.apps.gsa.tasks.BackgroundTasksJobService (has extras) } U=0: not found
03-07 12:34:56.457  1823  2537 D JobScheduler: Error executing JobStatus{f569997 #u0a70/-350 com.google.android.googlequicksearchbox/com.google.android.apps.gsa.tasks.BackgroundTasksJobService u=0 s=10070 TIME=-3d7h58m1s402ms:-3d7h58m1s402ms PERIODIC PERSISTED READY}
03-07 12:34:56.457  1823  2537 W ActivityManager: Unable to start service Intent { cmp=com.google.android.googlequicksearchbox/com.google.android.apps.gsa.tasks.BackgroundTasksJobService (has extras) } U=0: not found
03-07 12:34:56.457  1823  2537 D JobScheduler: Error executing JobStatus{d19c8fd #u0a70/-446 com.google.android.googlequicksearchbox/com.google.android.apps.gsa.tasks.BackgroundTasksJobService u=0 s=10070 TIME=-3d7h58m1s403ms:-3d7h58m1s403ms NET PERIODIC PERSISTED READY}
03-07 12:34:56.458  1823  2537 W ActivityManager: Unable to start service Intent { cmp=com.google.android.googlequicksearchbox/com.google.android.apps.gsa.tasks.BackgroundTasksJobService (has extras) } U=0: not found
03-07 12:34:56.458  1823  2537 D JobScheduler: Error executing JobStatus{c759784 #u0a70/-462 com.google.android.googlequicksearchbox/com.google.android.apps.gsa.tasks.BackgroundTasksJobService u=0 s=10070 TIME=-3d7h58m1s402ms:-3d7h58m1s402ms PERIODIC PERSISTED READY}
03-07 12:34:56.458  1823  2537 W ActivityManager: Unable to start service Intent { cmp=com.google.android.googlequicksearchbox/com.google.android.apps.gsa.tasks.BackgroundTasksJobService (has extras) } U=0: not found
03-07 12:34:56.458  1823  2537 D JobScheduler: Error executing JobStatus{bc75a89 #u0a70/-484 com.google.android.googlequicksearchbox/com.google.android.apps.gsa.tasks.BackgroundTasksJobService u=0 s=10070 TIME=-3d7h58m1s406ms:-3d7h58m1s406ms NET CHARGING PERIODIC PERSISTED READY}
03-07 12:34:56.484  1823  3400 I ColorGameSpaceManager: in handleApplicationSwitchInner ---- gamemode = 0 ----mModeStatus = 0
03-07 12:34:56.486  1108  1148 E ANDR-PERF-UTIL: Failed to read /sys/class/devfreq/soc:qcom,cpu0-llcc-ddr-lat/min_freq
03-07 12:34:56.486  1108  1148 E ANDR-PERF-OPTSHANDLER: Failed to read /sys/class/devfreq/soc:qcom,cpu0-llcc-ddr-lat/min_freq
03-07 12:34:56.486  1108  1148 E ANDR-PERF-RESOURCEQS: Failed to apply optimization [13, 12]
03-07 12:34:56.486  1108  1148 E ANDR-PERF-UTIL: Failed to read /sys/class/devfreq/soc:qcom,cpu6-llcc-ddr-lat/min_freq
03-07 12:34:56.486  1108  1148 E ANDR-PERF-OPTSHANDLER: Failed to read /sys/class/devfreq/soc:qcom,cpu6-llcc-ddr-lat/min_freq
03-07 12:34:56.486  1108  1148 E ANDR-PERF-RESOURCEQS: Failed to apply optimization [13, 12]
03-07 12:34:56.486  1108  1148 E ANDR-PERF-UTIL: Failed to read /sys/class/devfreq/soc:qcom,cpu0-cpu-llcc-lat/mem_latency/ratio_ceil
03-07 12:34:56.486  1108  1148 E ANDR-PERF-OPTSHANDLER: Failed to read /sys/class/devfreq/soc:qcom,cpu0-cpu-llcc-lat/mem_latency/ratio_ceil
03-07 12:34:56.486  1108  1148 E ANDR-PERF-RESOURCEQS: Failed to apply optimization [13, 8]
03-07 12:34:56.486  1108  1148 E ANDR-PERF-UTIL: Failed to read /sys/class/devfreq/soc:qcom,cpu4-cpu-llcc-lat/mem_latency/ratio_ceil
03-07 12:34:56.486  1108  1148 E ANDR-PERF-OPTSHANDLER: Failed to read /sys/class/devfreq/soc:qcom,cpu4-cpu-llcc-lat/mem_latency/ratio_ceil
03-07 12:34:56.486  1108  1148 E ANDR-PERF-RESOURCEQS: Failed to apply optimization [13, 9]
03-07 12:34:56.487 11861 11861 I Finsky:background: [2] Finished reading experiment flags from file [YYoxE-wem37-2zuDR1rm1lDhhhrWyy5L5D5gYHYZirs] numFlags=2050.
03-07 12:34:56.515 11861 11861 I Finsky:background: [2] Finished reading experiment flags from file [cbvY2gqmHe8FqLzE1g6WeelVatuk2kXnqJUDUEcAmNs] numFlags=2050.
03-07 12:34:56.517  5299  5899 I Athena  : MemoryGuardAction: triggerMemory:2000MB, availMemory:2241MB
03-07 12:34:56.532  1823  2371 W ActivityManager: Receiver with filter android.content.IntentFilter@f7db46f already registered for pid 11740, callerPackage is com.nearme.gamecenter
03-07 12:34:56.536 11861 11861 I Finsky:background: [2] Finished reading experiment flags from file [wr8BkvFzjcQ2U3yQt7qF_MQi9KA7qOEEPnyFXvlxIfY] numFlags=2050.
03-07 12:34:56.549 11861 11861 I Finsky:background: [2] Finished reading experiment flags from file [dwdB-0qGYqik5_XYzyMlpF3lAyvnE_csKHsdmqq0crw] numFlags=2050.
03-07 12:34:56.561 11861 11861 I Finsky:background: [2] Finished reading experiment flags from file [t3VVvBjsAVsvcp8Q4LA1FsF9kp69qNdoagrzP6ynD0A] numFlags=2050.
03-07 12:34:56.568 11861 11861 I Finsky:background: [2] [BGP] Initializing crash detector...
03-07 12:34:56.576 11861 11861 I Finsky:background: [2] aica - Registering in memory receiver for android.intent.action.PACKAGE_ADDED and android.intent.action.PACKAGE_REMOVED
03-07 12:34:56.593 11861 11861 I Finsky:background: [2] This process start was not selected for Play memory metrics collection.
03-07 12:34:56.596 11676 11735 V python  : extracting after_kivyhome_fix.png
03-07 12:34:56.598 11861 11861 I Finsky:background: [2] aica - Received: android.intent.action.PACKAGE_ADDED, [RNTEHK_6blyCC_wNG8Yk_0_1l0Hycbve8El6ixm9NOs]
03-07 12:34:56.604 11676 11735 V python  : extracting after_restart_post_deploy.png
03-07 12:34:56.620 11676 11735 V python  : extracting after_tap_180_2265.png
03-07 12:34:56.625 11861 11984 I TetheringManager: registerTetheringEventCallback:com.android.vending
03-07 12:34:56.626 11861 11984 W Settings: Setting download_manager_max_bytes_over_mobile has moved from android.provider.Settings.Secure to android.provider.Settings.Global.
03-07 12:34:56.630 11861 11984 I Finsky:background: [55254] SettingNotFoundException, fall through to G.downloadBytesOverMobileMaximum
03-07 12:34:56.630 11861 11984 W Settings: Setting download_manager_recommended_max_bytes_over_mobile has moved from android.provider.Settings.Secure to android.provider.Settings.Global.
03-07 12:34:56.631 11861 11984 I Finsky:background: [55254] SettingNotFoundException, fall through to G.downloadBytesOverMobileRecommended
03-07 12:34:56.632 11861 11984 I Finsky:background: [55254] registerListener
03-07 12:34:56.635 11861 11984 I Finsky:background: [55254] DFS: Listener added for sab@84773ce
03-07 12:34:56.635 11861 11984 I Finsky:background: [55254] registerListener
03-07 12:34:56.636 11861 11984 I Finsky:background: [55254] registerListener
03-07 12:34:56.636 11861 11984 I Finsky:background: [55254] DFS: Listener added for amhh@6447001
03-07 12:34:56.668 11740 11740 E ANR_LOG : >>> msg's executing time is too long
03-07 12:34:56.668 11740 11740 E ANR_LOG : Blocked msg = { when=-1s811ms what=110 target=android.app.ActivityThread$H obj=AppBindData{appInfo=ApplicationInfo{67cf89b com.nearme.gamecenter}} } , cost  = 1806 ms
03-07 12:34:56.668 11740 11740 E ANR_LOG : >>>Current msg List is:
03-07 12:34:56.668 11740 11740 E ANR_LOG : Current msg <1> = { when=-1s809ms what=113 target=android.app.ActivityThread$H obj=ReceiverData{intent=Intent { act=oppo.intent.action.PACKAGE_REMOVED dat=package:com.jurnalsaham.jurnalsahamihsg flg=0x5000010 cmp=com.nearme.gamecenter/com.heytap.cdo.client.domain.receiver.PackageReceiver (has extras) } packageName=com.nearme.gamecenter resultCode=0 resultData=null resultExtras=null} }
03-07 12:34:56.668 11740 11740 E ANR_LOG : Current msg <2> = { when=-1s209ms what=113 target=android.app.ActivityThread$H obj=ReceiverData{intent=Intent { act=oppo.intent.action.PACKAGE_ADDED dat=package:com.jurnalsaham.jurnalsahamihsg flg=0x5000010 cmp=com.nearme.gamecenter/com.heytap.cdo.client.domain.receiver.PackageReceiver (has extras) } packageName=com.nearme.gamecenter resultCode=0 resultData=null resultExtras=null} }
03-07 12:34:56.668 11740 11740 E ANR_LOG : Current msg <3> = { when=-625ms what=0 target=android.app.ActivityThread$H callback=android.app.LoadedApk$ServiceDispatcher$RunConnection }
03-07 12:34:56.668 11740 11740 E ANR_LOG : Current msg <4> = { when=-287ms what=0 target=android.app.ActivityThread$H callback=android.app.-$$Lambda$SharedPreferencesImpl$EditorImpl$3CAjkhzA131V3V-sLfP2uy0FWZ0 }
03-07 12:34:56.668 11740 11740 E ANR_LOG : Current msg <5> = { when=+2s990ms what=0 target=android.os.Handler callback=com.oplus.nearx.track.internal.remoteconfig.f }
03-07 12:34:56.668 11740 11740 E ANR_LOG : Current msg <6> = { when=+2s991ms what=0 target=android.os.Handler callback=com.oplus.nearx.track.internal.remoteconfig.b }
03-07 12:34:56.668 11740 11740 E ANR_LOG : Current msg <7> = { when=+4s677ms what=0 target=android.os.Handler callback=a80.d$b }
03-07 12:34:56.668 11740 11740 E ANR_LOG : Current msg <8> = { when=+4s948ms what=0 target=android.os.Handler callback=com.heytap.nearx.track.internal.ExceptionHandler$2 }
03-07 12:34:56.668 11740 11740 E ANR_LOG : >>>CURRENT MSG DUMP OVER<<<
03-07 12:34:56.678 11861 11984 I Finsky:background: [55254] IV2: IQv2 is disabled. Recovering all active installs: []
03-07 12:34:56.679  1823  2512 D ConnectivityService: NetReassign [no changes]
03-07 12:34:56.682 11676 11735 V python  : extracting after_tap_540_2265.png
03-07 12:34:56.683  1823  4212 W ActivityManager: Receiver with filter android.content.IntentFilter@549e95e already registered for pid 11740, callerPackage is com.nearme.gamecenter
03-07 12:34:56.688  1823  2371 I ActivityManager: Killing 6140:com.google.android.apps.maps/u0a665 (adj 999): empty #25
03-07 12:34:56.690  1134  2524 D AudioPolicyService: updateUidStates_l() allowCapture=true because of on TOP AND uses VOICE_RECOGNITION OR uses HOTWORD
03-07 12:34:56.690  1134  2524 D AudioPolicyService: updateUidStates_l() current->uid=10070 current->pid=17223 allowCapture=1 UidState=5 apmStat=1
03-07 12:34:56.697  1823  2537 W ActivityManager: Unable to start service Intent { cmp=com.google.android.googlequicksearchbox/com.google.android.apps.gsa.tasks.BackgroundTasksJobService (has extras) } U=0: not found
03-07 12:34:56.697  1823  2537 D JobScheduler: Error executing JobStatus{bbef7f9 #u0a70/-202 com.google.android.googlequicksearchbox/com.google.android.apps.gsa.tasks.BackgroundTasksJobService u=0 s=10070 TIME=-3d7h58m1s642ms:-3d7h58m1s642ms NET CHARGING PERIODIC PERSISTED READY}
03-07 12:34:56.700  1823  2537 W ActivityManager: Unable to start service Intent { cmp=com.google.android.googlequicksearchbox/com.google.android.apps.gsa.tasks.BackgroundTasksJobService (has extras) } U=0: not found
03-07 12:34:56.700  1823  2537 D JobScheduler: Error executing JobStatus{8f2d1c1 #u0a70/-362 com.google.android.googlequicksearchbox/com.google.android.apps.gsa.tasks.BackgroundTasksJobService u=0 s=10070 TIME=-3d7h58m1s646ms:-3d7h58m1s646ms PERIODIC PERSISTED READY}
03-07 12:34:56.702  1823  2537 W ActivityManager: Unable to start service Intent { cmp=com.google.android.googlequicksearchbox/com.google.android.apps.gsa.tasks.BackgroundTasksJobService (has extras) } U=0: not found
03-07 12:34:56.703  1823  2537 D JobScheduler: Error executing JobStatus{8bedc16 #u0a70/-148 com.google.android.googlequicksearchbox/com.google.android.apps.gsa.tasks.BackgroundTasksJobService u=0 s=10070 TIME=-3d7h58m1s648ms:-3d7h58m1s648ms NET PERIODIC PERSISTED READY}
03-07 12:34:56.703  1823  2537 W ActivityManager: Unable to start service Intent { cmp=com.google.android.googlequicksearchbox/com.google.android.apps.gsa.tasks.BackgroundTasksJobService (has extras) } U=0: not found
03-07 12:34:56.704  1823  2537 D JobScheduler: Error executing JobStatus{7b956ec #u0a70/-324 com.google.android.googlequicksearchbox/com.google.android.apps.gsa.tasks.BackgroundTasksJobService u=0 s=10070 TIME=-3d7h58m1s649ms:-3d7h58m1s649ms CHARGING PERIODIC PERSISTED READY}
03-07 12:34:56.705  1823  2537 W ActivityManager: Unable to start service Intent { cmp=com.google.android.googlequicksearchbox/com.google.android.apps.gsa.tasks.BackgroundTasksJobService (has extras) } U=0: not found
03-07 12:34:56.705  1823  2537 D JobScheduler: Error executing JobStatus{6c4a3a2 #u0a70/-128 com.google.android.googlequicksearchbox/com.google.android.apps.gsa.tasks.BackgroundTasksJobService u=0 s=10070 TIME=-3d7h58m1s649ms:-3d7h58m1s649ms NET PERIODIC PERSISTED READY}
03-07 12:34:56.706  1823  2537 W ActivityManager: Unable to start service Intent { cmp=com.google.android.googlequicksearchbox/com.google.android.apps.gsa.tasks.BackgroundTasksJobService (has extras) } U=0: not found
03-07 12:34:56.706  1823  2537 D JobScheduler: Error executing JobStatus{653eb6d #u0a70/-406 com.google.android.googlequicksearchbox/com.google.android.apps.gsa.tasks.BackgroundTasksJobService u=0 s=10070 TIME=-3d7h58m1s650ms:-3d7h58m1s650ms NET PERIODIC PERSISTED READY}
03-07 12:34:56.753  1823  2751 D DisplayManagerService: Display listener for pid 6140 died.
03-07 12:34:56.753  1823  2371 D ConnectivityService: ConnectivityService NetworkRequestInfo binderDied(NetworkRequest [ TRACK_DEFAULT id=18758, [ Capabilities: INTERNET&NOT_RESTRICTED&TRUSTED Uid: 10665 AdministratorUids: [] RequestorUid: 10665 RequestorPackageName: com.google.android.apps.maps] ], android.os.BinderProxy@a1601d3)
03-07 12:34:56.753  1823  2512 D ConnectivityService: releasing NetworkRequest [ TRACK_DEFAULT id=18758, [ Capabilities: INTERNET&NOT_RESTRICTED&TRUSTED Uid: 10665 AdministratorUids: [] RequestorUid: 10665 RequestorPackageName: com.google.android.apps.maps] ] (release request)
03-07 12:34:56.754   919   919 I Zygote  : Process 6140 exited due to signal 9 (Killed)
03-07 12:34:56.761  1823  2150 I libprocessgroup: Successfully killed process cgroup uid 10665 pid 6140 in 72ms
03-07 12:34:56.770  1823  2008 D OplusAppBwCore: onUidImportance: 10665, 1000
03-07 12:34:56.770  1134  2524 D AudioPolicyService: updateUidStates_l() allowCapture=true because of on TOP AND uses VOICE_RECOGNITION OR uses HOTWORD
03-07 12:34:56.770  1134  2524 D AudioPolicyService: updateUidStates_l() current->uid=10070 current->pid=17223 allowCapture=1 UidState=5 apmStat=1
03-07 12:34:56.771  1823  2537 W ActivityManager: Unable to start service Intent { cmp=com.google.android.googlequicksearchbox/com.google.android.apps.gsa.tasks.BackgroundTasksJobService (has extras) } U=0: not found
03-07 12:34:56.771  1823  2537 D JobScheduler: Error executing JobStatus{3ed959f #u0a70/-480 com.google.android.googlequicksearchbox/com.google.android.apps.gsa.tasks.BackgroundTasksJobService u=0 s=10070 TIME=-3d7h58m1s716ms:-3d7h58m1s716ms NET PERIODIC PERSISTED READY}
03-07 12:34:56.772  1823  2537 W ActivityManager: Unable to start service Intent { cmp=com.google.android.googlequicksearchbox/com.google.android.apps.gsa.tasks.BackgroundTasksJobService (has extras) } U=0: not found
03-07 12:34:56.772  1823  2537 D JobScheduler: Error executing JobStatus{1c8a2af #u0a70/-486 com.google.android.googlequicksearchbox/com.google.android.apps.gsa.tasks.BackgroundTasksJobService u=0 s=10070 TIME=-3d7h58m1s720ms:-3d7h58m1s720ms NET PERIODIC PERSISTED READY}
03-07 12:34:56.775  1823  2537 W ActivityManager: Unable to start service Intent { cmp=com.google.android.googlequicksearchbox/com.google.android.apps.gsa.tasks.BackgroundTasksJobService (has extras) } U=0: not found
03-07 12:34:56.775  1823  2537 D JobScheduler: Error executing JobStatus{1c21645 #u0a70/-352 com.google.android.googlequicksearchbox/com.google.android.apps.gsa.tasks.BackgroundTasksJobService u=0 s=10070 TIME=-3d7h58m1s722ms:-3d7h58m1s722ms NET PERIODIC PERSISTED READY}
03-07 12:34:56.777  1823  2537 W ActivityManager: Unable to start service Intent { cmp=com.google.android.googlequicksearchbox/com.google.android.apps.gsa.tasks.BackgroundTasksJobService (has extras) } U=0: not found
03-07 12:34:56.777  1823  2537 D JobScheduler: Error executing JobStatus{cab19a #u0a70/-370 com.google.android.googlequicksearchbox/com.google.android.apps.gsa.tasks.BackgroundTasksJobService u=0 s=10070 TIME=-3d7h58m1s723ms:-3d7h58m1s723ms NET CHARGING PERIODIC PERSISTED READY}
03-07 12:34:56.778  1823  2537 W ActivityManager: Unable to start service Intent { cmp=com.google.android.googlequicksearchbox/com.google.android.apps.gsa.tasks.BackgroundTasksJobService (has extras) } U=0: not found
03-07 12:34:56.778  1823  2537 D JobScheduler: Error executing JobStatus{6d7a8e #u0a70/-256 com.google.android.googlequicksearchbox/com.google.android.apps.gsa.tasks.BackgroundTasksJobService u=0 s=10070 TIME=-3d7h58m1s725ms:-3d7h58m1s725ms NET CHARGING PERIODIC PERSISTED READY}
03-07 12:34:56.790  1823  2537 W ActivityManager: Unable to start service Intent { cmp=com.coloros.deepthinker/com.coloros.proton.learn.schedule.TrainJobService (has extras) } U=0: not found
03-07 12:34:56.790  1823  2537 D JobScheduler: Error executing JobStatus{e63504a #1000/648162385 com.coloros.deepthinker/com.coloros.proton.learn.schedule.TrainJobService u=0 s=1000 TIME=-3d7h58m1s707ms:-3d7h58m1s707ms PERSISTED READY}
03-07 12:34:56.791  1823  2537 W ActivityManager: Unable to start service Intent { cmp=com.coloros.phonemanager/.safejob.SafeCenterJobService (has extras) } U=0: not found
03-07 12:34:56.791  1823  2537 D JobScheduler: Error executing JobStatus{981795f #1000/2009201 com.coloros.phonemanager/.safejob.SafeCenterJobService u=0 s=10563 TIME=-3d7h58m1s731ms:-3d7h58m1s731ms PERIODIC PERSISTED READY}
03-07 12:34:56.954  1823  5401 D ConnectivityService: requestNetwork for uid/pid:10069/11861 NetworkRequest [ TRACK_DEFAULT id=18817, [ Capabilities: INTERNET&NOT_RESTRICTED&TRUSTED Uid: 10069 AdministratorUids: [] RequestorUid: 10069 RequestorPackageName: com.android.vending] ]
03-07 12:34:56.955  1823  2512 D ConnectivityService: NetReassign [18817 : null �? 167]
03-07 12:34:56.955  1823  2474 D UntrustedWifiNetworkFactory: got request NetworkRequest [ TRACK_DEFAULT id=18817, [ Capabilities: INTERNET&NOT_RESTRICTED&TRUSTED Uid: 10069 AdministratorUids: [] RequestorUid: 10069 RequestorPackageName: com.android.vending] ] with score 79 and providerId 6
03-07 12:34:56.955  1823  2474 D WifiNetworkFactory: got request NetworkRequest [ TRACK_DEFAULT id=18817, [ Capabilities: INTERNET&NOT_RESTRICTED&TRUSTED Uid: 10069 AdministratorUids: [] RequestorUid: 10069 RequestorPackageName: com.android.vending] ] with score 79 and providerId 6
03-07 12:34:56.955  3273  3273 D PhoneSwitcherNetworkRequstListener: got request NetworkRequest [ TRACK_DEFAULT id=18817, [ Capabilities: INTERNET&NOT_RESTRICTED&TRUSTED Uid: 10069 AdministratorUids: [] RequestorUid: 10069 RequestorPackageName: com.android.vending] ] with score 79 and providerId 6
03-07 12:34:56.955  1823  2604 D Ethernet: got request NetworkRequest [ TRACK_DEFAULT id=18817, [ Capabilities: INTERNET&NOT_RESTRICTED&TRUSTED Uid: 10069 AdministratorUids: [] RequestorUid: 10069 RequestorPackageName: com.android.vending] ] with score 79 and providerId 6
03-07 12:34:56.955  1823  2502 D OplusWifiNetworkFactory2: got request NetworkRequest [ TRACK_DEFAULT id=18817, [ Capabilities: INTERNET&NOT_RESTRICTED&TRUSTED Uid: 10069 AdministratorUids: [] RequestorUid: 10069 RequestorPackageName: com.android.vending] ] with score 79 and providerId 6
03-07 12:34:56.957 11861 11983 I Finsky:background: [55253] IQ: start evaluating install requests.
03-07 12:34:56.957 11861 11983 I Finsky:background: [55253] IQ: no jobs active. Skipping
03-07 12:34:56.971 11676 11735 V python  : extracting after_tap_900_2265.png
03-07 12:34:57.018 11861 11981 I Finsky:background: [55252] Device is ineligible for platform Cronet and will use embedded Cronet instead.
03-07 12:34:57.029 11676 11735 V python  : extracting ai_agent.pyc
03-07 12:34:57.030 11676 11735 V python  : extracting app.pyc
03-07 12:34:57.033 11676 11735 V python  : extracting assets/
03-07 12:34:57.034 11676 11735 V python  : extracting assets/icons/
03-07 12:34:57.034 11676 11735 V python  : extracting assets/icons/profile.png
03-07 12:34:57.035 11676 11735 V python  : extracting assets/icons/search.png
03-07 12:34:57.035 11676 11735 V python  : extracting assets/icons/stream.png
03-07 12:34:57.036 11676 11735 V python  : extracting assets/icons/watch.png
03-07 12:34:57.036 11676 11735 V python  : extracting daily_automation.pyc
03-07 12:34:57.036 11676 11735 V python  : extracting data/
03-07 12:34:57.037 11676 11735 V python  : extracting data/jurnal/
03-07 12:34:57.037 11676 11735 V python  : extracting data/jurnal/dividends.json
03-07 12:34:57.037 11676 11735 V python  : extracting data/jurnal/holdings_override.json
03-07 12:34:57.038 11676 11735 V python  : extracting data/jurnal/transactions.json
03-07 12:34:57.038 11676 11735 V python  : extracting data/orderbook_overrides/
03-07 12:34:57.038 11676 11735 V python  : extracting data/orderbook_overrides/BBCA.json
03-07 12:34:57.039 11676 11735 V python  : extracting data/screening_results/
03-07 12:34:57.039 11676 11735 V python  : extracting data/screening_results/scan_20260221_103910.csv
03-07 12:34:57.039 11676 11735 V python  : extracting data/screening_results/scan_20260221_105957.csv
03-07 12:34:57.040 11676 11735 V python  : extracting data/screening_results/scan_20260221_111401.csv
03-07 12:34:57.040 11676 11735 V python  : extracting data/screening_results/scan_20260221_111910.csv
03-07 12:34:57.041 11676 11735 V python  : extracting data/screening_results/scan_20260221_124304.csv
03-07 12:34:57.041 11676 11735 V python  : extracting data/screening_results/scan_20260221_124320.csv
03-07 12:34:57.041 11676 11735 V python  : extracting data/screening_results/scan_20260221_140211.csv
03-07 12:34:57.042 11676 11735 V python  : extracting data/screening_results/scan_20260221_154947.csv
03-07 12:34:57.042 11676 11735 V python  : extracting data/screening_results/scan_20260221_224247.csv
03-07 12:34:57.043 11676 11735 V python  : extracting data/screening_results/scan_20260221_225341.csv
03-07 12:34:57.043 11676 11735 V python  : extracting data/screening_results/scan_20260221_225550.csv
03-07 12:34:57.043 11676 11735 V python  : extracting data/screening_results/scan_20260221_225645.csv
03-07 12:34:57.044 11676 11735 V python  : extracting data/screening_results/scan_20260221_230042.csv
03-07 12:34:57.044 11676 11735 V python  : extracting data/screening_results/scan_20260221_230359.csv
03-07 12:34:57.044 11676 11735 V python  : extracting data/screening_results/scan_20260221_230952.csv
03-07 12:34:57.045 11676 11735 V python  : extracting data/screening_results/scan_20260222_130757.csv
03-07 12:34:57.045 11676 11735 V python  : extracting data/screening_results/scan_20260223_203744.csv
03-07 12:34:57.046 11676 11735 V python  : extracting data/screening_results/scan_20260228_114207.csv
03-07 12:34:57.047 11676 11735 V python  : extracting data/screening_results/scan_20260304_180804.csv
03-07 12:34:57.047 11676 11735 V python  : extracting data/screening_results/scan_99999999_000000.csv
03-07 12:34:57.048 11676 11735 V python  : extracting data/stockbit_cache/
03-07 12:34:57.048 11676 11735 V python  : extracting data/stockbit_cache/BBCA_analysis_20260221.json
03-07 12:34:57.048 11676 11735 V python  : extracting data/stockbit_cache/BBNI_analysis_20260221.json
03-07 12:34:57.049 11676 11735 V python  : extracting data/stockbit_cache/BBRI_analysis_20260221.json
03-07 12:34:57.049 11676 11735 V python  : extracting data/stockbit_cache/BDMN_analysis_20260221.json
03-07 12:34:57.049 11676 11735 V python  : extracting data/stockbit_cache/BMRI_analysis_20260221.json
03-07 12:34:57.050 11676 11735 V python  : extracting data/stockbit_cache/BSDE_analysis_20260221.json
03-07 12:34:57.051 11676 11735 V python  : extracting data/stockbit_cache/BSIM_analysis_20260221.json
03-07 12:34:57.052 11676 11735 V python  : extracting data/stockbit_cache/BTPN_analysis_20260221.json
03-07 12:34:57.053 11676 11735 V python  : extracting data/stockbit_cache/BUMI_analysis_20260221.json
03-07 12:34:57.053 11676 11735 V python  : extracting data/stockbit_cache/CPIN_analysis_20260221.json
03-07 12:34:57.054 11676 11735 V python  : extracting data/stockbit_cache/CTBN_analysis_20260221.json
03-07 12:34:57.054 11676 11735 V python  : extracting data/stockbit_cache/ENRG_analysis_20260221.json
03-07 12:34:57.055 11676 11735 V python  : extracting data/stockbit_cache/GGRM_analysis_20260221.json
03-07 12:34:57.055 11676 11735 V python  : extracting data/stockbit_cache/HMSP_analysis_20260221.json
03-07 12:34:57.055 11676 11735 V python  : extracting data/stockbit_cache/INCO_analysis_20260221.json
03-07 12:34:57.056 11676 11735 V python  : extracting data/stockbit_cache/INDS_analysis_20260221.json
03-07 12:34:57.056 11676 11735 V python  : extracting data/stockbit_cache/INTP_analysis_20260221.json
03-07 12:34:57.056 11676 11735 V python  : extracting data/stockbit_cache/ITMG_analysis_20260221.json
03-07 12:34:57.057 11676 11735 V python  : extracting data/stockbit_cache/JSMR_analysis_20260221.json
03-07 12:34:57.057 11676 11735 V python  : extracting data/stockbit_cache/KLBF_analysis_20260221.json
03-07 12:34:57.057 11676 11735 V python  : extracting data/stockbit_cache/MEDC_analysis_20260221.json
03-07 12:34:57.058 11676 11735 V python  : extracting data/stockbit_cache/MIKA_analysis_20260221.json
03-07 12:34:57.058 11676 11735 V python  : extracting data/stockbit_cache/MNCN_analysis_20260221.json
03-07 12:34:57.058 11676 11735 V python  : extracting data/stockbit_cache/PGAS_analysis_20260221.json
03-07 12:34:57.058 11676 11735 V python  : extracting data/stockbit_cache/PJAA_analysis_20260221.json
03-07 12:34:57.059 11676 11735 V python  : extracting data/stockbit_cache/RLCO_analysis_20260221.json
03-07 12:34:57.059 11676 11735 V python  : extracting data/stockbit_cache/SMGR_analysis_20260221.json
03-07 12:34:57.059 11676 11735 V python  : extracting data/stockbit_cache/TINS_analysis_20260221.json
03-07 12:34:57.060 11676 11735 V python  : extracting data/stockbit_cache/TLKM_analysis_20260221.json
03-07 12:34:57.060 11676 11735 V python  : extracting data/stockbit_cache/UNTR_analysis_20260221.json
03-07 12:34:57.060 11676 11735 V python  : extracting data/stockbit_cache/UNVR_analysis_20260221.json
03-07 12:34:57.061 11676 11735 V python  : extracting data/stockbit_cache/WIKA_analysis_20260221.json
03-07 12:34:57.061 11676 11735 V python  : extracting data/stockbit_cache/WSKT_analysis_20260221.json
03-07 12:34:57.061 11676 11735 V python  : extracting data/stockbit_cache/ZATA_analysis_20260221.json
03-07 12:34:57.062 11676 11735 V python  : extracting data/test_exports/
03-07 12:34:57.062 11676 11735 V python  : extracting data/test_exports/backup_20260222_070045.json
03-07 12:34:57.062 11676 11735 V python  : extracting data/test_exports/journal_backup_20260222_070045.csv
03-07 12:34:57.063 11676 11735 V python  : extracting data/test_exports/portfolio_backup_20260222_070045.csv
03-07 12:34:57.063 11676 11735 V python  : extracting data/watchlist.json
03-07 12:34:57.063 11676 11735 V python  : extracting desktop_app.pyc
03-07 12:34:57.064 11676 11735 V python  : extracting desktop_app_bak.pyc
03-07 12:34:57.073 11676 11735 V python  : extracting header_after_left2.png
03-07 12:34:57.131 11861 12033 D HttpFlagsLoader: Not loading HTTP flags because they are disabled in the manifest
03-07 12:34:57.135 11676 11735 V python  : extracting header_after_swipe_left.png
03-07 12:34:57.137  1823  4256 D ConnectivityService: requestNetwork for uid/pid:10069/11861 NetworkRequest [ TRACK_DEFAULT id=18818, [ Capabilities: INTERNET&NOT_RESTRICTED&TRUSTED Uid: 10069 AdministratorUids: [] RequestorUid: 10069 RequestorPackageName: com.android.vending] ]
03-07 12:34:57.138  1823  2512 D ConnectivityService: NetReassign [18818 : null �? 167]
03-07 12:34:57.138  1823  2474 D UntrustedWifiNetworkFactory: got request NetworkRequest [ TRACK_DEFAULT id=18818, [ Capabilities: INTERNET&NOT_RESTRICTED&TRUSTED Uid: 10069 AdministratorUids: [] RequestorUid: 10069 RequestorPackageName: com.android.vending] ] with score 79 and providerId 6
03-07 12:34:57.138  1823  2502 D OplusWifiNetworkFactory2: got request NetworkRequest [ TRACK_DEFAULT id=18818, [ Capabilities: INTERNET&NOT_RESTRICTED&TRUSTED Uid: 10069 AdministratorUids: [] RequestorUid: 10069 RequestorPackageName: com.android.vending] ] with score 79 and providerId 6
03-07 12:34:57.139  1823  2474 D WifiNetworkFactory: got request NetworkRequest [ TRACK_DEFAULT id=18818, [ Capabilities: INTERNET&NOT_RESTRICTED&TRUSTED Uid: 10069 AdministratorUids: [] RequestorUid: 10069 RequestorPackageName: com.android.vending] ] with score 79 and providerId 6
03-07 12:34:57.139  1823  2604 D Ethernet: got request NetworkRequest [ TRACK_DEFAULT id=18818, [ Capabilities: INTERNET&NOT_RESTRICTED&TRUSTED Uid: 10069 AdministratorUids: [] RequestorUid: 10069 RequestorPackageName: com.android.vending] ] with score 79 and providerId 6
03-07 12:34:57.139  3273  3273 D PhoneSwitcherNetworkRequstListener: got request NetworkRequest [ TRACK_DEFAULT id=18818, [ Capabilities: INTERNET&NOT_RESTRICTED&TRUSTED Uid: 10069 AdministratorUids: [] RequestorUid: 10069 RequestorPackageName: com.android.vending] ] with score 79 and providerId 6
03-07 12:34:57.144  1823  2512 D ConnectivityService: NetReassign [no changes]
03-07 12:34:57.180 11861 11981 W linker  : Warning: "/data/app/~~5wRjc0n1u46n6EHse-d8OA==/com.android.vending-gCWFSQapVQR9KmmPsns5VQ==/split_config.arm64_v8a.apk!/lib/arm64-v8a/libcronet.145.0.7582.0.so" unused DT entry: unknown processor-specific (type 0x70000001 arg 0x0) (ignoring)
03-07 12:34:57.252 11861 11980 I Finsky:background: [55251] RECEIVER_PACKAGE_MONITOR_BACKGROUND#logWorkEndAndFinishGoAsync: SUCCESS
03-07 12:34:57.271 11676 11735 V python  : extracting header_after_up2.png
03-07 12:34:57.276 11676 11735 V python  : extracting header_before2.png
03-07 12:34:57.284 11676 11735 V python  : extracting header_before_swipe.png
03-07 12:34:57.286 11676 11735 V python  : extracting launcher.pyc
03-07 12:34:57.287 11676 11735 V python  : extracting main.pyc
03-07 12:34:57.288 11676 11735 V python  : extracting modules/
03-07 12:34:57.289 11676 11735 V python  : extracting modules/__init__.pyc
03-07 12:34:57.290 11676 11735 V python  : extracting modules/auth.pyc
03-07 12:34:57.291 11676 11735 V python  : extracting modules/bandarmology.pyc
03-07 12:34:57.292 11676 11735 V python  : extracting modules/cloud_sync.pyc
03-07 12:34:57.294 11676 11735 V python  : extracting modules/data_fetcher.pyc
03-07 12:34:57.295 11676 11735 V python  : extracting modules/database.pyc
03-07 12:34:57.297 11676 11735 V python  : extracting modules/jurnal_store.pyc
03-07 12:34:57.299 11676 11735 V python  : extracting modules/orderbook_analyzer.pyc
03-07 12:34:57.300 11676 11735 V python  : extracting modules/orderbook_override.pyc
03-07 12:34:57.301 11676 11735 V python  : extracting modules/quote_fetcher.pyc
03-07 12:34:57.302 11676 11735 V python  : extracting modules/stockbit_fetcher.pyc
03-07 12:34:57.305 11676 11735 V python  : extracting modules/stockbit_scraper.pyc
03-07 12:34:57.306 11676 11735 V python  : extracting modules/supabase_session.pyc
03-07 12:34:57.307 11676 11735 V python  : extracting modules/tradingview_fetcher.pyc
03-07 12:34:57.308 11676 11735 V python  : extracting p4a-recipes/
03-07 12:34:57.309 11676 11735 V python  : extracting p4a-recipes/pyjnius/
03-07 12:34:57.309 11676 11735 V python  : extracting p4a-recipes/pyjnius/__init__.pyc
03-07 12:34:57.310 11676 11735 V python  : extracting screening_after_boxlayout_fix.png
03-07 12:34:57.318 11676 11735 V python  : extracting screening_after_fix.png
03-07 12:34:57.322 11676 11735 V python  : extracting screening_after_fix2.png
03-07 12:34:57.327  3273  3273 E OplusNecManagerHelper: com.oplus.nec.OplusNecManager.notifyOrigSignalStrengthChanged [class android.telephony.SignalStrength, int]
03-07 12:34:57.330 11676 11735 V python  : extracting screening_blank_now.png
03-07 12:34:57.333 11676 11735 V python  : extracting screening_controls_compact.png
03-07 12:34:57.339 11676 11735 V python  : extracting screening_controls_outline_small.png
03-07 12:34:57.398 11676 11735 V python  : extracting screening_controls_outline_small_v2.png
03-07 12:34:57.400  8784  8784 I GH.CAR  : onDestroy
03-07 12:34:57.400 11861 12021 I Finsky:background: [55259] Wrote row to frosting DB: 510806
03-07 12:34:57.409 11861 11981 I cn_CronetLibraryLoader: Cronet version: 145.0.7582.0, arch: aarch64
03-07 12:34:57.412  8784  8784 I GH.CAR  : tearDown()
03-07 12:34:57.415 11861 11981 I Finsky:background: [55252] CronetEngine is present. Using Cronet for the networking stack.
03-07 12:34:57.439 11861 12021 I Finsky:background: [55259] Wrote row to frosting DB: 510807
03-07 12:34:57.441 11861 11981 I Finsky:background: [55252] Finished reading experiment flags from file [Se-xCc4LzNyh3UrKMIU2sUf-PUKz4oQEbpKZDMuaFno] numFlags=2042.
03-07 12:34:57.446  8784  8784 I GH.CarService: tearDown()
03-07 12:34:57.446  8784  8784 I GH.DelegateMngCarSvc: tearDown()
03-07 12:34:57.453 11861 11981 I Finsky:background: [55252] Subscription detail: DataSubscriptionInfo{groupIdLevel1=null, serviceProviderName=[82VwW7BhLu2RizChZr17XUiQjVjL-32g3v8qe5Uxmc4], simCarrierId=788}
03-07 12:34:57.454 11676 11735 V python  : extracting screening_debug.png
03-07 12:34:57.457  1134  2524 D AudioPolicyService: updateUidStates_l() allowCapture=true because of on TOP AND uses VOICE_RECOGNITION OR uses HOTWORD
03-07 12:34:57.457  1134  2524 D AudioPolicyService: updateUidStates_l() current->uid=10070 current->pid=17223 allowCapture=1 UidState=5 apmStat=1
03-07 12:34:57.457 11861 12037 D TelephonyRegistryManager: onSubscriptionsChangedListener callback received.
03-07 12:34:57.457 11861 11861 I Finsky:background: [2] onSubscriptionsChanged
03-07 12:34:57.458 11676 11735 V python  : extracting screening_gap_tight_price_color.png
03-07 12:34:57.501 11861 11983 I Finsky:background: [55253] IQ: 0 scheduled install statuses found to proceed. 
03-07 12:34:57.504 11861 12028 I Finsky:background: [55261] IQ: Pruning inactive install requests
03-07 12:34:57.512 11861 12028 I Finsky:background: [55261] Resetting scheduler db
03-07 12:34:57.515 11676 11735 V python  : extracting screening_header_gesture_manual.png
03-07 12:34:57.521 11676 11735 V python  : extracting screening_header_swipe_build.png
03-07 12:34:57.523 11676 11735 V python  : extracting screening_post_fix_blank.png
03-07 12:34:57.525  3294  3972 W Launcher.BadgeProvider: call method = setAppBadgeCount ,argsnull
03-07 12:34:57.526 11861 11981 I Finsky:background: [55252] SCH: Scheduling phonesky job Id: 3-139170, CT: 1772860862676, Constraints: [{ L: 45537327, D: 56337327, C: CHARGING_NONE, I: IDLE_REQUIRED, N: NET_UNMETERED, B: BATTERY_ANY }]
03-07 12:34:57.526 11861 11981 I Finsky:background: [55252] SCH: Scheduling phonesky job Id: 3-139171, CT: 1772860862707, Constraints: [{ L: 0, D: 86400000, C: CHARGING_REQUIRED, I: IDLE_REQUIRED, N: NET_UNMETERED, B: BATTERY_ANY }]
03-07 12:34:57.526 11861 11981 I Finsky:background: [55252] SCH: Scheduling phonesky job Id: 3-139172, CT: 1772860862707, Constraints: [{ L: 45537326, D: 56337326, C: CHARGING_NONE, I: IDLE_REQUIRED, N: NET_UNMETERED, B: BATTERY_ANY }]
03-07 12:34:57.526 11861 11981 I Finsky:background: [55252] SCH: Scheduling phonesky job Id: 3-139173, CT: 1772860862708, Constraints: [{ L: 0, D: 86400000, C: CHARGING_REQUIRED, I: IDLE_REQUIRED, N: NET_UNMETERED, B: BATTERY_ANY }]
03-07 12:34:57.526 11861 11981 I Finsky:background: [55252] SCH: Scheduling phonesky job Id: 3-139174, CT: 1772860862708, Constraints: [{ L: 0, D: 86400000, C: CHARGING_NONE, I: IDLE_REQUIRED, N: NET_UNMETERED, B: BATTERY_ANY }]
03-07 12:34:57.526 11861 11981 I Finsky:background: [55252] SCH: Scheduling phonesky job Id: 47-15, CT: 1772845876603, Constraints: [{ L: 7133812, D: 28733795, C: CHARGING_NONE, I: IDLE_REQUIRED, N: NET_NONE, B: BATTERY_ANY }]
03-07 12:34:57.539 11740 12066 E Parcel  : Reading a NULL string not supported here.
03-07 12:34:57.549 11861 11977 I Finsky:background: [55248] SCH: Scheduling 0 system job(s)
03-07 12:34:57.550 11740 12066 E Parcel  : Reading a NULL string not supported here.
03-07 12:34:57.561 11740 12069 W ActivityThread: ClassLoader.loadClass: The class loader returned by Thread.getContextClassLoader() may fail for processes that host multiple applications. You should explicitly specify a context class loader. For example: Thread.setContextClassLoader(getClass().getClassLoader());
03-07 12:34:57.578 11740 12066 E Parcel  : Reading a NULL string not supported here.
03-07 12:34:57.579 11861 12068 I Finsky:background: [55277] SCH: Canceling job 3-139170
03-07 12:34:57.580 11676 11735 V python  : extracting screening_post_fix_blank_screeningtab.png
03-07 12:34:57.583 11861 12068 I Finsky:background: [55277] WM::SCH: Logging work end for 3-139170
03-07 12:34:57.584 11676 11735 V python  : extracting screening_sticky_android.png
03-07 12:34:57.586 11676 11735 V python  : extracting scripts/
03-07 12:34:57.586 11676 11735 V python  : extracting scripts/cleanup_project.pyc
03-07 12:34:57.587 11676 11735 V python  : extracting sitecustomize.pyc
03-07 12:34:57.588 11676 11735 V python  : extracting p4a_env_vars.txt
03-07 12:34:57.590 11676 11735 V pythonutil: Unpacking /data/app/~~03BxGhrZwhD1UTVM9COh3g==/com.jurnalsaham.jurnalsahamihsg-TL6Ky3hw1VdUoI-RLoHTYQ==/lib/arm64/libpybundle app
03-07 12:34:57.591 11676 11735 V pythonutil: Data version is b027d4a978e5a666b9998d8adbec6dd63d457524
03-07 12:34:57.591 11676 11735 V pythonutil: Extracting /data/app/~~03BxGhrZwhD1UTVM9COh3g==/com.jurnalsaham.jurnalsahamihsg-TL6Ky3hw1VdUoI-RLoHTYQ==/lib/arm64/libpybundle assets.
03-07 12:34:57.592 11676 11735 V python  : extracting _python_bundle/
03-07 12:34:57.592 11676 11735 V python  : extracting _python_bundle/modules/
03-07 12:34:57.593 11676 11735 V python  : extracting _python_bundle/modules/_asyncio.cpython-311.so
03-07 12:34:57.594 11676 11735 V python  : extracting _python_bundle/modules/_bisect.cpython-311.so
03-07 12:34:57.595 11676 11735 V python  : extracting _python_bundle/modules/_blake2.cpython-311.so
03-07 12:34:57.595 11861 11979 I Finsky:background: [55250] SCH: Scheduling phonesky job Id: 3-139172, CT: 1772860862707, Constraints: [{ L: 45537326, D: 56337326, C: CHARGING_NONE, I: IDLE_REQUIRED, N: NET_UNMETERED, B: BATTERY_ANY }]
03-07 12:34:57.595 11861 11979 I Finsky:background: [55250] SCH: Scheduling phonesky job Id: 3-139174, CT: 1772860862708, Constraints: [{ L: 0, D: 86400000, C: CHARGING_NONE, I: IDLE_REQUIRED, N: NET_UNMETERED, B: BATTERY_ANY }]
03-07 12:34:57.597 11676 11735 V python  : extracting _python_bundle/modules/_codecs_cn.cpython-311.so
03-07 12:34:57.601 11676 11735 V python  : extracting _python_bundle/modules/_codecs_hk.cpython-311.so
03-07 12:34:57.604 11676 11735 V python  : extracting _python_bundle/modules/_codecs_iso2022.cpython-311.so
03-07 12:34:57.605 11676 11735 V python  : extracting _python_bundle/modules/_codecs_jp.cpython-311.so
03-07 12:34:57.609 11676 11735 V python  : extracting _python_bundle/modules/_codecs_kr.cpython-311.so
03-07 12:34:57.613 11676 11735 V python  : extracting _python_bundle/modules/_codecs_tw.cpython-311.so
03-07 12:34:57.616 11676 11735 V python  : extracting _python_bundle/modules/_contextvars.cpython-311.so
03-07 12:34:57.617 11676 11735 V python  : extracting _python_bundle/modules/_csv.cpython-311.so
03-07 12:34:57.618 11676 11735 V python  : extracting _python_bundle/modules/_ctypes.cpython-311.so
03-07 12:34:57.621 11676 11735 V python  : extracting _python_bundle/modules/_ctypes_test.cpython-311.so
03-07 12:34:57.622 11676 11735 V python  : extracting _python_bundle/modules/_datetime.cpython-311.so
03-07 12:34:57.625 11676 11735 V python  : extracting _python_bundle/modules/_decimal.cpython-311.so
03-07 12:34:57.625  1823  4256 I ActivityManager: Killing 8596:com.google.android.apps.youtube.creator/u0a18 (adj 999): empty #25
03-07 12:34:57.632 11676 11735 V python  : extracting _python_bundle/modules/_elementtree.cpython-311.so
03-07 12:34:57.634 11676 11735 V python  : extracting _python_bundle/modules/_hashlib.cpython-311.so
03-07 12:34:57.636 11676 11735 V python  : extracting _python_bundle/modules/_heapq.cpython-311.so
03-07 12:34:57.637 11676 11735 V python  : extracting _python_bundle/modules/_json.cpython-311.so
03-07 12:34:57.638 11676 11735 V python  : extracting _python_bundle/modules/_lsprof.cpython-311.so
03-07 12:34:57.639 11676 11735 V python  : extracting _python_bundle/modules/_lzma.cpython-311.so
03-07 12:34:57.640 11676 11735 V python  : extracting _python_bundle/modules/_md5.cpython-311.so
03-07 12:34:57.641 11861 11977 I Finsky:background: [55248] SCH: Scheduling 1 system job(s)
03-07 12:34:57.641 11676 11735 V python  : extracting _python_bundle/modules/_multibytecodec.cpython-311.so
03-07 12:34:57.642 11861 11977 D BaseJobBuilder: set process for client: com.android.vending:background
03-07 12:34:57.642 11861 11977 I Finsky:background: [55248] SCH: Scheduling system job Id: 10514, L: 0, D: 55502392, C: false, I: true, N: 2
03-07 12:34:57.642 11676 11735 V python  : extracting _python_bundle/modules/_multiprocessing.cpython-311.so
03-07 12:34:57.643 11676 11735 V python  : extracting _python_bundle/modules/_opcode.cpython-311.so
03-07 12:34:57.644 11676 11735 V python  : extracting _python_bundle/modules/_pickle.cpython-311.so
03-07 12:34:57.647 11676 11735 V python  : extracting _python_bundle/modules/_posixsubprocess.cpython-311.so
03-07 12:34:57.648 11676 11735 V python  : extracting _python_bundle/modules/_queue.cpython-311.so
03-07 12:34:57.648 11676 11735 V python  : extracting _python_bundle/modules/_random.cpython-311.so
03-07 12:34:57.649 11676 11735 V python  : extracting _python_bundle/modules/_sha1.cpython-311.so
03-07 12:34:57.650 11676 11735 V python  : extracting _python_bundle/modules/_sha256.cpython-311.so
03-07 12:34:57.651 11676 11735 V python  : extracting _python_bundle/modules/_sha3.cpython-311.so
03-07 12:34:57.652 11676 11735 V python  : extracting _python_bundle/modules/_sha512.cpython-311.so
03-07 12:34:57.653 11676 11735 V python  : extracting _python_bundle/modules/_socket.cpython-311.so
03-07 12:34:57.655 11676 11735 V python  : extracting _python_bundle/modules/_sqlite3.cpython-311.so
03-07 12:34:57.658 11676 11735 V python  : extracting _python_bundle/modules/_ssl.cpython-311.so
03-07 12:34:57.661 11676 11735 V python  : extracting _python_bundle/modules/_statistics.cpython-311.so
03-07 12:34:57.662 11676 11735 V python  : extracting _python_bundle/modules/_struct.cpython-311.so
03-07 12:34:57.663 11676 11735 V python  : extracting _python_bundle/modules/_sysconfigdata__linux_aarch64-linux-android.pyc
03-07 12:34:57.664 11676 11735 V python  : extracting _python_bundle/modules/_testbuffer.cpython-311.so
03-07 12:34:57.666 11676 11735 V python  : extracting _python_bundle/modules/_testcapi.cpython-311.so
03-07 12:34:57.669 11676 11735 V python  : extracting _python_bundle/modules/_testclinic.cpython-311.so
03-07 12:34:57.670 11676 11735 V python  : extracting _python_bundle/modules/_testimportmultiple.cpython-311.so
03-07 12:34:57.671 11676 11735 V python  : extracting _python_bundle/modules/_testinternalcapi.cpython-311.so
03-07 12:34:57.672 11676 11735 V python  : extracting _python_bundle/modules/_testmultiphase.cpython-311.so
03-07 12:34:57.673 11676 11735 V python  : extracting _python_bundle/modules/_typing.cpython-311.so
03-07 12:34:57.673 11676 11735 V python  : extracting _python_bundle/modules/_xxsubinterpreters.cpython-311.so
03-07 12:34:57.674 11676 11735 V python  : extracting _python_bundle/modules/_xxtestfuzz.cpython-311.so
03-07 12:34:57.675 11676 11735 V python  : extracting _python_bundle/modules/_zoneinfo.cpython-311.so
03-07 12:34:57.676 11676 11735 V python  : extracting _python_bundle/modules/array.cpython-311.so
03-07 12:34:57.677 11676 11735 V python  : extracting _python_bundle/modules/audioop.cpython-311.so
03-07 12:34:57.679 11676 11735 V python  : extracting _python_bundle/modules/binascii.cpython-311.so
03-07 12:34:57.680 11676 11735 V python  : extracting _python_bundle/modules/cmath.cpython-311.so
03-07 12:34:57.680 11676 11735 V python  : extracting _python_bundle/modules/fcntl.cpython-311.so
03-07 12:34:57.681 11676 11735 V python  : extracting _python_bundle/modules/math.cpython-311.so
03-07 12:34:57.683 11676 11735 V python  : extracting _python_bundle/modules/mmap.cpython-311.so
03-07 12:34:57.684 11676 11735 V python  : extracting _python_bundle/modules/ossaudiodev.cpython-311.so
03-07 12:34:57.685 11676 11735 V python  : extracting _python_bundle/modules/pyexpat.cpython-311.so
03-07 12:34:57.685  1823  5401 D ConnectivityService: ConnectivityService NetworkRequestInfo binderDied(NetworkRequest [ TRACK_DEFAULT id=18783, [ Capabilities: INTERNET&NOT_RESTRICTED&TRUSTED Uid: 10018 AdministratorUids: [] RequestorUid: 10018 RequestorPackageName: com.google.android.apps.youtube.creator] ], android.os.BinderProxy@f4d036e)
03-07 12:34:57.685  1823  2371 D DisplayManagerService: Display listener for pid 8596 died.
03-07 12:34:57.685  1823  4212 D ConnectivityService: ConnectivityService NetworkRequestInfo binderDied(NetworkRequest [ TRACK_DEFAULT id=18784, [ Capabilities: INTERNET&NOT_RESTRICTED&TRUSTED Uid: 10018 AdministratorUids: [] RequestorUid: 10018 RequestorPackageName: com.google.android.apps.youtube.creator] ], android.os.BinderProxy@fea2a0f)
03-07 12:34:57.685  1823  2512 D ConnectivityService: releasing NetworkRequest [ TRACK_DEFAULT id=18783, [ Capabilities: INTERNET&NOT_RESTRICTED&TRUSTED Uid: 10018 AdministratorUids: [] RequestorUid: 10018 RequestorPackageName: com.google.android.apps.youtube.creator] ] (release request)
03-07 12:34:57.685  1823  4212 D ConnectivityService: ConnectivityService NetworkRequestInfo binderDied(NetworkRequest [ TRACK_DEFAULT id=18782, [ Capabilities: INTERNET&NOT_RESTRICTED&TRUSTED Uid: 10018 AdministratorUids: [] RequestorUid: 10018 RequestorPackageName: com.google.android.apps.youtube.creator] ], android.os.BinderProxy@61eaa9c)
03-07 12:34:57.685  1823  4256 D ConnectivityService: ConnectivityService NetworkRequestInfo binderDied(NetworkRequest [ LISTEN id=18785, [ Capabilities: INTERNET&NOT_RESTRICTED&TRUSTED&FOREGROUND Uid: 10018 AdministratorUids: [] RequestorUid: 10018 RequestorPackageName: com.google.android.apps.youtube.creator] ], android.os.BinderProxy@3b25ca5)
03-07 12:34:57.686  1823  2512 D ConnectivityService: releasing NetworkRequest [ TRACK_DEFAULT id=18784, [ Capabilities: INTERNET&NOT_RESTRICTED&TRUSTED Uid: 10018 AdministratorUids: [] RequestorUid: 10018 RequestorPackageName: com.google.android.apps.youtube.creator] ] (release request)
03-07 12:34:57.687  1823  2512 D ConnectivityService: releasing NetworkRequest [ TRACK_DEFAULT id=18782, [ Capabilities: INTERNET&NOT_RESTRICTED&TRUSTED Uid: 10018 AdministratorUids: [] RequestorUid: 10018 RequestorPackageName: com.google.android.apps.youtube.creator] ] (release request)
03-07 12:34:57.689 11676 11735 V python  : extracting _python_bundle/modules/resource.cpython-311.so
03-07 12:34:57.689 11676 11735 V python  : extracting _python_bundle/modules/select.cpython-311.so
03-07 12:34:57.690 11676 11735 V python  : extracting _python_bundle/modules/syslog.cpython-311.so
03-07 12:34:57.691 11676 11735 V python  : extracting _python_bundle/modules/termios.cpython-311.so
03-07 12:34:57.692  1823  2008 D OplusAppBwCore: onUidImportance: 10018, 1000
03-07 12:34:57.692 11676 11735 V python  : extracting _python_bundle/modules/unicodedata.cpython-311.so
03-07 12:34:57.695   919   919 I Zygote  : Process 8596 exited due to signal 9 (Killed)
03-07 12:34:57.697  1823  2150 I libprocessgroup: Successfully killed process cgroup uid 10018 pid 8596 in 64ms
03-07 12:34:57.711 11676 11735 V python  : extracting _python_bundle/modules/xxlimited.cpython-311.so
03-07 12:34:57.712 11676 11735 V python  : extracting _python_bundle/modules/xxlimited_35.cpython-311.so
03-07 12:34:57.712 11676 11735 V python  : extracting _python_bundle/modules/zlib.cpython-311.so
03-07 12:34:57.713 11861 12068 I Finsky:background: [55277] SCH: Canceling job 3-139171
03-07 12:34:57.713 11676 11735 V python  : extracting _python_bundle/site-packages/
03-07 12:34:57.713 11861 12068 I Finsky:background: [55277] WM::SCH: Logging work end for 3-139171
03-07 12:34:57.714 11676 11735 V python  : extracting _python_bundle/site-packages/0deeb2fec52624e647be__mypyc.so
03-07 12:34:57.716 11861 11979 I Finsky:background: [55250] SCH: Scheduling phonesky job Id: 3-139173, CT: 1772860862708, Constraints: [{ L: 0, D: 86400000, C: CHARGING_REQUIRED, I: IDLE_REQUIRED, N: NET_UNMETERED, B: BATTERY_ANY }]
03-07 12:34:57.719 11676 11735 V python  : extracting _python_bundle/site-packages/Kivy-2.3.0-py3.11.egg-info/
03-07 12:34:57.720 11676 11735 V python  : extracting _python_bundle/site-packages/Kivy-2.3.0-py3.11.egg-info/PKG-INFO
03-07 12:34:57.721 11676 11735 V python  : extracting _python_bundle/site-packages/Kivy-2.3.0-py3.11.egg-info/SOURCES.txt
03-07 12:34:57.722 11676 11735 V python  : extracting _python_bundle/site-packages/Kivy-2.3.0-py3.11.egg-info/dependency_links.txt
03-07 12:34:57.723 11676 11735 V python  : extracting _python_bundle/site-packages/Kivy-2.3.0-py3.11.egg-info/requires.txt
03-07 12:34:57.723 11676 11735 V python  : extracting _python_bundle/site-packages/Kivy-2.3.0-py3.11.egg-info/top_level.txt
03-07 12:34:57.723 11676 11735 V python  : extracting _python_bundle/site-packages/_distutils_hack/
03-07 12:34:57.724 11676 11735 V python  : extracting _python_bundle/site-packages/_distutils_hack/__init__.pyc
03-07 12:34:57.724 11676 11735 V python  : extracting _python_bundle/site-packages/_distutils_hack/override.pyc
03-07 12:34:57.725 11676 11735 V python  : extracting _python_bundle/site-packages/android-1.0-py3.11.egg-info/
03-07 12:34:57.725 11676 11735 V python  : extracting _python_bundle/site-packages/android-1.0-py3.11.egg-info/PKG-INFO
03-07 12:34:57.725 11676 11735 V python  : extracting _python_bundle/site-packages/android-1.0-py3.11.egg-info/SOURCES.txt
03-07 12:34:57.726 11676 11735 V python  : extracting _python_bundle/site-packages/android-1.0-py3.11.egg-info/dependency_links.txt
03-07 12:34:57.726 11676 11735 V python  : extracting _python_bundle/site-packages/android-1.0-py3.11.egg-info/top_level.txt
03-07 12:34:57.726 11676 11735 V python  : extracting _python_bundle/site-packages/android/
03-07 12:34:57.727 11676 11735 V python  : extracting _python_bundle/site-packages/android/__init__.pyc
03-07 12:34:57.727 11676 11735 V python  : extracting _python_bundle/site-packages/android/_android.so
03-07 12:34:57.729 11676 11735 V python  : extracting _python_bundle/site-packages/android/_android_billing.so
03-07 12:34:57.731 11676 11735 V python  : extracting _python_bundle/site-packages/android/_ctypes_library_finder.pyc
03-07 12:34:57.732 11676 11735 V python  : extracting _python_bundle/site-packages/android/activity.pyc
03-07 12:34:57.732 11676 11735 V python  : extracting _python_bundle/site-packages/android/billing.pyc
03-07 12:34:57.733 11676 11735 V python  : extracting _python_bundle/site-packages/android/broadcast.pyc
03-07 12:34:57.733 11676 11735 V python  : extracting _python_bundle/site-packages/android/config.pyc
03-07 12:34:57.734 11676 11735 V python  : extracting _python_bundle/site-packages/android/loadingscreen.pyc
03-07 12:34:57.734 11676 11735 V python  : extracting _python_bundle/site-packages/android/mixer.pyc
03-07 12:34:57.734 11676 11735 V python  : extracting _python_bundle/site-packages/android/permissions.pyc
03-07 12:34:57.735 11676 11735 V python  : extracting _python_bundle/site-packages/android/runnable.pyc
03-07 12:34:57.735 11676 11735 V python  : extracting _python_bundle/site-packages/android/storage.pyc
03-07 12:34:57.736 11676 11735 V python  : extracting _python_bundle/site-packages/bin/
03-07 12:34:57.736 11676 11735 V python  : extracting _python_bundle/site-packages/bin/chardetect
03-07 12:34:57.736 11676 11735 V python  : extracting _python_bundle/site-packages/certifi-2026.2.25.dist-info/
03-07 12:34:57.737 11676 11735 V python  : extracting _python_bundle/site-packages/certifi-2026.2.25.dist-info/INSTALLER
03-07 12:34:57.737 11676 11735 V python  : extracting _python_bundle/site-packages/certifi-2026.2.25.dist-info/METADATA
03-07 12:34:57.737 11676 11735 V python  : extracting _python_bundle/site-packages/certifi-2026.2.25.dist-info/RECORD
03-07 12:34:57.738 11861 11983 I Finsky:background: [55253] SCH: Scheduling 1 system job(s)
03-07 12:34:57.738 11676 11735 V python  : extracting _python_bundle/site-packages/certifi-2026.2.25.dist-info/REQUESTED
03-07 12:34:57.738 11861 11983 D BaseJobBuilder: set process for client: com.android.vending:background
03-07 12:34:57.738 11861 11983 I Finsky:background: [55253] SCH: Scheduling system job Id: 10516, L: 0, D: 85564970, C: true, I: true, N: 2
03-07 12:34:57.738 11676 11735 V python  : extracting _python_bundle/site-packages/certifi-2026.2.25.dist-info/WHEEL
03-07 12:34:57.738 11676 11735 V python  : extracting _python_bundle/site-packages/certifi-2026.2.25.dist-info/licenses/
03-07 12:34:57.739 11676 11735 V python  : extracting _python_bundle/site-packages/certifi-2026.2.25.dist-info/licenses/LICENSE
03-07 12:34:57.739 11676 11735 V python  : extracting _python_bundle/site-packages/certifi-2026.2.25.dist-info/top_level.txt
03-07 12:34:57.739 11676 11735 V python  : extracting _python_bundle/site-packages/certifi/
03-07 12:34:57.740 11676 11735 V python  : extracting _python_bundle/site-packages/certifi/__init__.pyc
03-07 12:34:57.740 11676 11735 V python  : extracting _python_bundle/site-packages/certifi/__main__.pyc
03-07 12:34:57.741 11676 11735 V python  : extracting _python_bundle/site-packages/certifi/cacert.pem
03-07 12:34:57.748 11676 11735 V python  : extracting _python_bundle/site-packages/certifi/core.pyc
03-07 12:34:57.750 11676 11735 V python  : extracting _python_bundle/site-packages/certifi/py.typed
03-07 12:34:57.750 11676 11735 V python  : extracting _python_bundle/site-packages/chardet-7.0.1.dist-info/
03-07 12:34:57.750 11676 11735 V python  : extracting _python_bundle/site-packages/chardet-7.0.1.dist-info/INSTALLER
03-07 12:34:57.751 11676 11735 V python  : extracting _python_bundle/site-packages/chardet-7.0.1.dist-info/METADATA
03-07 12:34:57.751 11676 11735 V python  : extracting _python_bundle/site-packages/chardet-7.0.1.dist-info/RECORD
03-07 12:34:57.752 11676 11735 V python  : extracting _python_bundle/site-packages/chardet-7.0.1.dist-info/REQUESTED
03-07 12:34:57.752 11676 11735 V python  : extracting _python_bundle/site-packages/chardet-7.0.1.dist-info/WHEEL
03-07 12:34:57.753 11676 11735 V python  : extracting _python_bundle/site-packages/chardet-7.0.1.dist-info/entry_points.txt
03-07 12:34:57.753 11676 11735 V python  : extracting _python_bundle/site-packages/chardet-7.0.1.dist-info/licenses/
03-07 12:34:57.754 11676 11735 V python  : extracting _python_bundle/site-packages/chardet-7.0.1.dist-info/licenses/LICENSE
03-07 12:34:57.754 11676 11735 V python  : extracting _python_bundle/site-packages/chardet/
03-07 12:34:57.754 11676 11735 V python  : extracting _python_bundle/site-packages/chardet/__init__.pyc
03-07 12:34:57.755 11676 11735 V python  : extracting _python_bundle/site-packages/chardet/__main__.pyc
03-07 12:34:57.755 11676 11735 V python  : extracting _python_bundle/site-packages/chardet/_utils.pyc
03-07 12:34:57.755 11676 11735 V python  : extracting _python_bundle/site-packages/chardet/_version.pyc
03-07 12:34:57.755 11676 11735 V python  : extracting _python_bundle/site-packages/chardet/cli.pyc
03-07 12:34:57.756 11676 11735 V python  : extracting _python_bundle/site-packages/chardet/detector.pyc
03-07 12:34:57.756 11676 11735 V python  : extracting _python_bundle/site-packages/chardet/enums.pyc
03-07 12:34:57.757 11676 11735 V python  : extracting _python_bundle/site-packages/chardet/equivalences.pyc
03-07 12:34:57.757 11676 11735 V python  : extracting _python_bundle/site-packages/chardet/models/
03-07 12:34:57.757 11676 11735 V python  : extracting _python_bundle/site-packages/chardet/models/__init__.pyc
03-07 12:34:57.758 11676 11735 V python  : extracting _python_bundle/site-packages/chardet/models/__init__.so
03-07 12:34:57.758 11676 11735 V python  : extracting _python_bundle/site-packages/chardet/models/confusion.bin
03-07 12:34:57.759 11676 11735 V python  : extracting _python_bundle/site-packages/chardet/models/models.bin
03-07 12:34:57.774 11676 11735 V python  : extracting _python_bundle/site-packages/chardet/models/training_metadata.yaml
03-07 12:34:57.775 11676 11735 V python  : extracting _python_bundle/site-packages/chardet/pipeline/
03-07 12:34:57.775 11676 11735 V python  : extracting _python_bundle/site-packages/chardet/pipeline/__init__.pyc
03-07 12:34:57.776 11676 11735 V python  : extracting _python_bundle/site-packages/chardet/pipeline/ascii.pyc
03-07 12:34:57.776 11676 11735 V python  : extracting _python_bundle/site-packages/chardet/pipeline/binary.pyc
03-07 12:34:57.776 11676 11735 V python  : extracting _python_bundle/site-packages/chardet/pipeline/bom.pyc
03-07 12:34:57.777 11676 11735 V python  : extracting _python_bundle/site-packages/chardet/pipeline/confusion.pyc
03-07 12:34:57.777 11676 11735 V python  : extracting _python_bundle/site-packages/chardet/pipeline/escape.pyc
03-07 12:34:57.778 11676 11735 V python  : extracting _python_bundle/site-packages/chardet/pipeline/escape.so
03-07 12:34:57.778 11676 11735 V python  : extracting _python_bundle/site-packages/chardet/pipeline/markup.pyc
03-07 12:34:57.778 11676 11735 V python  : extracting _python_bundle/site-packages/chardet/pipeline/orchestrator.pyc
03-07 12:34:57.779 11676 11735 V python  : extracting _python_bundle/site-packages/chardet/pipeline/statistical.pyc
03-07 12:34:57.779 11676 11735 V python  : extracting _python_bundle/site-packages/chardet/pipeline/statistical.so
03-07 12:34:57.780 11676 11735 V python  : extracting _python_bundle/site-packages/chardet/pipeline/structural.pyc
03-07 12:34:57.780 11676 11735 V python  : extracting _python_bundle/site-packages/chardet/pipeline/structural.so
03-07 12:34:57.780 11676 11735 V python  : extracting _python_bundle/site-packages/chardet/pipeline/utf1632.pyc
03-07 12:34:57.781 11676 11735 V python  : extracting _python_bundle/site-packages/chardet/pipeline/utf1632.so
03-07 12:34:57.782 11676 11735 V python  : extracting _python_bundle/site-packages/chardet/pipeline/utf8.pyc
03-07 12:34:57.782 11676 11735 V python  : extracting _python_bundle/site-packages/chardet/pipeline/utf8.so
03-07 12:34:57.782 11676 11735 V python  : extracting _python_bundle/site-packages/chardet/pipeline/validity.pyc
03-07 12:34:57.783 11676 11735 V python  : extracting _python_bundle/site-packages/chardet/pipeline/validity.so
03-07 12:34:57.783 11676 11735 V python  : extracting _python_bundle/site-packages/chardet/py.typed
03-07 12:34:57.784 11676 11735 V python  : extracting _python_bundle/site-packages/chardet/registry.pyc
03-07 12:34:57.784 11676 11735 V python  : extracting _python_bundle/site-packages/distutils-precedence.pth
03-07 12:34:57.784 11676 11735 V python  : extracting _python_bundle/site-packages/easy_install.pyc
03-07 12:34:57.785 11676 11735 V python  : extracting _python_bundle/site-packages/idna-3.11.dist-info/
03-07 12:34:57.785 11676 11735 V python  : extracting _python_bundle/site-packages/idna-3.11.dist-info/INSTALLER
03-07 12:34:57.785 11676 11735 V python  : extracting _python_bundle/site-packages/idna-3.11.dist-info/METADATA
03-07 12:34:57.786 11676 11735 V python  : extracting _python_bundle/site-packages/idna-3.11.dist-info/RECORD
03-07 12:34:57.786 11676 11735 V python  : extracting _python_bundle/site-packages/idna-3.11.dist-info/REQUESTED
03-07 12:34:57.786 11676 11735 V python  : extracting _python_bundle/site-packages/idna-3.11.dist-info/WHEEL
03-07 12:34:57.786 11676 11735 V python  : extracting _python_bundle/site-packages/idna-3.11.dist-info/licenses/
03-07 12:34:57.787 11676 11735 V python  : extracting _python_bundle/site-packages/idna-3.11.dist-info/licenses/LICENSE.md
03-07 12:34:57.787 11676 11735 V python  : extracting _python_bundle/site-packages/idna/
03-07 12:34:57.787 11676 11735 V python  : extracting _python_bundle/site-packages/idna/__init__.pyc
03-07 12:34:57.788 11676 11735 V python  : extracting _python_bundle/site-packages/idna/codec.pyc
03-07 12:34:57.788 11676 11735 V python  : extracting _python_bundle/site-packages/idna/compat.pyc
03-07 12:34:57.788 11676 11735 V python  : extracting _python_bundle/site-packages/idna/core.pyc
03-07 12:34:57.789 11676 11735 V python  : extracting _python_bundle/site-packages/idna/idnadata.pyc
03-07 12:34:57.791 11676 11735 V python  : extracting _python_bundle/site-packages/idna/intranges.pyc
03-07 12:34:57.791 11676 11735 V python  : extracting _python_bundle/site-packages/idna/package_data.pyc
03-07 12:34:57.793 11676 11735 V python  : extracting _python_bundle/site-packages/idna/py.typed
03-07 12:34:57.793 11676 11735 V python  : extracting _python_bundle/site-packages/idna/uts46data.pyc
03-07 12:34:57.795 11676 11735 V python  : extracting _python_bundle/site-packages/jnius/
03-07 12:34:57.796 11861 12068 I Finsky:background: [55277] SCH: Canceling job 3-139172
03-07 12:34:57.796 11676 11735 V python  : extracting _python_bundle/site-packages/jnius/__init__.pyc
03-07 12:34:57.796 11861 12068 I Finsky:background: [55277] WM::SCH: Logging work end for 3-139172
03-07 12:34:57.796 11676 11735 V python  : extracting _python_bundle/site-packages/jnius/env.pyc
03-07 12:34:57.797 11676 11735 V python  : extracting _python_bundle/site-packages/jnius/jnius.so
03-07 12:34:57.798 11861 11979 I Finsky:background: [55250] SCH: Scheduling phonesky job Id: 3-139174, CT: 1772860862708, Constraints: [{ L: 0, D: 86400000, C: CHARGING_NONE, I: IDLE_REQUIRED, N: NET_UNMETERED, B: BATTERY_ANY }]
03-07 12:34:57.805 11676 11735 V python  : extracting _python_bundle/site-packages/jnius/reflect.pyc
03-07 12:34:57.806 11676 11735 V python  : extracting _python_bundle/site-packages/jnius/signatures.pyc
03-07 12:34:57.807 11676 11735 V python  : extracting _python_bundle/site-packages/jnius/src/org/
03-07 12:34:57.807 11676 11735 V python  : extracting _python_bundle/site-packages/jnius/src/org/jnius/
03-07 12:34:57.808 11676 11735 V python  : extracting _python_bundle/site-packages/jnius/src/org/jnius/NativeInvocationHandler.class
03-07 12:34:57.808 11676 11735 V python  : extracting _python_bundle/site-packages/jnius/src/org/jnius/NativeInvocationHandler.java
03-07 12:34:57.809 11676 11735 V python  : extracting _python_bundle/site-packages/jnius_config.pyc
03-07 12:34:57.809 11676 11735 V python  : extracting _python_bundle/site-packages/kivy/
03-07 12:34:57.809 11676 11735 V python  : extracting _python_bundle/site-packages/kivy/__init__.pyc
03-07 12:34:57.810 11676 11735 V python  : extracting _python_bundle/site-packages/kivy/_clock.so
03-07 12:34:57.814 11676 11735 V python  : extracting _python_bundle/site-packages/kivy/_event.so
03-07 12:34:57.818 11676 11735 V python  : extracting _python_bundle/site-packages/kivy/_metrics.so
03-07 12:34:57.820 11676 11735 V python  : extracting _python_bundle/site-packages/kivy/_version.pyc
03-07 12:34:57.820 11676 11735 V python  : extracting _python_bundle/site-packages/kivy/animation.pyc
03-07 12:34:57.821 11676 11735 V python  : extracting _python_bundle/site-packages/kivy/app.pyc
03-07 12:34:57.822 11676 11735 V python  : extracting _python_bundle/site-packages/kivy/atlas.pyc
03-07 12:34:57.823 11676 11735 V python  : extracting _python_bundle/site-packages/kivy/base.pyc
03-07 12:34:57.823 11676 11735 V python  : extracting _python_bundle/site-packages/kivy/cache.pyc
03-07 12:34:57.824 11676 11735 V python  : extracting _python_bundle/site-packages/kivy/clock.pyc
03-07 12:34:57.825 11676 11735 V python  : extracting _python_bundle/site-packages/kivy/compat.pyc
03-07 12:34:57.825 11676 11735 V python  : extracting _python_bundle/site-packages/kivy/config.pyc
03-07 12:34:57.826 11676 11735 V python  : extracting _python_bundle/site-packages/kivy/context.pyc
03-07 12:34:57.826 11676 11735 V python  : extracting _python_bundle/site-packages/kivy/core/
03-07 12:34:57.827 11676 11735 V python  : extracting _python_bundle/site-packages/kivy/core/__init__.pyc
03-07 12:34:57.827 11676 11735 V python  : extracting _python_bundle/site-packages/kivy/core/audio/
03-07 12:34:57.828 11676 11735 V python  : extracting _python_bundle/site-packages/kivy/core/audio/__init__.pyc
03-07 12:34:57.828 11676 11735 V python  : extracting _python_bundle/site-packages/kivy/core/audio/audio_android.pyc
03-07 12:34:57.829 11676 11735 V python  : extracting _python_bundle/site-packages/kivy/core/audio/audio_avplayer.pyc
03-07 12:34:57.829 11676 11735 V python  : extracting _python_bundle/site-packages/kivy/core/audio/audio_ffpyplayer.pyc
03-07 12:34:57.830 11676 11735 V python  : extracting _python_bundle/site-packages/kivy/core/audio/audio_gstplayer.pyc
03-07 12:34:57.830 11676 11735 V python  : extracting _python_bundle/site-packages/kivy/core/audio/audio_pygame.pyc
03-07 12:34:57.831 11676 11735 V python  : extracting _python_bundle/site-packages/kivy/core/audio/audio_sdl2.so
03-07 12:34:57.832 11861 11981 I Finsky:background: [55252] SCH: Scheduling 1 system job(s)
03-07 12:34:57.833 11861 11981 D BaseJobBuilder: set process for client: com.android.vending:background
03-07 12:34:57.833 11861 11981 I Finsky:background: [55252] SCH: Scheduling system job Id: 10517, L: 0, D: 85564876, C: false, I: true, N: 2
03-07 12:34:57.833 11676 11735 V python  : extracting _python_bundle/site-packages/kivy/core/camera/
03-07 12:34:57.833 11676 11735 V python  : extracting _python_bundle/site-packages/kivy/core/camera/__init__.pyc
03-07 12:34:57.834 11676 11735 V python  : extracting _python_bundle/site-packages/kivy/core/camera/camera_android.pyc
03-07 12:34:57.835 11676 11735 V python  : extracting _python_bundle/site-packages/kivy/core/camera/camera_gi.pyc
03-07 12:34:57.835 11676 11735 V python  : extracting _python_bundle/site-packages/kivy/core/camera/camera_opencv.pyc
03-07 12:34:57.835 11676 11735 V python  : extracting _python_bundle/site-packages/kivy/core/camera/camera_picamera.pyc
03-07 12:34:57.836 11676 11735 V python  : extracting _python_bundle/site-packages/kivy/core/clipboard/
03-07 12:34:57.836 11676 11735 V python  : extracting _python_bundle/site-packages/kivy/core/clipboard/__init__.pyc
03-07 12:34:57.837 11676 11735 V python  : extracting _python_bundle/site-packages/kivy/core/clipboard/_clipboard_ext.pyc
03-07 12:34:57.837 11676 11735 V python  : extracting _python_bundle/site-packages/kivy/core/clipboard/_clipboard_sdl2.so
03-07 12:34:57.838 11676 11735 V python  : extracting _python_bundle/site-packages/kivy/core/clipboard/clipboard_android.pyc
03-07 12:34:57.838 11676 11735 V python  : extracting _python_bundle/site-packages/kivy/core/clipboard/clipboard_dbusklipper.pyc
03-07 12:34:57.838 11676 11735 V python  : extracting _python_bundle/site-packages/kivy/core/clipboard/clipboard_dummy.pyc
03-07 12:34:57.839 11676 11735 V python  : extracting _python_bundle/site-packages/kivy/core/clipboard/clipboard_gtk3.pyc
03-07 12:34:57.839 11676 11735 V python  : extracting _python_bundle/site-packages/kivy/core/clipboard/clipboard_nspaste.pyc
03-07 12:34:57.839 11676 11735 V python  : extracting _python_bundle/site-packages/kivy/core/clipboard/clipboard_pygame.pyc
03-07 12:34:57.840 11676 11735 V python  : extracting _python_bundle/site-packages/kivy/core/clipboard/clipboard_sdl2.pyc
03-07 12:34:57.840 11676 11735 V python  : extracting _python_bundle/site-packages/kivy/core/clipboard/clipboard_winctypes.pyc
03-07 12:34:57.840 11676 11735 V python  : extracting _python_bundle/site-packages/kivy/core/clipboard/clipboard_xclip.pyc
03-07 12:34:57.841 11676 11735 V python  : extracting _python_bundle/site-packages/kivy/core/clipboard/clipboard_xsel.pyc
03-07 12:34:57.841 11676 11735 V python  : extracting _python_bundle/site-packages/kivy/core/gl/
03-07 12:34:57.841 11676 11735 V python  : extracting _python_bundle/site-packages/kivy/core/gl/__init__.pyc
03-07 12:34:57.842 11676 11735 V python  : extracting _python_bundle/site-packages/kivy/core/image/
03-07 12:34:57.843 11676 11735 V python  : extracting _python_bundle/site-packages/kivy/core/image/__init__.pyc
03-07 12:34:57.844 11676 11735 V python  : extracting _python_bundle/site-packages/kivy/core/image/_img_sdl2.so
03-07 12:34:57.846 11676 11735 V python  : extracting _python_bundle/site-packages/kivy/core/image/img_dds.pyc
03-07 12:34:57.846 11676 11735 V python  : extracting _python_bundle/site-packages/kivy/core/image/img_ffpyplayer.pyc
03-07 12:34:57.847 11676 11735 V python  : extracting _python_bundle/site-packages/kivy/core/image/img_pil.pyc
03-07 12:34:57.847 11676 11735 V python  : extracting _python_bundle/site-packages/kivy/core/image/img_pygame.pyc
03-07 12:34:57.848 11676 11735 V python  : extracting _python_bundle/site-packages/kivy/core/image/img_sdl2.pyc
03-07 12:34:57.848 11676 11735 V python  : extracting _python_bundle/site-packages/kivy/core/image/img_tex.pyc
03-07 12:34:57.849 11676 11735 V python  : extracting _python_bundle/site-packages/kivy/core/spelling/
03-07 12:34:57.849 11676 11735 V python  : extracting _python_bundle/site-packages/kivy/core/spelling/__init__.pyc
03-07 12:34:57.849 11676 11735 V python  : extracting _python_bundle/site-packages/kivy/core/spelling/spelling_enchant.pyc
03-07 12:34:57.850 11676 11735 V python  : extracting _python_bundle/site-packages/kivy/core/text/
03-07 12:34:57.850 11676 11735 V python  : extracting _python_bundle/site-packages/kivy/core/text/__init__.pyc
03-07 12:34:57.852 11676 11735 V python  : extracting _python_bundle/site-packages/kivy/core/text/_text_sdl2.so
03-07 12:34:57.853 11676 11735 V python  : extracting _python_bundle/site-packages/kivy/core/text/markup.pyc
03-07 12:34:57.855 11676 11735 V python  : extracting _python_bundle/site-packages/kivy/core/text/text_layout.so
03-07 12:34:57.858 11676 11735 V python  : extracting _python_bundle/site-packages/kivy/core/text/text_pango.pyc
03-07 12:34:57.859 11676 11735 V python  : extracting _python_bundle/site-packages/kivy/core/text/text_pil.pyc
03-07 12:34:57.861 11676 11735 V python  : extracting _python_bundle/site-packages/kivy/core/text/text_pygame.pyc
03-07 12:34:57.861 11676 11735 V python  : extracting _python_bundle/site-packages/kivy/core/text/text_sdl2.pyc
03-07 12:34:57.862 11676 11735 V python  : extracting _python_bundle/site-packages/kivy/core/video/
03-07 12:34:57.862 11676 11735 V python  : extracting _python_bundle/site-packages/kivy/core/video/__init__.pyc
03-07 12:34:57.863 11676 11735 V python  : extracting _python_bundle/site-packages/kivy/core/video/video_ffmpeg.pyc
03-07 12:34:57.863 11676 11735 V python  : extracting _python_bundle/site-packages/kivy/core/video/video_ffpyplayer.pyc
03-07 12:34:57.864 11676 11735 V python  : extracting _python_bundle/site-packages/kivy/core/video/video_gstplayer.pyc
03-07 12:34:57.864 11676 11735 V python  : extracting _python_bundle/site-packages/kivy/core/video/video_null.pyc
03-07 12:34:57.864 11676 11735 V python  : extracting _python_bundle/site-packages/kivy/core/window/
03-07 12:34:57.865 11676 11735 V python  : extracting _python_bundle/site-packages/kivy/core/window/__init__.pyc
03-07 12:34:57.866 11676 11735 V python  : extracting _python_bundle/site-packages/kivy/core/window/_window_sdl2.so
03-07 12:34:57.869 11676 11735 V python  : extracting _python_bundle/site-packages/kivy/core/window/window_egl_rpi.pyc
03-07 12:34:57.869 11676 11735 V python  : extracting _python_bundle/site-packages/kivy/core/window/window_info.so
03-07 12:34:57.870 11676 11735 V python  : extracting _python_bundle/site-packages/kivy/core/window/window_pygame.pyc
03-07 12:34:57.871 11676 11735 V python  : extracting _python_bundle/site-packages/kivy/core/window/window_sdl2.pyc
03-07 12:34:57.872 11676 11735 V python  : extracting _python_bundle/site-packages/kivy/data/
03-07 12:34:57.872 11861 12068 I Finsky:background: [55277] SCH: Canceling job 3-139173
03-07 12:34:57.872 11861 12068 I Finsky:background: [55277] WM::SCH: Logging work end for 3-139173
03-07 12:34:57.872 11676 11735 V python  : extracting _python_bundle/site-packages/kivy/data/fonts/
03-07 12:34:57.873 11676 11735 V python  : extracting _python_bundle/site-packages/kivy/data/fonts/DejaVuSans.ttf
03-07 12:34:57.874 11861 11979 I Finsky:background: [55250] SCH: no pending jobs to schedule.
03-07 12:34:57.880 11861 12068 I Finsky:background: [55277] SCH: Canceling job 3-139174
03-07 12:34:57.880 11861 12068 I Finsky:background: [55277] WM::SCH: Logging work end for 3-139174
03-07 12:34:57.882 11861 11981 I Finsky:background: [55252] SCH: no pending jobs to schedule.
03-07 12:34:57.887 11676 11735 V python  : extracting _python_bundle/site-packages/kivy/data/fonts/Roboto-Bold.ttf
03-07 12:34:57.892 11676 11735 V python  : extracting _python_bundle/site-packages/kivy/data/fonts/Roboto-BoldItalic.ttf
03-07 12:34:57.896 11676 11735 V python  : extracting _python_bundle/site-packages/kivy/data/fonts/Roboto-Italic.ttf
03-07 12:34:57.900 11676 11735 V python  : extracting _python_bundle/site-packages/kivy/data/fonts/Roboto-Regular.ttf
03-07 12:34:57.903 11861 12028 I Finsky:background: [55261] IQ: Creating job 139175, for (REQ_DEVICE_IDLE, REQ_GEARHEAD_PROJECTION_OFF, MIN_BATTERY=20, SHOULD_APPLY_BUDGET=true, NETWORK=UNMETERED, PROVISIONING_STATE=PROVISIONED, BACKUP_MANAGER_STATE=BACKUP_READY, TIME=[2026-03-07T18:00:00Z-2026-03-07T21:00:00Z], AUTHENTICATION_REQUIRED)
03-07 12:34:57.903 11861 12028 I Finsky:background: [55261] IQ: Creating job 139176, for (REQ_CHARGING, REQ_DEVICE_IDLE, REQ_GEARHEAD_PROJECTION_OFF, NETWORK=UNMETERED, PROVISIONING_STATE=PROVISIONED, BACKUP_MANAGER_STATE=BACKUP_READY, AUTHENTICATION_REQUIRED)
03-07 12:34:57.903 11861 12028 I Finsky:background: [55261] IQ: Creating job 139177, for (REQ_DEVICE_IDLE, REQ_GEARHEAD_PROJECTION_OFF, MIN_BATTERY=20, SHOULD_APPLY_BUDGET=true, IGNORE_HOLDOFF=true, NETWORK=UNMETERED, PROVISIONING_STATE=PROVISIONED, BACKUP_MANAGER_STATE=BACKUP_READY, TIME=[2026-03-07T18:00:00Z-2026-03-07T21:00:00Z], AUTHENTICATION_REQUIRED)
03-07 12:34:57.904 11861 12028 I Finsky:background: [55261] IQ: Creating job 139178, for (REQ_CHARGING, REQ_DEVICE_IDLE, REQ_GEARHEAD_PROJECTION_OFF, IGNORE_HOLDOFF=true, NETWORK=UNMETERED, PROVISIONING_STATE=PROVISIONED, BACKUP_MANAGER_STATE=BACKUP_READY, AUTHENTICATION_REQUIRED)
03-07 12:34:57.904 11861 12028 I Finsky:background: [55261] IQ: Creating job 139179, for (REQ_DEVICE_IDLE, REQ_GEARHEAD_PROJECTION_OFF, MIN_BATTERY=20, SHOULD_APPLY_BUDGET=true, IGNORE_HOLDOFF=true, NETWORK=UNMETERED, PROVISIONING_STATE=PROVISIONED, BACKUP_MANAGER_STATE=BACKUP_READY, AUTHENTICATION_REQUIRED)
03-07 12:34:57.904 11861 12028 I Finsky:background: [55261] IQ: Bulk scheduling created jobs
03-07 12:34:57.904 11676 11735 V python  : extracting _python_bundle/site-packages/kivy/data/fonts/RobotoMono-Regular.ttf
03-07 12:34:57.904 11861 12028 I Finsky:background: [55261] SCH: Received scheduling request: Id: 3-139175, Constraints: [{ L: 44702097, D: 55502097, C: CHARGING_NONE, I: IDLE_REQUIRED, N: NET_UNMETERED, B: BATTERY_ANY }]
03-07 12:34:57.907 11676 11735 V python  : extracting _python_bundle/site-packages/kivy/data/glsl/
03-07 12:34:57.908 11676 11735 V python  : extracting _python_bundle/site-packages/kivy/data/glsl/default.fs
03-07 12:34:57.908 11676 11735 V python  : extracting _python_bundle/site-packages/kivy/data/glsl/default.png
03-07 12:34:57.908 11676 11735 V python  : extracting _python_bundle/site-packages/kivy/data/glsl/default.vs
03-07 12:34:57.909 11676 11735 V python  : extracting _python_bundle/site-packages/kivy/data/glsl/header.fs
03-07 12:34:57.909 11676 11735 V python  : extracting _python_bundle/site-packages/kivy/data/glsl/header.vs
03-07 12:34:57.909 11676 11735 V python  : extracting _python_bundle/site-packages/kivy/data/images/
03-07 12:34:57.909 11676 11735 V python  : extracting _python_bundle/site-packages/kivy/data/images/background.jpg
03-07 12:34:57.910 11676 11735 V python  : extracting _python_bundle/site-packages/kivy/data/images/cursor.png
03-07 12:34:57.910 11676 11735 V python  : extracting _python_bundle/site-packages/kivy/data/images/defaultshape.png
03-07 12:34:57.911 11676 11735 V python  : extracting _python_bundle/site-packages/kivy/data/images/defaulttheme-0.png
03-07 12:34:57.913 11676 11735 V python  : extracting _python_bundle/site-packages/kivy/data/images/defaulttheme.atlas
03-07 12:34:57.914 11676 11735 V python  : extracting _python_bundle/site-packages/kivy/data/images/image-loading.gif
03-07 12:34:57.914 11676 11735 V python  : extracting _python_bundle/site-packages/kivy/data/images/image-loading.zip
03-07 12:34:57.915 11676 11735 V python  : extracting _python_bundle/site-packages/kivy/data/images/testpattern.png
03-07 12:34:57.915 11676 11735 V python  : extracting _python_bundle/site-packages/kivy/data/keyboards/
03-07 12:34:57.915 11676 11735 V python  : extracting _python_bundle/site-packages/kivy/data/keyboards/azerty.json
03-07 12:34:57.916 11676 11735 V python  : extracting _python_bundle/site-packages/kivy/data/keyboards/de.json
03-07 12:34:57.916 11676 11735 V python  : extracting _python_bundle/site-packages/kivy/data/keyboards/de_CH.json
03-07 12:34:57.917 11676 11735 V python  : extracting _python_bundle/site-packages/kivy/data/keyboards/en_US.json
03-07 12:34:57.917 11676 11735 V python  : extracting _python_bundle/site-packages/kivy/data/keyboards/es_ES.json
03-07 12:34:57.917 11676 11735 V python  : extracting _python_bundle/site-packages/kivy/data/keyboards/fr_CH.json
03-07 12:34:57.917 11676 11735 V python  : extracting _python_bundle/site-packages/kivy/data/keyboards/qwerty.json
03-07 12:34:57.918 11676 11735 V python  : extracting _python_bundle/site-packages/kivy/data/keyboards/qwertz.json
03-07 12:34:57.918 11676 11735 V python  : extracting _python_bundle/site-packages/kivy/data/logo/
03-07 12:34:57.918 11676 11735 V python  : extracting _python_bundle/site-packages/kivy/data/logo/kivy-icon-128.png
03-07 12:34:57.919 11676 11735 V python  : extracting _python_bundle/site-packages/kivy/data/logo/kivy-icon-16.png
03-07 12:34:57.919 11676 11735 V python  : extracting _python_bundle/site-packages/kivy/data/logo/kivy-icon-24.png
03-07 12:34:57.919 11676 11735 V python  : extracting _python_bundle/site-packages/kivy/data/logo/kivy-icon-256.png
03-07 12:34:57.920 11676 11735 V python  : extracting _python_bundle/site-packages/kivy/data/logo/kivy-icon-32.png
03-07 12:34:57.920 11676 11735 V python  : extracting _python_bundle/site-packages/kivy/data/logo/kivy-icon-48.png
03-07 12:34:57.921 11676 11735 V python  : extracting _python_bundle/site-packages/kivy/data/logo/kivy-icon-512.png
03-07 12:34:57.921 11676 11735 V python  : extracting _python_bundle/site-packages/kivy/data/logo/kivy-icon-64.ico
03-07 12:34:57.922 11676 11735 V python  : extracting _python_bundle/site-packages/kivy/data/logo/kivy-icon-64.png
03-07 12:34:57.922 11676 11735 V python  : extracting _python_bundle/site-packages/kivy/data/settings_kivy.json
03-07 12:34:57.923 11676 11735 V python  : extracting _python_bundle/site-packages/kivy/data/style.kv
03-07 12:34:57.923 11676 11735 V python  : extracting _python_bundle/site-packages/kivy/deps/
03-07 12:34:57.924 11676 11735 V python  : extracting _python_bundle/site-packages/kivy/deps/__init__.pyc
03-07 12:34:57.924 11676 11735 V python  : extracting _python_bundle/site-packages/kivy/effects/
03-07 12:34:57.924 11676 11735 V python  : extracting _python_bundle/site-packages/kivy/effects/__init__.pyc
03-07 12:34:57.925 11676 11735 V python  : extracting _python_bundle/site-packages/kivy/effects/dampedscroll.pyc
03-07 12:34:57.925 11676 11735 V python  : extracting _python_bundle/site-packages/kivy/effects/kinetic.pyc
03-07 12:34:57.925 11676 11735 V python  : extracting _python_bundle/site-packages/kivy/effects/opacityscroll.pyc
03-07 12:34:57.926 11676 11735 V python  : extracting _python_bundle/site-packages/kivy/effects/scroll.pyc
03-07 12:34:57.926 11861 12028 D WM-PackageManagerHelper: Skipping component enablement for androidx.work.impl.background.systemjob.SystemJobService
03-07 12:34:57.926 11861 12028 D WM-Schedulers: Created SystemJobScheduler and enabled SystemJobService
03-07 12:34:57.926 11676 11735 V python  : extracting _python_bundle/site-packages/kivy/event.pyc
03-07 12:34:57.926 11676 11735 V python  : extracting _python_bundle/site-packages/kivy/eventmanager/
03-07 12:34:57.927 11676 11735 V python  : extracting _python_bundle/site-packages/kivy/eventmanager/__init__.pyc
03-07 12:34:57.927 11676 11735 V python  : extracting _python_bundle/site-packages/kivy/extras/
03-07 12:34:57.927 11676 11735 V python  : extracting _python_bundle/site-packages/kivy/extras/__init__.pyc
03-07 12:34:57.927 11676 11735 V python  : extracting _python_bundle/site-packages/kivy/extras/highlight.pyc
03-07 12:34:57.928 11676 11735 V python  : extracting _python_bundle/site-packages/kivy/factory.pyc
03-07 12:34:57.928 11676 11735 V python  : extracting _python_bundle/site-packages/kivy/factory_registers.pyc
03-07 12:34:57.929 11861 11977 D WM-ForceStopRunnable: Is default app process = true
03-07 12:34:57.929 11676 11735 V python  : extracting _python_bundle/site-packages/kivy/garden/
03-07 12:34:57.929 11861 11977 D WM-ForceStopRunnable: Performing cleanup operations.
03-07 12:34:57.929 11676 11735 V python  : extracting _python_bundle/site-packages/kivy/garden/__init__.pyc
03-07 12:34:57.930 11676 11735 V python  : extracting _python_bundle/site-packages/kivy/geometry.pyc
03-07 12:34:57.930 11676 11735 V python  : extracting _python_bundle/site-packages/kivy/gesture.pyc
03-07 12:34:57.931 11676 11735 V python  : extracting _python_bundle/site-packages/kivy/graphics/
03-07 12:34:57.931 11676 11735 V python  : extracting _python_bundle/site-packages/kivy/graphics/__init__.pyc
03-07 12:34:57.932 11676 11735 V python  : extracting _python_bundle/site-packages/kivy/graphics/boxshadow.so
03-07 12:34:57.934 11676 11735 V python  : extracting _python_bundle/site-packages/kivy/graphics/buffer.so
03-07 12:34:57.935 11676 11735 V python  : extracting _python_bundle/site-packages/kivy/graphics/cgl.so
03-07 12:34:57.936 11861 12028 I Finsky:background: [55261] SCH: Received scheduling request: Id: 3-139176, Constraints: [{ L: 0, D: 86400000, C: CHARGING_REQUIRED, I: IDLE_REQUIRED, N: NET_UNMETERED, B: BATTERY_ANY }]
03-07 12:34:57.936 11861 12028 I Finsky:background: [55261] SCH: Received scheduling request: Id: 3-139177, Constraints: [{ L: 44702097, D: 55502097, C: CHARGING_NONE, I: IDLE_REQUIRED, N: NET_UNMETERED, B: BATTERY_ANY }]
03-07 12:34:57.936 11861 12028 I Finsky:background: [55261] SCH: Received scheduling request: Id: 3-139178, Constraints: [{ L: 0, D: 86400000, C: CHARGING_REQUIRED, I: IDLE_REQUIRED, N: NET_UNMETERED, B: BATTERY_ANY }]
03-07 12:34:57.936 11861 12028 I Finsky:background: [55261] SCH: Received scheduling request: Id: 3-139179, Constraints: [{ L: 0, D: 86400000, C: CHARGING_NONE, I: IDLE_REQUIRED, N: NET_UNMETERED, B: BATTERY_ANY }]
03-07 12:34:57.938 11676 11735 V python  : extracting _python_bundle/site-packages/kivy/graphics/cgl_backend/
03-07 12:34:57.938 11676 11735 V python  : extracting _python_bundle/site-packages/kivy/graphics/cgl_backend/__init__.pyc
03-07 12:34:57.939 11676 11735 V python  : extracting _python_bundle/site-packages/kivy/graphics/cgl_backend/cgl_debug.so
03-07 12:34:57.940 11861 11986 I DpmTcmClient: RegisterTcmMonitor from: $Proxy1
03-07 12:34:57.943 11861 11983 I Finsky:background: [55253] SSM: Start staged session task with 0 tracked staged sessions
03-07 12:34:57.943 11676 11735 V python  : extracting _python_bundle/site-packages/kivy/graphics/cgl_backend/cgl_gl.so
03-07 12:34:57.945 11676 11735 V python  : extracting _python_bundle/site-packages/kivy/graphics/cgl_backend/cgl_glew.so
03-07 12:34:57.946 11676 11735 V python  : extracting _python_bundle/site-packages/kivy/graphics/cgl_backend/cgl_mock.so
03-07 12:34:57.947 11676 11735 V python  : extracting _python_bundle/site-packages/kivy/graphics/cgl_backend/cgl_sdl2.so
03-07 12:34:57.948 11676 11735 V python  : extracting _python_bundle/site-packages/kivy/graphics/compiler.so
03-07 12:34:57.949 11676 11735 V python  : extracting _python_bundle/site-packages/kivy/graphics/context.so
03-07 12:34:57.953 11676 11735 V python  : extracting _python_bundle/site-packages/kivy/graphics/context_instructions.so
03-07 12:34:57.957 11676 11735 V python  : extracting _python_bundle/site-packages/kivy/graphics/fbo.so
03-07 12:34:57.960 11676 11735 V python  : extracting _python_bundle/site-packages/kivy/graphics/gl_instructions.so
03-07 12:34:57.962 11676 11735 V python  : extracting _python_bundle/site-packages/kivy/graphics/instructions.so
03-07 12:34:57.966 11676 11735 V python  : extracting _python_bundle/site-packages/kivy/graphics/opengl.so
03-07 12:34:57.970 11676 11735 V python  : extracting _python_bundle/site-packages/kivy/graphics/opengl_utils.so
03-07 12:34:57.972 11676 11735 V python  : extracting _python_bundle/site-packages/kivy/graphics/scissor_instructions.so
03-07 12:34:57.974 11676 11735 V python  : extracting _python_bundle/site-packages/kivy/graphics/shader.so
03-07 12:34:57.977 11676 11735 V python  : extracting _python_bundle/site-packages/kivy/graphics/stencil_instructions.so
03-07 12:34:57.980 11676 11735 V python  : extracting _python_bundle/site-packages/kivy/graphics/svg.so
03-07 12:34:57.988 11676 11735 V python  : extracting _python_bundle/site-packages/kivy/graphics/tesselator.so
03-07 12:34:57.992 11676 11735 V python  : extracting _python_bundle/site-packages/kivy/graphics/texture.so
03-07 12:34:57.998 11676 11735 V python  : extracting _python_bundle/site-packages/kivy/graphics/transformation.so
03-07 12:34:58.001 11676 11735 V python  : extracting _python_bundle/site-packages/kivy/graphics/vbo.so
03-07 12:34:58.003 11676 11735 V python  : extracting _python_bundle/site-packages/kivy/graphics/vertex.so
03-07 12:34:58.004 11676 11735 V python  : extracting _python_bundle/site-packages/kivy/graphics/vertex_instructions.so
03-07 12:34:58.006 11861 11977 D WM-PackageManagerHelper: Skipping component enablement for androidx.work.impl.background.systemalarm.RescheduleReceiver
03-07 12:34:58.015 11676 11735 V python  : extracting _python_bundle/site-packages/kivy/input/
03-07 12:34:58.015 11676 11735 V python  : extracting _python_bundle/site-packages/kivy/input/__init__.pyc
03-07 12:34:58.016 11676 11735 V python  : extracting _python_bundle/site-packages/kivy/input/factory.pyc
03-07 12:34:58.016 11676 11735 V python  : extracting _python_bundle/site-packages/kivy/input/motionevent.pyc
03-07 12:34:58.017 11676 11735 V python  : extracting _python_bundle/site-packages/kivy/input/postproc/
03-07 12:34:58.017 11676 11735 V python  : extracting _python_bundle/site-packages/kivy/input/postproc/__init__.pyc
03-07 12:34:58.018 11676 11735 V python  : extracting _python_bundle/site-packages/kivy/input/postproc/calibration.pyc
03-07 12:34:58.018 11676 11735 V python  : extracting _python_bundle/site-packages/kivy/input/postproc/dejitter.pyc
03-07 12:34:58.018 11676 11735 V python  : extracting _python_bundle/site-packages/kivy/input/postproc/doubletap.pyc
03-07 12:34:58.019 11676 11735 V python  : extracting _python_bundle/site-packages/kivy/input/postproc/ignorelist.pyc
03-07 12:34:58.019 11676 11735 V python  : extracting _python_bundle/site-packages/kivy/input/postproc/retaintouch.pyc
03-07 12:34:58.019 11676 11735 V python  : extracting _python_bundle/site-packages/kivy/input/postproc/tripletap.pyc
03-07 12:34:58.020 11676 11735 V python  : extracting _python_bundle/site-packages/kivy/input/provider.pyc
03-07 12:34:58.020 11676 11735 V python  : extracting _python_bundle/site-packages/kivy/input/providers/
03-07 12:34:58.020 11676 11735 V python  : extracting _python_bundle/site-packages/kivy/input/providers/__init__.pyc
03-07 12:34:58.020 11676 11735 V python  : extracting _python_bundle/site-packages/kivy/input/providers/androidjoystick.pyc
03-07 12:34:58.021 11676 11735 V python  : extracting _python_bundle/site-packages/kivy/input/providers/leapfinger.pyc
03-07 12:34:58.021 11676 11735 V python  : extracting _python_bundle/site-packages/kivy/input/providers/linuxwacom.pyc
03-07 12:34:58.022 11676 11735 V python  : extracting _python_bundle/site-packages/kivy/input/providers/mouse.pyc
03-07 12:34:58.023 11676 11735 V python  : extracting _python_bundle/site-packages/kivy/input/providers/tuio.pyc
03-07 12:34:58.023 11676 11735 V python  : extracting _python_bundle/site-packages/kivy/input/recorder.pyc
03-07 12:34:58.023 11676 11735 V python  : extracting _python_bundle/site-packages/kivy/input/shape.pyc
03-07 12:34:58.024 11676 11735 V python  : extracting _python_bundle/site-packages/kivy/interactive.pyc
03-07 12:34:58.024 11676 11735 V python  : extracting _python_bundle/site-packages/kivy/lang/
03-07 12:34:58.024 11676 11735 V python  : extracting _python_bundle/site-packages/kivy/lang/__init__.pyc
03-07 12:34:58.025 11676 11735 V python  : extracting _python_bundle/site-packages/kivy/lang/builder.pyc
03-07 12:34:58.026 11676 11735 V python  : extracting _python_bundle/site-packages/kivy/lang/parser.pyc
03-07 12:34:58.027 11676 11735 V python  : extracting _python_bundle/site-packages/kivy/lib/
03-07 12:34:58.027 11676 11735 V python  : extracting _python_bundle/site-packages/kivy/lib/__init__.pyc
03-07 12:34:58.027 11676 11735 V python  : extracting _python_bundle/site-packages/kivy/lib/ddsfile.pyc
03-07 12:34:58.028 11676 11735 V python  : extracting _python_bundle/site-packages/kivy/lib/gstplayer/
03-07 12:34:58.029 11676 11735 V python  : extracting _python_bundle/site-packages/kivy/lib/gstplayer/__init__.pyc
03-07 12:34:58.029 11676 11735 V python  : extracting _python_bundle/site-packages/kivy/lib/mtdev.pyc
03-07 12:34:58.030 11676 11735 V python  : extracting _python_bundle/site-packages/kivy/lib/vidcore_lite/
03-07 12:34:58.030 11676 11735 V python  : extracting _python_bundle/site-packages/kivy/lib/vidcore_lite/__init__.pyc
03-07 12:34:58.030 11676 11735 V python  : extracting _python_bundle/site-packages/kivy/loader.pyc
03-07 12:34:58.032 11676 11735 V python  : extracting _python_bundle/site-packages/kivy/logger.pyc
03-07 12:34:58.033 11676 11735 V python  : extracting _python_bundle/site-packages/kivy/metrics.pyc
03-07 12:34:58.035 11676 11735 V python  : extracting _python_bundle/site-packages/kivy/modules/
03-07 12:34:58.035 11676 11735 V python  : extracting _python_bundle/site-packages/kivy/modules/__init__.pyc
03-07 12:34:58.036 11676 11735 V python  : extracting _python_bundle/site-packages/kivy/modules/_webdebugger.pyc
03-07 12:34:58.039 11676 11735 V python  : extracting _python_bundle/site-packages/kivy/modules/console.pyc
03-07 12:34:58.041 11676 11735 V python  : extracting _python_bundle/site-packages/kivy/modules/cursor.pyc
03-07 12:34:58.041 11676 11735 V python  : extracting _python_bundle/site-packages/kivy/modules/inspector.pyc
03-07 12:34:58.042 11676 11735 V python  : extracting _python_bundle/site-packages/kivy/modules/joycursor.pyc
03-07 12:34:58.043 11676 11735 V python  : extracting _python_bundle/site-packages/kivy/modules/keybinding.pyc
03-07 12:34:58.043 11676 11735 V python  : extracting _python_bundle/site-packages/kivy/modules/monitor.pyc
03-07 12:34:58.044 11676 11735 V python  : extracting _python_bundle/site-packages/kivy/modules/recorder.pyc
03-07 12:34:58.044 11676 11735 V python  : extracting _python_bundle/site-packages/kivy/modules/screen.pyc
03-07 12:34:58.045 11676 11735 V python  : extracting _python_bundle/site-packages/kivy/modules/showborder.pyc
03-07 12:34:58.045 11676 11735 V python  : extracting _python_bundle/site-packages/kivy/modules/touchring.pyc
03-07 12:34:58.045 11676 11735 V python  : extracting _python_bundle/site-packages/kivy/modules/webdebugger.pyc
03-07 12:34:58.046 11676 11735 V python  : extracting _python_bundle/site-packages/kivy/multistroke.pyc
03-07 12:34:58.047 11676 11735 V python  : extracting _python_bundle/site-packages/kivy/network/
03-07 12:34:58.047 11676 11735 V python  : extracting _python_bundle/site-packages/kivy/network/__init__.pyc
03-07 12:34:58.047 11676 11735 V python  : extracting _python_bundle/site-packages/kivy/network/urlrequest.pyc
03-07 12:34:58.048 11676 11735 V python  : extracting _python_bundle/site-packages/kivy/parser.pyc
03-07 12:34:58.049 11676 11735 V python  : extracting _python_bundle/site-packages/kivy/properties.so
03-07 12:34:58.056 11676 11735 V python  : extracting _python_bundle/site-packages/kivy/resources.pyc
03-07 12:34:58.057 11676 11735 V python  : extracting _python_bundle/site-packages/kivy/setupconfig.pyc
03-07 12:34:58.057 11676 11735 V python  : extracting _python_bundle/site-packages/kivy/storage/
03-07 12:34:58.057 11676 11735 V python  : extracting _python_bundle/site-packages/kivy/storage/__init__.pyc
03-07 12:34:58.058 11676 11735 V python  : extracting _python_bundle/site-packages/kivy/storage/dictstore.pyc
03-07 12:34:58.058 11676 11735 V python  : extracting _python_bundle/site-packages/kivy/storage/jsonstore.pyc
03-07 12:34:58.059 11676 11735 V python  : extracting _python_bundle/site-packages/kivy/storage/redisstore.pyc
03-07 12:34:58.059 11676 11735 V python  : extracting _python_bundle/site-packages/kivy/support.pyc
03-07 12:34:58.059 11676 11735 V python  : extracting _python_bundle/site-packages/kivy/tools/
03-07 12:34:58.060 11676 11735 V python  : extracting _python_bundle/site-packages/kivy/tools/__init__.pyc
03-07 12:34:58.060 11676 11735 V python  : extracting _python_bundle/site-packages/kivy/tools/benchmark.pyc
03-07 12:34:58.061 11676 11735 V python  : extracting _python_bundle/site-packages/kivy/tools/changelog_parser.pyc
03-07 12:34:58.061 11676 11735 V python  : extracting _python_bundle/site-packages/kivy/tools/coverage.pyc
03-07 12:34:58.062 11676 11735 V python  : extracting _python_bundle/site-packages/kivy/tools/gallery.pyc
03-07 12:34:58.062 11676 11735 V python  : extracting _python_bundle/site-packages/kivy/tools/generate-icons.pyc
03-07 12:34:58.063 11676 11735 V python  : extracting _python_bundle/site-packages/kivy/tools/gles_compat/
03-07 12:34:58.063 11676 11735 V python  : extracting _python_bundle/site-packages/kivy/tools/gles_compat/subset_gles.pyc
03-07 12:34:58.064 11676 11735 V python  : extracting _python_bundle/site-packages/kivy/tools/highlight/
03-07 12:34:58.064 11676 11735 V python  : extracting _python_bundle/site-packages/kivy/tools/highlight/__init__.pyc
03-07 12:34:58.064 11676 11735 V python  : extracting _python_bundle/site-packages/kivy/tools/highlight/kivy-mode.el
03-07 12:34:58.065 11676 11735 V python  : extracting _python_bundle/site-packages/kivy/tools/highlight/kivy.json-tmlanguage
03-07 12:34:58.065 11676 11735 V python  : extracting _python_bundle/site-packages/kivy/tools/highlight/kivy.tmLanguage
03-07 12:34:58.065 11676 11735 V python  : extracting _python_bundle/site-packages/kivy/tools/highlight/kivy.vim
03-07 12:34:58.066 11676 11735 V python  : extracting _python_bundle/site-packages/kivy/tools/image-testsuite/
03-07 12:34:58.066 11676 11735 V python  : extracting _python_bundle/site-packages/kivy/tools/image-testsuite/README.md
03-07 12:34:58.066 11676 11735 V python  : extracting _python_bundle/site-packages/kivy/tools/image-testsuite/gimp28-testsuite.pyc
03-07 12:34:58.067 11676 11735 V python  : extracting _python_bundle/site-packages/kivy/tools/image-testsuite/imagemagick-testsuite.sh
03-07 12:34:58.067 11676 11735 V python  : extracting _python_bundle/site-packages/kivy/tools/kviewer.pyc
03-07 12:34:58.068 11676 11735 V python  : extracting _python_bundle/site-packages/kivy/tools/packaging/
03-07 12:34:58.068 11676 11735 V python  : extracting _python_bundle/site-packages/kivy/tools/packaging/__init__.pyc
03-07 12:34:58.068 11676 11735 V python  : extracting _python_bundle/site-packages/kivy/tools/packaging/cython_cfg.pyc
03-07 12:34:58.069 11676 11735 V python  : extracting _python_bundle/site-packages/kivy/tools/packaging/factory.pyc
03-07 12:34:58.069 11676 11735 V python  : extracting _python_bundle/site-packages/kivy/tools/packaging/pyinstaller_hooks/
03-07 12:34:58.069 11676 11735 V python  : extracting _python_bundle/site-packages/kivy/tools/packaging/pyinstaller_hooks/__init__.pyc
03-07 12:34:58.070 11676 11735 V python  : extracting _python_bundle/site-packages/kivy/tools/packaging/pyinstaller_hooks/__main__.pyc
03-07 12:34:58.070 11676 11735 V python  : extracting _python_bundle/site-packages/kivy/tools/packaging/pyinstaller_hooks/hook-kivy.pyc
03-07 12:34:58.071 11676 11735 V python  : extracting _python_bundle/site-packages/kivy/tools/packaging/pyinstaller_hooks/pyi_rth_kivy.pyc
03-07 12:34:58.071 11676 11735 V python  : extracting _python_bundle/site-packages/kivy/tools/pep8checker/
03-07 12:34:58.071 11676 11735 V python  : extracting _python_bundle/site-packages/kivy/tools/pep8checker/pep8.pyc
03-07 12:34:58.073 11676 11735 V python  : extracting _python_bundle/site-packages/kivy/tools/pep8checker/pep8kivy.pyc
03-07 12:34:58.074 11676 11735 V python  : extracting _python_bundle/site-packages/kivy/tools/pep8checker/pre-commit.githook
03-07 12:34:58.075 11676 11735 V python  : extracting _python_bundle/site-packages/kivy/tools/precommit_hooks/
03-07 12:34:58.075 11676 11735 V python  : extracting _python_bundle/site-packages/kivy/tools/precommit_hooks/pre-commit-config.yaml
03-07 12:34:58.075 11676 11735 V python  : extracting _python_bundle/site-packages/kivy/tools/report.pyc
03-07 12:34:58.076 11676 11735 V python  : extracting _python_bundle/site-packages/kivy/tools/stub-gl-debug.pyc
03-07 12:34:58.076 11676 11735 V python  : extracting _python_bundle/site-packages/kivy/tools/texturecompress.pyc
03-07 12:34:58.077 11676 11735 V python  : extracting _python_bundle/site-packages/kivy/tools/theming/
03-07 12:34:58.077 11676 11735 V python  : extracting _python_bundle/site-packages/kivy/tools/theming/defaulttheme/
03-07 12:34:58.077 11676 11735 V python  : extracting _python_bundle/site-packages/kivy/tools/theming/defaulttheme/action_bar.png
03-07 12:34:58.077 11676 11735 V python  : extracting _python_bundle/site-packages/kivy/tools/theming/defaulttheme/action_group.png
03-07 12:34:58.078 11676 11735 V python  : extracting _python_bundle/site-packages/kivy/tools/theming/defaulttheme/action_group_disabled.png
03-07 12:34:58.078 11676 11735 V python  : extracting _python_bundle/site-packages/kivy/tools/theming/defaulttheme/action_group_down.png
03-07 12:34:58.078 11676 11735 V python  : extracting _python_bundle/site-packages/kivy/tools/theming/defaulttheme/action_item.png
03-07 12:34:58.078 11676 11735 V python  : extracting _python_bundle/site-packages/kivy/tools/theming/defaulttheme/action_item_down.png
03-07 12:34:58.079 11676 11735 V python  : extracting _python_bundle/site-packages/kivy/tools/theming/defaulttheme/action_view.png
03-07 12:34:58.079 11676 11735 V python  : extracting _python_bundle/site-packages/kivy/tools/theming/defaulttheme/audio-volume-high.png
03-07 12:34:58.079 11676 11735 V python  : extracting _python_bundle/site-packages/kivy/tools/theming/defaulttheme/audio-volume-low.png
03-07 12:34:58.079 11676 11735 V python  : extracting _python_bundle/site-packages/kivy/tools/theming/defaulttheme/audio-volume-medium.png
03-07 12:34:58.080 11676 11735 V python  : extracting _python_bundle/site-packages/kivy/tools/theming/defaulttheme/audio-volume-muted.png
03-07 12:34:58.080 11676 11735 V python  : extracting _python_bundle/site-packages/kivy/tools/theming/defaulttheme/bubble.png
03-07 12:34:58.080 11676 11735 V python  : extracting _python_bundle/site-packages/kivy/tools/theming/defaulttheme/bubble_arrow.png
03-07 12:34:58.081 11676 11735 V python  : extracting _python_bundle/site-packages/kivy/tools/theming/defaulttheme/bubble_btn.png
03-07 12:34:58.081 11676 11735 V python  : extracting _python_bundle/site-packages/kivy/tools/theming/defaulttheme/bubble_btn_pressed.png
03-07 12:34:58.081 11676 11735 V python  : extracting _python_bundle/site-packages/kivy/tools/theming/defaulttheme/button.png
03-07 12:34:58.081 11676 11735 V python  : extracting _python_bundle/site-packages/kivy/tools/theming/defaulttheme/button_disabled.png
03-07 12:34:58.082 11676 11735 V python  : extracting _python_bundle/site-packages/kivy/tools/theming/defaulttheme/button_disabled_pressed.png
03-07 12:34:58.082 11676 11735 V python  : extracting _python_bundle/site-packages/kivy/tools/theming/defaulttheme/button_pressed.png
03-07 12:34:58.082 11676 11735 V python  : extracting _python_bundle/site-packages/kivy/tools/theming/defaulttheme/checkbox_disabled_off.png
03-07 12:34:58.083 11676 11735 V python  : extracting _python_bundle/site-packages/kivy/tools/theming/defaulttheme/checkbox_disabled_on.png
03-07 12:34:58.083 11676 11735 V python  : extracting _python_bundle/site-packages/kivy/tools/theming/defaulttheme/checkbox_off.png
03-07 12:34:58.083 11676 11735 V python  : extracting _python_bundle/site-packages/kivy/tools/theming/defaulttheme/checkbox_on.png
03-07 12:34:58.083 11676 11735 V python  : extracting _python_bundle/site-packages/kivy/tools/theming/defaulttheme/checkbox_radio_disabled_off.png
03-07 12:34:58.084 11676 11735 V python  : extracting _python_bundle/site-packages/kivy/tools/theming/defaulttheme/checkbox_radio_disabled_on.png
03-07 12:34:58.084 11676 11735 V python  : extracting _python_bundle/site-packages/kivy/tools/theming/defaulttheme/checkbox_radio_off.png
03-07 12:34:58.084 11676 11735 V python  : extracting _python_bundle/site-packages/kivy/tools/theming/defaulttheme/checkbox_radio_on.png
03-07 12:34:58.084 11676 11735 V python  : extracting _python_bundle/site-packages/kivy/tools/theming/defaulttheme/close.png
03-07 12:34:58.085 11676 11735 V python  : extracting _python_bundle/site-packages/kivy/tools/theming/defaulttheme/filechooser_file.png
03-07 12:34:58.085 11676 11735 V python  : extracting _python_bundle/site-packages/kivy/tools/theming/defaulttheme/filechooser_folder.png
03-07 12:34:58.085 11676 11735 V python  : extracting _python_bundle/site-packages/kivy/tools/theming/defaulttheme/filechooser_selected.png
03-07 12:34:58.086 11676 11735 V python  : extracting _python_bundle/site-packages/kivy/tools/theming/defaulttheme/image-missing.png
03-07 12:34:58.086 11676 11735 V python  : extracting _python_bundle/site-packages/kivy/tools/theming/defaulttheme/media-playback-pause.png
03-07 12:34:58.087 11676 11735 V python  : extracting _python_bundle/site-packages/kivy/tools/theming/defaulttheme/media-playback-start.png
03-07 12:34:58.087 11676 11735 V python  : extracting _python_bundle/site-packages/kivy/tools/theming/defaulttheme/media-playback-stop.png
03-07 12:34:58.087 11676 11735 V python  : extracting _python_bundle/site-packages/kivy/tools/theming/defaulttheme/modalview-background.png
03-07 12:34:58.087 11676 11735 V python  : extracting _python_bundle/site-packages/kivy/tools/theming/defaulttheme/overflow.png
03-07 12:34:58.088 11676 11735 V python  : extracting _python_bundle/site-packages/kivy/tools/theming/defaulttheme/player-background.png
03-07 12:34:58.088 11676 11735 V python  : extracting _python_bundle/site-packages/kivy/tools/theming/defaulttheme/player-play-overlay.png
03-07 12:34:58.088 11676 11735 V python  : extracting _python_bundle/site-packages/kivy/tools/theming/defaulttheme/previous_normal.png
03-07 12:34:58.089 11676 11735 V python  : extracting _python_bundle/site-packages/kivy/tools/theming/defaulttheme/progressbar.png
03-07 12:34:58.089 11676 11735 V python  : extracting _python_bundle/site-packages/kivy/tools/theming/defaulttheme/progressbar_background.png
03-07 12:34:58.089 11676 11735 V python  : extracting _python_bundle/site-packages/kivy/tools/theming/defaulttheme/ring.png
03-07 12:34:58.089 11676 11735 V python  : extracting _python_bundle/site-packages/kivy/tools/theming/defaulttheme/selector_left.png
03-07 12:34:58.090 11676 11735 V python  : extracting _python_bundle/site-packages/kivy/tools/theming/defaulttheme/selector_middle.png
03-07 12:34:58.090 11676 11735 V python  : extracting _python_bundle/site-packages/kivy/tools/theming/defaulttheme/selector_right.png
03-07 12:34:58.090 11676 11735 V python  : extracting _python_bundle/site-packages/kivy/tools/theming/defaulttheme/separator.png
03-07 12:34:58.091 11676 11735 V python  : extracting _python_bundle/site-packages/kivy/tools/theming/defaulttheme/slider_cursor.png
03-07 12:34:58.091 11676 11735 V python  : extracting _python_bundle/site-packages/kivy/tools/theming/defaulttheme/slider_cursor_disabled.png
03-07 12:34:58.092 11676 11735 V python  : extracting _python_bundle/site-packages/kivy/tools/theming/defaulttheme/sliderh_background.png
03-07 12:34:58.092 11676 11735 V python  : extracting _python_bundle/site-packages/kivy/tools/theming/defaulttheme/sliderh_background_disabled.png
03-07 12:34:58.092 11676 11735 V python  : extracting _python_bundle/site-packages/kivy/tools/theming/defaulttheme/sliderv_background.png
03-07 12:34:58.092 11676 11735 V python  : extracting _python_bundle/site-packages/kivy/tools/theming/defaulttheme/sliderv_background_disabled.png
03-07 12:34:58.093 11676 11735 V python  : extracting _python_bundle/site-packages/kivy/tools/theming/defaulttheme/spinner.png
03-07 12:34:58.093 11676 11735 V python  : extracting _python_bundle/site-packages/kivy/tools/theming/defaulttheme/spinner_disabled.png
03-07 12:34:58.093 11676 11735 V python  : extracting _python_bundle/site-packages/kivy/tools/theming/defaulttheme/spinner_pressed.png
03-07 12:34:58.094 11676 11735 V python  : extracting _python_bundle/site-packages/kivy/tools/theming/defaulttheme/splitter.png
03-07 12:34:58.094 11676 11735 V python  : extracting _python_bundle/site-packages/kivy/tools/theming/defaulttheme/splitter_disabled.png
03-07 12:34:58.094 11676 11735 V python  : extracting _python_bundle/site-packages/kivy/tools/theming/defaulttheme/splitter_disabled_down.png
03-07 12:34:58.094 11676 11735 V python  : extracting _python_bundle/site-packages/kivy/tools/theming/defaulttheme/splitter_disabled_down_h.png
03-07 12:34:58.095 11676 11735 V python  : extracting _python_bundle/site-packages/kivy/tools/theming/defaulttheme/splitter_disabled_h.png
03-07 12:34:58.095 11676 11735 V python  : extracting _python_bundle/site-packages/kivy/tools/theming/defaulttheme/splitter_down.png
03-07 12:34:58.095 11676 11735 V python  : extracting _python_bundle/site-packages/kivy/tools/theming/defaulttheme/splitter_down_h.png
03-07 12:34:58.095 11676 11735 V python  : extracting _python_bundle/site-packages/kivy/tools/theming/defaulttheme/splitter_grip.png
03-07 12:34:58.096 11676 11735 V python  : extracting _python_bundle/site-packages/kivy/tools/theming/defaulttheme/splitter_grip_h.png
03-07 12:34:58.096 11676 11735 V python  : extracting _python_bundle/site-packages/kivy/tools/theming/defaulttheme/splitter_h.png
03-07 12:34:58.096 11676 11735 V python  : extracting _python_bundle/site-packages/kivy/tools/theming/defaulttheme/switch-background.png
03-07 12:34:58.097 11676 11735 V python  : extracting _python_bundle/site-packages/kivy/tools/theming/defaulttheme/switch-background_disabled.png
03-07 12:34:58.097 11676 11735 V python  : extracting _python_bundle/site-packages/kivy/tools/theming/defaulttheme/switch-button.png
03-07 12:34:58.098 11676 11735 V python  : extracting _python_bundle/site-packages/kivy/tools/theming/defaulttheme/switch-button_disabled.png
03-07 12:34:58.098 11676 11735 V python  : extracting _python_bundle/site-packages/kivy/tools/theming/defaulttheme/tab.png
03-07 12:34:58.098 11676 11735 V python  : extracting _python_bundle/site-packages/kivy/tools/theming/defaulttheme/tab_btn.png
03-07 12:34:58.099 11676 11735 V python  : extracting _python_bundle/site-packages/kivy/tools/theming/defaulttheme/tab_btn_disabled.png
03-07 12:34:58.099 11676 11735 V python  : extracting _python_bundle/site-packages/kivy/tools/theming/defaulttheme/tab_btn_disabled_pressed.png
03-07 12:34:58.099 11676 11735 V python  : extracting _python_bundle/site-packages/kivy/tools/theming/defaulttheme/tab_btn_pressed.png
03-07 12:34:58.100 11676 11735 V python  : extracting _python_bundle/site-packages/kivy/tools/theming/defaulttheme/tab_disabled.png
03-07 12:34:58.100 11676 11735 V python  : extracting _python_bundle/site-packages/kivy/tools/theming/defaulttheme/textinput.png
03-07 12:34:58.100 11676 11735 V python  : extracting _python_bundle/site-packages/kivy/tools/theming/defaulttheme/textinput_active.png
03-07 12:34:58.101 11676 11735 V python  : extracting _python_bundle/site-packages/kivy/tools/theming/defaulttheme/textinput_disabled.png
03-07 12:34:58.101 11676 11735 V python  : extracting _python_bundle/site-packages/kivy/tools/theming/defaulttheme/textinput_disabled_active.png
03-07 12:34:58.101 11676 11735 V python  : extracting _python_bundle/site-packages/kivy/tools/theming/defaulttheme/tree_closed.png
03-07 12:34:58.102 11676 11735 V python  : extracting _python_bundle/site-packages/kivy/tools/theming/defaulttheme/tree_opened.png
03-07 12:34:58.102 11676 11735 V python  : extracting _python_bundle/site-packages/kivy/tools/theming/defaulttheme/vkeyboard_background.png
03-07 12:34:58.102 11676 11735 V python  : extracting _python_bundle/site-packages/kivy/tools/theming/defaulttheme/vkeyboard_disabled_background.png
03-07 12:34:58.103 11676 11735 V python  : extracting _python_bundle/site-packages/kivy/tools/theming/defaulttheme/vkeyboard_disabled_key_down.png
03-07 12:34:58.103 11676 11735 V python  : extracting _python_bundle/site-packages/kivy/tools/theming/defaulttheme/vkeyboard_disabled_key_normal.png
03-07 12:34:58.103 11676 11735 V python  : extracting _python_bundle/site-packages/kivy/tools/theming/defaulttheme/vkeyboard_key_down.png
03-07 12:34:58.104 11676 11735 V python  : extracting _python_bundle/site-packages/kivy/tools/theming/defaulttheme/vkeyboard_key_normal.png
03-07 12:34:58.104 11676 11735 V python  : extracting _python_bundle/site-packages/kivy/uix/
03-07 12:34:58.104 11676 11735 V python  : extracting _python_bundle/site-packages/kivy/uix/__init__.pyc
03-07 12:34:58.105 11676 11735 V python  : extracting _python_bundle/site-packages/kivy/uix/accordion.pyc
03-07 12:34:58.105 11676 11735 V python  : extracting _python_bundle/site-packages/kivy/uix/actionbar.pyc
03-07 12:34:58.106 11676 11735 V python  : extracting _python_bundle/site-packages/kivy/uix/anchorlayout.pyc
03-07 12:34:58.107 11676 11735 V python  : extracting _python_bundle/site-packages/kivy/uix/behaviors/
03-07 12:34:58.107 11676 11735 V python  : extracting _python_bundle/site-packages/kivy/uix/behaviors/__init__.pyc
03-07 12:34:58.108 11676 11735 V python  : extracting _python_bundle/site-packages/kivy/uix/behaviors/button.pyc
03-07 12:34:58.108 11676 11735 V python  : extracting _python_bundle/site-packages/kivy/uix/behaviors/codenavigation.pyc
03-07 12:34:58.109 11676 11735 V python  : extracting _python_bundle/site-packages/kivy/uix/behaviors/compoundselection.pyc
03-07 12:34:58.109 11676 11735 V python  : extracting _python_bundle/site-packages/kivy/uix/behaviors/cover.pyc
03-07 12:34:58.110 11676 11735 V python  : extracting _python_bundle/site-packages/kivy/uix/behaviors/drag.pyc
03-07 12:34:58.110 11676 11735 V python  : extracting _python_bundle/site-packages/kivy/uix/behaviors/emacs.pyc
03-07 12:34:58.111 11676 11735 V python  : extracting _python_bundle/site-packages/kivy/uix/behaviors/focus.pyc
03-07 12:34:58.112 11676 11735 V python  : extracting _python_bundle/site-packages/kivy/uix/behaviors/knspace.pyc
03-07 12:34:58.113 11676 11735 V python  : extracting _python_bundle/site-packages/kivy/uix/behaviors/togglebutton.pyc
03-07 12:34:58.113 11676 11735 V python  : extracting _python_bundle/site-packages/kivy/uix/behaviors/touchripple.pyc
03-07 12:34:58.114 11676 11735 V python  : extracting _python_bundle/site-packages/kivy/uix/boxlayout.pyc
03-07 12:34:58.115 11676 11735 V python  : extracting _python_bundle/site-packages/kivy/uix/bubble.pyc
03-07 12:34:58.115 11676 11735 V python  : extracting _python_bundle/site-packages/kivy/uix/button.pyc
03-07 12:34:58.116 11676 11735 V python  : extracting _python_bundle/site-packages/kivy/uix/camera.pyc
03-07 12:34:58.116 11676 11735 V python  : extracting _python_bundle/site-packages/kivy/uix/carousel.pyc
03-07 12:34:58.117 11676 11735 V python  : extracting _python_bundle/site-packages/kivy/uix/checkbox.pyc
03-07 12:34:58.118 11676 11735 V python  : extracting _python_bundle/site-packages/kivy/uix/codeinput.pyc
03-07 12:34:58.121 11676 11735 V python  : extracting _python_bundle/site-packages/kivy/uix/colorpicker.pyc
03-07 12:34:58.122 11676 11735 V python  : extracting _python_bundle/site-packages/kivy/uix/dropdown.pyc
03-07 12:34:58.125 11676 11735 V python  : extracting _python_bundle/site-packages/kivy/uix/effectwidget.pyc
03-07 12:34:58.126 11676 11735 V python  : extracting _python_bundle/site-packages/kivy/uix/filechooser.pyc
03-07 12:34:58.128 11676 11735 V python  : extracting _python_bundle/site-packages/kivy/uix/floatlayout.pyc
03-07 12:34:58.128 11676 11735 V python  : extracting _python_bundle/site-packages/kivy/uix/gesturesurface.pyc
03-07 12:34:58.129 11676 11735 V python  : extracting _python_bundle/site-packages/kivy/uix/gridlayout.pyc
03-07 12:34:58.130 11676 11735 V python  : extracting _python_bundle/site-packages/kivy/uix/image.pyc
03-07 12:34:58.130 11676 11735 V python  : extracting _python_bundle/site-packages/kivy/uix/label.pyc
03-07 12:34:58.131 11676 11735 V python  : extracting _python_bundle/site-packages/kivy/uix/layout.pyc
03-07 12:34:58.131 11676 11735 V python  : extracting _python_bundle/site-packages/kivy/uix/modalview.pyc
03-07 12:34:58.132 11676 11735 V python  : extracting _python_bundle/site-packages/kivy/uix/pagelayout.pyc
03-07 12:34:58.132 11676 11735 V python  : extracting _python_bundle/site-packages/kivy/uix/popup.pyc
03-07 12:34:58.133 11676 11735 V python  : extracting _python_bundle/site-packages/kivy/uix/progressbar.pyc
03-07 12:34:58.133 11676 11735 V python  : extracting _python_bundle/site-packages/kivy/uix/recycleboxlayout.pyc
03-07 12:34:58.134 11676 11735 V python  : extracting _python_bundle/site-packages/kivy/uix/recyclegridlayout.pyc
03-07 12:34:58.135 11676 11735 V python  : extracting _python_bundle/site-packages/kivy/uix/recyclelayout.pyc
03-07 12:34:58.135 11676 11735 V python  : extracting _python_bundle/site-packages/kivy/uix/recycleview/
03-07 12:34:58.136 11676 11735 V python  : extracting _python_bundle/site-packages/kivy/uix/recycleview/__init__.pyc
03-07 12:34:58.136 11676 11735 V python  : extracting _python_bundle/site-packages/kivy/uix/recycleview/datamodel.pyc
03-07 12:34:58.137 11676 11735 V python  : extracting _python_bundle/site-packages/kivy/uix/recycleview/layout.pyc
03-07 12:34:58.137 11676 11735 V python  : extracting _python_bundle/site-packages/kivy/uix/recycleview/views.pyc
03-07 12:34:58.138 11676 11735 V python  : extracting _python_bundle/site-packages/kivy/uix/relativelayout.pyc
03-07 12:34:58.138 11676 11735 V python  : extracting _python_bundle/site-packages/kivy/uix/rst.pyc
03-07 12:34:58.139 11676 11735 V python  : extracting _python_bundle/site-packages/kivy/uix/sandbox.pyc
03-07 12:34:58.140 11676 11735 V python  : extracting _python_bundle/site-packages/kivy/uix/scatter.pyc
03-07 12:34:58.140 11676 11735 V python  : extracting _python_bundle/site-packages/kivy/uix/scatterlayout.pyc
03-07 12:34:58.141 11676 11735 V python  : extracting _python_bundle/site-packages/kivy/uix/screenmanager.pyc
03-07 12:34:58.142 11676 11735 V python  : extracting _python_bundle/site-packages/kivy/uix/scrollview.pyc
03-07 12:34:58.143 11676 11735 V python  : extracting _python_bundle/site-packages/kivy/uix/settings.pyc
03-07 12:34:58.144 11676 11735 V python  : extracting _python_bundle/site-packages/kivy/uix/slider.pyc
03-07 12:34:58.144 11676 11735 V python  : extracting _python_bundle/site-packages/kivy/uix/spinner.pyc
03-07 12:34:58.145 11676 11735 V python  : extracting _python_bundle/site-packages/kivy/uix/splitter.pyc
03-07 12:34:58.145 11676 11735 V python  : extracting _python_bundle/site-packages/kivy/uix/stacklayout.pyc
03-07 12:34:58.146 11676 11735 V python  : extracting _python_bundle/site-packages/kivy/uix/stencilview.pyc
03-07 12:34:58.146 11676 11735 V python  : extracting _python_bundle/site-packages/kivy/uix/switch.pyc
03-07 12:34:58.146 11676 11735 V python  : extracting _python_bundle/site-packages/kivy/uix/tabbedpanel.pyc
03-07 12:34:58.147 11676 11735 V python  : extracting _python_bundle/site-packages/kivy/uix/textinput.pyc
03-07 12:34:58.149 11676 11735 V python  : extracting _python_bundle/site-packages/kivy/uix/togglebutton.pyc
03-07 12:34:58.150 11676 11735 V python  : extracting _python_bundle/site-packages/kivy/uix/treeview.pyc
03-07 12:34:58.151 11676 11735 V python  : extracting _python_bundle/site-packages/kivy/uix/video.pyc
03-07 12:34:58.152 11676 11735 V python  : extracting _python_bundle/site-packages/kivy/uix/videoplayer.pyc
03-07 12:34:58.153 11676 11735 V python  : extracting _python_bundle/site-packages/kivy/uix/vkeyboard.pyc
03-07 12:34:58.154 11676 11735 V python  : extracting _python_bundle/site-packages/kivy/uix/widget.pyc
03-07 12:34:58.155 11676 11735 V python  : extracting _python_bundle/site-packages/kivy/utils.pyc
03-07 12:34:58.156 11676 11735 V python  : extracting _python_bundle/site-packages/kivy/vector.pyc
03-07 12:34:58.157 11676 11735 V python  : extracting _python_bundle/site-packages/kivy/weakmethod.pyc
03-07 12:34:58.157 11676 11735 V python  : extracting _python_bundle/site-packages/kivy/weakproxy.so
03-07 12:34:58.159 11676 11735 V python  : extracting _python_bundle/site-packages/pkg_resources/
03-07 12:34:58.160 11676 11735 V python  : extracting _python_bundle/site-packages/pkg_resources/__init__.pyc
03-07 12:34:58.163 11676 11735 V python  : extracting _python_bundle/site-packages/pkg_resources/_vendor/
03-07 12:34:58.163 11676 11735 V python  : extracting _python_bundle/site-packages/pkg_resources/_vendor/__init__.pyc
03-07 12:34:58.164 11676 11735 V python  : extracting _python_bundle/site-packages/pkg_resources/_vendor/appdirs.pyc
03-07 12:34:58.165 11676 11735 V python  : extracting _python_bundle/site-packages/pkg_resources/_vendor/packaging/
03-07 12:34:58.165 11676 11735 V python  : extracting _python_bundle/site-packages/pkg_resources/_vendor/packaging/__about__.pyc
03-07 12:34:58.165 11676 11735 V python  : extracting _python_bundle/site-packages/pkg_resources/_vendor/packaging/__init__.pyc
03-07 12:34:58.166 11676 11735 V python  : extracting _python_bundle/site-packages/pkg_resources/_vendor/packaging/_compat.pyc
03-07 12:34:58.167 11676 11735 V python  : extracting _python_bundle/site-packages/pkg_resources/_vendor/packaging/_structures.pyc
03-07 12:34:58.167 11676 11735 V python  : extracting _python_bundle/site-packages/pkg_resources/_vendor/packaging/_typing.pyc
03-07 12:34:58.168 11676 11735 V python  : extracting _python_bundle/site-packages/pkg_resources/_vendor/packaging/markers.pyc
03-07 12:34:58.168 11676 11735 V python  : extracting _python_bundle/site-packages/pkg_resources/_vendor/packaging/requirements.pyc
03-07 12:34:58.169 11676 11735 V python  : extracting _python_bundle/site-packages/pkg_resources/_vendor/packaging/specifiers.pyc
03-07 12:34:58.171 11676 11735 V python  : extracting _python_bundle/site-packages/pkg_resources/_vendor/packaging/tags.pyc
03-07 12:34:58.173 11676 11735 V python  : extracting _python_bundle/site-packages/pkg_resources/_vendor/packaging/utils.pyc
03-07 12:34:58.174 11676 11735 V python  : extracting _python_bundle/site-packages/pkg_resources/_vendor/packaging/version.pyc
03-07 12:34:58.175 11676 11735 V python  : extracting _python_bundle/site-packages/pkg_resources/_vendor/pyparsing.pyc
03-07 12:34:58.180 11676 11735 V python  : extracting _python_bundle/site-packages/pkg_resources/extern/
03-07 12:34:58.181 11676 11735 V python  : extracting _python_bundle/site-packages/pkg_resources/extern/__init__.pyc
03-07 12:34:58.181 11676 11735 V python  : extracting _python_bundle/site-packages/pyjnius-1.7.0-py3.11.egg-info/
03-07 12:34:58.182 11676 11735 V python  : extracting _python_bundle/site-packages/pyjnius-1.7.0-py3.11.egg-info/PKG-INFO
03-07 12:34:58.182 11676 11735 V python  : extracting _python_bundle/site-packages/pyjnius-1.7.0-py3.11.egg-info/SOURCES.txt
03-07 12:34:58.183 11676 11735 V python  : extracting _python_bundle/site-packages/pyjnius-1.7.0-py3.11.egg-info/dependency_links.txt
03-07 12:34:58.183 11676 11735 V python  : extracting _python_bundle/site-packages/pyjnius-1.7.0-py3.11.egg-info/requires.txt
03-07 12:34:58.183 11676 11735 V python  : extracting _python_bundle/site-packages/pyjnius-1.7.0-py3.11.egg-info/top_level.txt
03-07 12:34:58.184 11676 11735 V python  : extracting _python_bundle/site-packages/requests-2.32.5.dist-info/
03-07 12:34:58.184 11676 11735 V python  : extracting _python_bundle/site-packages/requests-2.32.5.dist-info/INSTALLER
03-07 12:34:58.184 11676 11735 V python  : extracting _python_bundle/site-packages/requests-2.32.5.dist-info/METADATA
03-07 12:34:58.184 11676 11735 V python  : extracting _python_bundle/site-packages/requests-2.32.5.dist-info/RECORD
03-07 12:34:58.185 11676 11735 V python  : extracting _python_bundle/site-packages/requests-2.32.5.dist-info/REQUESTED
03-07 12:34:58.185 11676 11735 V python  : extracting _python_bundle/site-packages/requests-2.32.5.dist-info/WHEEL
03-07 12:34:58.185 11676 11735 V python  : extracting _python_bundle/site-packages/requests-2.32.5.dist-info/licenses/
03-07 12:34:58.186 11676 11735 V python  : extracting _python_bundle/site-packages/requests-2.32.5.dist-info/licenses/LICENSE
03-07 12:34:58.186 11676 11735 V python  : extracting _python_bundle/site-packages/requests-2.32.5.dist-info/top_level.txt
03-07 12:34:58.186 11676 11735 V python  : extracting _python_bundle/site-packages/requests/
03-07 12:34:58.187 11676 11735 V python  : extracting _python_bundle/site-packages/requests/__init__.pyc
03-07 12:34:58.187 11676 11735 V python  : extracting _python_bundle/site-packages/requests/__version__.pyc
03-07 12:34:58.187 11676 11735 V python  : extracting _python_bundle/site-packages/requests/_internal_utils.pyc
03-07 12:34:58.188 11676 11735 V python  : extracting _python_bundle/site-packages/requests/adapters.pyc
03-07 12:34:58.188 11676 11735 V python  : extracting _python_bundle/site-packages/requests/api.pyc
03-07 12:34:58.189 11676 11735 V python  : extracting _python_bundle/site-packages/requests/auth.pyc
03-07 12:34:58.189 11676 11735 V python  : extracting _python_bundle/site-packages/requests/certs.pyc
03-07 12:34:58.189 11676 11735 V python  : extracting _python_bundle/site-packages/requests/compat.pyc
03-07 12:34:58.190 11676 11735 V python  : extracting _python_bundle/site-packages/requests/cookies.pyc
03-07 12:34:58.190 11676 11735 V python  : extracting _python_bundle/site-packages/requests/exceptions.pyc
03-07 12:34:58.191 11676 11735 V python  : extracting _python_bundle/site-packages/requests/help.pyc
03-07 12:34:58.191 11676 11735 V python  : extracting _python_bundle/site-packages/requests/hooks.pyc
03-07 12:34:58.192 11676 11735 V python  : extracting _python_bundle/site-packages/requests/models.pyc
03-07 12:34:58.193 11676 11735 V python  : extracting _python_bundle/site-packages/requests/packages.pyc
03-07 12:34:58.193 11676 11735 V python  : extracting _python_bundle/site-packages/requests/sessions.pyc
03-07 12:34:58.194 11676 11735 V python  : extracting _python_bundle/site-packages/requests/status_codes.pyc
03-07 12:34:58.195 11676 11735 V python  : extracting _python_bundle/site-packages/requests/structures.pyc
03-07 12:34:58.195 11676 11735 V python  : extracting _python_bundle/site-packages/requests/utils.pyc
03-07 12:34:58.196 11676 11735 V python  : extracting _python_bundle/site-packages/setup_sdist.pyc
03-07 12:34:58.197 11676 11735 V python  : extracting _python_bundle/site-packages/setuptools-51.3.3-py3.11.egg-info/
03-07 12:34:58.197 11676 11735 V python  : extracting _python_bundle/site-packages/setuptools-51.3.3-py3.11.egg-info/PKG-INFO
03-07 12:34:58.197 11676 11735 V python  : extracting _python_bundle/site-packages/setuptools-51.3.3-py3.11.egg-info/SOURCES.txt
03-07 12:34:58.198 11676 11735 V python  : extracting _python_bundle/site-packages/setuptools-51.3.3-py3.11.egg-info/dependency_links.txt
03-07 12:34:58.198 11676 11735 V python  : extracting _python_bundle/site-packages/setuptools-51.3.3-py3.11.egg-info/entry_points.txt
03-07 12:34:58.199 11676 11735 V python  : extracting _python_bundle/site-packages/setuptools-51.3.3-py3.11.egg-info/requires.txt
03-07 12:34:58.199 11676 11735 V python  : extracting _python_bundle/site-packages/setuptools-51.3.3-py3.11.egg-info/top_level.txt
03-07 12:34:58.200 11676 11735 V python  : extracting _python_bundle/site-packages/setuptools/
03-07 12:34:58.200 11676 11735 V python  : extracting _python_bundle/site-packages/setuptools/__init__.pyc
03-07 12:34:58.200 11676 11735 V python  : extracting _python_bundle/site-packages/setuptools/_deprecation_warning.pyc
03-07 12:34:58.201 11676 11735 V python  : extracting _python_bundle/site-packages/setuptools/_distutils/
03-07 12:34:58.201 11676 11735 V python  : extracting _python_bundle/site-packages/setuptools/_distutils/__init__.pyc
03-07 12:34:58.202 11676 11735 V python  : extracting _python_bundle/site-packages/setuptools/_distutils/_msvccompiler.pyc
03-07 12:34:58.203 11676 11735 V python  : extracting _python_bundle/site-packages/setuptools/_distutils/archive_util.pyc
03-07 12:34:58.203 11676 11735 V python  : extracting _python_bundle/site-packages/setuptools/_distutils/bcppcompiler.pyc
03-07 12:34:58.204 11676 11735 V python  : extracting _python_bundle/site-packages/setuptools/_distutils/ccompiler.pyc
03-07 12:34:58.205 11676 11735 V python  : extracting _python_bundle/site-packages/setuptools/_distutils/cmd.pyc
03-07 12:34:58.205 11676 11735 V python  : extracting _python_bundle/site-packages/setuptools/_distutils/command/
03-07 12:34:58.206 11676 11735 V python  : extracting _python_bundle/site-packages/setuptools/_distutils/command/__init__.pyc
03-07 12:34:58.206 11676 11735 V python  : extracting _python_bundle/site-packages/setuptools/_distutils/command/bdist.pyc
03-07 12:34:58.207 11676 11735 V python  : extracting _python_bundle/site-packages/setuptools/_distutils/command/bdist_dumb.pyc
03-07 12:34:58.207 11676 11735 V python  : extracting _python_bundle/site-packages/setuptools/_distutils/command/bdist_msi.pyc
03-07 12:34:58.208 11676 11735 V python  : extracting _python_bundle/site-packages/setuptools/_distutils/command/bdist_rpm.pyc
03-07 12:34:58.209 11676 11735 V python  : extracting _python_bundle/site-packages/setuptools/_distutils/command/bdist_wininst.pyc
03-07 12:34:58.210 11676 11735 V python  : extracting _python_bundle/site-packages/setuptools/_distutils/command/build.pyc
03-07 12:34:58.210 11676 11735 V python  : extracting _python_bundle/site-packages/setuptools/_distutils/command/build_clib.pyc
03-07 12:34:58.211 11676 11735 V python  : extracting _python_bundle/site-packages/setuptools/_distutils/command/build_ext.pyc
03-07 12:34:58.212 11676 11735 V python  : extracting _python_bundle/site-packages/setuptools/_distutils/command/build_py.pyc
03-07 12:34:58.212 11676 11735 V python  : extracting _python_bundle/site-packages/setuptools/_distutils/command/build_scripts.pyc
03-07 12:34:58.213 11676 11735 V python  : extracting _python_bundle/site-packages/setuptools/_distutils/command/check.pyc
03-07 12:34:58.214 11676 11735 V python  : extracting _python_bundle/site-packages/setuptools/_distutils/command/clean.pyc
03-07 12:34:58.214 11676 11735 V python  : extracting _python_bundle/site-packages/setuptools/_distutils/command/config.pyc
03-07 12:34:58.215 11676 11735 V python  : extracting _python_bundle/site-packages/setuptools/_distutils/command/install.pyc
03-07 12:34:58.215 11676 11735 V python  : extracting _python_bundle/site-packages/setuptools/_distutils/command/install_data.pyc
03-07 12:34:58.216 11676 11735 V python  : extracting _python_bundle/site-packages/setuptools/_distutils/command/install_egg_info.pyc
03-07 12:34:58.216 11676 11735 V python  : extracting _python_bundle/site-packages/setuptools/_distutils/command/install_headers.pyc
03-07 12:34:58.217 11676 11735 V python  : extracting _python_bundle/site-packages/setuptools/_distutils/command/install_lib.pyc
03-07 12:34:58.217 11676 11735 V python  : extracting _python_bundle/site-packages/setuptools/_distutils/command/install_scripts.pyc
03-07 12:34:58.218 11676 11735 V python  : extracting _python_bundle/site-packages/setuptools/_distutils/command/py37compat.pyc
03-07 12:34:58.218 11676 11735 V python  : extracting _python_bundle/site-packages/setuptools/_distutils/command/register.pyc
03-07 12:34:58.218 11676 11735 V python  : extracting _python_bundle/site-packages/setuptools/_distutils/command/sdist.pyc
03-07 12:34:58.219 11676 11735 V python  : extracting _python_bundle/site-packages/setuptools/_distutils/command/upload.pyc
03-07 12:34:58.220 11676 11735 V python  : extracting _python_bundle/site-packages/setuptools/_distutils/config.pyc
03-07 12:34:58.220 11676 11735 V python  : extracting _python_bundle/site-packages/setuptools/_distutils/core.pyc
03-07 12:34:58.221 11676 11735 V python  : extracting _python_bundle/site-packages/setuptools/_distutils/cygwinccompiler.pyc
03-07 12:34:58.222 11676 11735 V python  : extracting _python_bundle/site-packages/setuptools/_distutils/debug.pyc
03-07 12:34:58.222 11676 11735 V python  : extracting _python_bundle/site-packages/setuptools/_distutils/dep_util.pyc
03-07 12:34:58.223 11676 11735 V python  : extracting _python_bundle/site-packages/setuptools/_distutils/dir_util.pyc
03-07 12:34:58.223 11676 11735 V python  : extracting _python_bundle/site-packages/setuptools/_distutils/dist.pyc
03-07 12:34:58.224 11676 11735 V python  : extracting _python_bundle/site-packages/setuptools/_distutils/errors.pyc
03-07 12:34:58.225 11676 11735 V python  : extracting _python_bundle/site-packages/setuptools/_distutils/extension.pyc
03-07 12:34:58.226 11676 11735 V python  : extracting _python_bundle/site-packages/setuptools/_distutils/fancy_getopt.pyc
03-07 12:34:58.226 11676 11735 V python  : extracting _python_bundle/site-packages/setuptools/_distutils/file_util.pyc
03-07 12:34:58.227 11676 11735 V python  : extracting _python_bundle/site-packages/setuptools/_distutils/filelist.pyc
03-07 12:34:58.228 11676 11735 V python  : extracting _python_bundle/site-packages/setuptools/_distutils/log.pyc
03-07 12:34:58.228 11676 11735 V python  : extracting _python_bundle/site-packages/setuptools/_distutils/msvc9compiler.pyc
03-07 12:34:58.229 11676 11735 V python  : extracting _python_bundle/site-packages/setuptools/_distutils/msvccompiler.pyc
03-07 12:34:58.230 11676 11735 V python  : extracting _python_bundle/site-packages/setuptools/_distutils/py35compat.pyc
03-07 12:34:58.230 11676 11735 V python  : extracting _python_bundle/site-packages/setuptools/_distutils/py38compat.pyc
03-07 12:34:58.231 11676 11735 V python  : extracting _python_bundle/site-packages/setuptools/_distutils/spawn.pyc
03-07 12:34:58.232 11676 11735 V python  : extracting _python_bundle/site-packages/setuptools/_distutils/sysconfig.pyc
03-07 12:34:58.233 11676 11735 V python  : extracting _python_bundle/site-packages/setuptools/_distutils/text_file.pyc
03-07 12:34:58.233 11676 11735 V python  : extracting _python_bundle/site-packages/setuptools/_distutils/unixccompiler.pyc
03-07 12:34:58.234 11676 11735 V python  : extracting _python_bundle/site-packages/setuptools/_distutils/util.pyc
03-07 12:34:58.235 11676 11735 V python  : extracting _python_bundle/site-packages/setuptools/_distutils/version.pyc
03-07 12:34:58.236 11676 11735 V python  : extracting _python_bundle/site-packages/setuptools/_distutils/versionpredicate.pyc
03-07 12:34:58.236 11676 11735 V python  : extracting _python_bundle/site-packages/setuptools/_imp.pyc
03-07 12:34:58.237 11676 11735 V python  : extracting _python_bundle/site-packages/setuptools/_vendor/
03-07 12:34:58.237 11676 11735 V python  : extracting _python_bundle/site-packages/setuptools/_vendor/__init__.pyc
03-07 12:34:58.238 11676 11735 V python  : extracting _python_bundle/site-packages/setuptools/_vendor/ordered_set.pyc
03-07 12:34:58.238 11676 11735 V python  : extracting _python_bundle/site-packages/setuptools/_vendor/packaging/
03-07 12:34:58.239 11676 11735 V python  : extracting _python_bundle/site-packages/setuptools/_vendor/packaging/__about__.pyc
03-07 12:34:58.239 11676 11735 V python  : extracting _python_bundle/site-packages/setuptools/_vendor/packaging/__init__.pyc
03-07 12:34:58.239 11676 11735 V python  : extracting _python_bundle/site-packages/setuptools/_vendor/packaging/_compat.pyc
03-07 12:34:58.240 11676 11735 V python  : extracting _python_bundle/site-packages/setuptools/_vendor/packaging/_structures.pyc
03-07 12:34:58.240 11676 11735 V python  : extracting _python_bundle/site-packages/setuptools/_vendor/packaging/_typing.pyc
03-07 12:34:58.241 11676 11735 V python  : extracting _python_bundle/site-packages/setuptools/_vendor/packaging/markers.pyc
03-07 12:34:58.241 11676 11735 V python  : extracting _python_bundle/site-packages/setuptools/_vendor/packaging/requirements.pyc
03-07 12:34:58.242 11676 11735 V python  : extracting _python_bundle/site-packages/setuptools/_vendor/packaging/specifiers.pyc
03-07 12:34:58.243 11676 11735 V python  : extracting _python_bundle/site-packages/setuptools/_vendor/packaging/tags.pyc
03-07 12:34:58.244 11676 11735 V python  : extracting _python_bundle/site-packages/setuptools/_vendor/packaging/utils.pyc
03-07 12:34:58.245 11676 11735 V python  : extracting _python_bundle/site-packages/setuptools/_vendor/packaging/version.pyc
03-07 12:34:58.245 11676 11735 V python  : extracting _python_bundle/site-packages/setuptools/_vendor/pyparsing.pyc
03-07 12:34:58.249 11676 11735 V python  : extracting _python_bundle/site-packages/setuptools/archive_util.pyc
03-07 12:34:58.250 11676 11735 V python  : extracting _python_bundle/site-packages/setuptools/build_meta.pyc
