--------- beginning of system
03-07 12:23:40.928  1823  5204 I ActivityTaskManager: START u0 {flg=0x10000000 cmp=com.jurnalsaham.jurnalsahamihsg/org.kivy.android.PythonActivity mCallingUid=2000} from uid 2000 and from pid 4902
--------- beginning of main
03-07 12:23:40.932  1823  5204 V SensorManager: setScreenShotDisableImpl
03-07 12:23:40.932  1823  5204 D SensorService: debug_oplusGeminiProximity setScreenShotDisable in SensorService
03-07 12:23:40.934  1823  5204 E ColorZoomWindowManagerService: onConfigurationChanged rotation not changed - prevRotation: 0
03-07 12:23:40.934  1108  1148 E ANDR-PERF-UTIL: Failed to read /sys/class/devfreq/soc:qcom,cpu0-llcc-ddr-lat/min_freq
03-07 12:23:40.934  1108  1148 E ANDR-PERF-OPTSHANDLER: Failed to read /sys/class/devfreq/soc:qcom,cpu0-llcc-ddr-lat/min_freq
03-07 12:23:40.934  1108  1148 E ANDR-PERF-RESOURCEQS: Failed to apply optimization [13, 12]
03-07 12:23:40.934  1108  1148 E ANDR-PERF-UTIL: Failed to read /sys/class/devfreq/soc:qcom,cpu6-llcc-ddr-lat/min_freq
03-07 12:23:40.934  1108  1148 E ANDR-PERF-OPTSHANDLER: Failed to read /sys/class/devfreq/soc:qcom,cpu6-llcc-ddr-lat/min_freq
03-07 12:23:40.934  1108  1148 E ANDR-PERF-RESOURCEQS: Failed to apply optimization [13, 12]
03-07 12:23:40.936  1108  1148 E ANDR-PERF-UTIL: Failed to read /sys/class/devfreq/soc:qcom,cpu0-cpu-llcc-lat/mem_latency/ratio_ceil
03-07 12:23:40.936  1108  1148 E ANDR-PERF-OPTSHANDLER: Failed to read /sys/class/devfreq/soc:qcom,cpu0-cpu-llcc-lat/mem_latency/ratio_ceil
03-07 12:23:40.936  1108  1148 E ANDR-PERF-RESOURCEQS: Failed to apply optimization [13, 8]
03-07 12:23:40.936  1108  1148 E ANDR-PERF-UTIL: Failed to read /sys/class/devfreq/soc:qcom,cpu4-cpu-llcc-lat/mem_latency/ratio_ceil
03-07 12:23:40.936  1108  1148 E ANDR-PERF-OPTSHANDLER: Failed to read /sys/class/devfreq/soc:qcom,cpu4-cpu-llcc-lat/mem_latency/ratio_ceil
03-07 12:23:40.936  1108  1148 E ANDR-PERF-RESOURCEQS: Failed to apply optimization [13, 9]
03-07 12:23:40.937  1108  1148 E ANDR-PERF-UTIL: Failed to read /sys/class/devfreq/soc:qcom,cpu0-llcc-ddr-lat/min_freq
03-07 12:23:40.937  1108  1148 E ANDR-PERF-OPTSHANDLER: Failed to read /sys/class/devfreq/soc:qcom,cpu0-llcc-ddr-lat/min_freq
03-07 12:23:40.937  1108  1148 E ANDR-PERF-RESOURCEQS: Failed to apply optimization [13, 12]
03-07 12:23:40.937  1108  1148 E ANDR-PERF-UTIL: Failed to read /sys/class/devfreq/soc:qcom,cpu6-llcc-ddr-lat/min_freq
03-07 12:23:40.937  1108  1148 E ANDR-PERF-OPTSHANDLER: Failed to read /sys/class/devfreq/soc:qcom,cpu6-llcc-ddr-lat/min_freq
03-07 12:23:40.937  1108  1148 E ANDR-PERF-RESOURCEQS: Failed to apply optimization [13, 12]
03-07 12:23:40.940  1108  1148 E ANDR-PERF-UTIL: Failed to read /sys/class/devfreq/soc:qcom,cpu0-cpu-llcc-lat/mem_latency/ratio_ceil
03-07 12:23:40.940  1108  1148 E ANDR-PERF-OPTSHANDLER: Failed to read /sys/class/devfreq/soc:qcom,cpu0-cpu-llcc-lat/mem_latency/ratio_ceil
03-07 12:23:40.940  1108  1148 E ANDR-PERF-RESOURCEQS: Failed to apply optimization [13, 8]
03-07 12:23:40.940  1108  1148 E ANDR-PERF-UTIL: Failed to read /sys/class/devfreq/soc:qcom,cpu4-cpu-llcc-lat/mem_latency/ratio_ceil
03-07 12:23:40.940  1108  1148 E ANDR-PERF-OPTSHANDLER: Failed to read /sys/class/devfreq/soc:qcom,cpu4-cpu-llcc-lat/mem_latency/ratio_ceil
03-07 12:23:40.940  1108  1148 E ANDR-PERF-RESOURCEQS: Failed to apply optimization [13, 9]
03-07 12:23:40.937  1823  5204 E ColorZoomWindowManagerService: onConfigurationChanged rotation not changed - prevRotation: 0
03-07 12:23:40.943  1823  5204 D ColorZoomWindowRUSConfigManager: isSupportZoomModeWithPolicyLocked: target = com.jurnalsaham.jurnalsahamihsg/org.kivy.android.PythonActivity
03-07 12:23:40.943  1823  5204 D ColorZoomWindowRUSConfigManager: targetPkg = com.jurnalsaham.jurnalsahamihsg
03-07 12:23:40.943  1823  5204 V ColorZoomWindowManagerService: unSupportZoom: false ,callingPid: 4902 ,sourceStack: null
03-07 12:23:40.943  1823  5204 D ActivityTrigger: ActivityTrigger activityPauseTrigger 
03-07 12:23:40.944  1823  5204 D ActivityTaskManager: setWillCloseOrEnterPip:true ActivityRecord:ActivityRecord{d5fbe0b u0 com.oppo.launcher/.Launcher t2} callers:com.android.server.wm.ActivityStack.resumeTopActivityInnerLocked:1921 com.android.server.wm.ActivityStack.resumeTopActivityUncheckedLocked:1710 com.android.server.wm.RootWindowContainer.resumeFocusedStacksTopActivities:2476 com.android.server.wm.ActivityStarter.startActivityInner:2288 com.android.server.wm.ActivityStarter.startActivityUnchecked:1997 
03-07 12:23:40.948  4902  4904 I cmd     : oneway function results will be dropped but finished with status OK and parcel size 4
03-07 12:23:40.950  1823  5204 D ActivityTaskManager: setWillCloseOrEnterPip:false ActivityRecord:ActivityRecord{d5fbe0b u0 com.oppo.launcher/.Launcher t2} callers:com.android.server.wm.ActivityStack.completePauseLocked:1325 com.android.server.wm.ActivityRecord.activityPaused:5483 com.android.server.wm.ActivityTaskManagerService.activityPaused:1998 android.app.IActivityTaskManager$Stub.onTransact:1956 com.android.server.wm.OppoActivityTaskManagerService.onTransact:174 
03-07 12:23:40.953  1823  5204 V SensorManager: setScreenShotDisableImpl
03-07 12:23:40.953  1823  5204 D SensorService: debug_oplusGeminiProximity setScreenShotDisable in SensorService
03-07 12:23:40.953  1823  5204 I ColorHansManager : ColorHansManager : resume pkg: com.jurnalsaham.jurnalsahamihsg, uid:10773, prev pkg: com.oppo.launcher, prev uid: 10049
03-07 12:23:40.953  1823  3138 I ColorHansManager : enter fastfreezer
03-07 12:23:40.953  1823  5204 V SensorManager: setScreenShotDisableImpl
03-07 12:23:40.953  1823  5204 D SensorService: debug_oplusGeminiProximity setScreenShotDisable in SensorService
03-07 12:23:40.954  1823  5204 V SensorManager: setScreenShotDisableImpl
03-07 12:23:40.954  1823  5204 D SensorService: debug_oplusGeminiProximity setScreenShotDisable in SensorService
03-07 12:23:40.957  1108  1148 E ANDR-PERF-UTIL: Failed to read /sys/class/devfreq/soc:qcom,cpu0-llcc-ddr-lat/min_freq
03-07 12:23:40.957  1108  1148 E ANDR-PERF-OPTSHANDLER: Failed to read /sys/class/devfreq/soc:qcom,cpu0-llcc-ddr-lat/min_freq
03-07 12:23:40.957  1108  1148 E ANDR-PERF-RESOURCEQS: Failed to apply optimization [13, 12]
03-07 12:23:40.958  1108  1148 E ANDR-PERF-UTIL: Failed to read /sys/class/devfreq/soc:qcom,cpu6-llcc-ddr-lat/min_freq
03-07 12:23:40.958  1108  1148 E ANDR-PERF-OPTSHANDLER: Failed to read /sys/class/devfreq/soc:qcom,cpu6-llcc-ddr-lat/min_freq
03-07 12:23:40.958  1108  1148 E ANDR-PERF-RESOURCEQS: Failed to apply optimization [13, 12]
03-07 12:23:40.959  1823  2011 D CompatibilityChangeReporter: Compat change id reported: 135634846; UID 10773; state: DISABLED
03-07 12:23:40.959  1108  1148 E ANDR-PERF-UTIL: Failed to read /sys/class/devfreq/soc:qcom,cpu0-cpu-llcc-lat/mem_latency/ratio_ceil
03-07 12:23:40.959  1108  1148 E ANDR-PERF-OPTSHANDLER: Failed to read /sys/class/devfreq/soc:qcom,cpu0-cpu-llcc-lat/mem_latency/ratio_ceil
03-07 12:23:40.959  1108  1148 E ANDR-PERF-RESOURCEQS: Failed to apply optimization [13, 8]
03-07 12:23:40.959  1108  1148 E ANDR-PERF-UTIL: Failed to read /sys/class/devfreq/soc:qcom,cpu4-cpu-llcc-lat/mem_latency/ratio_ceil
03-07 12:23:40.959  1108  1148 E ANDR-PERF-OPTSHANDLER: Failed to read /sys/class/devfreq/soc:qcom,cpu4-cpu-llcc-lat/mem_latency/ratio_ceil
03-07 12:23:40.959  1108  1148 E ANDR-PERF-RESOURCEQS: Failed to apply optimization [13, 9]
03-07 12:23:40.960  1108  1148 E ANDR-PERF-UTIL: Failed to read /sys/class/devfreq/soc:qcom,cpu0-llcc-ddr-lat/min_freq
03-07 12:23:40.960  1108  1148 E ANDR-PERF-OPTSHANDLER: Failed to read /sys/class/devfreq/soc:qcom,cpu0-llcc-ddr-lat/min_freq
03-07 12:23:40.960  1108  1148 E ANDR-PERF-RESOURCEQS: Failed to apply optimization [13, 12]
03-07 12:23:40.960  1108  1148 E ANDR-PERF-UTIL: Failed to read /sys/class/devfreq/soc:qcom,cpu6-llcc-ddr-lat/min_freq
03-07 12:23:40.960  1108  1148 E ANDR-PERF-OPTSHANDLER: Failed to read /sys/class/devfreq/soc:qcom,cpu6-llcc-ddr-lat/min_freq
03-07 12:23:40.960  1108  1148 E ANDR-PERF-RESOURCEQS: Failed to apply optimization [13, 12]
03-07 12:23:40.960  1823  2046 D CompatibilityChangeReporter: Compat change id reported: 143937733; UID 10773; state: ENABLED
03-07 12:23:40.960  1823  3138 I ColorHansManager : freeze uid: 10757 package: com.kajokangin.indosaham reason: fastfreezer|10773 scene: FastFreezerScene
03-07 12:23:40.961  1823  2011 D PowerManagerService: setScreenBrightnessOverrideFromWindowManagerInternal brightness=NaN mScreenBrightnessOverrideFromWindowManager=NaN
03-07 12:23:40.961  1108  1148 E ANDR-PERF-UTIL: Failed to read /sys/class/devfreq/soc:qcom,cpu0-cpu-llcc-lat/mem_latency/ratio_ceil
03-07 12:23:40.961  1108  1148 E ANDR-PERF-OPTSHANDLER: Failed to read /sys/class/devfreq/soc:qcom,cpu0-cpu-llcc-lat/mem_latency/ratio_ceil
03-07 12:23:40.961  1108  1148 E ANDR-PERF-RESOURCEQS: Failed to apply optimization [13, 8]
03-07 12:23:40.961  1108  1148 E ANDR-PERF-UTIL: Failed to read /sys/class/devfreq/soc:qcom,cpu4-cpu-llcc-lat/mem_latency/ratio_ceil
03-07 12:23:40.961  1108  1148 E ANDR-PERF-OPTSHANDLER: Failed to read /sys/class/devfreq/soc:qcom,cpu4-cpu-llcc-lat/mem_latency/ratio_ceil
03-07 12:23:40.961  1108  1148 E ANDR-PERF-RESOURCEQS: Failed to apply optimization [13, 9]
03-07 12:23:40.962  1108  1148 E ANDR-PERF-UTIL: Failed to read /sys/class/devfreq/soc:qcom,cpu0-llcc-ddr-lat/min_freq
03-07 12:23:40.962  1108  1148 E ANDR-PERF-OPTSHANDLER: Failed to read /sys/class/devfreq/soc:qcom,cpu0-llcc-ddr-lat/min_freq
03-07 12:23:40.962  1108  1148 E ANDR-PERF-RESOURCEQS: Failed to apply optimization [13, 12]
03-07 12:23:40.962  1108  1148 E ANDR-PERF-UTIL: Failed to read /sys/class/devfreq/soc:qcom,cpu6-llcc-ddr-lat/min_freq
03-07 12:23:40.962  1108  1148 E ANDR-PERF-OPTSHANDLER: Failed to read /sys/class/devfreq/soc:qcom,cpu6-llcc-ddr-lat/min_freq
03-07 12:23:40.962  1108  1148 E ANDR-PERF-RESOURCEQS: Failed to apply optimization [13, 12]
03-07 12:23:40.964  1108  1148 E ANDR-PERF-UTIL: Failed to read /sys/class/devfreq/soc:qcom,cpu0-cpu-llcc-lat/mem_latency/ratio_ceil
03-07 12:23:40.964  1108  1148 E ANDR-PERF-OPTSHANDLER: Failed to read /sys/class/devfreq/soc:qcom,cpu0-cpu-llcc-lat/mem_latency/ratio_ceil
03-07 12:23:40.964  1108  1148 E ANDR-PERF-RESOURCEQS: Failed to apply optimization [13, 8]
03-07 12:23:40.964  1108  1148 E ANDR-PERF-UTIL: Failed to read /sys/class/devfreq/soc:qcom,cpu4-cpu-llcc-lat/mem_latency/ratio_ceil
03-07 12:23:40.964  1108  1148 E ANDR-PERF-OPTSHANDLER: Failed to read /sys/class/devfreq/soc:qcom,cpu4-cpu-llcc-lat/mem_latency/ratio_ceil
03-07 12:23:40.964  1108  1148 E ANDR-PERF-RESOURCEQS: Failed to apply optimization [13, 9]
03-07 12:23:40.962  1823  2011 D PowerManagerService: setScreenBrightnessOverrideFromWindowManagerInternal brightness=NaN mScreenBrightnessOverrideFromWindowManager=NaN
03-07 12:23:40.964  1823  2012 D OppoPhoneWindowManager: RevertColorDrawableInDarkMode packageName = com.jurnalsaham.jurnalsahamihsg; versionCode = 1021100;result = false; time:133594
03-07 12:23:40.965  1823  3138 I ColorHansManager : freeze uid: 10152 package: com.lazada.android reason: fastfreezer|10773 scene: FastFreezerScene
03-07 12:23:40.968  1823  2012 D ColorViewRootUtil: initSwipState, isDisplayCompatApp false
03-07 12:23:40.968  1823  2012 D ColorViewRootUtil: mScreenHeight 2340, mScreenWidth 1080
03-07 12:23:40.969  1823  2012 D WindowManager: Add to mViews: DecorView@63385ee[jurnalsahamihsg],pkg= com.jurnalsaham.jurnalsahamihsg
03-07 12:23:40.969  1823  2012 D OppoDisplayPolicy: com.jurnalsaham.jurnalsahamihsg, no change cutoutMode: 0
03-07 12:23:40.970  1823  3138 I ColorHansManager : freeze uid: 10282 package: com.tokopedia.sellerapp reason: fastfreezer|10773 scene: FastFreezerScene
03-07 12:23:40.973  1823  3138 I ColorHansManager : freeze uid: 10167 package: com.instagram.android reason: fastfreezer|10773 scene: FastFreezerScene
03-07 12:23:40.976  1823  3138 I ColorHansManager : freeze uid: 10296 package: com.instagram.barcelona reason: fastfreezer|10773 scene: FastFreezerScene
03-07 12:23:40.978  1823  3138 I ColorHansManager : freeze uid: 10171 package: com.ss.android.ugc.trill reason: fastfreezer|10773 scene: FastFreezerScene
03-07 12:23:40.979  1823  3138 I ColorHansManager : freeze uid: 10307 package: com.truecaller reason: fastfreezer|10773 scene: FastFreezerScene
03-07 12:23:40.981  1823  3138 I ColorHansManager : freeze uid: 10455 package: com.facebook.katana reason: fastfreezer|10773 scene: FastFreezerScene
03-07 12:23:40.981  1823  2012 D OppoDisplayPolicy: com.jurnalsaham.jurnalsahamihsg, no change cutoutMode: 0
03-07 12:23:40.982  1823  5653 I InputDispatcher: Focus left window: Window{6f358e8 u0 com.oppo.launcher/com.oppo.launcher.Launcher} in display 0
03-07 12:23:40.984  1823  3138 I ColorHansManager : freeze uid: 10203 package: com.tokopedia.tkpd reason: fastfreezer|10773 scene: FastFreezerScene
03-07 12:23:40.985  1823  3138 I ColorHansManager : freeze uid: 10100 package: com.nearme.gamecenter reason: fastfreezer|10773 scene: FastFreezerScene
03-07 12:23:40.986  1823  3138 I ColorHansManager : freeze uid: 10613 package: com.alibaba.intl.android.apps.poseidon reason: fastfreezer|10773 scene: FastFreezerScene
03-07 12:23:40.989  1823  2012 D WindowManager: WARNING: focused app window can't receive keys, focusedApp:ActivityRecord{d5fbe0b u0 com.oppo.launcher/.Launcher t2} window:Window{6f358e8 u0 com.oppo.launcher/com.oppo.launcher.Launcher}
03-07 12:23:40.989  1823  2012 D WindowManager: isRecentsAnimationConsumingAppInput:false isParentWindowHidden:false mAnimatingExit:false mRelayoutCalled:true
03-07 12:23:40.989  1823  2012 V WindowManager: Changing focus from Window{6f358e8 u0 com.oppo.launcher/com.oppo.launcher.Launcher} to null,diplayid=0
03-07 12:23:40.989   919   919 D Zygote  : Forked child process 4908
03-07 12:23:40.990  4908  4908 W Zygote  : Unable to open libbeluga.so: dlopen failed: library "libbeluga.so" not found.
03-07 12:23:40.990  1823  2012 D Theia.NoFocusWindow: FocusWindowErrorScene CheckFreezeScreen
03-07 12:23:40.991  1823  2012 V OplusZoomWindowDecorViewHelper: setLastReportedMergedConfiguration mZoomDisplayHeight: 2340 getDecorView.DecorView@63385ee[jurnalsahamihsg]
03-07 12:23:40.992  1823  5653 D ColorInputMethodManagerServiceEx: onHandleImeWindowVisibleStatus handledVis: 0, switcher visible: 0, switcher active: 0, needsToShowImeSwitcher: false
03-07 12:23:40.993  1823  2011 D PowerManagerService: setScreenBrightnessOverrideFromWindowManagerInternal brightness=NaN mScreenBrightnessOverrideFromWindowManager=NaN
03-07 12:23:40.995 21100 21100 D BoundBrokerSvc: onUnbind: Intent { act=com.google.android.gms.libs.gmscorelogger.service.START dat=chimera-action: cmp=com.google.android.gms/.chimera.PersistentDirectBootAwareApiService }
03-07 12:23:41.002  1823  5372 D OppoDisplayPolicy: com.android.systemui, change system app cutoutMode: color always
03-07 12:23:41.002  1150  3964 D DispPerfService: onframeavailable pid=1823, slot=0, seq=14800, name=system_server:Splash Screen com.jurnalsaham.jurnalsahamihsg#0
03-07 12:23:41.005  1823  2008 D OplusAppBwCore: onUidImportance: 10773, 400
03-07 12:23:41.005  4908  4908 I jurnalsahamihs: Late-enabling -Xcheck:jni
03-07 12:23:41.005  1134  2525 D AudioPolicyService: updateUidStates_l() allowCapture=true because of on TOP AND uses VOICE_RECOGNITION OR uses HOTWORD
03-07 12:23:41.005  1134  2525 D AudioPolicyService: updateUidStates_l() current->uid=10070 current->pid=17223 allowCapture=1 UidState=5 apmStat=1
03-07 12:23:41.006  1823  2046 I ActivityManager: Start proc 4908:com.jurnalsaham.jurnalsahamihsg/u0a773 for pre-top-activity {com.jurnalsaham.jurnalsahamihsg/org.kivy.android.PythonActivity}
03-07 12:23:41.008  1823  2011 D PowerManagerService: setScreenBrightnessOverrideFromWindowManagerInternal brightness=NaN mScreenBrightnessOverrideFromWindowManager=NaN
03-07 12:23:41.008  1823  2046 W ActivityManager: Slow operation: 51ms so far, now at startProcess: done updating pids map
03-07 12:23:41.008  1823  2537 W ActivityManager: Unable to start service Intent { cmp=com.google.android.googlequicksearchbox/com.google.android.apps.gsa.tasks.BackgroundTasksJobService (has extras) } U=0: not found
03-07 12:23:41.008  1823  2537 D JobScheduler: Error executing JobStatus{bbef7f9 #u0a70/-202 com.google.android.googlequicksearchbox/com.google.android.apps.gsa.tasks.BackgroundTasksJobService u=0 s=10070 TIME=-3d7h46m45s953ms:-3d7h46m45s953ms NET CHARGING PERIODIC PERSISTED READY}
03-07 12:23:41.009  1823  2537 W ActivityManager: Unable to start service Intent { cmp=com.google.android.googlequicksearchbox/com.google.android.apps.gsa.tasks.BackgroundTasksJobService (has extras) } U=0: not found
03-07 12:23:41.009  1823  2537 D JobScheduler: Error executing JobStatus{8f2d1c1 #u0a70/-362 com.google.android.googlequicksearchbox/com.google.android.apps.gsa.tasks.BackgroundTasksJobService u=0 s=10070 TIME=-3d7h46m45s956ms:-3d7h46m45s956ms PERIODIC PERSISTED READY}
03-07 12:23:41.011  1823  2011 D PowerManagerService: setScreenBrightnessOverrideFromWindowManagerInternal brightness=NaN mScreenBrightnessOverrideFromWindowManager=NaN
03-07 12:23:41.013  1823  2537 W ActivityManager: Unable to start service Intent { cmp=com.google.android.googlequicksearchbox/com.google.android.apps.gsa.tasks.BackgroundTasksJobService (has extras) } U=0: not found
03-07 12:23:41.014  1823  2537 D JobScheduler: Error executing JobStatus{8bedc16 #u0a70/-148 com.google.android.googlequicksearchbox/com.google.android.apps.gsa.tasks.BackgroundTasksJobService u=0 s=10070 TIME=-3d7h46m45s959ms:-3d7h46m45s959ms NET PERIODIC PERSISTED READY}
03-07 12:23:41.015  1823  2537 W ActivityManager: Unable to start service Intent { cmp=com.google.android.googlequicksearchbox/com.google.android.apps.gsa.tasks.BackgroundTasksJobService (has extras) } U=0: not found
03-07 12:23:41.015  1823  2537 D JobScheduler: Error executing JobStatus{7b956ec #u0a70/-324 com.google.android.googlequicksearchbox/com.google.android.apps.gsa.tasks.BackgroundTasksJobService u=0 s=10070 TIME=-3d7h46m45s960ms:-3d7h46m45s960ms CHARGING PERIODIC PERSISTED READY}
03-07 12:23:41.017  1823  2537 W ActivityManager: Unable to start service Intent { cmp=com.google.android.googlequicksearchbox/com.google.android.apps.gsa.tasks.BackgroundTasksJobService (has extras) } U=0: not found
03-07 12:23:41.017  1823  2537 D JobScheduler: Error executing JobStatus{6c4a3a2 #u0a70/-128 com.google.android.googlequicksearchbox/com.google.android.apps.gsa.tasks.BackgroundTasksJobService u=0 s=10070 TIME=-3d7h46m45s962ms:-3d7h46m45s962ms NET PERIODIC PERSISTED READY}
03-07 12:23:41.019  1823  2537 W ActivityManager: Unable to start service Intent { cmp=com.google.android.googlequicksearchbox/com.google.android.apps.gsa.tasks.BackgroundTasksJobService (has extras) } U=0: not found
03-07 12:23:41.019  1823  2537 D JobScheduler: Error executing JobStatus{653eb6d #u0a70/-406 com.google.android.googlequicksearchbox/com.google.android.apps.gsa.tasks.BackgroundTasksJobService u=0 s=10070 TIME=-3d7h46m45s963ms:-3d7h46m45s963ms NET PERIODIC PERSISTED READY}
03-07 12:23:41.020  1823  2537 W ActivityManager: Unable to start service Intent { cmp=com.google.android.googlequicksearchbox/com.google.android.apps.gsa.tasks.BackgroundTasksJobService (has extras) } U=0: not found
03-07 12:23:41.020  1823  2537 D JobScheduler: Error executing JobStatus{3ed959f #u0a70/-480 com.google.android.googlequicksearchbox/com.google.android.apps.gsa.tasks.BackgroundTasksJobService u=0 s=10070 TIME=-3d7h46m45s966ms:-3d7h46m45s966ms NET PERIODIC PERSISTED READY}
03-07 12:23:41.021  1823  2537 W ActivityManager: Unable to start service Intent { cmp=com.google.android.googlequicksearchbox/com.google.android.apps.gsa.tasks.BackgroundTasksJobService (has extras) } U=0: not found
03-07 12:23:41.021  1823  2537 D JobScheduler: Error executing JobStatus{1c8a2af #u0a70/-486 com.google.android.googlequicksearchbox/com.google.android.apps.gsa.tasks.BackgroundTasksJobService u=0 s=10070 TIME=-3d7h46m45s969ms:-3d7h46m45s969ms NET PERIODIC PERSISTED READY}
03-07 12:23:41.022  1823  2537 W ActivityManager: Unable to start service Intent { cmp=com.google.android.googlequicksearchbox/com.google.android.apps.gsa.tasks.BackgroundTasksJobService (has extras) } U=0: not found
03-07 12:23:41.022  1823  2537 D JobScheduler: Error executing JobStatus{1c21645 #u0a70/-352 com.google.android.googlequicksearchbox/com.google.android.apps.gsa.tasks.BackgroundTasksJobService u=0 s=10070 TIME=-3d7h46m45s969ms:-3d7h46m45s969ms NET PERIODIC PERSISTED READY}
03-07 12:23:41.024  1823  2537 W ActivityManager: Unable to start service Intent { cmp=com.google.android.googlequicksearchbox/com.google.android.apps.gsa.tasks.BackgroundTasksJobService (has extras) } U=0: not found
03-07 12:23:41.024  1823  2537 D JobScheduler: Error executing JobStatus{cab19a #u0a70/-370 com.google.android.googlequicksearchbox/com.google.android.apps.gsa.tasks.BackgroundTasksJobService u=0 s=10070 TIME=-3d7h46m45s970ms:-3d7h46m45s970ms NET CHARGING PERIODIC PERSISTED READY}
03-07 12:23:41.025  1823  2537 W ActivityManager: Unable to start service Intent { cmp=com.google.android.googlequicksearchbox/com.google.android.apps.gsa.tasks.BackgroundTasksJobService (has extras) } U=0: not found
03-07 12:23:41.025  1823  2537 D JobScheduler: Error executing JobStatus{6d7a8e #u0a70/-256 com.google.android.googlequicksearchbox/com.google.android.apps.gsa.tasks.BackgroundTasksJobService u=0 s=10070 TIME=-3d7h46m45s972ms:-3d7h46m45s972ms NET CHARGING PERIODIC PERSISTED READY}
03-07 12:23:41.026  1823  2537 W ActivityManager: Unable to start service Intent { cmp=com.coloros.deepthinker/com.coloros.proton.learn.schedule.TrainJobService (has extras) } U=0: not found
03-07 12:23:41.026  1823  2537 D JobScheduler: Error executing JobStatus{e63504a #1000/648162385 com.coloros.deepthinker/com.coloros.proton.learn.schedule.TrainJobService u=0 s=1000 TIME=-3d7h46m45s943ms:-3d7h46m45s943ms PERSISTED READY}
03-07 12:23:41.032  4908  4908 I jurnalsahamihs: Unquickening 21 vdex files!
03-07 12:23:41.032  4908  4908 E jurnalsahamihs: Unknown bits set in runtime_flags: 0x40000000
03-07 12:23:41.037 15572 15578 I adbd    : jdwp connection from 4908
03-07 12:23:41.044  4908  4908 E RefClass: java.lang.reflect.InvocationTargetException
03-07 12:23:41.044  4908  4908 I OneTrace: Mark active for pid=4908? true
03-07 12:23:41.057  1823  5653 I ColorAppSwitchManagerService: appswitch hasProcess ActivityRecord{2ce7671 u0 com.jurnalsaham.jurnalsahamihsg/org.kivy.android.PythonActivity t33111}
03-07 12:23:41.057  1823  5653 I InputDispatcher: setFocusedApplication displayId=0 ActivityRecord{2ce7671 u0 com.jurnalsaham.jurnalsahamihsg/org.kivy.android.PythonActivity t33111}
03-07 12:23:41.057  1823  3461 V DCSEX-AppSwitchManager: OnAppSwitchObserver: onAppExit , info = OplusAppExitInfo = {  targetName = com.oppo.launcher hasResumingActivity = true resumingPackageName = com.jurnalsaham.jurnalsahamihsg resumingActivityName = org.kivy.android.PythonActivity resumingWindowMode = 1 isResumingMultiApp = false isResumingFirstStart = true extension = Bundle[{taskId=33111, uid=10773}]}
03-07 12:23:41.057  1823  8266 D DCSEX-AppLaunchEventRecorder: onAppSwitch from = com.oppo.launcher to = com.jurnalsaham.jurnalsahamihsg
03-07 12:23:41.060  1823  3461 I ColorResourcePreloadManager: resume pkg: com.jurnalsaham.jurnalsahamihsg, uid:10773, prev pkg: com.oppo.launcher, prev uid: 10049
03-07 12:23:41.060  1823  3461 V DCSEX-AppSwitchManager: OnAppSwitchObserver: onAppEnter , info = OplusAppEnterInfo = {  windowMode = 1 targetName = com.jurnalsaham.jurnalsahamihsg multiApp = false firstStart = true launchedFromPackage = com.android.shell intent = Intent { flg=0x10000000 cmp=com.jurnalsaham.jurnalsahamihsg/org.kivy.android.PythonActivity mCallingUid=2000 } extension = Bundle[{taskId=33111, uid=10773}]}
03-07 12:23:41.060 15661 15679 W OppoGuardElf: ThermalControlUtils: mForegroundPkg=com.jurnalsaham.jurnalsahamihsg
03-07 12:23:41.061  4264 10786 D ZoomAppController: ignore onAppEnter: Invalid cvActionFlag = 0
03-07 12:23:41.062  1108  1148 E ANDR-PERF-UTIL: Failed to read /sys/class/devfreq/soc:qcom,cpu0-llcc-ddr-lat/min_freq
03-07 12:23:41.062  1108  1148 E ANDR-PERF-OPTSHANDLER: Failed to read /sys/class/devfreq/soc:qcom,cpu0-llcc-ddr-lat/min_freq
03-07 12:23:41.062  1108  1148 E ANDR-PERF-RESOURCEQS: Failed to apply optimization [13, 12]
03-07 12:23:41.062  1108  1148 E ANDR-PERF-UTIL: Failed to read /sys/class/devfreq/soc:qcom,cpu6-llcc-ddr-lat/min_freq
03-07 12:23:41.062  1108  1148 E ANDR-PERF-OPTSHANDLER: Failed to read /sys/class/devfreq/soc:qcom,cpu6-llcc-ddr-lat/min_freq
03-07 12:23:41.062  1108  1148 E ANDR-PERF-RESOURCEQS: Failed to apply optimization [13, 12]
03-07 12:23:41.064  1108  1148 E ANDR-PERF-UTIL: Failed to read /sys/class/devfreq/soc:qcom,cpu0-cpu-llcc-lat/mem_latency/ratio_ceil
03-07 12:23:41.064  1108  1148 E ANDR-PERF-OPTSHANDLER: Failed to read /sys/class/devfreq/soc:qcom,cpu0-cpu-llcc-lat/mem_latency/ratio_ceil
03-07 12:23:41.064  1108  1148 E ANDR-PERF-RESOURCEQS: Failed to apply optimization [13, 8]
03-07 12:23:41.064  1108  1148 E ANDR-PERF-UTIL: Failed to read /sys/class/devfreq/soc:qcom,cpu4-cpu-llcc-lat/mem_latency/ratio_ceil
03-07 12:23:41.064  1108  1148 E ANDR-PERF-OPTSHANDLER: Failed to read /sys/class/devfreq/soc:qcom,cpu4-cpu-llcc-lat/mem_latency/ratio_ceil
03-07 12:23:41.064  1108  1148 E ANDR-PERF-RESOURCEQS: Failed to apply optimization [13, 9]
03-07 12:23:41.069  4908  4908 I oplus.android.OplusFrameworkFactoryImpl: get feature:IOplusScreenModeFeature
03-07 12:23:41.069  4908  4908 I oplus.android.OplusFrameworkFactoryImpl: getOplusScreenModeFeature
03-07 12:23:41.057  1823  5653 I ColorAppSwitchManagerService: appswitch hasProcess ActivityRecord{2ce7671 u0 com.jurnalsaham.jurnalsahamihsg/org.kivy.android.PythonActivity t33111}
03-07 12:23:41.081  1823  2011 E OppoThermalStats: Error getting package info: com.jurnalsaham.jurnalsahamihsg
03-07 12:23:41.082  1823  2011 D OplusKeepAliveManager: TOP_APP is ProcessRecord{23d97e2 4908:com.jurnalsaham.jurnalsahamihsg/u0a773} uid is 10773
03-07 12:23:41.082  1150  1150 D OppoExLayer: ~Layer() sequence=14793, name=Surface(name=501053e StatusBar)/@0xbaa88ec - animation-leash#1@0x74730d1000
03-07 12:23:41.082  1150  1150 D OppoExLayer: ~Layer() sequence=14794, name=Surface(name=1412601 NavigationBar0)/@0x71346e7 - animation-leash#0@0x7473108000
03-07 12:23:41.084  4908  4908 E libc    : Access denied finding property "ro.odm.prev.product.name"
03-07 12:23:41.087  2640  2666 D OplusCoreAppService: isPackageContainsOplusCertificates be called
03-07 12:23:41.088  1823  4232 D ColorAppListInterceptManager: shouldFilterTask
03-07 12:23:41.088  1823  4232 D ColorAppListInterceptManager: shouldFilterTask::packageName = com.jurnalsaham.jurnalsahamihsg
03-07 12:23:41.089  1823  4232 D ColorAppListInterceptManager: shouldFilterTask
03-07 12:23:41.089  1823  4232 D ColorAppListInterceptManager: shouldFilterTask::packageName = com.ss.android.ugc.trill
03-07 12:23:41.091  1823  2011 D PowerManagerService: setScreenBrightnessOverrideFromWindowManagerInternal brightness=NaN mScreenBrightnessOverrideFromWindowManager=NaN
03-07 12:23:41.091  1823  2008 D OplusAppBwCore: onUidImportance: 10773, 100
03-07 12:23:41.092  1134  2525 D AudioPolicyService: updateUidStates_l() allowCapture=true because of on TOP AND uses VOICE_RECOGNITION OR uses HOTWORD
03-07 12:23:41.092  1134  2525 D AudioPolicyService: updateUidStates_l() current->uid=10070 current->pid=17223 allowCapture=1 UidState=5 apmStat=1
03-07 12:23:41.092  1134  2525 D AudioPolicyService: updateUidStates_l() allowCapture=true because of on TOP AND uses VOICE_RECOGNITION OR uses HOTWORD
03-07 12:23:41.092  1134  2525 D AudioPolicyService: updateUidStates_l() current->uid=10070 current->pid=17223 allowCapture=1 UidState=5 apmStat=1
03-07 12:23:41.095  1823  5200 D AS.AudioService: getParameters() keyValuePairs:OPLUS_AUDIO_GET_FOCUS_STACK
03-07 12:23:41.096 15661 15679 W OppoGuardElf: ThermalControllHandler: tempLevel=4,userMode=2,gameUserMode=-1,appType=-1,envTempType=0,appStates=[]
03-07 12:23:41.097 15661 15679 W OppoGuardElf: ThermalControllerCenter: mSafetyState=10000
03-07 12:23:41.100 15661 15679 W OppoGuardElf: ThermalControllHandler: tempGear=4,configItemName=common_config
03-07 12:23:41.100 15661 15758 W OppoGuardElf: ThermalControllHandler: MSG_THERMAL_CONTROL_CATEGORY_CHANGED
03-07 12:23:41.103  4908  4908 I Perf    : Connecting to perf service.
03-07 12:23:41.104  4401  4443 E oiface  : packageSwitch pkg com.jurnalsaham.jurnalsahamihsg, enter
03-07 12:23:41.104  4401  4443 E oiface  : current package is com.jurnalsaham.jurnalsahamihsg and pid is 4908
03-07 12:23:41.107  4908  4908 E Perf    :  perftest packageName : com.jurnalsaham.jurnalsahamihsg App is allowed to use Hide APIs  
03-07 12:23:41.112  4908  4908 D NetworkSecurityConfig: No Network Security Config specified, using platform default
03-07 12:23:41.113  4908  4908 D NetworkSecurityConfig: No Network Security Config specified, using platform default
03-07 12:23:41.120  4401  4441 E oiface  : Average freq 834651 for 48s.
03-07 12:23:41.120  4401  4441 E oiface  : Average freq 854716 for 48s.
03-07 12:23:41.091  1823  2011 D PowerManagerService: setScreenBrightnessOverrideFromWindowManagerInternal brightness=NaN mScreenBrightnessOverrideFromWindowManager=NaN
03-07 12:23:41.122  1823  3013 E ORMS_Platform : OplusResourceManagerPlatformUtils: readFile function exception:/sys/devices/platform/soc/5000000.qcom,kgsl-3d0/kgsl/kgsl-3d0/freq_table_mhz: open failed: EACCES (Permission denied)
03-07 12:23:41.117  1823  1823 W Binder:1823_7: type=1400 audit(0.0:213260): avc: denied { open } for path="/sys/devices/platform/soc/5000000.qcom,kgsl-3d0/kgsl/kgsl-3d0/freq_table_mhz" dev="sysfs" ino=46177 scontext=u:r:system_server:s0 tcontext=u:object_r:sysfs_kgsl:s0 tclass=file permissive=0
03-07 12:23:41.122  4401  4441 E oiface  : get gpu freq table failed
03-07 12:23:41.126  1108  1148 E ANDR-PERF-UTIL: Failed to read /sys/class/devfreq/soc:qcom,cpu0-llcc-ddr-lat/min_freq
03-07 12:23:41.126  4401  4441 E oiface  : client  not found, skipped
03-07 12:23:41.126  1108  1148 E ANDR-PERF-OPTSHANDLER: Failed to read /sys/class/devfreq/soc:qcom,cpu0-llcc-ddr-lat/min_freq
03-07 12:23:41.126  1108  1148 E ANDR-PERF-RESOURCEQS: Failed to apply optimization [13, 12]
03-07 12:23:41.126  4401  4441 D oiface  : forground package is com.jurnalsaham.jurnalsahamihsg
03-07 12:23:41.126  1108  1148 E ANDR-PERF-UTIL: Failed to read /sys/class/devfreq/soc:qcom,cpu6-llcc-ddr-lat/min_freq
03-07 12:23:41.126  1108  1148 E ANDR-PERF-OPTSHANDLER: Failed to read /sys/class/devfreq/soc:qcom,cpu6-llcc-ddr-lat/min_freq
03-07 12:23:41.126  1108  1148 E ANDR-PERF-RESOURCEQS: Failed to apply optimization [13, 12]
03-07 12:23:41.127  1108  1148 E ANDR-PERF-UTIL: Failed to read /sys/class/devfreq/soc:qcom,cpu0-cpu-llcc-lat/mem_latency/ratio_ceil
03-07 12:23:41.127  1108  1148 E ANDR-PERF-OPTSHANDLER: Failed to read /sys/class/devfreq/soc:qcom,cpu0-cpu-llcc-lat/mem_latency/ratio_ceil
03-07 12:23:41.127  1108  1148 E ANDR-PERF-RESOURCEQS: Failed to apply optimization [13, 8]
03-07 12:23:41.127  1108  1148 E ANDR-PERF-UTIL: Failed to read /sys/class/devfreq/soc:qcom,cpu4-cpu-llcc-lat/mem_latency/ratio_ceil
03-07 12:23:41.127  1108  1148 E ANDR-PERF-OPTSHANDLER: Failed to read /sys/class/devfreq/soc:qcom,cpu4-cpu-llcc-lat/mem_latency/ratio_ceil
03-07 12:23:41.127  1108  1148 E ANDR-PERF-RESOURCEQS: Failed to apply optimization [13, 9]
03-07 12:23:41.131  1150  1231 W DisplayIdentification: Invalid EDID: falling back to serial number due to missing display name.
03-07 12:23:41.131  1150  1231 W DisplayIdentification: Invalid EDID: falling back to ASCII text due to missing serial number.
03-07 12:23:41.138  4908  4934 E libEGL  : Invalid file path for libcolorx-loader.so
03-07 12:23:41.149  4908  4908 I oplus.android.OplusFrameworkFactoryImpl: getOplusRedPacketManager
03-07 12:23:41.151  4908  4908 V PythonActivity: PythonActivity onCreate running
03-07 12:23:41.152  4908  4908 V PythonActivity: About to do super onCreate
03-07 12:23:41.152  4908  4908 V SDL     : Device: RMX1971
03-07 12:23:41.152  4908  4908 V SDL     : Model: RMX1971
03-07 12:23:41.152  4908  4908 V SDL     : onCreate()
03-07 12:23:41.152  4908  4908 V PythonActivity: Did super onCreate
03-07 12:23:41.152  4908  4908 V SDL     : getting identifier
03-07 12:23:41.152  4908  4908 V SDL     : kind is layout and name lottie
03-07 12:23:41.152  4908  4908 V SDL     : result is 0
03-07 12:23:41.152  4908  4908 E jurnalsahamihs: Invalid ID 0x00000000.
03-07 12:23:41.153  4908  4908 V SDL     : couldn't find lottie layout or animation, trying static splash
03-07 12:23:41.153  4908  4908 V SDL     : getting identifier
03-07 12:23:41.153  4908  4908 V SDL     : kind is drawable and name presplash
03-07 12:23:41.153  4908  4908 V SDL     : result is 2130771969
03-07 12:23:41.147  1823  1823 W Binder:1823_10: type=1400 audit(0.0:213261): avc: denied { open } for path="/sys/devices/platform/soc/5000000.qcom,kgsl-3d0/kgsl/kgsl-3d0/freq_table_mhz" dev="sysfs" ino=46177 scontext=u:r:system_server:s0 tcontext=u:object_r:sysfs_kgsl:s0 tclass=file permissive=0
03-07 12:23:41.156  1823  4232 E ORMS_Platform : OplusResourceManagerPlatformUtils: readFile function exception:/sys/devices/platform/soc/5000000.qcom,kgsl-3d0/kgsl/kgsl-3d0/freq_table_mhz: open failed: EACCES (Permission denied)
03-07 12:23:41.156  4401  4441 E oiface  : get gpu freq table failed
03-07 12:23:41.160  4908  4908 V SDL     : asked to get string presplash_color
03-07 12:23:41.160  4908  4908 V SDL     : getting identifier
03-07 12:23:41.160  4908  4908 V SDL     : kind is string and name presplash_color
03-07 12:23:41.160  4908  4908 V SDL     : result is 2131034113
03-07 12:23:41.181  4908  4935 V PythonActivity: Ready to unpack
03-07 12:23:41.182  4908  4908 V SDL     : onStart()
03-07 12:23:41.183  4908  4935 V pythonutil: Unpacking private app
03-07 12:23:41.183  4908  4935 V pythonutil: Data version is 94daf700790ab58f995bdec217a077a6f120473f
03-07 12:23:41.184  4908  4935 V pythonutil: Unpacking /data/app/~~sFIsXRCwb7MVmpb7UGZZRw==/com.jurnalsaham.jurnalsahamihsg-qSNaf28er-B4aDtMAnBaVQ==/lib/arm64/libpybundle app
03-07 12:23:41.184  4908  4908 V PythonActivity: onResume()
03-07 12:23:41.184  4908  4908 V SDL     : onResume()
03-07 12:23:41.185  4908  4935 V pythonutil: Data version is 94daf700790ab58f995bdec217a077a6f120473f
03-07 12:23:41.186  4908  4908 D OplusInputMethodUtil: init DEBUG to false, update DEBUG_IME to false
03-07 12:23:41.203  4908  4908 I OplusFeatureCache: Milliseconds spent on init(): 10
03-07 12:23:41.206  4908  4908 D OplusSlideAnimOptHelper: scrollEffectOpt enable = false
03-07 12:23:41.207  4908  4908 D ColorViewRootUtil: initSwipState, isDisplayCompatApp false
03-07 12:23:41.207  4908  4908 D ColorViewRootUtil: mScreenHeight 2340, mScreenWidth 1080
03-07 12:23:41.210  4908  4908 D WindowManager: Add to mViews: DecorView@91342b9[PythonActivity],pkg= com.jurnalsaham.jurnalsahamihsg
03-07 12:23:41.223  1823  4232 D OppoDisplayPolicy: com.jurnalsaham.jurnalsahamihsg, no change cutoutMode: 0
03-07 12:23:41.234  4908  4908 V pythonutil: Checking pattern libsqlite3\.so against libSDL2.so
03-07 12:23:41.234  4908  4908 V pythonutil: Checking pattern libsqlite3\.so against libSDL2_ttf.so
03-07 12:23:41.234  4908  4908 V pythonutil: Checking pattern libsqlite3\.so against libSDL2_mixer.so
03-07 12:23:41.234  4908  4908 V pythonutil: Checking pattern libsqlite3\.so against libssl1.1.so
03-07 12:23:41.234  4908  4908 V pythonutil: Checking pattern libsqlite3\.so against libpybundle.so
03-07 12:23:41.234  4908  4908 V pythonutil: Checking pattern libsqlite3\.so against libmain.so
03-07 12:23:41.234  4908  4908 V pythonutil: Checking pattern libsqlite3\.so against libpython3.11.so
03-07 12:23:41.234  4908  4908 V pythonutil: Checking pattern libsqlite3\.so against libcrypto1.1.so
03-07 12:23:41.234  4908  4908 V pythonutil: Checking pattern libsqlite3\.so against libffi.so
03-07 12:23:41.234  4908  4908 V pythonutil: Checking pattern libsqlite3\.so against libsqlite3.so
03-07 12:23:41.235  4908  4908 V pythonutil: Pattern libsqlite3\.so matched file libsqlite3.so
03-07 12:23:41.235  4908  4908 V pythonutil: Checking pattern libsqlite3\.so against libSDL2_image.so
03-07 12:23:41.235  4908  4908 V pythonutil: Checking pattern libffi\.so against libSDL2.so
03-07 12:23:41.235  4908  4908 V pythonutil: Checking pattern libffi\.so against libSDL2_ttf.so
03-07 12:23:41.236  4908  4908 V pythonutil: Checking pattern libffi\.so against libSDL2_mixer.so
03-07 12:23:41.236  4908  4908 V pythonutil: Checking pattern libffi\.so against libssl1.1.so
03-07 12:23:41.236  4908  4908 V pythonutil: Checking pattern libffi\.so against libpybundle.so
03-07 12:23:41.236  4908  4908 V pythonutil: Checking pattern libffi\.so against libmain.so
03-07 12:23:41.236  4908  4908 V pythonutil: Checking pattern libffi\.so against libpython3.11.so
03-07 12:23:41.236  4908  4908 V pythonutil: Checking pattern libffi\.so against libcrypto1.1.so
03-07 12:23:41.236  4908  4908 V pythonutil: Checking pattern libffi\.so against libffi.so
03-07 12:23:41.236  4908  4908 V pythonutil: Pattern libffi\.so matched file libffi.so
03-07 12:23:41.236  4908  4908 V pythonutil: Checking pattern libffi\.so against libsqlite3.so
03-07 12:23:41.236  4908  4908 V pythonutil: Checking pattern libffi\.so against libSDL2_image.so
03-07 12:23:41.236  4908  4908 V pythonutil: Checking pattern libpng16\.so against libSDL2.so
03-07 12:23:41.236  4908  4908 V pythonutil: Checking pattern libpng16\.so against libSDL2_ttf.so
03-07 12:23:41.236  4908  4908 V pythonutil: Checking pattern libpng16\.so against libSDL2_mixer.so
03-07 12:23:41.236  4908  4908 V pythonutil: Checking pattern libpng16\.so against libssl1.1.so
03-07 12:23:41.237  4908  4908 V pythonutil: Checking pattern libpng16\.so against libpybundle.so
03-07 12:23:41.237  4908  4908 V pythonutil: Checking pattern libpng16\.so against libmain.so
03-07 12:23:41.237  4908  4908 V pythonutil: Checking pattern libpng16\.so against libpython3.11.so
03-07 12:23:41.237  4908  4908 V pythonutil: Checking pattern libpng16\.so against libcrypto1.1.so
03-07 12:23:41.237  4908  4908 V pythonutil: Checking pattern libpng16\.so against libffi.so
03-07 12:23:41.237  4908  4908 V pythonutil: Checking pattern libpng16\.so against libsqlite3.so
03-07 12:23:41.237  4908  4908 V pythonutil: Checking pattern libpng16\.so against libSDL2_image.so
03-07 12:23:41.237  1823  2537 W ActivityManager: Unable to start service Intent { cmp=com.nearme.gamecenter/com.heytap.cdo.client.util.BatteryJobService (has extras) } U=0: not found
03-07 12:23:41.237  4908  4908 V pythonutil: Checking pattern libssl.*\.so against libSDL2.so
03-07 12:23:41.237  1823  2537 D JobScheduler: Error executing JobStatus{dc4f3b7 #u0a100/1 com.nearme.gamecenter/com.heytap.cdo.client.util.BatteryJobService u=0 s=10100 TIME=-3d7h46m46s187ms:-3d7h46m46s187ms CHARGING PERIODIC PERSISTED READY}
03-07 12:23:41.237  4908  4908 V pythonutil: Checking pattern libssl.*\.so against libSDL2_ttf.so
03-07 12:23:41.237  4908  4908 V pythonutil: Checking pattern libssl.*\.so against libSDL2_mixer.so
03-07 12:23:41.237  4908  4908 V pythonutil: Checking pattern libssl.*\.so against libssl1.1.so
03-07 12:23:41.237  4908  4908 V pythonutil: Pattern libssl.*\.so matched file libssl1.1.so
03-07 12:23:41.237  4908  4908 V pythonutil: Checking pattern libssl.*\.so against libpybundle.so
03-07 12:23:41.237  4908  4908 V pythonutil: Checking pattern libssl.*\.so against libmain.so
03-07 12:23:41.237  4908  4908 V pythonutil: Checking pattern libssl.*\.so against libpython3.11.so
03-07 12:23:41.238  4908  4908 V pythonutil: Checking pattern libssl.*\.so against libcrypto1.1.so
03-07 12:23:41.238  4908  4908 V pythonutil: Checking pattern libssl.*\.so against libffi.so
03-07 12:23:41.238  4908  4908 V pythonutil: Checking pattern libssl.*\.so against libsqlite3.so
03-07 12:23:41.238  4908  4908 V pythonutil: Checking pattern libssl.*\.so against libSDL2_image.so
03-07 12:23:41.238  4908  4908 V pythonutil: Checking pattern libcrypto.*\.so against libSDL2.so
03-07 12:23:41.238  4908  4908 V pythonutil: Checking pattern libcrypto.*\.so against libSDL2_ttf.so
03-07 12:23:41.238  4908  4908 V pythonutil: Checking pattern libcrypto.*\.so against libSDL2_mixer.so
03-07 12:23:41.238  4908  4908 V pythonutil: Checking pattern libcrypto.*\.so against libssl1.1.so
03-07 12:23:41.238  4908  4908 V pythonutil: Checking pattern libcrypto.*\.so against libpybundle.so
03-07 12:23:41.238  4908  4908 V pythonutil: Checking pattern libcrypto.*\.so against libmain.so
03-07 12:23:41.238  4908  4908 V pythonutil: Checking pattern libcrypto.*\.so against libpython3.11.so
03-07 12:23:41.238  4908  4908 V pythonutil: Checking pattern libcrypto.*\.so against libcrypto1.1.so
03-07 12:23:41.238  4908  4908 V pythonutil: Pattern libcrypto.*\.so matched file libcrypto1.1.so
03-07 12:23:41.238  4908  4908 V pythonutil: Checking pattern libcrypto.*\.so against libffi.so
03-07 12:23:41.238  4908  4908 V pythonutil: Checking pattern libcrypto.*\.so against libsqlite3.so
03-07 12:23:41.238  4908  4908 V pythonutil: Checking pattern libcrypto.*\.so against libSDL2_image.so
03-07 12:23:41.239  4908  4908 V pythonutil: Checking pattern libSDL2\.so against libSDL2.so
03-07 12:23:41.239  4908  4908 V pythonutil: Pattern libSDL2\.so matched file libSDL2.so
03-07 12:23:41.239  4908  4908 V pythonutil: Checking pattern libSDL2\.so against libSDL2_ttf.so
03-07 12:23:41.239  4908  4908 V pythonutil: Checking pattern libSDL2\.so against libSDL2_mixer.so
03-07 12:23:41.239  4908  4908 V pythonutil: Checking pattern libSDL2\.so against libssl1.1.so
03-07 12:23:41.239  4908  4908 V pythonutil: Checking pattern libSDL2\.so against libpybundle.so
03-07 12:23:41.239  4908  4908 V pythonutil: Checking pattern libSDL2\.so against libmain.so
03-07 12:23:41.239  4908  4908 V pythonutil: Checking pattern libSDL2\.so against libpython3.11.so
03-07 12:23:41.239  4908  4908 V pythonutil: Checking pattern libSDL2\.so against libcrypto1.1.so
03-07 12:23:41.239  4908  4908 V pythonutil: Checking pattern libSDL2\.so against libffi.so
03-07 12:23:41.239  4908  4908 V pythonutil: Checking pattern libSDL2\.so against libsqlite3.so
03-07 12:23:41.239  4908  4908 V pythonutil: Checking pattern libSDL2\.so against libSDL2_image.so
03-07 12:23:41.240  4908  4908 V pythonutil: Checking pattern libSDL2_image\.so against libSDL2.so
03-07 12:23:41.240  4908  4908 V pythonutil: Checking pattern libSDL2_image\.so against libSDL2_ttf.so
03-07 12:23:41.240  4908  4908 V pythonutil: Checking pattern libSDL2_image\.so against libSDL2_mixer.so
03-07 12:23:41.240  4908  4908 V pythonutil: Checking pattern libSDL2_image\.so against libssl1.1.so
03-07 12:23:41.240  4908  4908 V pythonutil: Checking pattern libSDL2_image\.so against libpybundle.so
03-07 12:23:41.240  4908  4908 V pythonutil: Checking pattern libSDL2_image\.so against libmain.so
03-07 12:23:41.240  4908  4908 V pythonutil: Checking pattern libSDL2_image\.so against libpython3.11.so
03-07 12:23:41.240  4908  4908 V pythonutil: Checking pattern libSDL2_image\.so against libcrypto1.1.so
03-07 12:23:41.240  4908  4908 V pythonutil: Checking pattern libSDL2_image\.so against libffi.so
03-07 12:23:41.240  4908  4908 V pythonutil: Checking pattern libSDL2_image\.so against libsqlite3.so
03-07 12:23:41.240  4908  4908 V pythonutil: Checking pattern libSDL2_image\.so against libSDL2_image.so
03-07 12:23:41.240  4908  4908 V pythonutil: Pattern libSDL2_image\.so matched file libSDL2_image.so
03-07 12:23:41.240  4908  4908 V pythonutil: Checking pattern libSDL2_mixer\.so against libSDL2.so
03-07 12:23:41.240  4908  4908 V pythonutil: Checking pattern libSDL2_mixer\.so against libSDL2_ttf.so
03-07 12:23:41.241  4908  4908 V pythonutil: Checking pattern libSDL2_mixer\.so against libSDL2_mixer.so
03-07 12:23:41.241  4908  4908 V pythonutil: Pattern libSDL2_mixer\.so matched file libSDL2_mixer.so
03-07 12:23:41.241  4908  4908 V pythonutil: Checking pattern libSDL2_mixer\.so against libssl1.1.so
03-07 12:23:41.241  4908  4908 V pythonutil: Checking pattern libSDL2_mixer\.so against libpybundle.so
03-07 12:23:41.241  4908  4908 V pythonutil: Checking pattern libSDL2_mixer\.so against libmain.so
03-07 12:23:41.241  4908  4908 V pythonutil: Checking pattern libSDL2_mixer\.so against libpython3.11.so
03-07 12:23:41.241  4908  4908 V pythonutil: Checking pattern libSDL2_mixer\.so against libcrypto1.1.so
03-07 12:23:41.241  4908  4908 V pythonutil: Checking pattern libSDL2_mixer\.so against libffi.so
03-07 12:23:41.241  4908  4908 V pythonutil: Checking pattern libSDL2_mixer\.so against libsqlite3.so
03-07 12:23:41.241  4908  4908 V pythonutil: Checking pattern libSDL2_mixer\.so against libSDL2_image.so
03-07 12:23:41.241  4908  4908 V pythonutil: Checking pattern libSDL2_ttf\.so against libSDL2.so
03-07 12:23:41.241  4908  4908 V pythonutil: Checking pattern libSDL2_ttf\.so against libSDL2_ttf.so
03-07 12:23:41.241  4908  4908 V pythonutil: Pattern libSDL2_ttf\.so matched file libSDL2_ttf.so
03-07 12:23:41.241  4908  4908 V pythonutil: Checking pattern libSDL2_ttf\.so against libSDL2_mixer.so
03-07 12:23:41.241  4908  4908 V pythonutil: Checking pattern libSDL2_ttf\.so against libssl1.1.so
03-07 12:23:41.241  4908  4908 V pythonutil: Checking pattern libSDL2_ttf\.so against libpybundle.so
03-07 12:23:41.242  4908  4908 V pythonutil: Checking pattern libSDL2_ttf\.so against libmain.so
03-07 12:23:41.242  4908  4908 V pythonutil: Checking pattern libSDL2_ttf\.so against libpython3.11.so
03-07 12:23:41.242  4908  4908 V pythonutil: Checking pattern libSDL2_ttf\.so against libcrypto1.1.so
03-07 12:23:41.242  4908  4908 V pythonutil: Checking pattern libSDL2_ttf\.so against libffi.so
03-07 12:23:41.242  4908  4908 V pythonutil: Checking pattern libSDL2_ttf\.so against libsqlite3.so
03-07 12:23:41.242  4908  4908 V pythonutil: Checking pattern libSDL2_ttf\.so against libSDL2_image.so
03-07 12:23:41.242  4908  4908 V pythonutil: Loading library: sqlite3
03-07 12:23:41.243  4908  4908 V pythonutil: Loading library: ffi
03-07 12:23:41.244  4908  4908 V pythonutil: Loading library: ssl1.1
03-07 12:23:41.245  4908  4908 V pythonutil: Loading library: crypto1.1
03-07 12:23:41.245  4908  4908 V pythonutil: Loading library: SDL2
03-07 12:23:41.247  4908  4908 V pythonutil: Loading library: SDL2_image
03-07 12:23:41.248  4908  4908 V pythonutil: Loading library: SDL2_mixer
03-07 12:23:41.248  1823  1823 W Looper  : Slow dispatch took 108ms main h=android.app.job.JobServiceEngine$JobHandler c=null m=2
03-07 12:23:41.249  4908  4908 V pythonutil: Loading library: SDL2_ttf
03-07 12:23:41.252  4908  4908 V pythonutil: Loading library: python3.5m
03-07 12:23:41.255  4908  4908 V pythonutil: Library loading error: dlopen failed: library "libpython3.5m.so" not found
03-07 12:23:41.255  4908  4908 V pythonutil: Loading library: python3.6m
03-07 12:23:41.256  4908  4908 V pythonutil: Library loading error: dlopen failed: library "libpython3.6m.so" not found
03-07 12:23:41.256  4908  4908 V pythonutil: Loading library: python3.7m
03-07 12:23:41.257  4908  4908 V pythonutil: Library loading error: dlopen failed: library "libpython3.7m.so" not found
03-07 12:23:41.257  4908  4908 V pythonutil: Loading library: python3.8
03-07 12:23:41.258  4908  4908 V pythonutil: Library loading error: dlopen failed: library "libpython3.8.so" not found
03-07 12:23:41.258  4908  4908 V pythonutil: Loading library: python3.9
03-07 12:23:41.259  4908  4908 V pythonutil: Library loading error: dlopen failed: library "libpython3.9.so" not found
03-07 12:23:41.259  4908  4908 V pythonutil: Loading library: python3.10
03-07 12:23:41.260  4908  4908 V pythonutil: Library loading error: dlopen failed: library "libpython3.10.so" not found
03-07 12:23:41.260  4908  4908 V pythonutil: Loading library: python3.11
03-07 12:23:41.263  4908  4908 V pythonutil: Loading library: main
03-07 12:23:41.264  4908  4908 V pythonutil: Loaded everything!
03-07 12:23:41.264  4908  4908 V SDL     : nativeSetupJNI()
03-07 12:23:41.266  4908  4908 V SDL     : AUDIO nativeSetupJNI()
03-07 12:23:41.266  4908  4908 V SDL     : CONTROLLER nativeSetupJNI()
03-07 12:23:41.286  4908  4908 E Parcel  : Reading a NULL string not supported here.
03-07 12:23:41.291  4908  4908 I chatty  : uid=10773(com.jurnalsaham.jurnalsahamihsg) identical 28 lines
03-07 12:23:41.292  4908  4908 E Parcel  : Reading a NULL string not supported here.
03-07 12:23:41.294  4908  4908 V PythonActivity: Setting env vars for start.c and Python to use
03-07 12:23:41.294  4908  4908 V PythonActivity: Access to our meta-data...
03-07 12:23:41.295  4908  4908 I PythonActivity: Surface will NOT be transparent
03-07 12:23:41.305  1823  5655 D OppoDisplayPolicy: com.jurnalsaham.jurnalsahamihsg, no change cutoutMode: 0
03-07 12:23:41.314  1823  5655 V WindowManager: Changing focus from null to Window{72c9516 u0 com.jurnalsaham.jurnalsahamihsg/org.kivy.android.PythonActivity},diplayid=0
03-07 12:23:41.319  1823  5655 D Theia.NoFocusWindow: FocusWindowErrorScene cancelCheckFreezeScreen
03-07 12:23:41.320  1823  2011 D PowerManagerService: setScreenBrightnessOverrideFromWindowManagerInternal brightness=NaN mScreenBrightnessOverrideFromWindowManager=NaN
03-07 12:23:41.323  4908  4908 V OplusZoomWindowDecorViewHelper: setLastReportedMergedConfiguration mZoomDisplayHeight: 2340 getDecorView.DecorView@91342b9[PythonActivity]
03-07 12:23:41.325  4908  4931 E libEGL  : Invalid file path for libcolorx-loader.so
03-07 12:23:41.325  4908  4931 I AdrenoGLES-0: QUALCOMM build                   : 5af5ff1, Iff02ff076a
03-07 12:23:41.325  4908  4931 I AdrenoGLES-0: Build Date                       : 01/05/21
03-07 12:23:41.325  4908  4931 I AdrenoGLES-0: OpenGL ES Shader Compiler Version: EV031.32.02.06
03-07 12:23:41.325  4908  4931 I AdrenoGLES-0: Local Branch                     : mybrancheb4f33c0-fd8a-f1f2-ab18-5cb90179c3d8
03-07 12:23:41.325  4908  4931 I AdrenoGLES-0: Remote Branch                    : quic/gfx-adreno.lnx.1.0.r114-rel
03-07 12:23:41.325  4908  4931 I AdrenoGLES-0: Remote Branch                    : NONE
03-07 12:23:41.325  4908  4931 I AdrenoGLES-0: Reconstruct Branch               : NOTHING
03-07 12:23:41.325  4908  4931 I AdrenoGLES-0: Build Config                     : S P 10.0.7 AArch64
03-07 12:23:41.325  4908  4931 I AdrenoGLES-0: Driver Path                      : /vendor/lib64/egl/libGLESv2_adreno.so
03-07 12:23:41.328  4908  4931 I AdrenoGLES-0: PFP: 0x016ee190, ME: 0x00000000
03-07 12:23:41.333  4908  4931 E libEGL  : Invalid file path for libcolorx-loader.so
03-07 12:23:41.338  4908  4931 I chatty  : uid=10773(com.jurnalsaham.jurnalsahamihsg) identical 65 lines
03-07 12:23:41.338  4908  4931 E libEGL  : Invalid file path for libcolorx-loader.so
03-07 12:23:41.340  4908  4908 V SDL     : surfaceCreated()
03-07 12:23:41.340  4908  4908 V SDL     : surfaceChanged()
03-07 12:23:41.340  4908  4908 V SDL     : Window size: 1080x2083
03-07 12:23:41.340  4908  4908 V SDL     : Device size: 1080x2340
03-07 12:23:41.342  4908  4908 V SensorManager: RegisterListener bmi160 Accelerometer Non-wakeup type:1 delay:20000us by org.libsdl.app.SDLSurface
03-07 12:23:41.342  4908  4908 E Parcel  : Reading a NULL string not supported here.
03-07 12:23:41.342  1823  5200 D SensorService: createSensorEventConnection, mCurrentOperatingMode = 0, requestedMode = 0
03-07 12:23:41.343  1823  5200 W SensorService: SensorEventConnection sensor handle=11, package = org.libsdl.app.SDLSurface enable
03-07 12:23:41.343  1823  5200 E SensorService: Required app org.libsdl.app.SDLSurface, uid 10773, pid 4908
03-07 12:23:41.343  1823  5200 D SensorService: OplusSensorServiceUtils, sensorType=1
03-07 12:23:41.344  1823  5200 D SensorService: Calling batch handle==11 flags=0rate=20000000 timeout== 0
03-07 12:23:41.344  1823  5200 D SensorService: SensorDevice::batch: ident=0x7c29aaecc0, handle=0x0000000b, flags=0, period_ns=20000000 timeout=0
03-07 12:23:41.344  1823  5200 D SensorService: 	>>> curr_period=50000000 min_period=20000000 curr_timeout=0 min_timeout=0
03-07 12:23:41.344  1823  5200 D SensorService: 	>>> actuating h/w BATCH 0x0000000b 20000000 0
03-07 12:23:41.344  1093  1093 I sensors-hal: batch:254, android.sensor.accelerometer/11, period=20000000, max_latency=0
03-07 12:23:41.344  1093  1093 I sensors-hal: batch:276, android.sensor.accelerometer/11, period=20000000, max_latency=0 request completed
03-07 12:23:41.344  1823  5200 D SensorService: 	>>> actuating h/w flush 11
03-07 12:23:41.344  1093  1093 I sensors-hal: flush:296, android.sensor.accelerometer/11
03-07 12:23:41.345  1093 10193 I sensors-hal: ssc_conn_resp_cb:672, resp_value = 0
03-07 12:23:41.349  1150  1150 D OppoExLayer: ~Layer() sequence=14803, name=Surface(name=501053e StatusBar)/@0xbaa88ec - animation-leash#0@0x7464ee4000
03-07 12:23:41.349  1150  1150 D OppoExLayer: ~Layer() sequence=14804, name=Surface(name=1412601 NavigationBar0)/@0x71346e7 - animation-leash#1@0x7464eea000
03-07 12:23:41.349  1823  2012 V ColorZoomWindowManagerService: onAnimationFinished:  r = ActivityRecord{2ce7671 u0 com.jurnalsaham.jurnalsahamihsg/org.kivy.android.PythonActivity t33111}
03-07 12:23:41.349  1823  2012 I ColorAppSwitchManagerService:  handleAppVisible , r = ActivityRecord{2ce7671 u0 com.jurnalsaham.jurnalsahamihsg/org.kivy.android.PythonActivity t33111}
03-07 12:23:41.350  1823  2012 I OplusMirageDisplayManagerService: onAnimationFinished:
03-07 12:23:41.351  1823  2012 V ColorZoomWindowManagerService: onAnimationFinished:  r = ActivityRecord{d5fbe0b u0 com.oppo.launcher/.Launcher t2}
03-07 12:23:41.351  1823  2012 I OplusMirageDisplayManagerService: onAnimationFinished:
03-07 12:23:41.356  1823  2537 W ActivityManager: Unable to start service Intent { cmp=com.nearme.gamecenter/com.heytap.cdo.client.util.BatteryJobService (has extras) } U=0: not found
03-07 12:23:41.356  1823  2537 D JobScheduler: Error executing JobStatus{dc4f3b7 #u0a100/1 com.nearme.gamecenter/com.heytap.cdo.client.util.BatteryJobService u=0 s=10100 TIME=-3d7h46m46s307ms:-3d7h46m46s307ms CHARGING PERIODIC PERSISTED READY}
03-07 12:23:41.358  1823  2537 W ActivityManager: Unable to start service Intent { cmp=com.google.android.googlequicksearchbox/com.google.android.apps.gsa.tasks.BackgroundTasksJobService (has extras) } U=0: not found
03-07 12:23:41.358  1823  2537 D JobScheduler: Error executing JobStatus{f86bacb #u0a70/-358 com.google.android.googlequicksearchbox/com.google.android.apps.gsa.tasks.BackgroundTasksJobService u=0 s=10070 TIME=-3d7h46m46s304ms:-3d7h46m46s304ms NET CHARGING PERIODIC PERSISTED READY}
03-07 12:23:41.360  1823  2011 D PowerManagerService: setScreenBrightnessOverrideFromWindowManagerInternal brightness=NaN mScreenBrightnessOverrideFromWindowManager=NaN
03-07 12:23:41.365  1093  1093 I sensors-hal: flush:302, android.sensor.accelerometer/11 completed
03-07 12:23:41.365  1823  5200 D SensorService: recordConnection in enable
03-07 12:23:41.365  1823  5200 D SensorService: Calling activate on 11
03-07 12:23:41.365  1823  5200 D SensorService: SensorDevice::activate: ident=0x7c29aaecc0, handle=0x0000000b, enabled=1, count=3
03-07 12:23:41.365  1823  5200 D SensorService: enable index=2
03-07 12:23:41.365  1823  5200 D SensorService: info.numActiveClients() = 3, info.isActive = 1
03-07 12:23:41.365  1823  5200 D SensorService: activateHardware = 0
03-07 12:23:41.365  4908  4908 V SensorManager: RegisterListener bmi160 Accelerometer Non-wakeup type:1 delay:20000us by org.libsdl.app.SDLSurface
03-07 12:23:41.366  1150  1150 D OppoExLayer: ~Layer() sequence=14802, name=Surface(name=Task=2)/@0x825ae65 - animation-leash#0@0x7464e58000
03-07 12:23:41.366  1150  1150 D OppoExLayer: ~Layer() sequence=14801, name=Surface(name=Task=33111)/@0x9ee14a5 - animation-leash#0@0x7453b37000
03-07 12:23:41.366  1093 10193 I sensors-hal: ssc_conn_resp_cb:672, resp_value = 0
03-07 12:23:41.367  4908  4943 V SDL     : Running main function SDL_main from library /data/app/~~sFIsXRCwb7MVmpb7UGZZRw==/com.jurnalsaham.jurnalsahamihsg-qSNaf28er-B4aDtMAnBaVQ==/lib/arm64/libmain.so
03-07 12:23:41.368  4908  4943 V PythonActivity: appConfirmedActive() -> preparing loading screen removal
03-07 12:23:41.368  4908  4943 V SDL     : nativeRunMain()
03-07 12:23:41.369  4908  4943 I python  : Initializing Python for Android
03-07 12:23:41.369  4908  4943 I python  : Setting additional env vars from p4a_env_vars.txt
03-07 12:23:41.369  4908  4943 I python  : Changing directory to the one provided by ANDROID_ARGUMENT
03-07 12:23:41.369  4908  4943 I python  : /data/user/0/com.jurnalsaham.jurnalsahamihsg/files/app
03-07 12:23:41.372  1823  2392 D SensorService: flush complete event sensor==11 
03-07 12:23:41.372  1823  2392 I chatty  : uid=1000(system) SensorService identical 6 lines
03-07 12:23:41.372  1823  2392 D SensorService: flush complete event sensor==11 
03-07 12:23:41.372  1823  2392 D SensorService: First flush event for sensor==11 
03-07 12:23:41.372  1823  2392 D SensorService: flush complete event sensor==11 
03-07 12:23:41.372  1823  2392 I chatty  : uid=1000(system) SensorService identical 1 line
03-07 12:23:41.372  1823  2392 D SensorService: flush complete event sensor==11 
03-07 12:23:41.370  4908  4943 I python  : Preparing to initialize python
03-07 12:23:41.372  4908  4943 I python  : _python_bundle dir exists
03-07 12:23:41.372  4908  4943 I python  : calculated paths to be...
03-07 12:23:41.372  4908  4943 I python  : /data/user/0/com.jurnalsaham.jurnalsahamihsg/files/app/_python_bundle/stdlib.zip:/data/user/0/com.jurnalsaham.jurnalsahamihsg/files/app/_python_bundle/modules
03-07 12:23:41.372  4908  4943 I python  : set wchar paths...
03-07 12:23:41.374   625   625 I hwservicemanager: getTransport: Cannot find entry android.hardware.graphics.mapper@4.0::IMapper/default in either framework or device manifest.
03-07 12:23:41.374  4908  4931 I Gralloc4: mapper 4.x is not supported
03-07 12:23:41.376   625   625 I hwservicemanager: getTransport: Cannot find entry android.hardware.graphics.mapper@3.0::IMapper/default in either framework or device manifest.
03-07 12:23:41.376  4908  4931 W Gralloc3: mapper 3.x is not supported
03-07 12:23:41.386  1823  2011 I chatty  : uid=1000(system) android.display identical 3 lines
03-07 12:23:41.389  1823  2011 D PowerManagerService: setScreenBrightnessOverrideFromWindowManagerInternal brightness=NaN mScreenBrightnessOverrideFromWindowManager=NaN
03-07 12:23:41.392  1823  5372 W ActivityManager: setGlThreads detect 4908 4931
03-07 12:23:41.393  1150  1230 D DispPerfService: onframeavailable pid=4908, slot=0, seq=14806, name=com.jurnalsaham.jurnalsahamihsg:com.jurnalsaham.jurnalsahamihsg/org.kivy.android.PythonActivity#0
03-07 12:23:41.396  1823  2011 D PowerManagerService: setScreenBrightnessOverrideFromWindowManagerInternal brightness=NaN mScreenBrightnessOverrideFromWindowManager=NaN
03-07 12:23:41.397  4908  4908 W SDLThread: type=1400 audit(0.0:213262): avc: granted { execute } for path="/data/data/com.jurnalsaham.jurnalsahamihsg/files/app/_python_bundle/modules/zlib.cpython-311.so" dev="sda14" ino=3569036 scontext=u:r:untrusted_app:s0:c5,c259,c512,c768 tcontext=u:object_r:app_data_file:s0:c5,c259,c512,c768 tclass=file app=com.jurnalsaham.jurnalsahamihsg
03-07 12:23:41.405  1823  3138 I ColorHansManager : unfreeze uid: 10100 package: com.nearme.gamecenter reason: F-direct scene: FastFreezerScene
03-07 12:23:41.405  1823  2040 D ArtManagerInternalImpl: /data/misc/iorapd/com.jurnalsaham.jurnalsahamihsg/1021100/org.kivy.android.PythonActivity/compiled_traces/compiled_trace.pb doesn't exist
03-07 12:23:41.406  1823  3138 I ColorHansManager : unfreeze uid: 10167 package: com.instagram.android reason: F-direct scene: FastFreezerScene
03-07 12:23:41.407  1823  2040 I ActivityTaskManager: Displayed com.jurnalsaham.jurnalsahamihsg/org.kivy.android.PythonActivity: +477ms
03-07 12:23:41.407  1823  5204 D OppoDisplayPolicy: com.jurnalsaham.jurnalsahamihsg, no change cutoutMode: 0
03-07 12:23:41.408  1823  3138 I ColorHansManager : unfreeze uid: 10307 package: com.truecaller reason: F-direct scene: FastFreezerScene
03-07 12:23:41.409  1823  3138 I ColorHansManager : unfreeze uid: 10455 package: com.facebook.katana reason: F-direct scene: FastFreezerScene
03-07 12:23:41.410  1823  3138 I ColorHansManager : unfreeze uid: 10757 package: com.kajokangin.indosaham reason: F-direct scene: FastFreezerScene
03-07 12:23:41.411  1823  3138 I ColorHansManager : uid: 10757, state: M -> D
03-07 12:23:41.412  1823  3138 I ColorHansManager : unfreeze uid: 10613 package: com.alibaba.intl.android.apps.poseidon reason: F-direct scene: FastFreezerScene
03-07 12:23:41.412  1823  3138 I ColorHansManager : uid: 10613, state: M -> D
03-07 12:23:41.413  1823  3138 I ColorHansManager : unfreeze uid: 10296 package: com.instagram.barcelona reason: F-direct scene: FastFreezerScene
03-07 12:23:41.414  4908  4943 I python  : Initialized python
03-07 12:23:41.414  4908  4943 I python  : AND: Init threads
03-07 12:23:41.414  1823  3138 I ColorHansManager : uid: 10296, state: M -> D
03-07 12:23:41.414  4908  4943 I python  : testing python print redirection
03-07 12:23:41.414  1823  3138 I ColorHansManager : unfreeze uid: 10282 package: com.tokopedia.sellerapp reason: F-direct scene: FastFreezerScene
03-07 12:23:41.415  4908  4943 I python  : Android path ['.', '/data/user/0/com.jurnalsaham.jurnalsahamihsg/files/app/_python_bundle/stdlib.zip', '/data/user/0/com.jurnalsaham.jurnalsahamihsg/files/app/_python_bundle/modules', '/data/user/0/com.jurnalsaham.jurnalsahamihsg/files/app/_python_bundle/site-packages']
03-07 12:23:41.415  4908  4943 I python  : os.environ is environ({'PATH': '/product/bin:/apex/com.android.runtime/bin:/apex/com.android.art/bin:/system_ext/bin:/system/bin:/system/xbin:/odm/bin:/vendor/bin:/vendor/xbin', 'ANDROID_BOOTLOGO': '1', 'ANDROID_ROOT': '/system', 'ANDROID_ASSETS': '/system/app', 'ANDROID_DATA': '/data', 'ANDROID_STORAGE': '/storage', 'ANDROID_ART_ROOT': '/apex/com.android.art', 'ANDROID_I18N_ROOT': '/apex/com.android.i18n', 'ANDROID_TZDATA_ROOT': '/apex/com.android.tzdata', 'EXTERNAL_STORAGE': '/sdcard', 'ASEC_MOUNTPOINT': '/mnt/asec', 'BOOTCLASSPATH': '/apex/com.android.art/javalib/core-oj.jar:/apex/com.android.art/javalib/core-libart.jar:/apex/com.android.art/javalib/core-icu4j.jar:/apex/com.android.art/javalib/okhttp.jar:/apex/com.android.art/javalib/bouncycastle.jar:/apex/com.android.art/javalib/apache-xml.jar:/system/framework/framework.jar:/system/framework/ext.jar:/system/framework/telephony-common.jar:/system/framework/voip-common.jar:/system/framework/ims-common.jar:/system/framework/framework-atb-backward-compatibility.jar:/system/framework/oplus-framework.jar:/system/framework/coloros-support-wrapper.jar:/system/framework/ifaamanager.jar:/system/framework/tcmiface.jar:/system/framework/telephony-ext.jar:/system/framework/qcom.fmradio.jar:/system/framework/QPerformance.jar:/system/framework/UxPerformance.jar:/system/framework/WfdCommon.jar:/apex/com.android.conscrypt/javalib/conscrypt.jar:/apex/com.android.media/javalib/updatable-media.jar:/apex/com.android.mediaprovider/javalib/framework-mediaprovider.jar:/apex/com.android.os.statsd/javalib/framework-statsd.jar:/apex/com.android.permission/javalib/framework-permission.jar:/apex/com.android.sdkext/javalib/framework-sdkextensions.jar:/apex/com.android.wifi/javalib/framework-wifi.jar:/apex/com.android.tethering/javalib/framework-tethering.jar', 'DEX2OATBOOTCLASSPATH': '/apex/com.android.art/javalib/core-oj.jar:/apex/com.android.art/javalib/core-libart.jar:/apex/com.android.art/javalib/core-icu4j.jar:/apex/com.android.art/javalib/okhttp.jar:/apex/com.android.art/javalib/bouncycastle.jar:/apex/com.android.art/javalib/apache-xml.jar:/system/framework/framework.jar:/system/framework/ext.jar:/system/framework/telephony-common.jar:/system/framework/voip-common.jar:/system/framework/ims-common.jar:/system/framework/framework-atb-backward-compatibility.jar:/system/framework/oplus-framework.jar:/system/framework/coloros-support-wrapper.jar:/system/framework/ifaamanager.jar:/system/framework/tcmiface.jar:/system/framework/telephony-ext.jar:/system/framework/qcom.fmradio.jar:/system/framework/QPerformance.jar:/system/framework/UxPerformance.jar:/system/framework/WfdCommon.jar', 'SYSTEMSERVERCLASSPATH': '/system/framework/com.android.location.provider.jar:/system/framework/services.jar:/system/framework/ethernet-service.jar:/system/framework/oplus-services.jar:/system/framework/coloros-internal-services.jar:/system/framework/oplus-service-jobscheduler.jar:/apex/com.android.permission/javalib/service-permission.jar:/apex/com.android.wifi/javalib/service-wifi.jar:/apex/com.android.ipsec/javalib/android.net.ipsec.ike.jar', 'MY_CUSTOM_ROOT': '/my_custom', 'MY_SPECIAL_PRELOAD_ROOT': '/special_preload', 'MY_CARRIER_ROOT': '/my_carrier', 'MY_REGION_ROOT': '/my_region', 'MY_COMPANY_ROOT': '/my_company', 'MY_ENGINEER_ROOT': '/my_engineering', 'MY_ENGINEERING_ROOT': '/my_engineering', 'MY_PRODUCT_ROOT': '/my_product', 'MY_VERSION_ROOT': '/my_version', 'MY_OPERATOR_ROOT': '/my_carrier', 'MY_COUNTRY_ROOT': '/my_region', 'MY_ODM_ROOT': '/odm', 'MY_PRELOAD_ROOT': '/my_preload', 'MY_HEYTAP_ROOT': '/my_heytap', 'MY_STOCK_ROOT': '/my_stock', 'OPPO_CUSTOM_ROOT': '/my_company', 'OPPO_ENGINEER_ROOT': '/my_engineering', 'OPPO_PRODUCT_ROOT': '/my_product', 'OPPO_VERSION_ROOT': '/my_version', 'MY_MANIFEST_ROOT': '/my_manifest', 'DOWNLOAD_CACHE': '/data/cache', 'XKIT': '/system/system_ext/xbin/xkit_10', 'ANDROID_SOCKET_zygote': '21', 'ANDROID_SOCKET_usap_pool_primary': '22', 'ANDROID_ENTRYPOINT': 'main.pyc', 'ANDROID_ARGUMENT': '/data/user/0/com.jurnalsaham.jurnalsahamihsg/files
03-07 12:23:41.415  4908  4943 I python  : Android kivy bootstrap done. __name__ is __main__
03-07 12:23:41.415  4908  4943 I python  : AND: Ran string
03-07 12:23:41.415  4908  4943 I python  : Run user program, change dir and execute entrypoint
03-07 12:23:41.416  1823  3138 I ColorHansManager : uid: 10282, state: M -> D
03-07 12:23:41.417  1823  5372 I InputDispatcher: Focus entered window: Window{72c9516 u0 com.jurnalsaham.jurnalsahamihsg/org.kivy.android.PythonActivity} in display 0
03-07 12:23:41.417  1823  3138 I ColorHansManager : unfreeze uid: 10203 package: com.tokopedia.tkpd reason: F-direct scene: FastFreezerScene
03-07 12:23:41.418  1823  3138 I ColorHansManager : uid: 10203, state: M -> D
03-07 12:23:41.420  1823  3138 I ColorHansManager : unfreeze uid: 10171 package: com.ss.android.ugc.trill reason: F-direct scene: FastFreezerScene
03-07 12:23:41.420  1823  3138 I ColorHansManager : uid: 10171, state: M -> D
03-07 12:23:41.421  1823  3138 I ColorHansManager : unfreeze uid: 10152 package: com.lazada.android reason: F-direct scene: FastFreezerScene
03-07 12:23:41.422  1823  3138 I ColorHansManager : uid: 10152, state: M -> D
03-07 12:23:41.422  1823  3138 I ColorHansManager : exit fastfreezer, reason:F-direct
03-07 12:23:41.416  1823  2011 I chatty  : uid=1000(system) android.display identical 3 lines
03-07 12:23:41.422  1823  2011 D PowerManagerService: setScreenBrightnessOverrideFromWindowManagerInternal brightness=NaN mScreenBrightnessOverrideFromWindowManager=NaN
03-07 12:23:41.423  1823  3138 D OppoBasePowerManagerService: do restore jobs
03-07 12:23:41.423  4908  4908 V SDL     : onWindowFocusChanged(): true
03-07 12:23:41.424  1823  3144 I ColorHansManager : stateRToFFreeze--imporant case: pkgName: com.kajokangin.indosaham, reason: lastResumeProtect
03-07 12:23:41.427  1823  3144 I ColorHansManager : stateRToFFreeze--imporant case: pkgName: com.lazada.android, reason: lastResumeProtect
03-07 12:23:41.427  1823  5372 D InputMethodManagerService: isSecurity: attribute.packageName=com.jurnalsaham.jurnalsahamihsg
03-07 12:23:41.427  1823  5372 D InputMethodManagerService: isSecurity= false (  enable=false needShow=false inBlackList=false  isExist=true )
03-07 12:23:41.428  3294  3294 E Parcel  : Reading a NULL string not supported here.
03-07 12:23:41.430  1823  3144 I ColorHansManager : stateRToFFreeze--imporant case: pkgName: com.tokopedia.sellerapp, reason: lastResumeProtect
03-07 12:23:41.431  1823  3144 I ColorHansManager : stateRToFFreeze--imporant case: pkgName: com.instagram.barcelona, reason: lastResumeProtect
03-07 12:23:41.433  1823  3144 I ColorHansManager : stateRToFFreeze--imporant case: pkgName: com.ss.android.ugc.trill, reason: lastResumeProtect
03-07 12:23:41.433  1823  3144 I ColorHansManager : stateRToFFreeze--imporant case: pkgName: com.tokopedia.tkpd, reason: lastResumeProtect
03-07 12:23:41.433  1823  3144 I ColorHansManager : stateRToFFreeze--imporant case: pkgName: com.alibaba.intl.android.apps.poseidon, reason: lastResumeProtect
03-07 12:23:41.434  1823  5372 D ColorInputMethodManagerServiceEx: onHandleImeWindowVisibleStatus handledVis: 0, switcher visible: 0, switcher active: 0, needsToShowImeSwitcher: false
03-07 12:23:41.445  4239  4239 I GoogleInputMethodService: GoogleInputMethodService.onFinishInput():2113 
03-07 12:23:41.446  1823  2008 D OplusAppBwCore: onUidImportance: 10049, 125
03-07 12:23:41.447  4239  4239 I Module  : DeviceLockedStatusModuleProvider$Module.updateDeviceLockedStatus():103 repeatCheckTimes = 0, locked = false
03-07 12:23:41.447  1134  1616 D AudioPolicyService: updateUidStates_l() allowCapture=true because of on TOP AND uses VOICE_RECOGNITION OR uses HOTWORD
03-07 12:23:41.447  1134  1616 D AudioPolicyService: updateUidStates_l() current->uid=10070 current->pid=17223 allowCapture=1 UidState=5 apmStat=1
03-07 12:23:41.447  1134  2525 D AudioPolicyService: updateUidStates_l() allowCapture=true because of on TOP AND uses VOICE_RECOGNITION OR uses HOTWORD
03-07 12:23:41.447  1134  2525 D AudioPolicyService: updateUidStates_l() current->uid=10070 current->pid=17223 allowCapture=1 UidState=5 apmStat=1
03-07 12:23:41.447  1134  2525 D AudioPolicyService: updateUidStates_l() allowCapture=true because of on TOP AND uses VOICE_RECOGNITION OR uses HOTWORD
03-07 12:23:41.447  1134  2525 D AudioPolicyService: updateUidStates_l() current->uid=10070 current->pid=17223 allowCapture=1 UidState=5 apmStat=1
03-07 12:23:41.447  1134  2525 D AudioPolicyService: updateUidStates_l() allowCapture=true because of on TOP AND uses VOICE_RECOGNITION OR uses HOTWORD
03-07 12:23:41.447  1134  2525 D AudioPolicyService: updateUidStates_l() current->uid=10070 current->pid=17223 allowCapture=1 UidState=5 apmStat=1
03-07 12:23:41.434  1823  5372 D ColorInputMethodManagerServiceEx: onHandleImeWindowVisibleStatus handledVis: 0, switcher visible: 0, switcher active: 0, needsToShowImeSwitcher: false
03-07 12:23:41.449  1823  2011 D PowerManagerService: setScreenBrightnessOverrideFromWindowManagerInternal brightness=NaN mScreenBrightnessOverrideFromWindowManager=NaN
03-07 12:23:41.448  4239  4239 I GoogleInputMethodService: GoogleInputMethodService.onStartInput():1384 onStartInput(EditorInfo{EditorInfo{packageName=com.jurnalsaham.jurnalsahamihsg, inputType=0, inputTypeString=NULL, enableLearning=false, autoCorrection=false, autoComplete=false, imeOptions=0, privateImeOptions=null, actionName=UNSPECIFIED, actionLabel=null, initialSelStart=-1, initialSelEnd=-1, initialCapsMode=0, label=null, fieldId=-1, fieldName=null, extras=null, hintText=null, hintLocales=[]}}, false)
03-07 12:23:41.450  4239  4239 I AndroidIME: LatinIMEBase.updateInputViewCoverNavigation():314 Update input view padding, extendsTouchBelowSpace=false, bottom inset=149
03-07 12:23:41.451  4239  4239 I Module  : DeviceLockedStatusModuleProvider$Module.updateDeviceLockedStatus():103 repeatCheckTimes = 1, locked = false
03-07 12:23:41.453  1823  5200 D ColorInputMethodManagerServiceEx: onHandleImeWindowVisibleStatus handledVis: 0, switcher visible: 0, switcher active: 0, needsToShowImeSwitcher: false
03-07 12:23:41.465  1150  1150 D OppoExLayer: ~Layer() sequence=14792, name=com.oppo.launcher/com.oppo.launcher.Launcher#0@0x747303c000
03-07 12:23:41.467  1150  1150 E OppoExLayer: using cid as pid, cid=4908, name=Background for -SurfaceView - com.jurnalsaham.jurnalsahamihsg/org.kivy.android.PythonActivity#0
03-07 12:23:41.467  4908  4908 W SDLThread: type=1400 audit(0.0:213263): avc: granted { execute } for path="/data/data/com.jurnalsaham.jurnalsahamihsg/files/app/_python_bundle/modules/_lzma.cpython-311.so" dev="sda14" ino=3566705 scontext=u:r:untrusted_app:s0:c5,c259,c512,c768 tcontext=u:object_r:app_data_file:s0:c5,c259,c512,c768 tclass=file app=com.jurnalsaham.jurnalsahamihsg
03-07 12:23:41.487  4908  4908 W SDLThread: type=1400 audit(0.0:213264): avc: granted { execute } for path="/data/data/com.jurnalsaham.jurnalsahamihsg/files/app/_python_bundle/modules/_typing.cpython-311.so" dev="sda14" ino=3568359 scontext=u:r:untrusted_app:s0:c5,c259,c512,c768 tcontext=u:object_r:app_data_file:s0:c5,c259,c512,c768 tclass=file app=com.jurnalsaham.jurnalsahamihsg
03-07 12:23:41.509  1823  2537 W ActivityManager: Unable to start service Intent { cmp=com.nearme.gamecenter/com.heytap.cdo.client.util.BatteryJobService (has extras) } U=0: not found
03-07 12:23:41.509  1823  2537 D JobScheduler: Error executing JobStatus{dc4f3b7 #u0a100/1 com.nearme.gamecenter/com.heytap.cdo.client.util.BatteryJobService u=0 s=10100 TIME=-3d7h46m46s460ms:-3d7h46m46s460ms CHARGING PERIODIC PERSISTED READY}
03-07 12:23:41.510  1823  2537 W ActivityManager: Unable to start service Intent { cmp=com.google.android.googlequicksearchbox/com.google.android.apps.gsa.tasks.BackgroundTasksJobService (has extras) } U=0: not found
03-07 12:23:41.510  1823  2537 D JobScheduler: Error executing JobStatus{f86bacb #u0a70/-358 com.google.android.googlequicksearchbox/com.google.android.apps.gsa.tasks.BackgroundTasksJobService u=0 s=10070 TIME=-3d7h46m46s456ms:-3d7h46m46s456ms NET CHARGING PERIODIC PERSISTED READY}
03-07 12:23:41.524  1823  3138 D OppoBasePowerManagerService: do restore jobs
03-07 12:23:41.524  1823  1823 W Looper  : Slow dispatch took 276ms main h=android.app.job.JobServiceEngine$JobHandler c=null m=2
03-07 12:23:41.591  4908  4943 I python  : [INFO   ] [Logger      ] Record log in /data/user/0/com.jurnalsaham.jurnalsahamihsg/files/.kivy/logs/kivy_26-03-07_22.txt
03-07 12:23:41.591  4908  4943 I python  : [INFO   ] [Kivy        ] v2.3.0
03-07 12:23:41.591  4908  4943 I python  : [INFO   ] [Kivy        ] Installed at "/data/user/0/com.jurnalsaham.jurnalsahamihsg/files/app/_python_bundle/site-packages/kivy/__init__.pyc"
03-07 12:23:41.592  4908  4943 I python  : [INFO   ] [Python      ] v3.11.5 (main, Mar  6 2026, 19:02:38) [Clang 14.0.6 (https://android.googlesource.com/toolchain/llvm-project 4c603efb0
03-07 12:23:41.592  4908  4943 I python  : [INFO   ] [Python      ] Interpreter at ""
03-07 12:23:41.592  4908  4943 I python  : [INFO   ] [Logger      ] Purge log fired. Processing...
03-07 12:23:41.593  4908  4943 I python  : [INFO   ] [Logger      ] Purge finished!
03-07 12:23:41.617  1823  2537 W ActivityManager: Unable to start service Intent { cmp=com.nearme.gamecenter/com.heytap.cdo.client.util.BatteryJobService (has extras) } U=0: not found
03-07 12:23:41.617  1823  2537 D JobScheduler: Error executing JobStatus{dc4f3b7 #u0a100/1 com.nearme.gamecenter/com.heytap.cdo.client.util.BatteryJobService u=0 s=10100 TIME=-3d7h46m46s567ms:-3d7h46m46s567ms CHARGING PERIODIC PERSISTED READY}
03-07 12:23:41.619  1823  2537 W ActivityManager: Unable to start service Intent { cmp=com.google.android.googlequicksearchbox/com.google.android.apps.gsa.tasks.BackgroundTasksJobService (has extras) } U=0: not found
03-07 12:23:41.619  1823  2537 D JobScheduler: Error executing JobStatus{f86bacb #u0a70/-358 com.google.android.googlequicksearchbox/com.google.android.apps.gsa.tasks.BackgroundTasksJobService u=0 s=10070 TIME=-3d7h46m46s565ms:-3d7h46m46s565ms NET CHARGING PERIODIC PERSISTED READY}
03-07 12:23:41.620  1823  2537 W ActivityManager: Unable to start service Intent { cmp=com.google.android.googlequicksearchbox/com.google.android.apps.gsa.tasks.BackgroundTasksJobService (has extras) } U=0: not found
03-07 12:23:41.621  1823  2011 D PowerManagerService: setScreenBrightnessOverrideFromWindowManagerInternal brightness=NaN mScreenBrightnessOverrideFromWindowManager=NaN
03-07 12:23:41.621  1823  2537 D JobScheduler: Error executing JobStatus{f569997 #u0a70/-350 com.google.android.googlequicksearchbox/com.google.android.apps.gsa.tasks.BackgroundTasksJobService u=0 s=10070 TIME=-3d7h46m46s566ms:-3d7h46m46s566ms PERIODIC PERSISTED READY}
03-07 12:23:41.622  1823  3138 D OppoBasePowerManagerService: do restore jobs
03-07 12:23:41.632  1150  1150 D OppoExLayer: ~Layer() sequence=14812, name=Surface(name=a4a70ab Splash Screen com.jurnalsaham.jurnalsahamihsg)/@0xd32f47f - animation-leash#0@0x747306a000
03-07 12:23:41.632  1150  1150 D OppoExLayer: ~Layer() sequence=14799, name=a4a70ab Splash Screen com.jurnalsaham.jurnalsahamihsg#0@0x7456f54000
03-07 12:23:41.633  1823  1823 W Looper  : Slow delivery took 266ms main h=android.app.job.JobServiceEngine$JobHandler c=null m=2
03-07 12:23:41.633  1823  1823 W Looper  : Slow dispatch took 109ms main h=android.app.job.JobServiceEngine$JobHandler c=null m=2
03-07 12:23:41.633  1150  1150 D OppoExLayer: ~Layer() sequence=14800, name=Splash Screen com.jurnalsaham.jurnalsahamihsg#0@0x7456f67000
03-07 12:23:41.635  1823  3138 D OppoBasePowerManagerService: do restore jobs
03-07 12:23:41.637  1823  2537 W ActivityManager: Unable to start service Intent { cmp=com.google.android.googlequicksearchbox/com.google.android.apps.gsa.tasks.BackgroundTasksJobService (has extras) } U=0: not found
03-07 12:23:41.637  1823  2537 D JobScheduler: Error executing JobStatus{d19c8fd #u0a70/-446 com.google.android.googlequicksearchbox/com.google.android.apps.gsa.tasks.BackgroundTasksJobService u=0 s=10070 TIME=-3d7h46m46s582ms:-3d7h46m46s582ms NET PERIODIC PERSISTED READY}
03-07 12:23:41.639  1823  2537 W ActivityManager: Unable to start service Intent { cmp=com.google.android.googlequicksearchbox/com.google.android.apps.gsa.tasks.BackgroundTasksJobService (has extras) } U=0: not found
03-07 12:23:41.639  1823  2537 D JobScheduler: Error executing JobStatus{c759784 #u0a70/-462 com.google.android.googlequicksearchbox/com.google.android.apps.gsa.tasks.BackgroundTasksJobService u=0 s=10070 TIME=-3d7h46m46s583ms:-3d7h46m46s583ms PERIODIC PERSISTED READY}
03-07 12:23:41.640  1823  2011 D PowerManagerService: setScreenBrightnessOverrideFromWindowManagerInternal brightness=NaN mScreenBrightnessOverrideFromWindowManager=NaN
03-07 12:23:41.640  1823  2537 W ActivityManager: Unable to start service Intent { cmp=com.google.android.googlequicksearchbox/com.google.android.apps.gsa.tasks.BackgroundTasksJobService (has extras) } U=0: not found
03-07 12:23:41.640  1823  2537 D JobScheduler: Error executing JobStatus{bc75a89 #u0a70/-484 com.google.android.googlequicksearchbox/com.google.android.apps.gsa.tasks.BackgroundTasksJobService u=0 s=10070 TIME=-3d7h46m46s587ms:-3d7h46m46s587ms NET CHARGING PERIODIC PERSISTED READY}
03-07 12:23:41.642  1823  2537 W ActivityManager: Unable to start service Intent { cmp=com.google.android.googlequicksearchbox/com.google.android.apps.gsa.tasks.BackgroundTasksJobService (has extras) } U=0: not found
03-07 12:23:41.642  1823  2537 D JobScheduler: Error executing JobStatus{bbef7f9 #u0a70/-202 com.google.android.googlequicksearchbox/com.google.android.apps.gsa.tasks.BackgroundTasksJobService u=0 s=10070 TIME=-3d7h46m46s587ms:-3d7h46m46s587ms NET CHARGING PERIODIC PERSISTED READY}
03-07 12:23:41.651  1823  3013 D OppoDisplayPolicy: com.android.systemui, change system app cutoutMode: color always
03-07 12:23:41.655  1823  2011 D PowerManagerService: setScreenBrightnessOverrideFromWindowManagerInternal brightness=NaN mScreenBrightnessOverrideFromWindowManager=NaN
03-07 12:23:41.671  1823  1823 W Looper  : Drained
03-07 12:23:41.672  1823  2537 W ActivityManager: Unable to start service Intent { cmp=com.google.android.googlequicksearchbox/com.google.android.apps.gsa.tasks.BackgroundTasksJobService (has extras) } U=0: not found
03-07 12:23:41.673  1823  2537 D JobScheduler: Error executing JobStatus{8f2d1c1 #u0a70/-362 com.google.android.googlequicksearchbox/com.google.android.apps.gsa.tasks.BackgroundTasksJobService u=0 s=10070 TIME=-3d7h46m46s619ms:-3d7h46m46s619ms PERIODIC PERSISTED READY}
03-07 12:23:41.674  1823  2537 W ActivityManager: Unable to start service Intent { cmp=com.google.android.googlequicksearchbox/com.google.android.apps.gsa.tasks.BackgroundTasksJobService (has extras) } U=0: not found
03-07 12:23:41.674  1823  2537 D JobScheduler: Error executing JobStatus{8bedc16 #u0a70/-148 com.google.android.googlequicksearchbox/com.google.android.apps.gsa.tasks.BackgroundTasksJobService u=0 s=10070 TIME=-3d7h46m46s619ms:-3d7h46m46s619ms NET PERIODIC PERSISTED READY}
03-07 12:23:41.674  1823  2537 W ActivityManager: Unable to start service Intent { cmp=com.google.android.googlequicksearchbox/com.google.android.apps.gsa.tasks.BackgroundTasksJobService (has extras) } U=0: not found
03-07 12:23:41.674  1823  2537 D JobScheduler: Error executing JobStatus{7b956ec #u0a70/-324 com.google.android.googlequicksearchbox/com.google.android.apps.gsa.tasks.BackgroundTasksJobService u=0 s=10070 TIME=-3d7h46m46s620ms:-3d7h46m46s620ms CHARGING PERIODIC PERSISTED READY}
03-07 12:23:41.675  1823  2537 W ActivityManager: Unable to start service Intent { cmp=com.google.android.googlequicksearchbox/com.google.android.apps.gsa.tasks.BackgroundTasksJobService (has extras) } U=0: not found
03-07 12:23:41.675  1823  2537 D JobScheduler: Error executing JobStatus{6c4a3a2 #u0a70/-128 com.google.android.googlequicksearchbox/com.google.android.apps.gsa.tasks.BackgroundTasksJobService u=0 s=10070 TIME=-3d7h46m46s619ms:-3d7h46m46s619ms NET PERIODIC PERSISTED READY}
03-07 12:23:41.675  1823  2537 W ActivityManager: Unable to start service Intent { cmp=com.google.android.googlequicksearchbox/com.google.android.apps.gsa.tasks.BackgroundTasksJobService (has extras) } U=0: not found
03-07 12:23:41.675  1823  2537 D JobScheduler: Error executing JobStatus{653eb6d #u0a70/-406 com.google.android.googlequicksearchbox/com.google.android.apps.gsa.tasks.BackgroundTasksJobService u=0 s=10070 TIME=-3d7h46m46s620ms:-3d7h46m46s620ms NET PERIODIC PERSISTED READY}
03-07 12:23:41.676  1823  2537 W ActivityManager: Unable to start service Intent { cmp=com.google.android.googlequicksearchbox/com.google.android.apps.gsa.tasks.BackgroundTasksJobService (has extras) } U=0: not found
03-07 12:23:41.676  1823  2537 D JobScheduler: Error executing JobStatus{3ed959f #u0a70/-480 com.google.android.googlequicksearchbox/com.google.android.apps.gsa.tasks.BackgroundTasksJobService u=0 s=10070 TIME=-3d7h46m46s621ms:-3d7h46m46s621ms NET PERIODIC PERSISTED READY}
03-07 12:23:41.676  1823  2537 W ActivityManager: Unable to start service Intent { cmp=com.google.android.googlequicksearchbox/com.google.android.apps.gsa.tasks.BackgroundTasksJobService (has extras) } U=0: not found
03-07 12:23:41.677  1823  2537 D JobScheduler: Error executing JobStatus{1c8a2af #u0a70/-486 com.google.android.googlequicksearchbox/com.google.android.apps.gsa.tasks.BackgroundTasksJobService u=0 s=10070 TIME=-3d7h46m46s624ms:-3d7h46m46s624ms NET PERIODIC PERSISTED READY}
03-07 12:23:41.677  1823  2537 W ActivityManager: Unable to start service Intent { cmp=com.google.android.googlequicksearchbox/com.google.android.apps.gsa.tasks.BackgroundTasksJobService (has extras) } U=0: not found
03-07 12:23:41.677  1823  2537 D JobScheduler: Error executing JobStatus{1c21645 #u0a70/-352 com.google.android.googlequicksearchbox/com.google.android.apps.gsa.tasks.BackgroundTasksJobService u=0 s=10070 TIME=-3d7h46m46s623ms:-3d7h46m46s623ms NET PERIODIC PERSISTED READY}
03-07 12:23:41.678  1823  2537 W ActivityManager: Unable to start service Intent { cmp=com.google.android.googlequicksearchbox/com.google.android.apps.gsa.tasks.BackgroundTasksJobService (has extras) } U=0: not found
03-07 12:23:41.678  1823  2537 D JobScheduler: Error executing JobStatus{cab19a #u0a70/-370 com.google.android.googlequicksearchbox/com.google.android.apps.gsa.tasks.BackgroundTasksJobService u=0 s=10070 TIME=-3d7h46m46s624ms:-3d7h46m46s624ms NET CHARGING PERIODIC PERSISTED READY}
03-07 12:23:41.678  1823  2537 W ActivityManager: Unable to start service Intent { cmp=com.google.android.googlequicksearchbox/com.google.android.apps.gsa.tasks.BackgroundTasksJobService (has extras) } U=0: not found
03-07 12:23:41.678  1823  2537 D JobScheduler: Error executing JobStatus{6d7a8e #u0a70/-256 com.google.android.googlequicksearchbox/com.google.android.apps.gsa.tasks.BackgroundTasksJobService u=0 s=10070 TIME=-3d7h46m46s626ms:-3d7h46m46s626ms NET CHARGING PERIODIC PERSISTED READY}
03-07 12:23:41.679  1823  2537 W ActivityManager: Unable to start service Intent { cmp=com.coloros.deepthinker/com.coloros.proton.learn.schedule.TrainJobService (has extras) } U=0: not found
03-07 12:23:41.679  1823  2537 D JobScheduler: Error executing JobStatus{e63504a #1000/648162385 com.coloros.deepthinker/com.coloros.proton.learn.schedule.TrainJobService u=0 s=1000 TIME=-3d7h46m46s596ms:-3d7h46m46s596ms PERSISTED READY}
03-07 12:23:41.682  1823  2537 W ActivityManager: Unable to start service Intent { cmp=com.coloros.phonemanager/.safejob.SafeCenterJobService (has extras) } U=0: not found
03-07 12:23:41.682  1823  2537 D JobScheduler: Error executing JobStatus{981795f #1000/2009201 com.coloros.phonemanager/.safejob.SafeCenterJobService u=0 s=10563 TIME=-3d7h46m46s621ms:-3d7h46m46s621ms PERIODIC PERSISTED READY}
03-07 12:23:41.766  1823  2537 W ActivityManager: Unable to start service Intent { cmp=com.nearme.gamecenter/com.heytap.cdo.client.util.BatteryJobService (has extras) } U=0: not found
03-07 12:23:41.766  1823  2537 D JobScheduler: Error executing JobStatus{dc4f3b7 #u0a100/1 com.nearme.gamecenter/com.heytap.cdo.client.util.BatteryJobService u=0 s=10100 TIME=-3d7h46m46s717ms:-3d7h46m46s717ms CHARGING PERIODIC PERSISTED READY}
03-07 12:23:41.767  1823  2537 W ActivityManager: Unable to start service Intent { cmp=com.google.android.googlequicksearchbox/com.google.android.apps.gsa.tasks.BackgroundTasksJobService (has extras) } U=0: not found
03-07 12:23:41.767  1823  2537 D JobScheduler: Error executing JobStatus{f86bacb #u0a70/-358 com.google.android.googlequicksearchbox/com.google.android.apps.gsa.tasks.BackgroundTasksJobService u=0 s=10070 TIME=-3d7h46m46s713ms:-3d7h46m46s713ms NET CHARGING PERIODIC PERSISTED READY}
03-07 12:23:41.768  1823  2537 W ActivityManager: Unable to start service Intent { cmp=com.google.android.googlequicksearchbox/com.google.android.apps.gsa.tasks.BackgroundTasksJobService (has extras) } U=0: not found
03-07 12:23:41.768  1823  2537 D JobScheduler: Error executing JobStatus{f569997 #u0a70/-350 com.google.android.googlequicksearchbox/com.google.android.apps.gsa.tasks.BackgroundTasksJobService u=0 s=10070 TIME=-3d7h46m46s713ms:-3d7h46m46s713ms PERIODIC PERSISTED READY}
03-07 12:23:41.768  1823  2537 W ActivityManager: Unable to start service Intent { cmp=com.google.android.googlequicksearchbox/com.google.android.apps.gsa.tasks.BackgroundTasksJobService (has extras) } U=0: not found
03-07 12:23:41.768  1823  2537 D JobScheduler: Error executing JobStatus{d19c8fd #u0a70/-446 com.google.android.googlequicksearchbox/com.google.android.apps.gsa.tasks.BackgroundTasksJobService u=0 s=10070 TIME=-3d7h46m46s714ms:-3d7h46m46s714ms NET PERIODIC PERSISTED READY}
03-07 12:23:41.898  1823  2537 W ActivityManager: Unable to start service Intent { cmp=com.nearme.gamecenter/com.heytap.cdo.client.util.BatteryJobService (has extras) } U=0: not found
03-07 12:23:41.898  1823  2537 D JobScheduler: Error executing JobStatus{dc4f3b7 #u0a100/1 com.nearme.gamecenter/com.heytap.cdo.client.util.BatteryJobService u=0 s=10100 TIME=-3d7h46m46s848ms:-3d7h46m46s848ms CHARGING PERIODIC PERSISTED READY}
03-07 12:23:41.899  1823  2537 W ActivityManager: Unable to start service Intent { cmp=com.google.android.googlequicksearchbox/com.google.android.apps.gsa.tasks.BackgroundTasksJobService (has extras) } U=0: not found
03-07 12:23:41.900  1823  2537 D JobScheduler: Error executing JobStatus{f86bacb #u0a70/-358 com.google.android.googlequicksearchbox/com.google.android.apps.gsa.tasks.BackgroundTasksJobService u=0 s=10070 TIME=-3d7h46m46s846ms:-3d7h46m46s846ms NET CHARGING PERIODIC PERSISTED READY}
03-07 12:23:41.901  1823  2537 W ActivityManager: Unable to start service Intent { cmp=com.google.android.googlequicksearchbox/com.google.android.apps.gsa.tasks.BackgroundTasksJobService (has extras) } U=0: not found
03-07 12:23:41.902  1823  2537 D JobScheduler: Error executing JobStatus{f569997 #u0a70/-350 com.google.android.googlequicksearchbox/com.google.android.apps.gsa.tasks.BackgroundTasksJobService u=0 s=10070 TIME=-3d7h46m46s847ms:-3d7h46m46s847ms PERIODIC PERSISTED READY}
03-07 12:23:41.915  1823  2537 W ActivityManager: Unable to start service Intent { cmp=com.google.android.googlequicksearchbox/com.google.android.apps.gsa.tasks.BackgroundTasksJobService (has extras) } U=0: not found
03-07 12:23:41.916  1823  2537 D JobScheduler: Error executing JobStatus{d19c8fd #u0a70/-446 com.google.android.googlequicksearchbox/com.google.android.apps.gsa.tasks.BackgroundTasksJobService u=0 s=10070 TIME=-3d7h46m46s861ms:-3d7h46m46s861ms NET PERIODIC PERSISTED READY}
03-07 12:23:41.934  1823  1823 W Looper  : Slow dispatch took 165ms main h=android.app.job.JobServiceEngine$JobHandler c=null m=2
03-07 12:23:41.946  1823  1834 I system_server: Background young concurrent copying GC freed 309205(19MB) AllocSpace objects, 256(5120KB) LOS objects, 20% free, 90MB/113MB, paused 518us total 167.914ms
03-07 12:23:41.949  1823  1836 W System  : A resource failed to call release. 
03-07 12:23:41.949  1823  1836 I chatty  : uid=1000(system) FinalizerDaemon identical 1 line
03-07 12:23:41.949  1823  1836 W System  : A resource failed to call release. 
03-07 12:23:41.950  1150  1150 D OppoExLayer: ~Layer() sequence=14796, name=Surface(name=2213480 InputMethod)/@0x60f9efe - animation-leash#0@0x7473145000
03-07 12:23:42.075  1823  2537 W ActivityManager: Unable to start service Intent { cmp=com.nearme.gamecenter/com.heytap.cdo.client.util.BatteryJobService (has extras) } U=0: not found
03-07 12:23:42.076  1823  2537 D JobScheduler: Error executing JobStatus{dc4f3b7 #u0a100/1 com.nearme.gamecenter/com.heytap.cdo.client.util.BatteryJobService u=0 s=10100 TIME=-3d7h46m47s26ms:-3d7h46m47s26ms CHARGING PERIODIC PERSISTED READY}
03-07 12:23:42.076  1823  2537 W ActivityManager: Unable to start service Intent { cmp=com.google.android.googlequicksearchbox/com.google.android.apps.gsa.tasks.BackgroundTasksJobService (has extras) } U=0: not found
03-07 12:23:42.076  1823  2537 D JobScheduler: Error executing JobStatus{f86bacb #u0a70/-358 com.google.android.googlequicksearchbox/com.google.android.apps.gsa.tasks.BackgroundTasksJobService u=0 s=10070 TIME=-3d7h46m47s22ms:-3d7h46m47s22ms NET CHARGING PERIODIC PERSISTED READY}
03-07 12:23:42.077  1823  2537 W ActivityManager: Unable to start service Intent { cmp=com.google.android.googlequicksearchbox/com.google.android.apps.gsa.tasks.BackgroundTasksJobService (has extras) } U=0: not found
03-07 12:23:42.077  1823  2537 D JobScheduler: Error executing JobStatus{f569997 #u0a70/-350 com.google.android.googlequicksearchbox/com.google.android.apps.gsa.tasks.BackgroundTasksJobService u=0 s=10070 TIME=-3d7h46m47s22ms:-3d7h46m47s22ms PERIODIC PERSISTED READY}
03-07 12:23:42.077  1823  2537 W ActivityManager: Unable to start service Intent { cmp=com.google.android.googlequicksearchbox/com.google.android.apps.gsa.tasks.BackgroundTasksJobService (has extras) } U=0: not found
03-07 12:23:42.077  1823  2537 D JobScheduler: Error executing JobStatus{d19c8fd #u0a70/-446 com.google.android.googlequicksearchbox/com.google.android.apps.gsa.tasks.BackgroundTasksJobService u=0 s=10070 TIME=-3d7h46m47s22ms:-3d7h46m47s22ms NET PERIODIC PERSISTED READY}
03-07 12:23:42.078  1823  2537 W ActivityManager: Unable to start service Intent { cmp=com.google.android.googlequicksearchbox/com.google.android.apps.gsa.tasks.BackgroundTasksJobService (has extras) } U=0: not found
03-07 12:23:42.078  1823  2537 D JobScheduler: Error executing JobStatus{c759784 #u0a70/-462 com.google.android.googlequicksearchbox/com.google.android.apps.gsa.tasks.BackgroundTasksJobService u=0 s=10070 TIME=-3d7h46m47s22ms:-3d7h46m47s22ms PERIODIC PERSISTED READY}
03-07 12:23:42.127  4908  4908 W SDLThread: type=1400 audit(0.0:213281): avc: granted { execute } for path="/data/data/com.jurnalsaham.jurnalsahamihsg/files/app/_python_bundle/modules/_contextvars.cpython-311.so" dev="sda14" ino=3566081 scontext=u:r:untrusted_app:s0:c5,c259,c512,c768 tcontext=u:object_r:app_data_file:s0:c5,c259,c512,c768 tclass=file app=com.jurnalsaham.jurnalsahamihsg
03-07 12:23:42.127  4908  4908 W SDLThread: type=1400 audit(0.0:213282): avc: granted { execute } for path="/data/data/com.jurnalsaham.jurnalsahamihsg/files/app/_python_bundle/modules/_asyncio.cpython-311.so" dev="sda14" ino=3564777 scontext=u:r:untrusted_app:s0:c5,c259,c512,c768 tcontext=u:object_r:app_data_file:s0:c5,c259,c512,c768 tclass=file app=com.jurnalsaham.jurnalsahamihsg
03-07 12:23:42.155  1823  2537 W ActivityManager: Unable to start service Intent { cmp=com.nearme.gamecenter/com.heytap.cdo.client.util.BatteryJobService (has extras) } U=0: not found
03-07 12:23:42.155  1823  2537 D JobScheduler: Error executing JobStatus{dc4f3b7 #u0a100/1 com.nearme.gamecenter/com.heytap.cdo.client.util.BatteryJobService u=0 s=10100 TIME=-3d7h46m47s105ms:-3d7h46m47s105ms CHARGING PERIODIC PERSISTED READY}
03-07 12:23:42.156  1823  2537 W ActivityManager: Unable to start service Intent { cmp=com.google.android.googlequicksearchbox/com.google.android.apps.gsa.tasks.BackgroundTasksJobService (has extras) } U=0: not found
03-07 12:23:42.156  1823  2537 D JobScheduler: Error executing JobStatus{f86bacb #u0a70/-358 com.google.android.googlequicksearchbox/com.google.android.apps.gsa.tasks.BackgroundTasksJobService u=0 s=10070 TIME=-3d7h46m47s102ms:-3d7h46m47s102ms NET CHARGING PERIODIC PERSISTED READY}
03-07 12:23:42.157  1823  2537 W ActivityManager: Unable to start service Intent { cmp=com.google.android.googlequicksearchbox/com.google.android.apps.gsa.tasks.BackgroundTasksJobService (has extras) } U=0: not found
03-07 12:23:42.157  1823  2537 D JobScheduler: Error executing JobStatus{f569997 #u0a70/-350 com.google.android.googlequicksearchbox/com.google.android.apps.gsa.tasks.BackgroundTasksJobService u=0 s=10070 TIME=-3d7h46m47s102ms:-3d7h46m47s102ms PERIODIC PERSISTED READY}
03-07 12:23:42.157  1823  2537 W ActivityManager: Unable to start service Intent { cmp=com.google.android.googlequicksearchbox/com.google.android.apps.gsa.tasks.BackgroundTasksJobService (has extras) } U=0: not found
03-07 12:23:42.157  1823  2537 D JobScheduler: Error executing JobStatus{d19c8fd #u0a70/-446 com.google.android.googlequicksearchbox/com.google.android.apps.gsa.tasks.BackgroundTasksJobService u=0 s=10070 TIME=-3d7h46m47s103ms:-3d7h46m47s103ms NET PERIODIC PERSISTED READY}
03-07 12:23:42.158  1823  2537 W ActivityManager: Unable to start service Intent { cmp=com.google.android.googlequicksearchbox/com.google.android.apps.gsa.tasks.BackgroundTasksJobService (has extras) } U=0: not found
03-07 12:23:42.158  1823  2537 D JobScheduler: Error executing JobStatus{c759784 #u0a70/-462 com.google.android.googlequicksearchbox/com.google.android.apps.gsa.tasks.BackgroundTasksJobService u=0 s=10070 TIME=-3d7h46m47s102ms:-3d7h46m47s102ms PERIODIC PERSISTED READY}
03-07 12:23:42.157  4908  4908 W SDLThread: type=1400 audit(0.0:213283): avc: granted { execute } for path="/data/data/com.jurnalsaham.jurnalsahamihsg/files/app/_python_bundle/site-packages/kivy/_event.so" dev="sda14" ino=3573360 scontext=u:r:untrusted_app:s0:c5,c259,c512,c768 tcontext=u:object_r:app_data_file:s0:c5,c259,c512,c768 tclass=file app=com.jurnalsaham.jurnalsahamihsg
03-07 12:23:42.157  4908  4908 W SDLThread: type=1400 audit(0.0:213284): avc: granted { execute } for path="/data/data/com.jurnalsaham.jurnalsahamihsg/files/app/_python_bundle/site-packages/kivy/properties.so" dev="sda14" ino=3576548 scontext=u:r:untrusted_app:s0:c5,c259,c512,c768 tcontext=u:object_r:app_data_file:s0:c5,c259,c512,c768 tclass=file app=com.jurnalsaham.jurnalsahamihsg
03-07 12:23:42.157  4908  4908 W SDLThread: type=1400 audit(0.0:213285): avc: granted { execute } for path="/data/data/com.jurnalsaham.jurnalsahamihsg/files/app/_python_bundle/site-packages/kivy/_metrics.so" dev="sda14" ino=3573362 scontext=u:r:untrusted_app:s0:c5,c259,c512,c768 tcontext=u:object_r:app_data_file:s0:c5,c259,c512,c768 tclass=file app=com.jurnalsaham.jurnalsahamihsg
03-07 12:23:42.182  4908  4943 I python  : [INFO   ] [Factory     ] 195 symbols loaded
03-07 12:23:42.233  1823  2537 W ActivityManager: Unable to start service Intent { cmp=com.nearme.gamecenter/com.heytap.cdo.client.util.BatteryJobService (has extras) } U=0: not found
03-07 12:23:42.233  1823  2537 D JobScheduler: Error executing JobStatus{dc4f3b7 #u0a100/1 com.nearme.gamecenter/com.heytap.cdo.client.util.BatteryJobService u=0 s=10100 TIME=-3d7h46m47s184ms:-3d7h46m47s184ms CHARGING PERIODIC PERSISTED READY}
03-07 12:23:42.234  1823  2537 W ActivityManager: Unable to start service Intent { cmp=com.google.android.googlequicksearchbox/com.google.android.apps.gsa.tasks.BackgroundTasksJobService (has extras) } U=0: not found
03-07 12:23:42.234  1823  2537 D JobScheduler: Error executing JobStatus{f86bacb #u0a70/-358 com.google.android.googlequicksearchbox/com.google.android.apps.gsa.tasks.BackgroundTasksJobService u=0 s=10070 TIME=-3d7h46m47s180ms:-3d7h46m47s180ms NET CHARGING PERIODIC PERSISTED READY}
03-07 12:23:42.234  1823  2537 W ActivityManager: Unable to start service Intent { cmp=com.google.android.googlequicksearchbox/com.google.android.apps.gsa.tasks.BackgroundTasksJobService (has extras) } U=0: not found
03-07 12:23:42.234  1823  2537 D JobScheduler: Error executing JobStatus{f569997 #u0a70/-350 com.google.android.googlequicksearchbox/com.google.android.apps.gsa.tasks.BackgroundTasksJobService u=0 s=10070 TIME=-3d7h46m47s180ms:-3d7h46m47s180ms PERIODIC PERSISTED READY}
03-07 12:23:42.235  1823  2537 W ActivityManager: Unable to start service Intent { cmp=com.google.android.googlequicksearchbox/com.google.android.apps.gsa.tasks.BackgroundTasksJobService (has extras) } U=0: not found
03-07 12:23:42.235  1823  2537 D JobScheduler: Error executing JobStatus{d19c8fd #u0a70/-446 com.google.android.googlequicksearchbox/com.google.android.apps.gsa.tasks.BackgroundTasksJobService u=0 s=10070 TIME=-3d7h46m47s180ms:-3d7h46m47s180ms NET PERIODIC PERSISTED READY}
03-07 12:23:42.235  1823  2537 W ActivityManager: Unable to start service Intent { cmp=com.google.android.googlequicksearchbox/com.google.android.apps.gsa.tasks.BackgroundTasksJobService (has extras) } U=0: not found
03-07 12:23:42.235  1823  2537 D JobScheduler: Error executing JobStatus{c759784 #u0a70/-462 com.google.android.googlequicksearchbox/com.google.android.apps.gsa.tasks.BackgroundTasksJobService u=0 s=10070 TIME=-3d7h46m47s180ms:-3d7h46m47s180ms PERIODIC PERSISTED READY}
03-07 12:23:42.308  1823  2537 W ActivityManager: Unable to start service Intent { cmp=com.nearme.gamecenter/com.heytap.cdo.client.util.BatteryJobService (has extras) } U=0: not found
03-07 12:23:42.308  1823  2537 D JobScheduler: Error executing JobStatus{dc4f3b7 #u0a100/1 com.nearme.gamecenter/com.heytap.cdo.client.util.BatteryJobService u=0 s=10100 TIME=-3d7h46m47s258ms:-3d7h46m47s258ms CHARGING PERIODIC PERSISTED READY}
03-07 12:23:42.309  1823  2537 W ActivityManager: Unable to start service Intent { cmp=com.google.android.googlequicksearchbox/com.google.android.apps.gsa.tasks.BackgroundTasksJobService (has extras) } U=0: not found
03-07 12:23:42.309  1823  2537 D JobScheduler: Error executing JobStatus{f86bacb #u0a70/-358 com.google.android.googlequicksearchbox/com.google.android.apps.gsa.tasks.BackgroundTasksJobService u=0 s=10070 TIME=-3d7h46m47s255ms:-3d7h46m47s255ms NET CHARGING PERIODIC PERSISTED READY}
03-07 12:23:42.309  1823  2537 W ActivityManager: Unable to start service Intent { cmp=com.google.android.googlequicksearchbox/com.google.android.apps.gsa.tasks.BackgroundTasksJobService (has extras) } U=0: not found
03-07 12:23:42.309  1823  2537 D JobScheduler: Error executing JobStatus{f569997 #u0a70/-350 com.google.android.googlequicksearchbox/com.google.android.apps.gsa.tasks.BackgroundTasksJobService u=0 s=10070 TIME=-3d7h46m47s255ms:-3d7h46m47s255ms PERIODIC PERSISTED READY}
03-07 12:23:42.310  1823  2537 W ActivityManager: Unable to start service Intent { cmp=com.google.android.googlequicksearchbox/com.google.android.apps.gsa.tasks.BackgroundTasksJobService (has extras) } U=0: not found
03-07 12:23:42.310  1823  2537 D JobScheduler: Error executing JobStatus{d19c8fd #u0a70/-446 com.google.android.googlequicksearchbox/com.google.android.apps.gsa.tasks.BackgroundTasksJobService u=0 s=10070 TIME=-3d7h46m47s255ms:-3d7h46m47s255ms NET PERIODIC PERSISTED READY}
03-07 12:23:42.310  1823  2537 W ActivityManager: Unable to start service Intent { cmp=com.google.android.googlequicksearchbox/com.google.android.apps.gsa.tasks.BackgroundTasksJobService (has extras) } U=0: not found
03-07 12:23:42.310  1823  2537 D JobScheduler: Error executing JobStatus{c759784 #u0a70/-462 com.google.android.googlequicksearchbox/com.google.android.apps.gsa.tasks.BackgroundTasksJobService u=0 s=10070 TIME=-3d7h46m47s255ms:-3d7h46m47s255ms PERIODIC PERSISTED READY}
03-07 12:23:42.381  1823  2537 W ActivityManager: Unable to start service Intent { cmp=com.nearme.gamecenter/com.heytap.cdo.client.util.BatteryJobService (has extras) } U=0: not found
03-07 12:23:42.381  1823  2537 D JobScheduler: Error executing JobStatus{dc4f3b7 #u0a100/1 com.nearme.gamecenter/com.heytap.cdo.client.util.BatteryJobService u=0 s=10100 TIME=-3d7h46m47s331ms:-3d7h46m47s331ms CHARGING PERIODIC PERSISTED READY}
03-07 12:23:42.381  1823  2537 W ActivityManager: Unable to start service Intent { cmp=com.google.android.googlequicksearchbox/com.google.android.apps.gsa.tasks.BackgroundTasksJobService (has extras) } U=0: not found
03-07 12:23:42.382  1823  2537 D JobScheduler: Error executing JobStatus{f86bacb #u0a70/-358 com.google.android.googlequicksearchbox/com.google.android.apps.gsa.tasks.BackgroundTasksJobService u=0 s=10070 TIME=-3d7h46m47s328ms:-3d7h46m47s328ms NET CHARGING PERIODIC PERSISTED READY}
03-07 12:23:42.382  1823  2537 W ActivityManager: Unable to start service Intent { cmp=com.google.android.googlequicksearchbox/com.google.android.apps.gsa.tasks.BackgroundTasksJobService (has extras) } U=0: not found
03-07 12:23:42.382  1823  2537 D JobScheduler: Error executing JobStatus{f569997 #u0a70/-350 com.google.android.googlequicksearchbox/com.google.android.apps.gsa.tasks.BackgroundTasksJobService u=0 s=10070 TIME=-3d7h46m47s328ms:-3d7h46m47s328ms PERIODIC PERSISTED READY}
03-07 12:23:42.383  1823  2537 W ActivityManager: Unable to start service Intent { cmp=com.google.android.googlequicksearchbox/com.google.android.apps.gsa.tasks.BackgroundTasksJobService (has extras) } U=0: not found
03-07 12:23:42.383  1823  2537 D JobScheduler: Error executing JobStatus{d19c8fd #u0a70/-446 com.google.android.googlequicksearchbox/com.google.android.apps.gsa.tasks.BackgroundTasksJobService u=0 s=10070 TIME=-3d7h46m47s328ms:-3d7h46m47s328ms NET PERIODIC PERSISTED READY}
03-07 12:23:42.384  1823  2537 W ActivityManager: Unable to start service Intent { cmp=com.google.android.googlequicksearchbox/com.google.android.apps.gsa.tasks.BackgroundTasksJobService (has extras) } U=0: not found
03-07 12:23:42.384  1823  2537 D JobScheduler: Error executing JobStatus{c759784 #u0a70/-462 com.google.android.googlequicksearchbox/com.google.android.apps.gsa.tasks.BackgroundTasksJobService u=0 s=10070 TIME=-3d7h46m47s328ms:-3d7h46m47s328ms PERIODIC PERSISTED READY}
03-07 12:23:42.398  1823  1823 W Looper  : Slow dispatch took 464ms main h=android.app.job.JobServiceEngine$JobHandler c=null m=2
03-07 12:23:42.425  4908  4943 I python  : [INFO   ] [Image       ] Providers: img_tex, img_dds, img_sdl2 (img_pil, img_ffpyplayer ignored)
03-07 12:23:42.455  4908  4943 I python  : [INFO   ] [Text        ] Provider: sdl2
03-07 12:23:42.473 17223 20141 I native  : I0000 00:00:1772861022.473002   20141 soda_async_impl.cc:1411] Current audio timestamp: 1772861022257854
03-07 12:23:42.477  1823  2537 W ActivityManager: Unable to start service Intent { cmp=com.nearme.gamecenter/com.heytap.cdo.client.util.BatteryJobService (has extras) } U=0: not found
03-07 12:23:42.477  1823  2537 D JobScheduler: Error executing JobStatus{dc4f3b7 #u0a100/1 com.nearme.gamecenter/com.heytap.cdo.client.util.BatteryJobService u=0 s=10100 TIME=-3d7h46m47s428ms:-3d7h46m47s428ms CHARGING PERIODIC PERSISTED READY}
03-07 12:23:42.478  1823  2537 W ActivityManager: Unable to start service Intent { cmp=com.google.android.googlequicksearchbox/com.google.android.apps.gsa.tasks.BackgroundTasksJobService (has extras) } U=0: not found
03-07 12:23:42.479  1823  2537 D JobScheduler: Error executing JobStatus{f86bacb #u0a70/-358 com.google.android.googlequicksearchbox/com.google.android.apps.gsa.tasks.BackgroundTasksJobService u=0 s=10070 TIME=-3d7h46m47s425ms:-3d7h46m47s425ms NET CHARGING PERIODIC PERSISTED READY}
03-07 12:23:42.479  1823  2537 W ActivityManager: Unable to start service Intent { cmp=com.google.android.googlequicksearchbox/com.google.android.apps.gsa.tasks.BackgroundTasksJobService (has extras) } U=0: not found
03-07 12:23:42.479  1823  2537 D JobScheduler: Error executing JobStatus{f569997 #u0a70/-350 com.google.android.googlequicksearchbox/com.google.android.apps.gsa.tasks.BackgroundTasksJobService u=0 s=10070 TIME=-3d7h46m47s425ms:-3d7h46m47s425ms PERIODIC PERSISTED READY}
03-07 12:23:42.480  1823  2537 W ActivityManager: Unable to start service Intent { cmp=com.google.android.googlequicksearchbox/com.google.android.apps.gsa.tasks.BackgroundTasksJobService (has extras) } U=0: not found
03-07 12:23:42.480  1823  2537 D JobScheduler: Error executing JobStatus{d19c8fd #u0a70/-446 com.google.android.googlequicksearchbox/com.google.android.apps.gsa.tasks.BackgroundTasksJobService u=0 s=10070 TIME=-3d7h46m47s425ms:-3d7h46m47s425ms NET PERIODIC PERSISTED READY}
03-07 12:23:42.481  1823  2537 W ActivityManager: Unable to start service Intent { cmp=com.google.android.googlequicksearchbox/com.google.android.apps.gsa.tasks.BackgroundTasksJobService (has extras) } U=0: not found
03-07 12:23:42.481  1823  2537 D JobScheduler: Error executing JobStatus{c759784 #u0a70/-462 com.google.android.googlequicksearchbox/com.google.android.apps.gsa.tasks.BackgroundTasksJobService u=0 s=10070 TIME=-3d7h46m47s425ms:-3d7h46m47s425ms PERIODIC PERSISTED READY}
03-07 12:23:42.482  1823  2537 W ActivityManager: Unable to start service Intent { cmp=com.google.android.googlequicksearchbox/com.google.android.apps.gsa.tasks.BackgroundTasksJobService (has extras) } U=0: not found
03-07 12:23:42.482  1823  2537 D JobScheduler: Error executing JobStatus{bc75a89 #u0a70/-484 com.google.android.googlequicksearchbox/com.google.android.apps.gsa.tasks.BackgroundTasksJobService u=0 s=10070 TIME=-3d7h46m47s429ms:-3d7h46m47s429ms NET CHARGING PERIODIC PERSISTED READY}
03-07 12:23:42.489  4908  4943 I python  : [INFO   ] [Window      ] Provider: sdl2
03-07 12:23:42.500  4908  4943 V hidapi  : initialize(true, false)
03-07 12:23:42.503  4908  4943 E libEGL  : Invalid file path for libcolorx-loader.so
03-07 12:23:42.504  4908  4943 I chatty  : uid=10773(com.jurnalsaham.jurnalsahamihsg) identical 8 lines
03-07 12:23:42.504  4908  4943 E libEGL  : Invalid file path for libcolorx-loader.so
03-07 12:23:42.504  4908  4943 V SDL     : setOrientation() requestedOrientation=1 width=800 height=600 resizable=true hint=Portrait
03-07 12:23:42.505  4908  4943 E libEGL  : Invalid file path for libcolorx-loader.so
03-07 12:23:42.506  4908  4943 I SDL/APP : pixel format wanted SDL_PIXELFORMAT_RGBA8888 (1), got SDL_PIXELFORMAT_RGBA8888 (1)
03-07 12:23:42.506  4908  4943 E libEGL  : Invalid file path for libcolorx-loader.so
03-07 12:23:42.507  4908  4943 I chatty  : uid=10773(com.jurnalsaham.jurnalsahamihsg) identical 1 line
03-07 12:23:42.507  4908  4943 E libEGL  : Invalid file path for libcolorx-loader.so
03-07 12:23:42.508  4908  4943 I python  : [INFO   ] [GL          ] Using the "OpenGL ES 2" graphics system
03-07 12:23:42.508  4908  4943 E libEGL  : Invalid file path for libcolorx-loader.so
03-07 12:23:42.514  4908  4943 I chatty  : uid=10773(com.jurnalsaham.jurnalsahamihsg) identical 127 lines
03-07 12:23:42.514  4908  4943 E libEGL  : Invalid file path for libcolorx-loader.so
03-07 12:23:42.514  4908  4943 I python  : [INFO   ] [GL          ] Backend used <sdl2>
03-07 12:23:42.515  4908  4943 I python  : [INFO   ] [GL          ] OpenGL version <b'OpenGL ES 3.2 V@0502.0 (GIT@5af5ff1, Iff02ff076a, 1609853540) (Date:01/05/21)'>
03-07 12:23:42.515  4908  4943 I python  : [INFO   ] [GL          ] OpenGL vendor <b'Qualcomm'>
03-07 12:23:42.515  4908  4943 I python  : [INFO   ] [GL          ] OpenGL renderer <b'Adreno (TM) 616'>
03-07 12:23:42.515  4908  4943 I python  : [INFO   ] [GL          ] OpenGL parsed version: 3, 2
03-07 12:23:42.515  4908  4943 I python  : [INFO   ] [GL          ] Texture max size <16384>
03-07 12:23:42.516  4908  4943 I python  : [INFO   ] [GL          ] Texture max units <16>
03-07 12:23:42.517  1823  5372 D OppoDisplayPolicy: com.jurnalsaham.jurnalsahamihsg, no change cutoutMode: 0
03-07 12:23:42.519  1823  2211 D DisplayPowerController: Animating brightness: target=977.0, rate=3200.0, source= 10
03-07 12:23:42.520  1823  2011 D PowerManagerService: setScreenBrightnessOverrideFromWindowManagerInternal brightness=NaN mScreenBrightnessOverrideFromWindowManager=NaN
03-07 12:23:42.521  1823  2211 D OplusDisplayPowerControllerFeature: RECORD:onUpdatePowerState policy:3 state:2 brightness:977
03-07 12:23:42.533  1823  2626 W LightsService: setBrightness brightness: 41.0, brightnessMode:0
03-07 12:23:42.534  1823  3013 D OppoDisplayPolicy: com.jurnalsaham.jurnalsahamihsg, no change cutoutMode: 0
03-07 12:23:42.537  1823  2626 D OplusFeatureDCBacklight: notifySfRepaintEverything begin mCurrentDCMode:-1
03-07 12:23:42.539  1823  2011 D PowerManagerService: setScreenBrightnessOverrideFromWindowManagerInternal brightness=NaN mScreenBrightnessOverrideFromWindowManager=NaN
03-07 12:23:42.540  4122  4263 D AudioManager: getStreamVolume packageName=com.instagram.barcelona, index=5, streamType=3
03-07 12:23:42.542 32224 29126 D AudioManager: getStreamVolume packageName=com.facebook.katana, index=0, streamType=1
03-07 12:23:42.549  4908  4943 I python  : [INFO   ] [Window      ] auto add sdl2 input provider
03-07 12:23:42.549  1823  2626 W LightsService: setBrightness brightness: 94.0, brightnessMode:0
03-07 12:23:42.550  4908  4943 I python  : [INFO   ] [Window      ] virtual keyboard not allowed, single mode, not docked
03-07 12:23:42.554  1823  2626 D OplusFeatureDCBacklight: notifySfRepaintEverything begin mCurrentDCMode:-1
03-07 12:23:42.557 32224 29126 D AudioManager: getStreamVolume packageName=com.facebook.katana, index=0, streamType=1
03-07 12:23:42.558  4122  4263 D AudioManager: getStreamVolume packageName=com.instagram.barcelona, index=5, streamType=3
03-07 12:23:42.560  4908  4943 I python  : [desktop_app.py.bak] UI build: Top10 subnav includes Analisis
03-07 12:23:42.565  1823  2626 W LightsService: setBrightness brightness: 147.0, brightnessMode:0
03-07 12:23:42.569  1823  2626 D OplusFeatureDCBacklight: notifySfRepaintEverything begin mCurrentDCMode:-1
03-07 12:23:42.572 32224 29126 D AudioManager: getStreamVolume packageName=com.facebook.katana, index=0, streamType=1
03-07 12:23:42.572  4122  4263 D AudioManager: getStreamVolume packageName=com.instagram.barcelona, index=5, streamType=3
03-07 12:23:42.583  1823  2626 D ScreenMode: enter DC and low brightness mode:false
03-07 12:23:42.584  1823  2626 W LightsService: setBrightness brightness: 201.0, brightnessMode:0
03-07 12:23:42.585  1823  2011 D PowerManagerService: setScreenBrightnessOverrideFromWindowManagerInternal brightness=NaN mScreenBrightnessOverrideFromWindowManager=NaN
03-07 12:23:42.586  1150  1230 D DispPerfService: getHwcRefreshRate,2773, check hwc mode fail, mode=-22
03-07 12:23:42.586  1150  1230 D DispPerfService: AIRefreshRate close 0,2
03-07 12:23:42.587  1150  1150 D OppoExSurfaceFlinger: RESOLUTIONSWITCH get resolution (1080, 2340) for config 0 !
03-07 12:23:42.587  1823  2626 D OppoBaseLightsService: notifyFlingerLight color=201code=21005
03-07 12:23:42.588  1823  2626 D OplusFeatureDCBacklight: notifySfRepaintEverything begin mCurrentDCMode:-1
03-07 12:23:42.587  1150  1150 I chatty  : uid=1000(system) /system/bin/surfaceflinger identical 1 line
03-07 12:23:42.587  1150  1150 D OppoExSurfaceFlinger: RESOLUTIONSWITCH get resolution (1080, 2340) for config 0 !
03-07 12:23:42.590  4122  4263 D AudioManager: getStreamVolume packageName=com.instagram.barcelona, index=5, streamType=3
03-07 12:23:42.590 32224 29126 D AudioManager: getStreamVolume packageName=com.facebook.katana, index=0, streamType=1
03-07 12:23:42.599  1823  2626 W LightsService: setBrightness brightness: 254.0, brightnessMode:0
03-07 12:23:42.603  1823  2626 D OplusFeatureDCBacklight: notifySfRepaintEverything begin mCurrentDCMode:-1
03-07 12:23:42.605 32224 29126 D AudioManager: getStreamVolume packageName=com.facebook.katana, index=0, streamType=1
03-07 12:23:42.606  4122  4263 D AudioManager: getStreamVolume packageName=com.instagram.barcelona, index=5, streamType=3
03-07 12:23:42.616  1823  2626 W LightsService: setBrightness brightness: 308.0, brightnessMode:0
03-07 12:23:42.621 32224 29126 D AudioManager: getStreamVolume packageName=com.facebook.katana, index=0, streamType=1
03-07 12:23:42.622  4122  4263 D AudioManager: getStreamVolume packageName=com.instagram.barcelona, index=5, streamType=3
03-07 12:23:42.633  1823  2626 W LightsService: setBrightness brightness: 361.0, brightnessMode:0
03-07 12:23:42.637  4122  4263 D AudioManager: getStreamVolume packageName=com.instagram.barcelona, index=5, streamType=3
03-07 12:23:42.638 32224 29126 D AudioManager: getStreamVolume packageName=com.facebook.katana, index=0, streamType=1
03-07 12:23:42.648  3273  3273 E OplusNecManagerHelper: com.oplus.nec.OplusNecManager.notifyOrigSignalStrengthChanged [class android.telephony.SignalStrength, int]
03-07 12:23:42.649  1823  2626 W LightsService: setBrightness brightness: 415.0, brightnessMode:0
03-07 12:23:42.657 32224 29126 D AudioManager: getStreamVolume packageName=com.facebook.katana, index=0, streamType=1
03-07 12:23:42.658  4122  4263 D AudioManager: getStreamVolume packageName=com.instagram.barcelona, index=5, streamType=3
03-07 12:23:42.666  1823  2626 W LightsService: setBrightness brightness: 468.0, brightnessMode:0
03-07 12:23:42.671  4122  4263 D AudioManager: getStreamVolume packageName=com.instagram.barcelona, index=5, streamType=3
03-07 12:23:42.673 32224 29126 D AudioManager: getStreamVolume packageName=com.facebook.katana, index=0, streamType=1
03-07 12:23:42.682  1823  2626 W LightsService: setBrightness brightness: 522.0, brightnessMode:0
03-07 12:23:42.688  4122  4263 D AudioManager: getStreamVolume packageName=com.instagram.barcelona, index=5, streamType=3
03-07 12:23:42.689 32224 29126 D AudioManager: getStreamVolume packageName=com.facebook.katana, index=0, streamType=1
03-07 12:23:42.699  1823  2626 W LightsService: setBrightness brightness: 575.0, brightnessMode:0
03-07 12:23:42.705 32224 29126 D AudioManager: getStreamVolume packageName=com.facebook.katana, index=0, streamType=1
03-07 12:23:42.706  4122  4263 D AudioManager: getStreamVolume packageName=com.instagram.barcelona, index=5, streamType=3
03-07 12:23:42.716  1823  2626 W LightsService: setBrightness brightness: 629.0, brightnessMode:0
03-07 12:23:42.722  4122  4263 D AudioManager: getStreamVolume packageName=com.instagram.barcelona, index=5, streamType=3
03-07 12:23:42.723 32224 29126 D AudioManager: getStreamVolume packageName=com.facebook.katana, index=0, streamType=1
03-07 12:23:42.732  1823  2626 W LightsService: setBrightness brightness: 682.0, brightnessMode:0
03-07 12:23:42.739 32224 29126 D AudioManager: getStreamVolume packageName=com.facebook.katana, index=0, streamType=1
03-07 12:23:42.740  4122  4263 D AudioManager: getStreamVolume packageName=com.instagram.barcelona, index=5, streamType=3
03-07 12:23:42.749  1823  2626 W LightsService: setBrightness brightness: 736.0, brightnessMode:0
03-07 12:23:42.755  4122  4263 D AudioManager: getStreamVolume packageName=com.instagram.barcelona, index=5, streamType=3
03-07 12:23:42.756 32224 29126 D AudioManager: getStreamVolume packageName=com.facebook.katana, index=0, streamType=1
03-07 12:23:42.765  1823  2626 W LightsService: setBrightness brightness: 790.0, brightnessMode:0
03-07 12:23:42.771  4122  4263 D AudioManager: getStreamVolume packageName=com.instagram.barcelona, index=5, streamType=3
03-07 12:23:42.772 32224 29126 D AudioManager: getStreamVolume packageName=com.facebook.katana, index=0, streamType=1
03-07 12:23:42.782  1823  2626 W LightsService: setBrightness brightness: 843.0, brightnessMode:0
03-07 12:23:42.788 32224 29126 D AudioManager: getStreamVolume packageName=com.facebook.katana, index=0, streamType=1
03-07 12:23:42.788  4122  4263 D AudioManager: getStreamVolume packageName=com.instagram.barcelona, index=5, streamType=3
03-07 12:23:42.799  1823  2626 W LightsService: setBrightness brightness: 897.0, brightnessMode:0
03-07 12:23:42.804  4122  4263 D AudioManager: getStreamVolume packageName=com.instagram.barcelona, index=5, streamType=3
03-07 12:23:42.806 32224 29126 D AudioManager: getStreamVolume packageName=com.facebook.katana, index=0, streamType=1
03-07 12:23:42.816  1823  2626 W LightsService: setBrightness brightness: 950.0, brightnessMode:0
03-07 12:23:42.816  4908  4943 I python  :  Traceback (most recent call last):
03-07 12:23:42.817  4908  4943 I python  :    File "/Users/donnytakeshi/Documents/jurnal-saham-ihsg/.buildozer/android/app/desktop_app_bak.py", line 9786, in switch_tab
03-07 12:23:42.817  4908  4943 I python  :    File "/Users/donnytakeshi/Documents/jurnal-saham-ihsg/.buildozer/android/app/desktop_app_bak.py", line 664, in __init__
03-07 12:23:42.817  4908  4943 I python  :  NameError: name 'os' is not defined
03-07 12:23:42.817  4908  4943 I python  :  
03-07 12:23:42.817  4908  4943 I python  :  During handling of the above exception, another exception occurred:
03-07 12:23:42.817  4908  4943 I python  :  
03-07 12:23:42.817  4908  4943 I python  :  Traceback (most recent call last):
03-07 12:23:42.818  4908  4943 I python  :    File "/Users/donnytakeshi/Documents/jurnal-saham-ihsg/.buildozer/android/app/main.py", line 75, in <module>
03-07 12:23:42.818  4908  4943 I python  :    File "/Users/donnytakeshi/Documents/jurnal-saham-ihsg/.buildozer/android/app/main.py", line 71, in main
03-07 12:23:42.818  4908  4943 I python  :    File "<frozen runpy>", line 229, in run_module
03-07 12:23:42.818  4908  4943 I python  :    File "<frozen runpy>", line 88, in _run_code
03-07 12:23:42.819  4908  4943 I python  :    File "/Users/donnytakeshi/Documents/jurnal-saham-ihsg/.buildozer/android/app/desktop_app_bak.py", line 9839, in <module>
03-07 12:23:42.819  4908  4943 I python  :    File "/Users/donnytakeshi/Documents/jurnal-saham-ihsg/.buildozer/android/platform/build-arm64-v8a_armeabi-v7a/build/python-installs/jurnalsahamihsg/arm64-v8a/kivy/app.py", line 955, in run
03-07 12:23:42.819  4908  4943 I python  :    File "/Users/donnytakeshi/Documents/jurnal-saham-ihsg/.buildozer/android/platform/build-arm64-v8a_armeabi-v7a/build/python-installs/jurnalsahamihsg/arm64-v8a/kivy/app.py", line 925, in _run_prepare
03-07 12:23:42.819  4908  4943 I python  :    File "/Users/donnytakeshi/Documents/jurnal-saham-ihsg/.buildozer/android/app/desktop_app_bak.py", line 9649, in build
03-07 12:23:42.820  4908  4943 I python  :    File "/Users/donnytakeshi/Documents/jurnal-saham-ihsg/.buildozer/android/app/desktop_app_bak.py", line 9805, in switch_tab
03-07 12:23:42.820  4908  4943 I python  :  NameError: name '_log_exception' is not defined
03-07 12:23:42.820  4908  4943 I python  : Python for android ended.
03-07 12:23:42.822  4122  4263 D AudioManager: getStreamVolume packageName=com.instagram.barcelona, index=5, streamType=3
03-07 12:23:42.823 32224 29126 D AudioManager: getStreamVolume packageName=com.facebook.katana, index=0, streamType=1
03-07 12:23:42.832  1823  2211 D DisplayPowerController: Animating brightness: target=977.0, rate=3200.0, source= 10
03-07 12:23:42.833  1823  2626 W LightsService: setBrightness brightness: 977.0, brightnessMode:0
03-07 12:23:42.838  4122  4263 D AudioManager: getStreamVolume packageName=com.instagram.barcelona, index=5, streamType=3
03-07 12:23:42.840 32224 29126 D AudioManager: getStreamVolume packageName=com.facebook.katana, index=0, streamType=1
03-07 12:23:42.847  5299  5899 I Athena  : MemoryGuardAction: 5223s since the last releasing, try to force trigger
03-07 12:23:42.848  5299  5899 I Athena  : MemoryGuardAction: triggerMemory:2000MB, availMemory:2431MB
03-07 12:23:42.963  1108  1148 E ANDR-PERF-UTIL: Failed to read /sys/class/devfreq/soc:qcom,cpu0-llcc-ddr-lat/min_freq
03-07 12:23:42.963  1108  1148 E ANDR-PERF-OPTSHANDLER: Failed to read /sys/class/devfreq/soc:qcom,cpu0-llcc-ddr-lat/min_freq
03-07 12:23:42.963  1108  1148 E ANDR-PERF-RESOURCEQS: Failed to apply optimization [13, 12]
03-07 12:23:42.963  1108  1148 E ANDR-PERF-UTIL: Failed to read /sys/class/devfreq/soc:qcom,cpu6-llcc-ddr-lat/min_freq
03-07 12:23:42.963  1108  1148 E ANDR-PERF-OPTSHANDLER: Failed to read /sys/class/devfreq/soc:qcom,cpu6-llcc-ddr-lat/min_freq
03-07 12:23:42.963  1108  1148 E ANDR-PERF-RESOURCEQS: Failed to apply optimization [13, 12]
03-07 12:23:42.964  1108  1148 E ANDR-PERF-UTIL: Failed to read /sys/class/devfreq/soc:qcom,cpu0-cpu-llcc-lat/mem_latency/ratio_ceil
03-07 12:23:42.964  1108  1148 E ANDR-PERF-OPTSHANDLER: Failed to read /sys/class/devfreq/soc:qcom,cpu0-cpu-llcc-lat/mem_latency/ratio_ceil
03-07 12:23:42.964  1108  1148 E ANDR-PERF-RESOURCEQS: Failed to apply optimization [13, 8]
03-07 12:23:42.964  1108  1148 E ANDR-PERF-UTIL: Failed to read /sys/class/devfreq/soc:qcom,cpu4-cpu-llcc-lat/mem_latency/ratio_ceil
03-07 12:23:42.964  1108  1148 E ANDR-PERF-OPTSHANDLER: Failed to read /sys/class/devfreq/soc:qcom,cpu4-cpu-llcc-lat/mem_latency/ratio_ceil
03-07 12:23:42.964  1108  1148 E ANDR-PERF-RESOURCEQS: Failed to apply optimization [13, 9]
03-07 12:23:43.020  4908  4943 I BpBinder: onLastStrongRef automatically unlinking death recipients: <uncached descriptor>
03-07 12:23:43.025 15572 15572 I adbd    : Remote process closed the socket (on MSG_PEEK)
03-07 12:23:43.059  1823  3400 I ColorGameSpaceManager: in handleApplicationSwitchInner ---- gamemode = 0 ----mModeStatus = 0
03-07 12:23:43.060  1823  2443 W InputDispatcher: channel '72c9516 com.jurnalsaham.jurnalsahamihsg/org.kivy.android.PythonActivity (server)' ~ Consumer closed input channel or an error occurred.  events=0x9
03-07 12:23:43.060  1823  2443 E InputDispatcher: channel '72c9516 com.jurnalsaham.jurnalsahamihsg/org.kivy.android.PythonActivity (server)' ~ Channel is unrecoverably broken and will be disposed!
03-07 12:23:43.061  1823  3013 D DisplayManagerService: Display listener for pid 4908 died.
03-07 12:23:43.062  1823  2750 I WindowManager: WIN DEATH: Window{72c9516 u0 com.jurnalsaham.jurnalsahamihsg/org.kivy.android.PythonActivity}
03-07 12:23:43.062  1823  2750 W InputDispatcher: Attempted to unregister already unregistered input channel '72c9516 com.jurnalsaham.jurnalsahamihsg/org.kivy.android.PythonActivity (server)'
03-07 12:23:43.062  1823  5372 D TheiaCrashMonitor: com.jurnalsaham.jurnalsahamihsgcrash
03-07 12:23:43.062  1823  5372 I ActivityManager: Process com.jurnalsaham.jurnalsahamihsg (pid 4908) has died: fg  TOP 
03-07 12:23:43.062  1823 22248 D TheiaSocketClient: TheiaSend receive content : 4298113028:ApplicationFGCrash:1772861023062
03-07 12:23:43.062  1823  5372 W ContextImpl: Calling a method in the system process without a qualified user: android.app.ContextImpl.sendBroadcast:1159 com.android.server.am.OppoExtraActivityManagerService.setKeyLockModeNormal:51 com.android.server.am.ActivityManagerService.appDiedLocked:4314 com.android.server.am.ActivityManagerService$AppDeathRecipient.binderDied:1783 android.os.IBinder$DeathRecipient.binderDied:305 
03-07 12:23:43.062  1823  1872 D SensorService: ~SensorEventConnection(0x7c29aaecc0)
03-07 12:23:43.062  1823  1872 D SensorService: 8 active sensors
03-07 12:23:43.062  1823 22248 D TheiaSocketClient: send message success
03-07 12:23:43.062  1823  1872 D SensorService: 0: disabling handle=0x0000000b
03-07 12:23:43.062  1823  1872 D SensorService: recordConnection in cleanupConnection
03-07 12:23:43.062  1823  1872 D SensorService: SensorDevice::activate: ident=0x7c29aaecc0, handle=0x0000000b, enabled=0, count=3
03-07 12:23:43.062  1823  1872 D SensorService: disable index=2
03-07 12:23:43.062  1823  1872 D SensorService: 	>>> actuating h/w batch 0x0000000b 50000000 0
03-07 12:23:43.062  1746 22337 I theia_socket: recv 4298113028:ApplicationFGCrash:1772861023062
03-07 12:23:43.062  1746 22337 I theia_socket: nowEvent is not KeyEvent
03-07 12:23:43.063  1108  1148 E ANDR-PERF-UTIL: Failed to read /sys/class/devfreq/soc:qcom,cpu0-llcc-ddr-lat/min_freq
03-07 12:23:43.063  1108  1148 E ANDR-PERF-OPTSHANDLER: Failed to read /sys/class/devfreq/soc:qcom,cpu0-llcc-ddr-lat/min_freq
03-07 12:23:43.063  1108  1148 E ANDR-PERF-RESOURCEQS: Failed to apply optimization [13, 12]
03-07 12:23:43.063  1108  1148 E ANDR-PERF-UTIL: Failed to read /sys/class/devfreq/soc:qcom,cpu6-llcc-ddr-lat/min_freq
03-07 12:23:43.063  1108  1148 E ANDR-PERF-OPTSHANDLER: Failed to read /sys/class/devfreq/soc:qcom,cpu6-llcc-ddr-lat/min_freq
03-07 12:23:43.063  1108  1148 E ANDR-PERF-RESOURCEQS: Failed to apply optimization [13, 12]
03-07 12:23:43.063  1108  1148 E ANDR-PERF-UTIL: Failed to read /sys/class/devfreq/soc:qcom,cpu0-cpu-llcc-lat/mem_latency/ratio_ceil
03-07 12:23:43.063  1108  1148 E ANDR-PERF-OPTSHANDLER: Failed to read /sys/class/devfreq/soc:qcom,cpu0-cpu-llcc-lat/mem_latency/ratio_ceil
03-07 12:23:43.063  1108  1148 E ANDR-PERF-RESOURCEQS: Failed to apply optimization [13, 8]
03-07 12:23:43.064  1108  1148 E ANDR-PERF-UTIL: Failed to read /sys/class/devfreq/soc:qcom,cpu4-cpu-llcc-lat/mem_latency/ratio_ceil
03-07 12:23:43.064  1108  1148 E ANDR-PERF-OPTSHANDLER: Failed to read /sys/class/devfreq/soc:qcom,cpu4-cpu-llcc-lat/mem_latency/ratio_ceil
03-07 12:23:43.064  1108  1148 E ANDR-PERF-RESOURCEQS: Failed to apply optimization [13, 9]
03-07 12:23:43.064  1823  3199 I InputDispatcher: Focus left window: Window{72c9516 u0 com.jurnalsaham.jurnalsahamihsg/org.kivy.android.PythonActivity} in display 0
03-07 12:23:43.064  1823  3350 W ContextImpl: Calling a method in the system process without a qualified user: android.app.ContextImpl.startService:1717 com.oplus.util.OplusStatisticsImpl.startService:216 com.oplus.util.OplusStatisticsImpl.sendDataToDCS:192 com.oplus.util.OplusStatisticsImpl.onCommonSync:84 com.oplus.util.OplusStatisticsImpl$1.run:124 
03-07 12:23:43.064  1093  1093 I sensors-hal: batch:254, android.sensor.accelerometer/11, period=50000000, max_latency=0
03-07 12:23:43.064  1093  1093 I sensors-hal: batch:276, android.sensor.accelerometer/11, period=50000000, max_latency=0 request completed
03-07 12:23:43.064  1823  1872 D SensorService: activateHardware = 0
03-07 12:23:43.064  1823  1872 D SensorService: removing connection 0x7c29aaecc0 for sensor[0].handle=0x0000000b
03-07 12:23:43.064  1823  1872 D SensorService: removing connection 0x7c29aaecc0 for sensor[1].handle=0x00000029
03-07 12:23:43.064  1823  1872 D SensorService: removing connection 0x7c29aaecc0 for sensor[2].handle=0x00000033
03-07 12:23:43.064  1823  1872 D SensorService: removing connection 0x7c29aaecc0 for sensor[3].handle=0x0000005b
03-07 12:23:43.064  1823  1872 D SensorService: removing connection 0x7c29aaecc0 for sensor[4].handle=0x000000ac
03-07 12:23:43.064  1823  1872 D SensorService: removing connection 0x7c29aaecc0 for sensor[5].handle=0x000000bf
03-07 12:23:43.064  1823  1872 D SensorService: removing connection 0x7c29aaecc0 for sensor[6].handle=0x00000110
03-07 12:23:43.065  1823  1872 D SensorService: removing connection 0x7c29aaecc0 for sensor[7].handle=0x00000444
03-07 12:23:43.067   919   919 I Zygote  : Process 4908 exited cleanly (255)
03-07 12:23:43.068  1150  1150 E Layer   : [Bounds for - com.jurnalsaham.jurnalsahamihsg/org.kivy.android.PythonActivity#0] No local sync point found
03-07 12:23:43.069  1093 10193 I sensors-hal: ssc_conn_resp_cb:672, resp_value = 0
03-07 12:23:43.073  1823  2750 V WindowManager: Changing focus from Window{72c9516 u0 com.jurnalsaham.jurnalsahamihsg/org.kivy.android.PythonActivity} to null,diplayid=0
03-07 12:23:43.074  5299  5899 I Athena  : MemoryGuardAction: triggerMemory:2000MB, availMemory:2481MB
03-07 12:23:43.075  1823  2150 I libprocessgroup: Successfully killed process cgroup uid 10773 pid 4908 in 11ms
03-07 12:23:43.075  1823  2750 D Theia.NoFocusWindow: FocusWindowErrorScene CheckFreezeScreen
03-07 12:23:43.077  1823  5372 W ActivityTaskManager: Force removing ActivityRecord{2ce7671 u0 com.jurnalsaham.jurnalsahamihsg/org.kivy.android.PythonActivity t33111}: app died, no saved state
03-07 12:23:43.081  1823  5372 V ColorZoomWindowManagerService: onAnimationFinished:  r = ActivityRecord{2ce7671 u0 com.jurnalsaham.jurnalsahamihsg/org.kivy.android.PythonActivity t33111 f}}
03-07 12:23:43.082  1823  5372 I OplusMirageDisplayManagerService: onAnimationFinished:
03-07 12:23:43.082  1150  1150 D OppoExLayer: ~Layer() sequence=14806, name=com.jurnalsaham.jurnalsahamihsg/org.kivy.android.PythonActivity#0@0x7456f23000
03-07 12:23:43.082  1150  1150 D OppoExLayer: ~Layer() sequence=14809, name=Bounds for - com.jurnalsaham.jurnalsahamihsg/org.kivy.android.PythonActivity#0@0x7453ad6000
03-07 12:23:43.082  1150  1150 D OppoExLayer: ~Layer() sequence=14810, name=SurfaceView - com.jurnalsaham.jurnalsahamihsg/org.kivy.android.PythonActivity#0@0x7453adb000
03-07 12:23:43.083  1150  1150 D OppoExLayer: ~Layer() sequence=14811, name=Background for -SurfaceView - com.jurnalsaham.jurnalsahamihsg/org.kivy.android.PythonActivity#0@0x7473160000
03-07 12:23:43.083  1150  1150 D OppoExLayer: ~Layer() sequence=14805, name=72c9516 com.jurnalsaham.jurnalsahamihsg/org.kivy.android.PythonActivity#0@0x7456e69000
03-07 12:23:43.084  1823  5372 I InputDispatcher: setFocusedApplication displayId=0 <nullptr>
03-07 12:23:43.086  1823  5372 I ColorHansManager : ColorHansManager : resume pkg: com.oppo.launcher, uid:10049, prev pkg: com.jurnalsaham.jurnalsahamihsg, prev uid: 10773
03-07 12:23:43.086  1823  3138 I ColorHansManager : enter fastfreezer
03-07 12:23:43.093  1823  3138 I ColorHansManager : freeze uid: 10757 package: com.kajokangin.indosaham reason: fastfreezer|10049 scene: FastFreezerScene
03-07 12:23:43.093  1823  5372 I InputDispatcher: setFocusedApplication displayId=0 ActivityRecord{d5fbe0b u0 com.oppo.launcher/.Launcher t2}
03-07 12:23:43.095  1823  3461 V DCSEX-AppSwitchManager: OnAppSwitchObserver: onAppExit , info = OplusAppExitInfo = {  targetName = com.jurnalsaham.jurnalsahamihsg hasResumingActivity = true resumingPackageName = com.oppo.launcher resumingActivityName = com.oppo.launcher.Launcher resumingWindowMode = 1 isResumingMultiApp = false isResumingFirstStart = false extension = Bundle[{taskId=2, uid=10049}]}
03-07 12:23:43.096  1823  8266 D DCSEX-AppLaunchEventRecorder: onAppSwitch from = com.jurnalsaham.jurnalsahamihsg to = com.oppo.launcher
03-07 12:23:43.096  1823  8266 D DCSEX-AppLaunchEventRecorder: recordExitApp = com.jurnalsaham.jurnalsahamihsg
03-07 12:23:43.096 15661 15679 W OppoGuardElf: ThermalControlUtils: mForegroundPkg=com.oppo.launcher
03-07 12:23:43.097  1823  3461 I ColorResourcePreloadManager: resume pkg: com.oppo.launcher, uid:10049, prev pkg: com.jurnalsaham.jurnalsahamihsg, prev uid: 10773
03-07 12:23:43.097  1823  8266 E OplusTrack-ApkInfoUtil: java.lang.NullPointerException: Attempt to invoke virtual method 'java.lang.Object android.os.Bundle.get(java.lang.String)' on a null object reference
03-07 12:23:43.097  1823  8266 W System.err: java.lang.NullPointerException: Attempt to invoke virtual method 'java.lang.Object android.os.Bundle.get(java.lang.String)' on a null object reference
03-07 12:23:43.097  1823  3461 V DCSEX-AppSwitchManager: OnAppSwitchObserver: onAppEnter , info = OplusAppEnterInfo = {  windowMode = 1 targetName = com.oppo.launcher multiApp = false firstStart = false launchedFromPackage = null intent = Intent { act=android.intent.action.MAIN cat=[android.intent.category.HOME] flg=0x10000100 cmp=com.oppo.launcher/.Launcher } extension = Bundle[{taskId=2, uid=10049}]}
03-07 12:23:43.097  1823  8266 W System.err: 	at com.oplus.statistics.h.b.d(ApkInfoUtil.java:136)
03-07 12:23:43.097  1823  8266 W System.err: 	at com.oplus.statistics.b.b.a(TrackEvent.java:141)
03-07 12:23:43.097  1823  8266 W System.err: 	at com.oplus.statistics.b.b.<init>(TrackEvent.java:47)
03-07 12:23:43.097  1823  8266 W System.err: 	at com.oplus.statistics.b.a.<init>(CommonBean.java:37)
03-07 12:23:43.097  1823  8266 W System.err: 	at com.oplus.statistics.c.a(OplusTrack.java:223)
03-07 12:23:43.097  1823  8266 W System.err: 	at com.oplus.statistics.e.a.a$a.a(AppLaunchEventRecorder.java:143)
03-07 12:23:43.097  1823  8266 W System.err: 	at com.oplus.statistics.e.a.a$a.a(AppLaunchEventRecorder.java:102)
03-07 12:23:43.097  1823  8266 W System.err: 	at com.oplus.statistics.e.a.-$$Lambda$2fHLmT8JZlr5OzkT2xnqiCVdLEk.onAppSwitch(Unknown Source:2)
03-07 12:23:43.097  1823  8266 W System.err: 	at com.oplus.statistics.c.b.a(AppSwitchMonitor.java:97)
03-07 12:23:43.097  1823  8266 W System.err: 	at com.oplus.statistics.c.b.lambda$yF2sSrETF4wpk07pjuI1ubPVnB8(Unknown Source:0)
03-07 12:23:43.097  1823  8266 W System.err: 	at com.oplus.statistics.c.-$$Lambda$b$yF2sSrETF4wpk07pjuI1ubPVnB8.accept(Unknown Source:4)
03-07 12:23:43.097  1823  8266 W System.err: 	at java.util.concurrent.CopyOnWriteArrayList.forEach(CopyOnWriteArrayList.java:832)
03-07 12:23:43.097  1823  8266 W System.err: 	at com.oplus.statistics.c.b.b(AppSwitchMonitor.java:97)
03-07 12:23:43.097  1823  8266 W System.err: 	at com.oplus.statistics.c.b.lambda$fX4Hi7f3z5t3AW9aa0q-E6iGF5w(Unknown Source:0)
03-07 12:23:43.097  1823  8266 W System.err: 	at com.oplus.statistics.c.-$$Lambda$b$fX4Hi7f3z5t3AW9aa0q-E6iGF5w.run(Unknown Source:4)
03-07 12:23:43.097  1823  8266 W System.err: 	at java.util.concurrent.ThreadPoolExecutor.runWorker(ThreadPoolExecutor.java:1167)
03-07 12:23:43.097  1823  8266 W System.err: 	at java.util.concurrent.ThreadPoolExecutor$Worker.run(ThreadPoolExecutor.java:641)
03-07 12:23:43.097  1823  8266 W System.err: 	at java.lang.Thread.run(Thread.java:923)
03-07 12:23:43.097  1823  8266 W OplusTrack-TrackEvent: appId is empty
03-07 12:23:43.099  4264 10585 D ZoomAppController: ignore onAppEnter: Invalid cvActionFlag = 0
03-07 12:23:43.104  1823  3138 I ColorHansManager : freeze uid: 10152 package: com.lazada.android reason: fastfreezer|10049 scene: FastFreezerScene
03-07 12:23:43.105  1823  5372 E OppoThermalStats: Error getting package info: com.oppo.launcher
03-07 12:23:43.111  1823  3138 I ColorHansManager : freeze uid: 10282 package: com.tokopedia.sellerapp reason: fastfreezer|10049 scene: FastFreezerScene
03-07 12:23:43.113  1823  3138 I ColorHansManager : freeze uid: 10167 package: com.instagram.android reason: fastfreezer|10049 scene: FastFreezerScene
03-07 12:23:43.114  1823  5372 D OplusKeepAliveManager: TOP_APP is ProcessRecord{56fcff4 3294:com.oppo.launcher/u0a49} uid is 10049
03-07 12:23:43.116  1823  3138 I ColorHansManager : freeze uid: 10296 package: com.instagram.barcelona reason: fastfreezer|10049 scene: FastFreezerScene
03-07 12:23:43.118  1823  3138 I ColorHansManager : freeze uid: 10171 package: com.ss.android.ugc.trill reason: fastfreezer|10049 scene: FastFreezerScene
03-07 12:23:43.120  1823  3138 I ColorHansManager : freeze uid: 10307 package: com.truecaller reason: fastfreezer|10049 scene: FastFreezerScene
03-07 12:23:43.122  1823  3138 I ColorHansManager : freeze uid: 10455 package: com.facebook.katana reason: fastfreezer|10049 scene: FastFreezerScene
03-07 12:23:43.124  3294  3294 E Parcel  : Reading a NULL string not supported here.
03-07 12:23:43.126  1216  1265 W .statistics.ro: Accessing hidden method Landroid/telephony/OplusTelephonyManager;->getInstance(Landroid/content/Context;)Landroid/telephony/OplusTelephonyManager; (blacklist, linking, denied)
03-07 12:23:43.127  1216  1265 E libc    : Access denied finding property "gsm.serial"
03-07 12:23:43.127  1216  1265 E libc    : Access denied finding property "vendor.gsm.serial"
03-07 12:23:43.128  1823  3138 I ColorHansManager : freeze uid: 10203 package: com.tokopedia.tkpd reason: fastfreezer|10049 scene: FastFreezerScene
03-07 12:23:43.130  1823  3138 I ColorHansManager : freeze uid: 10100 package: com.nearme.gamecenter reason: fastfreezer|10049 scene: FastFreezerScene
03-07 12:23:43.131  3294  3294 E Parcel  : Reading a NULL string not supported here.
03-07 12:23:43.132  1150  1150 D OppoExLayer: ~Layer() sequence=14798, name=ActivityRecord{2ce7671 u0 com.jurnalsaham.jurnalsahamihsg/org.kivy.android.PythonActivity#0@0x7453b31000
03-07 12:23:43.132  1150  1150 D OppoExLayer: ~Layer() sequence=14797, name=Task=33111#0@0x7456fc9000
03-07 12:23:43.132  1823  3138 I ColorHansManager : freeze uid: 10613 package: com.alibaba.intl.android.apps.poseidon reason: fastfreezer|10049 scene: FastFreezerScene
03-07 12:23:43.134  1823  2011 W ActivityManager: setHasOverlayUi called on unknown pid: 4908
03-07 12:23:43.135  1823  1823 I OppoPhoneWindowManager: KeyLockModeReceiver KeyLockMode: 0 ProcessName: com.jurnalsaham.jurnalsahamihsg
03-07 12:23:43.135  1823  2011 D PowerManagerService: setScreenBrightnessOverrideFromWindowManagerInternal brightness=NaN mScreenBrightnessOverrideFromWindowManager=NaN
03-07 12:23:43.139  1823  3196 D OppoDisplayPolicy: com.oppo.launcher, change system app cutoutMode: color always
03-07 12:23:43.143  1216 20177 W .statistics.ro: Accessing hidden method Landroid/telephony/OplusTelephonyManager;->getInstance(Landroid/content/Context;)Landroid/telephony/OplusTelephonyManager; (blacklist, linking, denied)
03-07 12:23:43.144  1216 20177 E libc    : Access denied finding property "gsm.serial"
03-07 12:23:43.144  1216 20177 E libc    : Access denied finding property "vendor.gsm.serial"
03-07 12:23:43.145  1823 15557 E ANDR-PERF-JNI: UXEngine Trigger - Returning null
03-07 12:23:43.146  3294  3615 E Parcel  : Reading a NULL string not supported here.
03-07 12:23:43.137  1216  1216 W dcs-thread-act: type=1400 audit(0.0:213332): avc: denied { read } for name="u:object_r:oplus_nw_exported_system_prop:s0" dev="tmpfs" ino=21222 scontext=u:r:priv_app:s0:c512,c768 tcontext=u:object_r:oplus_nw_exported_system_prop:s0 tclass=file permissive=0 app=com.nearme.statistics.rom
03-07 12:23:43.150  3294  3615 E Parcel  : Reading a NULL string not supported here.
03-07 12:23:43.135  1823  2011 D PowerManagerService: setScreenBrightnessOverrideFromWindowManagerInternal brightness=NaN mScreenBrightnessOverrideFromWindowManager=NaN
03-07 12:23:43.150  1823  3196 V WindowManager: Changing focus from null to Window{6f358e8 u0 com.oppo.launcher/com.oppo.launcher.Launcher},diplayid=0
03-07 12:23:43.155  3294  3615 E Parcel  : Reading a NULL string not supported here.
03-07 12:23:43.156  1823  3196 D Theia.NoFocusWindow: FocusWindowErrorScene cancelCheckFreezeScreen
03-07 12:23:43.158  3294  3615 E Parcel  : Reading a NULL string not supported here.
03-07 12:23:43.162  3294  3294 E Launcher.ColorBubbleTextView: mForceHideDot is false
03-07 12:23:43.163  3294  3294 I chatty  : uid=10049(com.oppo.launcher) identical 8 lines
03-07 12:23:43.165  3294  3294 E Launcher.ColorBubbleTextView: mForceHideDot is false
03-07 12:23:43.171  3294  3615 E Parcel  : Reading a NULL string not supported here.
03-07 12:23:43.177  3294  3615 E Parcel  : Reading a NULL string not supported here.
03-07 12:23:43.177  1823 15682 W Binder  : Outgoing transactions from this process must be FLAG_ONEWAY
03-07 12:23:43.177  1823 15682 W Binder  : java.lang.Throwable
03-07 12:23:43.177  1823 15682 W Binder  : 	at android.os.BinderProxy.transact(BinderProxy.java:529)
03-07 12:23:43.177  1823 15682 W Binder  : 	at android.content.ContentProviderProxy.insert(ContentProviderNative.java:548)
03-07 12:23:43.177  1823 15682 W Binder  : 	at android.content.ContentProviderClient.insert(ContentProviderClient.java:348)
03-07 12:23:43.177  1823 15682 W Binder  : 	at android.content.ContentProviderClient.insert(ContentProviderClient.java:337)
03-07 12:23:43.177  1823 15682 W Binder  : 	at com.oplus.statistics.d.b.a(ContentProviderRecorder.java:83)
03-07 12:23:43.177  1823 15682 W Binder  : 	at com.oplus.statistics.d.b.a(ContentProviderRecorder.java:30)
03-07 12:23:43.177  1823 15682 W Binder  : 	at com.oplus.statistics.d.d.a(ProxyRecorder.java:28)
03-07 12:23:43.177  1823 15682 W Binder  : 	at com.oplus.statistics.a.c.a(CommonAgent.java:14)
03-07 12:23:43.177  1823 15682 W Binder  : 	at com.oplus.statistics.c.b(OplusTrack.java:264)
03-07 12:23:43.177  1823 15682 W Binder  : 	at com.oplus.statistics.c.lambda$TevJh1zDK89VqR4KzFSU579I1Dw(Unknown Source:0)
03-07 12:23:43.177  1823 15682 W Binder  : 	at com.oplus.statistics.-$$Lambda$c$TevJh1zDK89VqR4KzFSU579I1Dw.run(Unknown Source:2)
03-07 12:23:43.177  1823 15682 W Binder  : 	at android.os.Handler.handleCallback(Handler.java:938)
03-07 12:23:43.177  1823 15682 W Binder  : 	at android.os.Handler.dispatchMessage(Handler.java:99)
03-07 12:23:43.177  1823 15682 W Binder  : 	at android.os.Looper.loop(Looper.java:263)
03-07 12:23:43.177  1823 15682 W Binder  : 	at android.os.HandlerThread.run(HandlerThread.java:67)
03-07 12:23:43.180  3294  3615 E Parcel  : Reading a NULL string not supported here.
03-07 12:23:43.182  1150  1230 D DispPerfService: onframeavailable pid=3294, slot=0, seq=14815, name=com.oppo.launcher:com.oppo.launcher/com.oppo.launcher.Launcher#0
03-07 12:23:43.184  1823  2008 I ColorHansManager : uid: 10773, state: F -> D
03-07 12:23:43.184  1823  2008 D OplusAppBwCore: onUidImportance: 10773, 1000
03-07 12:23:43.184  1823  2008 D OplusAppBwCore: onUidImportance: 10049, 100
03-07 12:23:43.185  1823  4211 D AS.AudioService: getParameters() keyValuePairs:OPLUS_AUDIO_GET_FOCUS_STACK
03-07 12:23:43.186  1134  2524 D AudioPolicyService: updateUidStates_l() allowCapture=true because of on TOP AND uses VOICE_RECOGNITION OR uses HOTWORD
03-07 12:23:43.186  1134  2524 D AudioPolicyService: updateUidStates_l() current->uid=10070 current->pid=17223 allowCapture=1 UidState=5 apmStat=1
03-07 12:23:43.186 15661 15679 W OppoGuardElf: ThermalControllHandler: tempLevel=4,userMode=2,gameUserMode=-1,appType=-1,envTempType=0,appStates=[]
03-07 12:23:43.187 23340 23340 D OplusWallpaperServiceHelper: isNightMode is true
03-07 12:23:43.187 23340 23340 D OplusWallpaperServiceHelper: getDarkWallpaperSwitchSettings contextandroid.app.ContextImpl@547dd7b
03-07 12:23:43.187 23340 23340 I OplusWallpaperServiceHelper: getDarkModeWallpaperWindowAlpha. nightMode = true
03-07 12:23:43.188 15661 15679 W OppoGuardElf: ThermalControllerCenter: mSafetyState=10000
03-07 12:23:43.188  1823  2012 V WindowManager: mIsWallpaper: setAlpha ok mShownAlpha = 0.76
03-07 12:23:43.189 21100 19500 I NearbyMediums: No BLE Fast/GATT advertisements found in the latest cycle.
03-07 12:23:43.189  3294  3615 E Parcel  : Reading a NULL string not supported here.
03-07 12:23:43.189 21100 19500 I NearbyMediums: Current Tracked Scanning Clients are : {NearbyConnections.EnvironmentMonitor, NearbySharing}
03-07 12:23:43.191 15661 15679 W OppoGuardElf: ThermalControllHandler: tempGear=4,configItemName=common_config
03-07 12:23:43.192 15661 15758 W OppoGuardElf: ThermalControllHandler: MSG_THERMAL_CONTROL_CATEGORY_CHANGED
03-07 12:23:43.199  3294  3294 E Launcher.ColorBubbleTextView: mForceHideDot is false
03-07 12:23:43.199  3294  3294 E Launcher.ColorBubbleTextView: mForceHideDot is false
03-07 12:23:43.199  1823  3199 I InputDispatcher: Focus entered window: Window{6f358e8 u0 com.oppo.launcher/com.oppo.launcher.Launcher} in display 0
03-07 12:23:43.199  3294  3294 E Launcher.ColorBubbleTextView: mForceHideDot is false
03-07 12:23:43.202  3294  3615 E Parcel  : Reading a NULL string not supported here.
03-07 12:23:43.204  1150  1150 D OppoExSurfaceFlinger: RESOLUTIONSWITCH get resolution (1080, 2340) for config 0 !
03-07 12:23:43.204  1823  5200 D ColorAppListInterceptManager: shouldFilterTask
03-07 12:23:43.204  1823  5200 D ColorAppListInterceptManager: shouldFilterTask::packageName = com.jurnalsaham.jurnalsahamihsg
03-07 12:23:43.204  1823  5200 D ColorAppListInterceptManager: shouldFilterTask
03-07 12:23:43.204  1823  5200 D ColorAppListInterceptManager: shouldFilterTask::packageName = com.ss.android.ugc.trill
03-07 12:23:43.204  1823  5200 D ColorAppListInterceptManager: shouldFilterTask
03-07 12:23:43.204  1823  5200 D ColorAppListInterceptManager: shouldFilterTask::packageName = com.instagram.android
03-07 12:23:43.204  1823  5200 D ColorAppListInterceptManager: shouldFilterTask
03-07 12:23:43.204  1823  5200 D ColorAppListInterceptManager: shouldFilterTask::packageName = com.coloros.gallery3d
03-07 12:23:43.208  1823  3199 D ColorAppListInterceptManager: shouldFilterTask
03-07 12:23:43.208  1823  3199 D ColorAppListInterceptManager: shouldFilterTask::packageName = com.jurnalsaham.jurnalsahamihsg
03-07 12:23:43.208  1823  3199 D ColorAppListInterceptManager: shouldFilterTask
03-07 12:23:43.208  1823  3199 D ColorAppListInterceptManager: shouldFilterTask::packageName = com.ss.android.ugc.trill
03-07 12:23:43.208  1823  3199 D ColorAppListInterceptManager: shouldFilterTask
03-07 12:23:43.208  1823  3199 D ColorAppListInterceptManager: shouldFilterTask::packageName = com.instagram.android
03-07 12:23:43.208  1823  3199 D ColorAppListInterceptManager: shouldFilterTask
03-07 12:23:43.208  1823  3199 D ColorAppListInterceptManager: shouldFilterTask::packageName = com.coloros.gallery3d
03-07 12:23:43.204  1150  1150 I chatty  : uid=1000(system) /system/bin/surfaceflinger identical 1 line
03-07 12:23:43.204  1150  1150 D OppoExSurfaceFlinger: RESOLUTIONSWITCH get resolution (1080, 2340) for config 0 !
03-07 12:23:43.208  3294  3615 E Parcel  : Reading a NULL string not supported here.
03-07 12:23:43.214  1823  2008 W Looper  : Slow dispatch took 137ms android.ui h=com.android.server.am.ActivityManagerService$UiHandler c=null m=53
03-07 12:23:43.214  1134  2524 D AudioPolicyService: updateUidStates_l() allowCapture=true because of on TOP AND uses VOICE_RECOGNITION OR uses HOTWORD
03-07 12:23:43.214  1134  2524 D AudioPolicyService: updateUidStates_l() current->uid=10070 current->pid=17223 allowCapture=1 UidState=5 apmStat=1
03-07 12:23:43.214  1823  2011 D PowerManagerService: setScreenBrightnessOverrideFromWindowManagerInternal brightness=NaN mScreenBrightnessOverrideFromWindowManager=NaN
03-07 12:23:43.214  1134  2524 D AudioPolicyService: updateUidStates_l() allowCapture=true because of on TOP AND uses VOICE_RECOGNITION OR uses HOTWORD
03-07 12:23:43.214  1134  2524 D AudioPolicyService: updateUidStates_l() current->uid=10070 current->pid=17223 allowCapture=1 UidState=5 apmStat=1
03-07 12:23:43.215  1134  2524 D AudioPolicyService: updateUidStates_l() allowCapture=true because of on TOP AND uses VOICE_RECOGNITION OR uses HOTWORD
03-07 12:23:43.215  1134  2524 D AudioPolicyService: updateUidStates_l() current->uid=10070 current->pid=17223 allowCapture=1 UidState=5 apmStat=1
03-07 12:23:43.215  1134  2524 D AudioPolicyService: updateUidStates_l() allowCapture=true because of on TOP AND uses VOICE_RECOGNITION OR uses HOTWORD
03-07 12:23:43.215  1134  2524 D AudioPolicyService: updateUidStates_l() current->uid=10070 current->pid=17223 allowCapture=1 UidState=5 apmStat=1
03-07 12:23:43.215  1134  2524 D AudioPolicyService: updateUidStates_l() allowCapture=true because of on TOP AND uses VOICE_RECOGNITION OR uses HOTWORD
03-07 12:23:43.215  1134  2524 D AudioPolicyService: updateUidStates_l() current->uid=10070 current->pid=17223 allowCapture=1 UidState=5 apmStat=1
03-07 12:23:43.215  1134  2524 D AudioPolicyService: updateUidStates_l() allowCapture=true because of on TOP AND uses VOICE_RECOGNITION OR uses HOTWORD
03-07 12:23:43.215  1134  2524 D AudioPolicyService: updateUidStates_l() current->uid=10070 current->pid=17223 allowCapture=1 UidState=5 apmStat=1
03-07 12:23:43.215  1134  2524 D AudioPolicyService: updateUidStates_l() allowCapture=true because of on TOP AND uses VOICE_RECOGNITION OR uses HOTWORD
03-07 12:23:43.215  1134  2524 D AudioPolicyService: updateUidStates_l() current->uid=10070 current->pid=17223 allowCapture=1 UidState=5 apmStat=1
03-07 12:23:43.215  1823  2011 I chatty  : uid=1000(system) android.display identical 3 lines
03-07 12:23:43.215  1823  2011 D PowerManagerService: setScreenBrightnessOverrideFromWindowManagerInternal brightness=NaN mScreenBrightnessOverrideFromWindowManager=NaN
03-07 12:23:43.216  1823  2537 W ActivityManager: Unable to start service Intent { cmp=com.google.android.googlequicksearchbox/com.google.android.apps.gsa.tasks.BackgroundTasksJobService (has extras) } U=0: not found
03-07 12:23:43.217  1823  2537 D JobScheduler: Error executing JobStatus{bbef7f9 #u0a70/-202 com.google.android.googlequicksearchbox/com.google.android.apps.gsa.tasks.BackgroundTasksJobService u=0 s=10070 TIME=-3d7h46m48s162ms:-3d7h46m48s162ms NET CHARGING PERIODIC PERSISTED READY}
03-07 12:23:43.218  1823  5063 D ColorInputMethodManagerServiceEx: onHandleImeWindowVisibleStatus handledVis: 0, switcher visible: 0, switcher active: 0, needsToShowImeSwitcher: false
03-07 12:23:43.218  1823  2011 D PowerManagerService: setScreenBrightnessOverrideFromWindowManagerInternal brightness=NaN mScreenBrightnessOverrideFromWindowManager=NaN
03-07 12:23:43.219  3294  3615 E Parcel  : Reading a NULL string not supported here.
03-07 12:23:43.219  4401  4443 E oiface  : packageSwitch pkg com.oppo.launcher, enter
03-07 12:23:43.220  4401  4443 E oiface  : current package is com.oppo.launcher and pid is 3294
03-07 12:23:43.222  1823  5200 D InputMethodManagerService: isSecurity: attribute.packageName=com.oppo.launcher
03-07 12:23:43.222  1823  5200 D InputMethodManagerService: isSecurity= false (  enable=false needShow=false inBlackList=false  isExist=true )
03-07 12:23:43.219  1823  2011 I chatty  : uid=1000(system) android.display identical 2 lines
03-07 12:23:43.219  1823  2011 D PowerManagerService: setScreenBrightnessOverrideFromWindowManagerInternal brightness=NaN mScreenBrightnessOverrideFromWindowManager=NaN
03-07 12:23:43.223  1823  5200 D ColorInputMethodManagerServiceEx: onHandleImeWindowVisibleStatus handledVis: 0, switcher visible: 0, switcher active: 0, needsToShowImeSwitcher: false
03-07 12:23:43.227  3294  3615 E Parcel  : Reading a NULL string not supported here.
03-07 12:23:43.227  4239  4239 I GoogleInputMethodService: GoogleInputMethodService.onFinishInput():2113 
03-07 12:23:43.229  4239  4239 I Module  : DeviceLockedStatusModuleProvider$Module.updateDeviceLockedStatus():103 repeatCheckTimes = 0, locked = false
03-07 12:23:43.230  4239  4239 I GoogleInputMethodService: GoogleInputMethodService.onStartInput():1384 onStartInput(EditorInfo{EditorInfo{packageName=com.oppo.launcher, inputType=0, inputTypeString=NULL, enableLearning=false, autoCorrection=false, autoComplete=false, imeOptions=0, privateImeOptions=null, actionName=UNSPECIFIED, actionLabel=null, initialSelStart=-1, initialSelEnd=-1, initialCapsMode=0, label=null, fieldId=-1, fieldName=null, extras=null, hintText=null, hintLocales=[]}}, false)
03-07 12:23:43.230  4239  4239 I AndroidIME: LatinIMEBase.updateInputViewCoverNavigation():314 Update input view padding, extendsTouchBelowSpace=false, bottom inset=149
03-07 12:23:43.230  3294  3615 E Parcel  : Reading a NULL string not supported here.
03-07 12:23:43.231  1823  2011 D PowerManagerService: setScreenBrightnessOverrideFromWindowManagerInternal brightness=NaN mScreenBrightnessOverrideFromWindowManager=NaN
03-07 12:23:43.231  4239  4239 I Module  : DeviceLockedStatusModuleProvider$Module.updateDeviceLockedStatus():103 repeatCheckTimes = 1, locked = false
03-07 12:23:43.233  1823  2537 W ActivityManager: Unable to start service Intent { cmp=com.google.android.googlequicksearchbox/com.google.android.apps.gsa.tasks.BackgroundTasksJobService (has extras) } U=0: not found
03-07 12:23:43.233  1823  2537 D JobScheduler: Error executing JobStatus{8f2d1c1 #u0a70/-362 com.google.android.googlequicksearchbox/com.google.android.apps.gsa.tasks.BackgroundTasksJobService u=0 s=10070 TIME=-3d7h46m48s180ms:-3d7h46m48s180ms PERIODIC PERSISTED READY}
03-07 12:23:43.235  1823  3199 D OppoDisplayPolicy: com.android.systemui, change system app cutoutMode: color always
03-07 12:23:43.235  3294  3615 E Parcel  : Reading a NULL string not supported here.
03-07 12:23:43.236  1823  3196 D ColorInputMethodManagerServiceEx: onHandleImeWindowVisibleStatus handledVis: 0, switcher visible: 0, switcher active: 0, needsToShowImeSwitcher: false
03-07 12:23:43.239  1823  2011 D PowerManagerService: setScreenBrightnessOverrideFromWindowManagerInternal brightness=NaN mScreenBrightnessOverrideFromWindowManager=NaN
03-07 12:23:43.244  1823  2537 W ActivityManager: Unable to start service Intent { cmp=com.google.android.googlequicksearchbox/com.google.android.apps.gsa.tasks.BackgroundTasksJobService (has extras) } U=0: not found
03-07 12:23:43.244  1823  2537 D JobScheduler: Error executing JobStatus{8bedc16 #u0a70/-148 com.google.android.googlequicksearchbox/com.google.android.apps.gsa.tasks.BackgroundTasksJobService u=0 s=10070 TIME=-3d7h46m48s189ms:-3d7h46m48s189ms NET PERIODIC PERSISTED READY}
03-07 12:23:43.245  1823  2537 W ActivityManager: Unable to start service Intent { cmp=com.google.android.googlequicksearchbox/com.google.android.apps.gsa.tasks.BackgroundTasksJobService (has extras) } U=0: not found
03-07 12:23:43.245  1823  2537 D JobScheduler: Error executing JobStatus{7b956ec #u0a70/-324 com.google.android.googlequicksearchbox/com.google.android.apps.gsa.tasks.BackgroundTasksJobService u=0 s=10070 TIME=-3d7h46m48s190ms:-3d7h46m48s190ms CHARGING PERIODIC PERSISTED READY}
03-07 12:23:43.241  3294  3615 I chatty  : uid=10049(com.oppo.launcher) launcher-loader identical 1 line
03-07 12:23:43.243  3294  3615 E Parcel  : Reading a NULL string not supported here.
03-07 12:23:43.248  4401  4441 E oiface  : Average freq 2235794 for 2s.
03-07 12:23:43.248  4401  4441 E oiface  : Average freq 1700662 for 2s.
03-07 12:23:43.237  1823  1823 W Binder:1823_13: type=1400 audit(0.0:213333): avc: denied { open } for path="/sys/devices/platform/soc/5000000.qcom,kgsl-3d0/kgsl/kgsl-3d0/freq_table_mhz" dev="sysfs" ino=46177 scontext=u:r:system_server:s0 tcontext=u:object_r:sysfs_kgsl:s0 tclass=file permissive=0
03-07 12:23:43.250  1823  5063 E ORMS_Platform : OplusResourceManagerPlatformUtils: readFile function exception:/sys/devices/platform/soc/5000000.qcom,kgsl-3d0/kgsl/kgsl-3d0/freq_table_mhz: open failed: EACCES (Permission denied)
03-07 12:23:43.250  4401  4441 E oiface  : get gpu freq table failed
03-07 12:23:43.250  1823  3199 D OppoDisplayPolicy: com.android.systemui, change system app cutoutMode: color always
03-07 12:23:43.251  1823  2537 W ActivityManager: Unable to start service Intent { cmp=com.google.android.googlequicksearchbox/com.google.android.apps.gsa.tasks.BackgroundTasksJobService (has extras) } U=0: not found
03-07 12:23:43.251  1823  2537 D JobScheduler: Error executing JobStatus{6c4a3a2 #u0a70/-128 com.google.android.googlequicksearchbox/com.google.android.apps.gsa.tasks.BackgroundTasksJobService u=0 s=10070 TIME=-3d7h46m48s195ms:-3d7h46m48s195ms NET PERIODIC PERSISTED READY}
03-07 12:23:43.251  3294  3615 E Parcel  : Reading a NULL string not supported here.
03-07 12:23:43.252  1823  2537 W ActivityManager: Unable to start service Intent { cmp=com.google.android.googlequicksearchbox/com.google.android.apps.gsa.tasks.BackgroundTasksJobService (has extras) } U=0: not found
03-07 12:23:43.252  1823  2537 D JobScheduler: Error executing JobStatus{653eb6d #u0a70/-406 com.google.android.googlequicksearchbox/com.google.android.apps.gsa.tasks.BackgroundTasksJobService u=0 s=10070 TIME=-3d7h46m48s196ms:-3d7h46m48s196ms NET PERIODIC PERSISTED READY}
03-07 12:23:43.254  4401  4441 E oiface  : client  not found, skipped
03-07 12:23:43.254  1823  2537 W ActivityManager: Unable to start service Intent { cmp=com.google.android.googlequicksearchbox/com.google.android.apps.gsa.tasks.BackgroundTasksJobService (has extras) } U=0: not found
03-07 12:23:43.254  4401  4441 D oiface  : forground package is com.oppo.launcher
03-07 12:23:43.254  1823  2537 D JobScheduler: Error executing JobStatus{3ed959f #u0a70/-480 com.google.android.googlequicksearchbox/com.google.android.apps.gsa.tasks.BackgroundTasksJobService u=0 s=10070 TIME=-3d7h46m48s199ms:-3d7h46m48s199ms NET PERIODIC PERSISTED READY}
03-07 12:23:43.255  1823  2537 W ActivityManager: Unable to start service Intent { cmp=com.google.android.googlequicksearchbox/com.google.android.apps.gsa.tasks.BackgroundTasksJobService (has extras) } U=0: not found
03-07 12:23:43.255  3294  3615 E Parcel  : Reading a NULL string not supported here.
03-07 12:23:43.255  1823  2537 D JobScheduler: Error executing JobStatus{1c8a2af #u0a70/-486 com.google.android.googlequicksearchbox/com.google.android.apps.gsa.tasks.BackgroundTasksJobService u=0 s=10070 TIME=-3d7h46m48s203ms:-3d7h46m48s203ms NET PERIODIC PERSISTED READY}
03-07 12:23:43.257  1823  2537 W ActivityManager: Unable to start service Intent { cmp=com.google.android.googlequicksearchbox/com.google.android.apps.gsa.tasks.BackgroundTasksJobService (has extras) } U=0: not found
03-07 12:23:43.257  1823  2537 D JobScheduler: Error executing JobStatus{1c21645 #u0a70/-352 com.google.android.googlequicksearchbox/com.google.android.apps.gsa.tasks.BackgroundTasksJobService u=0 s=10070 TIME=-3d7h46m48s203ms:-3d7h46m48s203ms NET PERIODIC PERSISTED READY}
03-07 12:23:43.257  1823  2011 D PowerManagerService: setScreenBrightnessOverrideFromWindowManagerInternal brightness=NaN mScreenBrightnessOverrideFromWindowManager=NaN
03-07 12:23:43.258  1823  2537 W ActivityManager: Unable to start service Intent { cmp=com.google.android.googlequicksearchbox/com.google.android.apps.gsa.tasks.BackgroundTasksJobService (has extras) } U=0: not found
03-07 12:23:43.259  1823  2537 D JobScheduler: Error executing JobStatus{cab19a #u0a70/-370 com.google.android.googlequicksearchbox/com.google.android.apps.gsa.tasks.BackgroundTasksJobService u=0 s=10070 TIME=-3d7h46m48s205ms:-3d7h46m48s205ms NET CHARGING PERIODIC PERSISTED READY}
03-07 12:23:43.260  1823  2537 W ActivityManager: Unable to start service Intent { cmp=com.google.android.googlequicksearchbox/com.google.android.apps.gsa.tasks.BackgroundTasksJobService (has extras) } U=0: not found
03-07 12:23:43.260  1823  2537 D JobScheduler: Error executing JobStatus{6d7a8e #u0a70/-256 com.google.android.googlequicksearchbox/com.google.android.apps.gsa.tasks.BackgroundTasksJobService u=0 s=10070 TIME=-3d7h46m48s207ms:-3d7h46m48s207ms NET CHARGING PERIODIC PERSISTED READY}
03-07 12:23:43.262  1823  2537 W ActivityManager: Unable to start service Intent { cmp=com.coloros.deepthinker/com.coloros.proton.learn.schedule.TrainJobService (has extras) } U=0: not found
03-07 12:23:43.262  1823  2537 D JobScheduler: Error executing JobStatus{e63504a #1000/648162385 com.coloros.deepthinker/com.coloros.proton.learn.schedule.TrainJobService u=0 s=1000 TIME=-3d7h46m48s179ms:-3d7h46m48s179ms PERSISTED READY}
03-07 12:23:43.263  1823  2537 W ActivityManager: Unable to start service Intent { cmp=com.coloros.phonemanager/.safejob.SafeCenterJobService (has extras) } U=0: not found
03-07 12:23:43.263  1823  2537 D JobScheduler: Error executing JobStatus{981795f #1000/2009201 com.coloros.phonemanager/.safejob.SafeCenterJobService u=0 s=10563 TIME=-3d7h46m48s203ms:-3d7h46m48s203ms PERIODIC PERSISTED READY}
03-07 12:23:43.267  3294  3615 I chatty  : uid=10049(com.oppo.launcher) launcher-loader identical 3 lines
03-07 12:23:43.269  3294  3615 E Parcel  : Reading a NULL string not supported here.
03-07 12:23:43.267  1823  1823 W Binder:1823_8: type=1400 audit(0.0:213334): avc: denied { open } for path="/sys/devices/platform/soc/5000000.qcom,kgsl-3d0/kgsl/kgsl-3d0/freq_table_mhz" dev="sysfs" ino=46177 scontext=u:r:system_server:s0 tcontext=u:object_r:sysfs_kgsl:s0 tclass=file permissive=0
03-07 12:23:43.272  1823  3196 E ORMS_Platform : OplusResourceManagerPlatformUtils: readFile function exception:/sys/devices/platform/soc/5000000.qcom,kgsl-3d0/kgsl/kgsl-3d0/freq_table_mhz: open failed: EACCES (Permission denied)
03-07 12:23:43.272  4401  4441 E oiface  : get gpu freq table failed
03-07 12:23:43.273  3294  3615 E Parcel  : Reading a NULL string not supported here.
03-07 12:23:43.417  1823  2012 V ColorZoomWindowManagerService: onAnimationFinished:  r = ActivityRecord{d5fbe0b u0 com.oppo.launcher/.Launcher t2}
03-07 12:23:43.417  1823  2012 I ColorAppSwitchManagerService:  handleAppVisible , r = ActivityRecord{d5fbe0b u0 com.oppo.launcher/.Launcher t2}
03-07 12:23:43.418  1823  2012 I OplusMirageDisplayManagerService: onAnimationFinished:
03-07 12:23:43.411  3294  3615 I chatty  : uid=10049(com.oppo.launcher) launcher-loader identical 29 lines
03-07 12:23:43.414  3294  3615 E Parcel  : Reading a NULL string not supported here.
03-07 12:23:43.418  1823  3138 I ColorHansManager : unfreeze uid: 10100 package: com.nearme.gamecenter reason: F-direct scene: FastFreezerScene
03-07 12:23:43.419  3294  3615 E Parcel  : Reading a NULL string not supported here.
03-07 12:23:43.421  1823  3138 I ColorHansManager : unfreeze uid: 10167 package: com.instagram.android reason: F-direct scene: FastFreezerScene
03-07 12:23:43.422  3294  3615 E Parcel  : Reading a NULL string not supported here.
03-07 12:23:43.423  1823  3138 I ColorHansManager : unfreeze uid: 10307 package: com.truecaller reason: F-direct scene: FastFreezerScene
03-07 12:23:43.425  3294  3615 E Parcel  : Reading a NULL string not supported here.
03-07 12:23:43.425  1823  3138 I ColorHansManager : unfreeze uid: 10455 package: com.facebook.katana reason: F-direct scene: FastFreezerScene
03-07 12:23:43.426  1823  3138 I ColorHansManager : unfreeze uid: 10757 package: com.kajokangin.indosaham reason: F-direct scene: FastFreezerScene
03-07 12:23:43.428  1823  3138 I ColorHansManager : unfreeze uid: 10613 package: com.alibaba.intl.android.apps.poseidon reason: F-direct scene: FastFreezerScene
03-07 12:23:43.428  1823  2011 D PowerManagerService: setScreenBrightnessOverrideFromWindowManagerInternal brightness=NaN mScreenBrightnessOverrideFromWindowManager=NaN
03-07 12:23:43.429  1823  3138 I ColorHansManager : unfreeze uid: 10296 package: com.instagram.barcelona reason: F-direct scene: FastFreezerScene
03-07 12:23:43.430  1823  3138 I ColorHansManager : unfreeze uid: 10282 package: com.tokopedia.sellerapp reason: F-direct scene: FastFreezerScene
03-07 12:23:43.430  3294  3615 E Parcel  : Reading a NULL string not supported here.
03-07 12:23:43.432  1150  1150 D OppoExLayer: ~Layer() sequence=14818, name=Surface(name=Task=2)/@0x825ae65 - animation-leash#0@0x74730d1000
03-07 12:23:43.433  1823  3138 I ColorHansManager : unfreeze uid: 10203 package: com.tokopedia.tkpd reason: F-direct scene: FastFreezerScene
03-07 12:23:43.436  1823  3138 I ColorHansManager : unfreeze uid: 10171 package: com.ss.android.ugc.trill reason: F-direct scene: FastFreezerScene
03-07 12:23:43.438  1823  3138 I ColorHansManager : unfreeze uid: 10152 package: com.lazada.android reason: F-direct scene: FastFreezerScene
03-07 12:23:43.439  1823  3138 I ColorHansManager : exit fastfreezer, reason:F-direct
03-07 12:23:43.440  3294  3615 E Parcel  : Reading a NULL string not supported here.
03-07 12:23:43.429  1823  2011 I chatty  : uid=1000(system) android.display identical 1 line
03-07 12:23:43.438  1823  2011 D PowerManagerService: setScreenBrightnessOverrideFromWindowManagerInternal brightness=NaN mScreenBrightnessOverrideFromWindowManager=NaN
03-07 12:23:43.440  1823  3138 D OppoBasePowerManagerService: do restore jobs
03-07 12:23:43.441  1823  3144 I ColorHansManager : stateRToFFreeze--imporant case: pkgName: com.kajokangin.indosaham, reason: lastResumeProtect
03-07 12:23:43.442  1823  3144 I ColorHansManager : stateRToFFreeze--imporant case: pkgName: com.lazada.android, reason: lastResumeProtect
03-07 12:23:43.442  1823  3144 I ColorHansManager : stateRToFFreeze--imporant case: pkgName: com.tokopedia.sellerapp, reason: lastResumeProtect
03-07 12:23:43.443  1823  3144 I ColorHansManager : stateRToFFreeze--imporant case: pkgName: com.instagram.barcelona, reason: lastResumeProtect
03-07 12:23:43.443  1823  3144 I ColorHansManager : stateRToFFreeze--imporant case: pkgName: com.ss.android.ugc.trill, reason: lastResumeProtect
03-07 12:23:43.444  3294  3615 E Parcel  : Reading a NULL string not supported here.
03-07 12:23:43.444  1823  3144 I ColorHansManager : stateRToFFreeze--imporant case: pkgName: com.tokopedia.tkpd, reason: lastResumeProtect
03-07 12:23:43.444  1823  3144 I ColorHansManager : stateRToFFreeze--imporant case: pkgName: com.alibaba.intl.android.apps.poseidon, reason: lastResumeProtect
03-07 12:23:43.446  3294  3615 E Parcel  : Reading a NULL string not supported here.
03-07 12:23:43.524  1134  1616 D AudioPolicyService: updateUidStates_l() allowCapture=true because of on TOP AND uses VOICE_RECOGNITION OR uses HOTWORD
03-07 12:23:43.524  1134  1616 D AudioPolicyService: updateUidStates_l() current->uid=10070 current->pid=17223 allowCapture=1 UidState=5 apmStat=1
03-07 12:23:43.529  1134  1616 D AudioPolicyService: updateUidStates_l() allowCapture=true because of on TOP AND uses VOICE_RECOGNITION OR uses HOTWORD
03-07 12:23:43.529  1134  1616 D AudioPolicyService: updateUidStates_l() current->uid=10070 current->pid=17223 allowCapture=1 UidState=5 apmStat=1
03-07 12:23:43.719 19906 20131 D HoraeHelper: getAllShellTemps tSize : 4
03-07 12:23:44.202  1134  1616 D AudioPolicyService: updateUidStates_l() allowCapture=true because of on TOP AND uses VOICE_RECOGNITION OR uses HOTWORD
03-07 12:23:44.202  1134  1616 D AudioPolicyService: updateUidStates_l() current->uid=10070 current->pid=17223 allowCapture=1 UidState=5 apmStat=1
03-07 12:23:44.954 17223 17346 I ebij    : (REDACTED) #onAudioData: %s bytes, getAudioReadSize %s
03-07 12:23:44.998  1823  3144 I ColorHansManager : stateRToFFreeze--imporant case: pkgName: com.tokopedia.sellerapp, reason: lastResumeProtect
03-07 12:23:45.112  5299  5899 I Athena  : MemoryGuardAction: triggerMemory:2000MB, availMemory:2453MB
03-07 12:23:45.131  3294  3788 D Launcher.: panicValue = false
03-07 12:23:45.135  1823  1834 I system_server: Background young concurrent copying GC freed 292168(15MB) AllocSpace objects, 281(9172KB) LOS objects, 14% free, 97MB/113MB, paused 620us total 141.740ms
03-07 12:23:45.140  1823  1836 W System  : A resource failed to call release. 
03-07 12:23:45.140  1823  1836 I chatty  : uid=1000(system) FinalizerDaemon identical 4 lines
03-07 12:23:45.141  1823  1836 W System  : A resource failed to call release. 
03-07 12:23:45.142  1150  1150 D OppoExLayer: ~Layer() sequence=14807, name=Surface(name=501053e StatusBar)/@0xbaa88ec - animation-leash#1@0x7453b44000
03-07 12:23:45.142  1150  1150 D OppoExLayer: ~Layer() sequence=14808, name=Surface(name=1412601 NavigationBar0)/@0x71346e7 - animation-leash#0@0x7453b5f000
03-07 12:23:45.142  1150  1150 D OppoExLayer: ~Layer() sequence=14813, name=Surface(name=2213480 InputMethod)/@0x60f9efe - animation-leash#1@0x7456ebb000
03-07 12:23:45.394  1823  1834 I system_server: Background young concurrent copying GC freed 109820(17MB) AllocSpace objects, 0(0B) LOS objects, 15% free, 96MB/113MB, paused 270us total 108.207ms
03-07 12:23:45.593  1150  1150 D OppoExSurfaceFlinger: RESOLUTIONSWITCH get resolution (1080, 2340) for config 0 !
03-07 12:23:43.440  1823  3138 I chatty  : uid=1000(system) HansManagerHand identical 2 lines
03-07 12:23:43.440  1823  3138 D OppoBasePowerManagerService: do restore jobs
03-07 12:23:45.808  1823  3199 D ConnectivityService: requestNetwork for uid/pid:10282/28810 NetworkRequest [ TRACK_DEFAULT id=18738, [ Capabilities: INTERNET&NOT_RESTRICTED&TRUSTED Uid: 10282 AdministratorUids: [] RequestorUid: 10282 RequestorPackageName: com.tokopedia.sellerapp] ]
03-07 12:23:45.809  1823  2512 D ConnectivityService: NetReassign [18738 : null �? 167]
03-07 12:23:45.593  1150  1150 I chatty  : uid=1000(system) /system/bin/surfaceflinger identical 1 line
03-07 12:23:45.593  1150  1150 D OppoExSurfaceFlinger: RESOLUTIONSWITCH get resolution (1080, 2340) for config 0 !
03-07 12:23:45.810  1823  2474 D UntrustedWifiNetworkFactory: got request NetworkRequest [ TRACK_DEFAULT id=18738, [ Capabilities: INTERNET&NOT_RESTRICTED&TRUSTED Uid: 10282 AdministratorUids: [] RequestorUid: 10282 RequestorPackageName: com.tokopedia.sellerapp] ] with score 79 and providerId 6
03-07 12:23:45.810  1823  2474 D WifiNetworkFactory: got request NetworkRequest [ TRACK_DEFAULT id=18738, [ Capabilities: INTERNET&NOT_RESTRICTED&TRUSTED Uid: 10282 AdministratorUids: [] RequestorUid: 10282 RequestorPackageName: com.tokopedia.sellerapp] ] with score 79 and providerId 6
03-07 12:23:45.810  1823  2502 D OplusWifiNetworkFactory2: got request NetworkRequest [ TRACK_DEFAULT id=18738, [ Capabilities: INTERNET&NOT_RESTRICTED&TRUSTED Uid: 10282 AdministratorUids: [] RequestorUid: 10282 RequestorPackageName: com.tokopedia.sellerapp] ] with score 79 and providerId 6
03-07 12:23:45.810  1823  2604 D Ethernet: got request NetworkRequest [ TRACK_DEFAULT id=18738, [ Capabilities: INTERNET&NOT_RESTRICTED&TRUSTED Uid: 10282 AdministratorUids: [] RequestorUid: 10282 RequestorPackageName: com.tokopedia.sellerapp] ] with score 79 and providerId 6
03-07 12:23:45.811  3273  3273 D PhoneSwitcherNetworkRequstListener: got request NetworkRequest [ TRACK_DEFAULT id=18738, [ Capabilities: INTERNET&NOT_RESTRICTED&TRUSTED Uid: 10282 AdministratorUids: [] RequestorUid: 10282 RequestorPackageName: com.tokopedia.sellerapp] ] with score 79 and providerId 6
03-07 12:23:45.826  1823  1823 V AlarmManager: set(null) : type=3 when=287234764whenElapsed287234764maxWhen =287234764 win=0 interval=0 flags=0x0 pkg = android
03-07 12:23:45.936  1823  2537 W ActivityManager: Unable to start service Intent { cmp=com.nearme.gamecenter/com.heytap.cdo.client.util.BatteryJobService (has extras) } U=0: not found
03-07 12:23:45.936  1823  2537 D JobScheduler: Error executing JobStatus{dc4f3b7 #u0a100/1 com.nearme.gamecenter/com.heytap.cdo.client.util.BatteryJobService u=0 s=10100 TIME=-3d7h46m50s886ms:-3d7h46m50s886ms CHARGING PERIODIC PERSISTED READY}
03-07 12:23:45.937  1823  2537 W ActivityManager: Unable to start service Intent { cmp=com.google.android.googlequicksearchbox/com.google.android.apps.gsa.tasks.BackgroundTasksJobService (has extras) } U=0: not found
03-07 12:23:45.937  1823  2537 D JobScheduler: Error executing JobStatus{f86bacb #u0a70/-358 com.google.android.googlequicksearchbox/com.google.android.apps.gsa.tasks.BackgroundTasksJobService u=0 s=10070 TIME=-3d7h46m50s883ms:-3d7h46m50s883ms NET CHARGING PERIODIC PERSISTED READY}
03-07 12:23:45.937  1823  2537 W ActivityManager: Unable to start service Intent { cmp=com.google.android.googlequicksearchbox/com.google.android.apps.gsa.tasks.BackgroundTasksJobService (has extras) } U=0: not found
03-07 12:23:45.937  1823  2537 D JobScheduler: Error executing JobStatus{f569997 #u0a70/-350 com.google.android.googlequicksearchbox/com.google.android.apps.gsa.tasks.BackgroundTasksJobService u=0 s=10070 TIME=-3d7h46m50s883ms:-3d7h46m50s883ms PERIODIC PERSISTED READY}
03-07 12:23:45.938  1823  2537 W ActivityManager: Unable to start service Intent { cmp=com.google.android.googlequicksearchbox/com.google.android.apps.gsa.tasks.BackgroundTasksJobService (has extras) } U=0: not found
03-07 12:23:45.938  1823  2537 D JobScheduler: Error executing JobStatus{d19c8fd #u0a70/-446 com.google.android.googlequicksearchbox/com.google.android.apps.gsa.tasks.BackgroundTasksJobService u=0 s=10070 TIME=-3d7h46m50s883ms:-3d7h46m50s883ms NET PERIODIC PERSISTED READY}
03-07 12:23:45.938  1823  2537 W ActivityManager: Unable to start service Intent { cmp=com.google.android.googlequicksearchbox/com.google.android.apps.gsa.tasks.BackgroundTasksJobService (has extras) } U=0: not found
03-07 12:23:45.938  1823  2537 D JobScheduler: Error executing JobStatus{c759784 #u0a70/-462 com.google.android.googlequicksearchbox/com.google.android.apps.gsa.tasks.BackgroundTasksJobService u=0 s=10070 TIME=-3d7h46m50s883ms:-3d7h46m50s883ms PERIODIC PERSISTED READY}
03-07 12:23:45.939  1823  2537 W ActivityManager: Unable to start service Intent { cmp=com.google.android.googlequicksearchbox/com.google.android.apps.gsa.tasks.BackgroundTasksJobService (has extras) } U=0: not found
03-07 12:23:45.939  1823  2537 D JobScheduler: Error executing JobStatus{bc75a89 #u0a70/-484 com.google.android.googlequicksearchbox/com.google.android.apps.gsa.tasks.BackgroundTasksJobService u=0 s=10070 TIME=-3d7h46m50s886ms:-3d7h46m50s886ms NET CHARGING PERIODIC PERSISTED READY}
03-07 12:23:46.026  1823  2512 D ConnectivityService: releasing NetworkRequest [ TRACK_DEFAULT id=18738, [ Capabilities: INTERNET&NOT_RESTRICTED&TRUSTED Uid: 10282 AdministratorUids: [] RequestorUid: 10282 RequestorPackageName: com.tokopedia.sellerapp] ] (release request)
03-07 12:23:46.098  1823  3152 I ColorResourcePreloadManager: getAiSlotMax, defaultAiSlotMax = 3
03-07 12:23:46.177 15420 15420 W kworker/0:4: type=1400 audit(0.0:213335): avc: denied { write } for name="oplus_charge" dev="sda14" ino=2359300 scontext=u:r:kernel:s0 tcontext=u:object_r:system_data_file:s0 tclass=dir permissive=0 app=com.jurnalsaham.jurnalsahamihsg
03-07 12:23:46.207  1823  5816 D BatteryLed: getLightInColorState, oppoLightMgr empty!
03-07 12:23:46.394  1823  1823 V AlarmManager: set(null) : type=3 when=287238160whenElapsed287238160maxWhen =287238160 win=0 interval=0 flags=0x0 pkg = android
03-07 12:23:46.502  1823  2537 W ActivityManager: Unable to start service Intent { cmp=com.nearme.gamecenter/com.heytap.cdo.client.util.BatteryJobService (has extras) } U=0: not found
03-07 12:23:46.502  1823  2537 D JobScheduler: Error executing JobStatus{dc4f3b7 #u0a100/1 com.nearme.gamecenter/com.heytap.cdo.client.util.BatteryJobService u=0 s=10100 TIME=-3d7h46m51s452ms:-3d7h46m51s452ms CHARGING PERIODIC PERSISTED READY}
03-07 12:23:46.503  1823  2537 W ActivityManager: Unable to start service Intent { cmp=com.google.android.googlequicksearchbox/com.google.android.apps.gsa.tasks.BackgroundTasksJobService (has extras) } U=0: not found
03-07 12:23:46.503  1823  2537 D JobScheduler: Error executing JobStatus{f86bacb #u0a70/-358 com.google.android.googlequicksearchbox/com.google.android.apps.gsa.tasks.BackgroundTasksJobService u=0 s=10070 TIME=-3d7h46m51s449ms:-3d7h46m51s449ms NET CHARGING PERIODIC PERSISTED READY}
03-07 12:23:46.503  1823  2537 W ActivityManager: Unable to start service Intent { cmp=com.google.android.googlequicksearchbox/com.google.android.apps.gsa.tasks.BackgroundTasksJobService (has extras) } U=0: not found
03-07 12:23:46.503  1823  2537 D JobScheduler: Error executing JobStatus{f569997 #u0a70/-350 com.google.android.googlequicksearchbox/com.google.android.apps.gsa.tasks.BackgroundTasksJobService u=0 s=10070 TIME=-3d7h46m51s448ms:-3d7h46m51s448ms PERIODIC PERSISTED READY}
03-07 12:23:46.504  1823  2537 W ActivityManager: Unable to start service Intent { cmp=com.google.android.googlequicksearchbox/com.google.android.apps.gsa.tasks.BackgroundTasksJobService (has extras) } U=0: not found
03-07 12:23:46.504  1823  2537 D JobScheduler: Error executing JobStatus{d19c8fd #u0a70/-446 com.google.android.googlequicksearchbox/com.google.android.apps.gsa.tasks.BackgroundTasksJobService u=0 s=10070 TIME=-3d7h46m51s449ms:-3d7h46m51s449ms NET PERIODIC PERSISTED READY}
03-07 12:23:46.504  1823  2537 W ActivityManager: Unable to start service Intent { cmp=com.google.android.googlequicksearchbox/com.google.android.apps.gsa.tasks.BackgroundTasksJobService (has extras) } U=0: not found
03-07 12:23:46.504  1823  2537 D JobScheduler: Error executing JobStatus{c759784 #u0a70/-462 com.google.android.googlequicksearchbox/com.google.android.apps.gsa.tasks.BackgroundTasksJobService u=0 s=10070 TIME=-3d7h46m51s448ms:-3d7h46m51s448ms PERIODIC PERSISTED READY}
03-07 12:23:46.504  1823  2537 W ActivityManager: Unable to start service Intent { cmp=com.google.android.googlequicksearchbox/com.google.android.apps.gsa.tasks.BackgroundTasksJobService (has extras) } U=0: not found
03-07 12:23:46.504  1823  2537 D JobScheduler: Error executing JobStatus{bc75a89 #u0a70/-484 com.google.android.googlequicksearchbox/com.google.android.apps.gsa.tasks.BackgroundTasksJobService u=0 s=10070 TIME=-3d7h46m51s452ms:-3d7h46m51s452ms NET CHARGING PERIODIC PERSISTED READY}
03-07 12:23:46.554 28810 28957 D BaseJobBuilder: set process for client: com.tokopedia.sellerapp
03-07 12:23:46.578 28810 28957 D BaseJobBuilder: set process for client: com.tokopedia.sellerapp
03-07 12:23:47.580  3273  3273 E OplusNecManagerHelper: com.oplus.nec.OplusNecManager.notifyOrigSignalStrengthChanged [class android.telephony.SignalStrength, int]
03-07 12:23:47.890  1823  2549 D JobScheduler.Temperature: get temperature=32.4
03-07 12:23:48.317  1823  3144 I ColorHansManager : stateRToFFreeze--imporant case: pkgName: com.kajokangin.indosaham, reason: lastResumeProtect
03-07 12:23:48.318  1823  2014 W OppoBaseWatchdog: !@WatchDog_8074
03-07 12:23:48.319  1823  3144 I ColorHansManager : stateRToFFreeze--imporant case: pkgName: com.lazada.android, reason: lastResumeProtect
03-07 12:23:48.320  1823  3144 I ColorHansManager : stateRToFFreeze--imporant case: pkgName: com.tokopedia.sellerapp, reason: lastResumeProtect
03-07 12:23:48.321  1823  3144 I ColorHansManager : stateRToFFreeze--imporant case: pkgName: com.instagram.barcelona, reason: lastResumeProtect
03-07 12:23:48.323  1823  3144 I ColorHansManager : stateRToFFreeze--imporant case: pkgName: com.ss.android.ugc.trill, reason: lastResumeProtect
03-07 12:23:48.324  1823  3144 I ColorHansManager : stateRToFFreeze--imporant case: pkgName: com.tokopedia.tkpd, reason: lastResumeProtect
03-07 12:23:48.325  1823  3144 I ColorHansManager : stateRToFFreeze--imporant case: pkgName: com.alibaba.intl.android.apps.poseidon, reason: lastResumeProtect
03-07 12:23:48.337 11175 11738 D ThreadBooster: [Scene Stop] After reset priority, droid.ugc.trill priority is -20
03-07 12:23:48.337 11175 11738 D ThreadBooster: [Scene Start] After adjust priority,  droid.ugc.trill priority is -20, tid: 11175
03-07 12:23:48.477 19906 20118 D HoraeHelper: getAllShellTemps tSize : 4
03-07 12:23:48.478 19906 20118 D HoraeHelper: Thermal length:1
03-07 12:23:49.783  1823  1823 V AlarmManager: set(null) : type=3 when=287250259whenElapsed287250259maxWhen =287259313 win=9054 interval=0 flags=0x0 pkg = android
03-07 12:23:49.888  1823  2537 W ActivityManager: Unable to start service Intent { cmp=com.nearme.gamecenter/com.heytap.cdo.client.util.BatteryJobService (has extras) } U=0: not found
03-07 12:23:49.888  1823  2537 D JobScheduler: Error executing JobStatus{dc4f3b7 #u0a100/1 com.nearme.gamecenter/com.heytap.cdo.client.util.BatteryJobService u=0 s=10100 TIME=-3d7h46m54s838ms:-3d7h46m54s838ms CHARGING PERIODIC PERSISTED READY}
03-07 12:23:49.888  1823  2537 W ActivityManager: Unable to start service Intent { cmp=com.google.android.googlequicksearchbox/com.google.android.apps.gsa.tasks.BackgroundTasksJobService (has extras) } U=0: not found
03-07 12:23:49.889  1823  2537 D JobScheduler: Error executing JobStatus{f86bacb #u0a70/-358 com.google.android.googlequicksearchbox/com.google.android.apps.gsa.tasks.BackgroundTasksJobService u=0 s=10070 TIME=-3d7h46m54s835ms:-3d7h46m54s835ms NET CHARGING PERIODIC PERSISTED READY}
03-07 12:23:49.889  1823  2537 W ActivityManager: Unable to start service Intent { cmp=com.google.android.googlequicksearchbox/com.google.android.apps.gsa.tasks.BackgroundTasksJobService (has extras) } U=0: not found
03-07 12:23:49.889  1823  2537 D JobScheduler: Error executing JobStatus{f569997 #u0a70/-350 com.google.android.googlequicksearchbox/com.google.android.apps.gsa.tasks.BackgroundTasksJobService u=0 s=10070 TIME=-3d7h46m54s834ms:-3d7h46m54s834ms PERIODIC PERSISTED READY}
03-07 12:23:49.890  1823  2537 W ActivityManager: Unable to start service Intent { cmp=com.google.android.googlequicksearchbox/com.google.android.apps.gsa.tasks.BackgroundTasksJobService (has extras) } U=0: not found
03-07 12:23:49.890  1823  2537 D JobScheduler: Error executing JobStatus{d19c8fd #u0a70/-446 com.google.android.googlequicksearchbox/com.google.android.apps.gsa.tasks.BackgroundTasksJobService u=0 s=10070 TIME=-3d7h46m54s835ms:-3d7h46m54s835ms NET PERIODIC PERSISTED READY}
03-07 12:23:49.890  1823  2537 W ActivityManager: Unable to start service Intent { cmp=com.google.android.googlequicksearchbox/com.google.android.apps.gsa.tasks.BackgroundTasksJobService (has extras) } U=0: not found
03-07 12:23:49.890  1823  2537 D JobScheduler: Error executing JobStatus{c759784 #u0a70/-462 com.google.android.googlequicksearchbox/com.google.android.apps.gsa.tasks.BackgroundTasksJobService u=0 s=10070 TIME=-3d7h46m54s834ms:-3d7h46m54s834ms PERIODIC PERSISTED READY}
03-07 12:23:49.891  1823  2537 W ActivityManager: Unable to start service Intent { cmp=com.google.android.googlequicksearchbox/com.google.android.apps.gsa.tasks.BackgroundTasksJobService (has extras) } U=0: not found
03-07 12:23:49.891  1823  2537 D JobScheduler: Error executing JobStatus{bc75a89 #u0a70/-484 com.google.android.googlequicksearchbox/com.google.android.apps.gsa.tasks.BackgroundTasksJobService u=0 s=10070 TIME=-3d7h46m54s838ms:-3d7h46m54s838ms NET CHARGING PERIODIC PERSISTED READY}
03-07 12:23:50.117 23306 23306 W ThreadPoolForeg: type=1400 audit(0.0:213336): avc: denied { write } for name="traced_producer" dev="tmpfs" ino=28986 scontext=u:r:gmscore_app:s0:c512,c768 tcontext=u:object_r:traced_producer_socket:s0 tclass=sock_file permissive=0 app=com.google.android.gms
