--------- beginning of system
03-07 12:16:46.964  1823  5200 I ActivityTaskManager: START u0 {flg=0x10000000 cmp=com.jurnalsaham.jurnalsahamihsg/org.kivy.android.PythonActivity mCallingUid=2000} from uid 2000 and from pid 31491
--------- beginning of main
03-07 12:16:46.968  1823  5200 V SensorManager: setScreenShotDisableImpl
03-07 12:16:46.968  1823  5200 D SensorService: debug_oplusGeminiProximity setScreenShotDisable in SensorService
03-07 12:16:46.968  1108  1148 E ANDR-PERF-UTIL: Failed to read /sys/class/devfreq/soc:qcom,cpu0-llcc-ddr-lat/min_freq
03-07 12:16:46.969  1108  1148 E ANDR-PERF-OPTSHANDLER: Failed to read /sys/class/devfreq/soc:qcom,cpu0-llcc-ddr-lat/min_freq
03-07 12:16:46.969  1108  1148 E ANDR-PERF-RESOURCEQS: Failed to apply optimization [13, 12]
03-07 12:16:46.969  1108  1148 E ANDR-PERF-UTIL: Failed to read /sys/class/devfreq/soc:qcom,cpu6-llcc-ddr-lat/min_freq
03-07 12:16:46.969  1108  1148 E ANDR-PERF-OPTSHANDLER: Failed to read /sys/class/devfreq/soc:qcom,cpu6-llcc-ddr-lat/min_freq
03-07 12:16:46.969  1108  1148 E ANDR-PERF-RESOURCEQS: Failed to apply optimization [13, 12]
03-07 12:16:46.969  1108  1148 E ANDR-PERF-UTIL: Failed to read /sys/class/devfreq/soc:qcom,cpu0-cpu-llcc-lat/mem_latency/ratio_ceil
03-07 12:16:46.969  1108  1148 E ANDR-PERF-OPTSHANDLER: Failed to read /sys/class/devfreq/soc:qcom,cpu0-cpu-llcc-lat/mem_latency/ratio_ceil
03-07 12:16:46.969  1108  1148 E ANDR-PERF-RESOURCEQS: Failed to apply optimization [13, 8]
03-07 12:16:46.969  1108  1148 E ANDR-PERF-UTIL: Failed to read /sys/class/devfreq/soc:qcom,cpu4-cpu-llcc-lat/mem_latency/ratio_ceil
03-07 12:16:46.969  1108  1148 E ANDR-PERF-OPTSHANDLER: Failed to read /sys/class/devfreq/soc:qcom,cpu4-cpu-llcc-lat/mem_latency/ratio_ceil
03-07 12:16:46.969  1108  1148 E ANDR-PERF-RESOURCEQS: Failed to apply optimization [13, 9]
03-07 12:16:46.970  1108  1148 E ANDR-PERF-UTIL: Failed to read /sys/class/devfreq/soc:qcom,cpu0-llcc-ddr-lat/min_freq
03-07 12:16:46.970  1108  1148 E ANDR-PERF-OPTSHANDLER: Failed to read /sys/class/devfreq/soc:qcom,cpu0-llcc-ddr-lat/min_freq
03-07 12:16:46.970  1108  1148 E ANDR-PERF-RESOURCEQS: Failed to apply optimization [13, 12]
03-07 12:16:46.970  1108  1148 E ANDR-PERF-UTIL: Failed to read /sys/class/devfreq/soc:qcom,cpu6-llcc-ddr-lat/min_freq
03-07 12:16:46.970  1108  1148 E ANDR-PERF-OPTSHANDLER: Failed to read /sys/class/devfreq/soc:qcom,cpu6-llcc-ddr-lat/min_freq
03-07 12:16:46.970  1108  1148 E ANDR-PERF-RESOURCEQS: Failed to apply optimization [13, 12]
03-07 12:16:46.970  1823  5200 E ColorZoomWindowManagerService: onConfigurationChanged rotation not changed - prevRotation: 0
03-07 12:16:46.971  1108  1148 E ANDR-PERF-UTIL: Failed to read /sys/class/devfreq/soc:qcom,cpu0-cpu-llcc-lat/mem_latency/ratio_ceil
03-07 12:16:46.971  1108  1148 E ANDR-PERF-OPTSHANDLER: Failed to read /sys/class/devfreq/soc:qcom,cpu0-cpu-llcc-lat/mem_latency/ratio_ceil
03-07 12:16:46.971  1108  1148 E ANDR-PERF-RESOURCEQS: Failed to apply optimization [13, 8]
03-07 12:16:46.971  1108  1148 E ANDR-PERF-UTIL: Failed to read /sys/class/devfreq/soc:qcom,cpu4-cpu-llcc-lat/mem_latency/ratio_ceil
03-07 12:16:46.971  1108  1148 E ANDR-PERF-OPTSHANDLER: Failed to read /sys/class/devfreq/soc:qcom,cpu4-cpu-llcc-lat/mem_latency/ratio_ceil
03-07 12:16:46.971  1108  1148 E ANDR-PERF-RESOURCEQS: Failed to apply optimization [13, 9]
03-07 12:16:46.973  1823  5200 E ColorZoomWindowManagerService: onConfigurationChanged rotation not changed - prevRotation: 0
03-07 12:16:46.977  1823  5200 D ColorZoomWindowRUSConfigManager: isSupportZoomModeWithPolicyLocked: target = com.jurnalsaham.jurnalsahamihsg/org.kivy.android.PythonActivity
03-07 12:16:46.977  1823  5200 D ColorZoomWindowRUSConfigManager: targetPkg = com.jurnalsaham.jurnalsahamihsg
03-07 12:16:46.977  1823  5200 V ColorZoomWindowManagerService: unSupportZoom: false ,callingPid: 31491 ,sourceStack: null
03-07 12:16:46.978  1823  5200 D ActivityTrigger: ActivityTrigger activityPauseTrigger 
03-07 12:16:46.981  1823  5200 D ActivityTaskManager: setWillCloseOrEnterPip:true ActivityRecord:ActivityRecord{d5fbe0b u0 com.oppo.launcher/.Launcher t2} callers:com.android.server.wm.ActivityStack.resumeTopActivityInnerLocked:1921 com.android.server.wm.ActivityStack.resumeTopActivityUncheckedLocked:1710 com.android.server.wm.RootWindowContainer.resumeFocusedStacksTopActivities:2476 com.android.server.wm.ActivityStarter.startActivityInner:2288 com.android.server.wm.ActivityStarter.startActivityUnchecked:1997 
03-07 12:16:46.985 31491 31493 I cmd     : oneway function results will be dropped but finished with status OK and parcel size 4
03-07 12:16:46.987  1823  5200 D ActivityTaskManager: setWillCloseOrEnterPip:false ActivityRecord:ActivityRecord{d5fbe0b u0 com.oppo.launcher/.Launcher t2} callers:com.android.server.wm.ActivityStack.completePauseLocked:1325 com.android.server.wm.ActivityRecord.activityPaused:5483 com.android.server.wm.ActivityTaskManagerService.activityPaused:1998 android.app.IActivityTaskManager$Stub.onTransact:1956 com.android.server.wm.OppoActivityTaskManagerService.onTransact:174 
03-07 12:16:46.989  1823  5200 V SensorManager: setScreenShotDisableImpl
03-07 12:16:46.989  1823  5200 D SensorService: debug_oplusGeminiProximity setScreenShotDisable in SensorService
03-07 12:16:46.989  1823  5200 I ColorHansManager : ColorHansManager : resume pkg: com.jurnalsaham.jurnalsahamihsg, uid:10773, prev pkg: com.oppo.launcher, prev uid: 10049
03-07 12:16:46.989  1823  3138 I ColorHansManager : enter fastfreezer
03-07 12:16:46.989  1823  5200 V SensorManager: setScreenShotDisableImpl
03-07 12:16:46.989  1823  5200 D SensorService: debug_oplusGeminiProximity setScreenShotDisable in SensorService
03-07 12:16:46.991  1823  5200 V SensorManager: setScreenShotDisableImpl
03-07 12:16:46.991  1823  5200 D SensorService: debug_oplusGeminiProximity setScreenShotDisable in SensorService
03-07 12:16:46.991  1823  3138 I ColorHansManager : freeze uid: 10006 package: com.wakeup.howear reason: fastfreezer|10773 scene: FastFreezerScene
03-07 12:16:46.994  1108  1148 E ANDR-PERF-UTIL: Failed to read /sys/class/devfreq/soc:qcom,cpu0-llcc-ddr-lat/min_freq
03-07 12:16:46.994  1108  1148 E ANDR-PERF-OPTSHANDLER: Failed to read /sys/class/devfreq/soc:qcom,cpu0-llcc-ddr-lat/min_freq
03-07 12:16:46.994  1108  1148 E ANDR-PERF-RESOURCEQS: Failed to apply optimization [13, 12]
03-07 12:16:46.994  1108  1148 E ANDR-PERF-UTIL: Failed to read /sys/class/devfreq/soc:qcom,cpu6-llcc-ddr-lat/min_freq
03-07 12:16:46.994  1108  1148 E ANDR-PERF-OPTSHANDLER: Failed to read /sys/class/devfreq/soc:qcom,cpu6-llcc-ddr-lat/min_freq
03-07 12:16:46.994  1108  1148 E ANDR-PERF-RESOURCEQS: Failed to apply optimization [13, 12]
03-07 12:16:46.995  1108  1148 E ANDR-PERF-UTIL: Failed to read /sys/class/devfreq/soc:qcom,cpu0-cpu-llcc-lat/mem_latency/ratio_ceil
03-07 12:16:46.995  1108  1148 E ANDR-PERF-OPTSHANDLER: Failed to read /sys/class/devfreq/soc:qcom,cpu0-cpu-llcc-lat/mem_latency/ratio_ceil
03-07 12:16:46.995  1108  1148 E ANDR-PERF-RESOURCEQS: Failed to apply optimization [13, 8]
03-07 12:16:46.995  1108  1148 E ANDR-PERF-UTIL: Failed to read /sys/class/devfreq/soc:qcom,cpu4-cpu-llcc-lat/mem_latency/ratio_ceil
03-07 12:16:46.995  1108  1148 E ANDR-PERF-OPTSHANDLER: Failed to read /sys/class/devfreq/soc:qcom,cpu4-cpu-llcc-lat/mem_latency/ratio_ceil
03-07 12:16:46.995  1108  1148 E ANDR-PERF-RESOURCEQS: Failed to apply optimization [13, 9]
03-07 12:16:46.995  1108  1148 E ANDR-PERF-UTIL: Failed to read /sys/class/devfreq/soc:qcom,cpu0-llcc-ddr-lat/min_freq
03-07 12:16:46.995  1108  1148 E ANDR-PERF-OPTSHANDLER: Failed to read /sys/class/devfreq/soc:qcom,cpu0-llcc-ddr-lat/min_freq
03-07 12:16:46.995  1108  1148 E ANDR-PERF-RESOURCEQS: Failed to apply optimization [13, 12]
03-07 12:16:46.995  1108  1148 E ANDR-PERF-UTIL: Failed to read /sys/class/devfreq/soc:qcom,cpu6-llcc-ddr-lat/min_freq
03-07 12:16:46.995  1108  1148 E ANDR-PERF-OPTSHANDLER: Failed to read /sys/class/devfreq/soc:qcom,cpu6-llcc-ddr-lat/min_freq
03-07 12:16:46.995  1108  1148 E ANDR-PERF-RESOURCEQS: Failed to apply optimization [13, 12]
03-07 12:16:46.996  1823  2011 D CompatibilityChangeReporter: Compat change id reported: 135634846; UID 10773; state: DISABLED
03-07 12:16:46.996  1108  1148 E ANDR-PERF-UTIL: Failed to read /sys/class/devfreq/soc:qcom,cpu0-cpu-llcc-lat/mem_latency/ratio_ceil
03-07 12:16:46.996  1108  1148 E ANDR-PERF-OPTSHANDLER: Failed to read /sys/class/devfreq/soc:qcom,cpu0-cpu-llcc-lat/mem_latency/ratio_ceil
03-07 12:16:46.996  1108  1148 E ANDR-PERF-RESOURCEQS: Failed to apply optimization [13, 8]
03-07 12:16:46.996  1108  1148 E ANDR-PERF-UTIL: Failed to read /sys/class/devfreq/soc:qcom,cpu4-cpu-llcc-lat/mem_latency/ratio_ceil
03-07 12:16:46.996  1108  1148 E ANDR-PERF-OPTSHANDLER: Failed to read /sys/class/devfreq/soc:qcom,cpu4-cpu-llcc-lat/mem_latency/ratio_ceil
03-07 12:16:46.996  1108  1148 E ANDR-PERF-RESOURCEQS: Failed to apply optimization [13, 9]
03-07 12:16:46.997  1108  1148 E ANDR-PERF-UTIL: Failed to read /sys/class/devfreq/soc:qcom,cpu0-llcc-ddr-lat/min_freq
03-07 12:16:46.997  1108  1148 E ANDR-PERF-OPTSHANDLER: Failed to read /sys/class/devfreq/soc:qcom,cpu0-llcc-ddr-lat/min_freq
03-07 12:16:46.997  1108  1148 E ANDR-PERF-RESOURCEQS: Failed to apply optimization [13, 12]
03-07 12:16:46.997  1108  1148 E ANDR-PERF-UTIL: Failed to read /sys/class/devfreq/soc:qcom,cpu6-llcc-ddr-lat/min_freq
03-07 12:16:46.997  1108  1148 E ANDR-PERF-OPTSHANDLER: Failed to read /sys/class/devfreq/soc:qcom,cpu6-llcc-ddr-lat/min_freq
03-07 12:16:46.997  1108  1148 E ANDR-PERF-RESOURCEQS: Failed to apply optimization [13, 12]
03-07 12:16:46.997  1823  2046 D CompatibilityChangeReporter: Compat change id reported: 143937733; UID 10773; state: ENABLED
03-07 12:16:46.998  1823  2011 D PowerManagerService: setScreenBrightnessOverrideFromWindowManagerInternal brightness=NaN mScreenBrightnessOverrideFromWindowManager=NaN
03-07 12:16:46.998  1108  1148 E ANDR-PERF-UTIL: Failed to read /sys/class/devfreq/soc:qcom,cpu0-cpu-llcc-lat/mem_latency/ratio_ceil
03-07 12:16:46.998  1108  1148 E ANDR-PERF-OPTSHANDLER: Failed to read /sys/class/devfreq/soc:qcom,cpu0-cpu-llcc-lat/mem_latency/ratio_ceil
03-07 12:16:46.998  1108  1148 E ANDR-PERF-RESOURCEQS: Failed to apply optimization [13, 8]
03-07 12:16:46.998  1108  1148 E ANDR-PERF-UTIL: Failed to read /sys/class/devfreq/soc:qcom,cpu4-cpu-llcc-lat/mem_latency/ratio_ceil
03-07 12:16:46.998  1108  1148 E ANDR-PERF-OPTSHANDLER: Failed to read /sys/class/devfreq/soc:qcom,cpu4-cpu-llcc-lat/mem_latency/ratio_ceil
03-07 12:16:46.998  1108  1148 E ANDR-PERF-RESOURCEQS: Failed to apply optimization [13, 9]
03-07 12:16:46.999  1823  3138 I ColorHansManager : freeze uid: 10009 package: org.zwanoo.android.speedtest reason: fastfreezer|10773 scene: FastFreezerScene
03-07 12:16:47.005  1823  3138 I ColorHansManager : freeze uid: 10152 package: com.lazada.android reason: fastfreezer|10773 scene: FastFreezerScene
03-07 12:16:46.998  1823  2011 D PowerManagerService: setScreenBrightnessOverrideFromWindowManagerInternal brightness=NaN mScreenBrightnessOverrideFromWindowManager=NaN
03-07 12:16:47.005  1823  2012 D OppoPhoneWindowManager: RevertColorDrawableInDarkMode packageName = com.jurnalsaham.jurnalsahamihsg; versionCode = 1021100;result = false; time:139688
03-07 12:16:47.011  1823  3138 I ColorHansManager : freeze uid: 10282 package: com.tokopedia.sellerapp reason: fastfreezer|10773 scene: FastFreezerScene
03-07 12:16:47.014   919   919 D Zygote  : Forked child process 31498
03-07 12:16:47.015  1823  2012 D ColorViewRootUtil: initSwipState, isDisplayCompatApp false
03-07 12:16:47.015  1823  2012 D ColorViewRootUtil: mScreenHeight 2340, mScreenWidth 1080
03-07 12:16:47.015  1823  3138 I ColorHansManager : freeze uid: 10030 package: com.shopee.id reason: fastfreezer|10773 scene: FastFreezerScene
03-07 12:16:47.016  1823  2012 D WindowManager: Add to mViews: DecorView@aa12b3d[jurnalsahamihsg],pkg= com.jurnalsaham.jurnalsahamihsg
03-07 12:16:47.016 31498 31498 W Zygote  : Unable to open libbeluga.so: dlopen failed: library "libbeluga.so" not found.
03-07 12:16:47.017  1823  2012 D OppoDisplayPolicy: com.jurnalsaham.jurnalsahamihsg, no change cutoutMode: 0
03-07 12:16:47.018  1823  3138 I ColorHansManager : freeze uid: 10167 package: com.instagram.android reason: fastfreezer|10773 scene: FastFreezerScene
03-07 12:16:47.020  1823  2046 I ActivityManager: Start proc 31498:com.jurnalsaham.jurnalsahamihsg/u0a773 for pre-top-activity {com.jurnalsaham.jurnalsahamihsg/org.kivy.android.PythonActivity}
03-07 12:16:47.021  1823  3138 I ColorHansManager : freeze uid: 10296 package: com.instagram.barcelona reason: fastfreezer|10773 scene: FastFreezerScene
03-07 12:16:47.023  1823  3138 I ColorHansManager : freeze uid: 10171 package: com.ss.android.ugc.trill reason: fastfreezer|10773 scene: FastFreezerScene
03-07 12:16:47.024  1823  3138 I ColorHansManager : freeze uid: 10307 package: com.truecaller reason: fastfreezer|10773 scene: FastFreezerScene
03-07 12:16:47.025 31498 31498 I jurnalsahamihs: Late-enabling -Xcheck:jni
03-07 12:16:47.026  1823  3138 I ColorHansManager : freeze uid: 10179 package: com.apps.MyXL reason: fastfreezer|10773 scene: FastFreezerScene
03-07 12:16:47.027  1823  3138 I ColorHansManager : freeze uid: 10455 package: com.facebook.katana reason: fastfreezer|10773 scene: FastFreezerScene
03-07 12:16:47.031  1823  3138 I ColorHansManager : freeze uid: 10203 package: com.tokopedia.tkpd reason: fastfreezer|10773 scene: FastFreezerScene
03-07 12:16:47.033  1823  5200 I InputDispatcher: Focus left window: Window{6f358e8 u0 com.oppo.launcher/com.oppo.launcher.Launcher} in display 0
03-07 12:16:47.033  1823  2012 D OppoDisplayPolicy: com.jurnalsaham.jurnalsahamihsg, no change cutoutMode: 0
03-07 12:16:47.034  1823  3138 I ColorHansManager : freeze uid: 10100 package: com.nearme.gamecenter reason: fastfreezer|10773 scene: FastFreezerScene
03-07 12:16:47.034  1823  5200 D ColorInputMethodManagerServiceEx: onHandleImeWindowVisibleStatus handledVis: 0, switcher visible: 0, switcher active: 0, needsToShowImeSwitcher: false
03-07 12:16:47.035  1823  3138 I ColorHansManager : freeze uid: 10613 package: com.alibaba.intl.android.apps.poseidon reason: fastfreezer|10773 scene: FastFreezerScene
03-07 12:16:47.036  1823  2008 D OplusAppBwCore: onUidImportance: 10773, 400
03-07 12:16:47.037  1134  2524 D AudioPolicyService: updateUidStates_l() allowCapture=true because of on TOP AND uses VOICE_RECOGNITION OR uses HOTWORD
03-07 12:16:47.037  1134  2524 D AudioPolicyService: updateUidStates_l() current->uid=10070 current->pid=17223 allowCapture=1 UidState=5 apmStat=1
03-07 12:16:47.038  1823  2537 W ActivityManager: Unable to start service Intent { cmp=com.google.android.googlequicksearchbox/com.google.android.apps.gsa.tasks.BackgroundTasksJobService (has extras) } U=0: not found
03-07 12:16:47.038  1823  2537 D JobScheduler: Error executing JobStatus{bbef7f9 #u0a70/-202 com.google.android.googlequicksearchbox/com.google.android.apps.gsa.tasks.BackgroundTasksJobService u=0 s=10070 TIME=-3d7h39m51s983ms:-3d7h39m51s983ms NET CHARGING PERIODIC PERSISTED READY}
03-07 12:16:47.039  1823  2537 W ActivityManager: Unable to start service Intent { cmp=com.google.android.googlequicksearchbox/com.google.android.apps.gsa.tasks.BackgroundTasksJobService (has extras) } U=0: not found
03-07 12:16:47.039  1823  2537 D JobScheduler: Error executing JobStatus{8f2d1c1 #u0a70/-362 com.google.android.googlequicksearchbox/com.google.android.apps.gsa.tasks.BackgroundTasksJobService u=0 s=10070 TIME=-3d7h39m51s986ms:-3d7h39m51s986ms PERIODIC PERSISTED READY}
03-07 12:16:47.040  1823  2012 D WindowManager: WARNING: focused app window can't receive keys, focusedApp:ActivityRecord{d5fbe0b u0 com.oppo.launcher/.Launcher t2} window:Window{6f358e8 u0 com.oppo.launcher/com.oppo.launcher.Launcher}
03-07 12:16:47.040  1823  2012 D WindowManager: isRecentsAnimationConsumingAppInput:false isParentWindowHidden:false mAnimatingExit:false mRelayoutCalled:true
03-07 12:16:47.040  1823  2012 V WindowManager: Changing focus from Window{6f358e8 u0 com.oppo.launcher/com.oppo.launcher.Launcher} to null,diplayid=0
03-07 12:16:47.040  1823  2537 W ActivityManager: Unable to start service Intent { cmp=com.google.android.googlequicksearchbox/com.google.android.apps.gsa.tasks.BackgroundTasksJobService (has extras) } U=0: not found
03-07 12:16:47.041  1823  2537 D JobScheduler: Error executing JobStatus{8bedc16 #u0a70/-148 com.google.android.googlequicksearchbox/com.google.android.apps.gsa.tasks.BackgroundTasksJobService u=0 s=10070 TIME=-3d7h39m51s986ms:-3d7h39m51s986ms NET PERIODIC PERSISTED READY}
03-07 12:16:47.041  1823  2537 W ActivityManager: Unable to start service Intent { cmp=com.google.android.googlequicksearchbox/com.google.android.apps.gsa.tasks.BackgroundTasksJobService (has extras) } U=0: not found
03-07 12:16:47.041  1823  2012 D Theia.NoFocusWindow: FocusWindowErrorScene CheckFreezeScreen
03-07 12:16:47.042  1823  2537 D JobScheduler: Error executing JobStatus{7b956ec #u0a70/-324 com.google.android.googlequicksearchbox/com.google.android.apps.gsa.tasks.BackgroundTasksJobService u=0 s=10070 TIME=-3d7h39m51s987ms:-3d7h39m51s987ms CHARGING PERIODIC PERSISTED READY}
03-07 12:16:47.042  1823  2011 D PowerManagerService: setScreenBrightnessOverrideFromWindowManagerInternal brightness=NaN mScreenBrightnessOverrideFromWindowManager=NaN
03-07 12:16:47.042  1823  2012 V OplusZoomWindowDecorViewHelper: setLastReportedMergedConfiguration mZoomDisplayHeight: 2340 getDecorView.DecorView@aa12b3d[jurnalsahamihsg]
03-07 12:16:47.043  1823  2537 W ActivityManager: Unable to start service Intent { cmp=com.google.android.googlequicksearchbox/com.google.android.apps.gsa.tasks.BackgroundTasksJobService (has extras) } U=0: not found
03-07 12:16:47.043  1823  2537 D JobScheduler: Error executing JobStatus{6c4a3a2 #u0a70/-128 com.google.android.googlequicksearchbox/com.google.android.apps.gsa.tasks.BackgroundTasksJobService u=0 s=10070 TIME=-3d7h39m51s987ms:-3d7h39m51s987ms NET PERIODIC PERSISTED READY}
03-07 12:16:47.044  1823  2537 W ActivityManager: Unable to start service Intent { cmp=com.google.android.googlequicksearchbox/com.google.android.apps.gsa.tasks.BackgroundTasksJobService (has extras) } U=0: not found
03-07 12:16:47.044  1823  2537 D JobScheduler: Error executing JobStatus{653eb6d #u0a70/-406 com.google.android.googlequicksearchbox/com.google.android.apps.gsa.tasks.BackgroundTasksJobService u=0 s=10070 TIME=-3d7h39m51s988ms:-3d7h39m51s988ms NET PERIODIC PERSISTED READY}
03-07 12:16:47.045  1823  2537 W ActivityManager: Unable to start service Intent { cmp=com.google.android.googlequicksearchbox/com.google.android.apps.gsa.tasks.BackgroundTasksJobService (has extras) } U=0: not found
03-07 12:16:47.045  1823  2537 D JobScheduler: Error executing JobStatus{3ed959f #u0a70/-480 com.google.android.googlequicksearchbox/com.google.android.apps.gsa.tasks.BackgroundTasksJobService u=0 s=10070 TIME=-3d7h39m51s990ms:-3d7h39m51s990ms NET PERIODIC PERSISTED READY}
03-07 12:16:47.046  1823  2537 W ActivityManager: Unable to start service Intent { cmp=com.google.android.googlequicksearchbox/com.google.android.apps.gsa.tasks.BackgroundTasksJobService (has extras) } U=0: not found
03-07 12:16:47.046  1823  2537 D JobScheduler: Error executing JobStatus{1c8a2af #u0a70/-486 com.google.android.googlequicksearchbox/com.google.android.apps.gsa.tasks.BackgroundTasksJobService u=0 s=10070 TIME=-3d7h39m51s993ms:-3d7h39m51s993ms NET PERIODIC PERSISTED READY}
03-07 12:16:47.047  1823  2537 W ActivityManager: Unable to start service Intent { cmp=com.google.android.googlequicksearchbox/com.google.android.apps.gsa.tasks.BackgroundTasksJobService (has extras) } U=0: not found
03-07 12:16:47.047  1823  2537 D JobScheduler: Error executing JobStatus{1c21645 #u0a70/-352 com.google.android.googlequicksearchbox/com.google.android.apps.gsa.tasks.BackgroundTasksJobService u=0 s=10070 TIME=-3d7h39m51s993ms:-3d7h39m51s993ms NET PERIODIC PERSISTED READY}
03-07 12:16:47.048  1823  2537 W ActivityManager: Unable to start service Intent { cmp=com.google.android.googlequicksearchbox/com.google.android.apps.gsa.tasks.BackgroundTasksJobService (has extras) } U=0: not found
03-07 12:16:47.049  1823  2537 D JobScheduler: Error executing JobStatus{cab19a #u0a70/-370 com.google.android.googlequicksearchbox/com.google.android.apps.gsa.tasks.BackgroundTasksJobService u=0 s=10070 TIME=-3d7h39m51s995ms:-3d7h39m51s995ms NET CHARGING PERIODIC PERSISTED READY}
03-07 12:16:47.049 31498 31498 I jurnalsahamihs: Unquickening 21 vdex files!
03-07 12:16:47.050  1823  5200 D OppoDisplayPolicy: com.android.systemui, change system app cutoutMode: color always
03-07 12:16:47.050  1823  2537 W ActivityManager: Unable to start service Intent { cmp=com.google.android.googlequicksearchbox/com.google.android.apps.gsa.tasks.BackgroundTasksJobService (has extras) } U=0: not found
03-07 12:16:47.051  1823  2537 D JobScheduler: Error executing JobStatus{6d7a8e #u0a70/-256 com.google.android.googlequicksearchbox/com.google.android.apps.gsa.tasks.BackgroundTasksJobService u=0 s=10070 TIME=-3d7h39m51s998ms:-3d7h39m51s998ms NET CHARGING PERIODIC PERSISTED READY}
03-07 12:16:47.053  1823  2537 W ActivityManager: Unable to start service Intent { cmp=com.coloros.deepthinker/com.coloros.proton.learn.schedule.TrainJobService (has extras) } U=0: not found
03-07 12:16:47.053  1823  2537 D JobScheduler: Error executing JobStatus{e63504a #1000/648162385 com.coloros.deepthinker/com.coloros.proton.learn.schedule.TrainJobService u=0 s=1000 TIME=-3d7h39m51s970ms:-3d7h39m51s970ms PERSISTED READY}
03-07 12:16:47.054  1150  1407 D DispPerfService: onframeavailable pid=1823, slot=0, seq=14751, name=system_server:Splash Screen com.jurnalsaham.jurnalsahamihsg#0
03-07 12:16:47.054  1823  2011 D PowerManagerService: setScreenBrightnessOverrideFromWindowManagerInternal brightness=NaN mScreenBrightnessOverrideFromWindowManager=NaN
03-07 12:16:47.057 31498 31498 E jurnalsahamihs: Unknown bits set in runtime_flags: 0x40000000
03-07 12:16:47.070 15572 15578 I adbd    : jdwp connection from 31498
03-07 12:16:47.075 31498 31498 E RefClass: java.lang.reflect.InvocationTargetException
03-07 12:16:47.075 31498 31498 I OneTrace: Mark active for pid=31498? true
03-07 12:16:47.059  1823  2011 D PowerManagerService: setScreenBrightnessOverrideFromWindowManagerInternal brightness=NaN mScreenBrightnessOverrideFromWindowManager=NaN
03-07 12:16:47.086  1823  5200 I ColorAppSwitchManagerService: appswitch hasProcess ActivityRecord{c938218 u0 com.jurnalsaham.jurnalsahamihsg/org.kivy.android.PythonActivity t33108}
03-07 12:16:47.086  1823  5200 I InputDispatcher: setFocusedApplication displayId=0 ActivityRecord{c938218 u0 com.jurnalsaham.jurnalsahamihsg/org.kivy.android.PythonActivity t33108}
03-07 12:16:47.088  1823  3461 V DCSEX-AppSwitchManager: OnAppSwitchObserver: onAppExit , info = OplusAppExitInfo = {  targetName = com.oppo.launcher hasResumingActivity = true resumingPackageName = com.jurnalsaham.jurnalsahamihsg resumingActivityName = org.kivy.android.PythonActivity resumingWindowMode = 1 isResumingMultiApp = false isResumingFirstStart = true extension = Bundle[{taskId=33108, uid=10773}]}
03-07 12:16:47.088  1823  8266 D DCSEX-AppLaunchEventRecorder: onAppSwitch from = com.oppo.launcher to = com.jurnalsaham.jurnalsahamihsg
03-07 12:16:47.088  1108  1148 E ANDR-PERF-UTIL: Failed to read /sys/class/devfreq/soc:qcom,cpu0-llcc-ddr-lat/min_freq
03-07 12:16:47.088  1108  1148 E ANDR-PERF-OPTSHANDLER: Failed to read /sys/class/devfreq/soc:qcom,cpu0-llcc-ddr-lat/min_freq
03-07 12:16:47.088  1108  1148 E ANDR-PERF-RESOURCEQS: Failed to apply optimization [13, 12]
03-07 12:16:47.088  1108  1148 E ANDR-PERF-UTIL: Failed to read /sys/class/devfreq/soc:qcom,cpu6-llcc-ddr-lat/min_freq
03-07 12:16:47.088  1108  1148 E ANDR-PERF-OPTSHANDLER: Failed to read /sys/class/devfreq/soc:qcom,cpu6-llcc-ddr-lat/min_freq
03-07 12:16:47.089  1108  1148 E ANDR-PERF-RESOURCEQS: Failed to apply optimization [13, 12]
03-07 12:16:47.090 15661 15679 W OppoGuardElf: ThermalControlUtils: mForegroundPkg=com.jurnalsaham.jurnalsahamihsg
03-07 12:16:47.090  1108  1148 E ANDR-PERF-UTIL: Failed to read /sys/class/devfreq/soc:qcom,cpu0-cpu-llcc-lat/mem_latency/ratio_ceil
03-07 12:16:47.090  1108  1148 E ANDR-PERF-OPTSHANDLER: Failed to read /sys/class/devfreq/soc:qcom,cpu0-cpu-llcc-lat/mem_latency/ratio_ceil
03-07 12:16:47.090  1108  1148 E ANDR-PERF-RESOURCEQS: Failed to apply optimization [13, 8]
03-07 12:16:47.090  1108  1148 E ANDR-PERF-UTIL: Failed to read /sys/class/devfreq/soc:qcom,cpu4-cpu-llcc-lat/mem_latency/ratio_ceil
03-07 12:16:47.090  1108  1148 E ANDR-PERF-OPTSHANDLER: Failed to read /sys/class/devfreq/soc:qcom,cpu4-cpu-llcc-lat/mem_latency/ratio_ceil
03-07 12:16:47.090  1108  1148 E ANDR-PERF-RESOURCEQS: Failed to apply optimization [13, 9]
03-07 12:16:47.091  1823  3461 I ColorResourcePreloadManager: resume pkg: com.jurnalsaham.jurnalsahamihsg, uid:10773, prev pkg: com.oppo.launcher, prev uid: 10049
03-07 12:16:47.092  1823  3461 V DCSEX-AppSwitchManager: OnAppSwitchObserver: onAppEnter , info = OplusAppEnterInfo = {  windowMode = 1 targetName = com.jurnalsaham.jurnalsahamihsg multiApp = false firstStart = true launchedFromPackage = com.android.shell intent = Intent { flg=0x10000000 cmp=com.jurnalsaham.jurnalsahamihsg/org.kivy.android.PythonActivity mCallingUid=2000 } extension = Bundle[{taskId=33108, uid=10773}]}
03-07 12:16:47.092  4264 10585 D ZoomAppController: ignore onAppEnter: Invalid cvActionFlag = 0
03-07 12:16:47.115 31498 31498 I oplus.android.OplusFrameworkFactoryImpl: get feature:IOplusScreenModeFeature
03-07 12:16:47.115 31498 31498 I oplus.android.OplusFrameworkFactoryImpl: getOplusScreenModeFeature
03-07 12:16:47.086  1823  5200 I ColorAppSwitchManagerService: appswitch hasProcess ActivityRecord{c938218 u0 com.jurnalsaham.jurnalsahamihsg/org.kivy.android.PythonActivity t33108}
03-07 12:16:47.124  1823  2011 E OppoThermalStats: Error getting package info: com.jurnalsaham.jurnalsahamihsg
03-07 12:16:47.125  1823  2011 D OplusKeepAliveManager: TOP_APP is ProcessRecord{de2d95b 31498:com.jurnalsaham.jurnalsahamihsg/u0a773} uid is 10773
03-07 12:16:47.131  1823  2008 D OplusAppBwCore: onUidImportance: 10773, 100
03-07 12:16:47.131  1134  2524 D AudioPolicyService: updateUidStates_l() allowCapture=true because of on TOP AND uses VOICE_RECOGNITION OR uses HOTWORD
03-07 12:16:47.131  1134  2524 D AudioPolicyService: updateUidStates_l() current->uid=10070 current->pid=17223 allowCapture=1 UidState=5 apmStat=1
03-07 12:16:47.132 31498 31498 E libc    : Access denied finding property "ro.odm.prev.product.name"
03-07 12:16:47.132  1134  2524 D AudioPolicyService: updateUidStates_l() allowCapture=true because of on TOP AND uses VOICE_RECOGNITION OR uses HOTWORD
03-07 12:16:47.132  1134  2524 D AudioPolicyService: updateUidStates_l() current->uid=10070 current->pid=17223 allowCapture=1 UidState=5 apmStat=1
03-07 12:16:47.132  1150  1150 D OppoExLayer: ~Layer() sequence=14747, name=Surface(name=501053e StatusBar)/@0xbaa88ec - animation-leash#1@0x747306a000
03-07 12:16:47.132  1150  1150 D OppoExLayer: ~Layer() sequence=14742, name=Surface(name=1412601 NavigationBar0)/@0x71346e7 - animation-leash#0@0x7473160000
03-07 12:16:47.133  1823  2011 D PowerManagerService: setScreenBrightnessOverrideFromWindowManagerInternal brightness=NaN mScreenBrightnessOverrideFromWindowManager=NaN
03-07 12:16:47.133  1823  2011 D PowerManagerService: setScreenBrightnessOverrideFromWindowManagerInternal brightness=NaN mScreenBrightnessOverrideFromWindowManager=NaN
03-07 12:16:47.136  1823  2537 W ActivityManager: Unable to start service Intent { cmp=com.coloros.phonemanager/.safejob.SafeCenterJobService (has extras) } U=0: not found
03-07 12:16:47.136  1823  2537 D JobScheduler: Error executing JobStatus{981795f #1000/2009201 com.coloros.phonemanager/.safejob.SafeCenterJobService u=0 s=10563 TIME=-3d7h39m52s75ms:-3d7h39m52s75ms PERIODIC PERSISTED READY}
03-07 12:16:47.136  1823  5657 D ColorAppListInterceptManager: shouldFilterTask
03-07 12:16:47.136  1823  5657 D ColorAppListInterceptManager: shouldFilterTask::packageName = com.jurnalsaham.jurnalsahamihsg
03-07 12:16:47.136  1823  5657 D ColorAppListInterceptManager: shouldFilterTask
03-07 12:16:47.136  1823  5657 D ColorAppListInterceptManager: shouldFilterTask::packageName = com.ss.android.ugc.trill
03-07 12:16:47.137  2640  2666 D OplusCoreAppService: isPackageContainsOplusCertificates be called
03-07 12:16:47.139  1823  3982 D AS.AudioService: getParameters() keyValuePairs:OPLUS_AUDIO_GET_FOCUS_STACK
03-07 12:16:47.141 15661 15679 W OppoGuardElf: ThermalControllHandler: tempLevel=4,userMode=2,gameUserMode=-1,appType=-1,envTempType=0,appStates=[]
03-07 12:16:47.141  1823  2537 D CompatibilityChangeReporter: Compat change id reported: 135634846; UID 10018; state: DISABLED
03-07 12:16:47.142  1823  2046 D CompatibilityChangeReporter: Compat change id reported: 143937733; UID 10018; state: ENABLED
03-07 12:16:47.144 15661 15679 W OppoGuardElf: ThermalControllerCenter: mSafetyState=10000
03-07 12:16:47.147 15661 15679 W OppoGuardElf: ThermalControllHandler: tempGear=4,configItemName=common_config
03-07 12:16:47.148 15661 15758 W OppoGuardElf: ThermalControllHandler: MSG_THERMAL_CONTROL_CATEGORY_CHANGED
03-07 12:16:47.151  1823  2537 D CompatibilityChangeReporter: Compat change id reported: 135634846; UID 10650; state: DISABLED
03-07 12:16:47.163   919   919 D Zygote  : Forked child process 31529
03-07 12:16:47.166 31529 31529 W Zygote  : Unable to open libbeluga.so: dlopen failed: library "libbeluga.so" not found.
03-07 12:16:47.170  1823  2046 I ActivityManager: Start proc 31529:com.google.android.apps.youtube.creator/u0a18 for service {com.google.android.apps.youtube.creator/androidx.work.impl.background.systemjob.SystemJobService}
03-07 12:16:47.170 31498 31498 I Perf    : Connecting to perf service.
03-07 12:16:47.170  4401  4443 E oiface  : packageSwitch pkg com.jurnalsaham.jurnalsahamihsg, enter
03-07 12:16:47.170  4401  4443 E oiface  : current package is com.jurnalsaham.jurnalsahamihsg and pid is 31498
03-07 12:16:47.171  1823  2046 D CompatibilityChangeReporter: Compat change id reported: 143937733; UID 10650; state: ENABLED
03-07 12:16:47.175 31498 31498 E Perf    :  perftest packageName : com.jurnalsaham.jurnalsahamihsg App is allowed to use Hide APIs  
03-07 12:16:47.183 31498 31498 D NetworkSecurityConfig: No Network Security Config specified, using platform default
03-07 12:16:47.184 31498 31498 D NetworkSecurityConfig: No Network Security Config specified, using platform default
03-07 12:16:47.188 31529 31529 E youtube.creato: Unknown bits set in runtime_flags: 0x40000000
03-07 12:16:47.194   919   919 D Zygote  : Forked child process 31540
03-07 12:16:47.196 31529 31529 E youtube.creato: Not starting debugger since process cannot load the jdwp agent.
03-07 12:16:47.196 31540 31540 W Zygote  : Unable to open libbeluga.so: dlopen failed: library "libbeluga.so" not found.
03-07 12:16:47.197  1823  2046 I ActivityManager: Start proc 31540:id.dana/u0a650 for service {id.dana/androidx.work.impl.background.systemjob.SystemJobService}
03-07 12:16:47.204  1150  1475 W DisplayIdentification: Invalid EDID: falling back to serial number due to missing display name.
03-07 12:16:47.204  1150  1475 W DisplayIdentification: Invalid EDID: falling back to ASCII text due to missing serial number.
03-07 12:16:47.206 31529 31529 E RefClass: java.lang.reflect.InvocationTargetException
03-07 12:16:47.207 31498 31558 E libEGL  : Invalid file path for libcolorx-loader.so
03-07 12:16:47.207  1823  1834 I system_server: Background young concurrent copying GC freed 298800(12MB) AllocSpace objects, 196(3984KB) LOS objects, 13% free, 100MB/115MB, paused 260us total 119.880ms
03-07 12:16:47.207 31529 31529 I OneTrace: Mark active for pid=31529? true
03-07 12:16:47.211  1108  1148 E ANDR-PERF-UTIL: Failed to read /sys/class/devfreq/soc:qcom,cpu0-llcc-ddr-lat/min_freq
03-07 12:16:47.211  1108  1148 E ANDR-PERF-OPTSHANDLER: Failed to read /sys/class/devfreq/soc:qcom,cpu0-llcc-ddr-lat/min_freq
03-07 12:16:47.211  1108  1148 E ANDR-PERF-RESOURCEQS: Failed to apply optimization [13, 12]
03-07 12:16:47.211  1108  1148 E ANDR-PERF-UTIL: Failed to read /sys/class/devfreq/soc:qcom,cpu6-llcc-ddr-lat/min_freq
03-07 12:16:47.211  1108  1148 E ANDR-PERF-OPTSHANDLER: Failed to read /sys/class/devfreq/soc:qcom,cpu6-llcc-ddr-lat/min_freq
03-07 12:16:47.211  1108  1148 E ANDR-PERF-RESOURCEQS: Failed to apply optimization [13, 12]
03-07 12:16:47.213  1108  1148 E ANDR-PERF-UTIL: Failed to read /sys/class/devfreq/soc:qcom,cpu0-cpu-llcc-lat/mem_latency/ratio_ceil
03-07 12:16:47.213  1108  1148 E ANDR-PERF-OPTSHANDLER: Failed to read /sys/class/devfreq/soc:qcom,cpu0-cpu-llcc-lat/mem_latency/ratio_ceil
03-07 12:16:47.213  1108  1148 E ANDR-PERF-RESOURCEQS: Failed to apply optimization [13, 8]
03-07 12:16:47.213  1108  1148 E ANDR-PERF-UTIL: Failed to read /sys/class/devfreq/soc:qcom,cpu4-cpu-llcc-lat/mem_latency/ratio_ceil
03-07 12:16:47.213  1108  1148 E ANDR-PERF-OPTSHANDLER: Failed to read /sys/class/devfreq/soc:qcom,cpu4-cpu-llcc-lat/mem_latency/ratio_ceil
03-07 12:16:47.213  1108  1148 E ANDR-PERF-RESOURCEQS: Failed to apply optimization [13, 9]
03-07 12:16:47.213  4401  4441 E oiface  : Average freq 837150 for 121s.
03-07 12:16:47.214  4401  4441 E oiface  : Average freq 953060 for 121s.
03-07 12:16:47.216  1823  5657 E ORMS_Platform : OplusResourceManagerPlatformUtils: readFile function exception:/sys/devices/platform/soc/5000000.qcom,kgsl-3d0/kgsl/kgsl-3d0/freq_table_mhz: open failed: EACCES (Permission denied)
03-07 12:16:47.216  4401  4441 E oiface  : get gpu freq table failed
03-07 12:16:47.218  1823  2008 D OplusAppBwCore: onUidImportance: 10018, 230
03-07 12:16:47.218  1134  1616 D AudioPolicyService: updateUidStates_l() allowCapture=true because of on TOP AND uses VOICE_RECOGNITION OR uses HOTWORD
03-07 12:16:47.218  1134  1616 D AudioPolicyService: updateUidStates_l() current->uid=10070 current->pid=17223 allowCapture=1 UidState=5 apmStat=1
03-07 12:16:47.207  1823  1823 W Binder:1823_1F: type=1400 audit(0.0:212949): avc: denied { open } for path="/sys/devices/platform/soc/5000000.qcom,kgsl-3d0/kgsl/kgsl-3d0/freq_table_mhz" dev="sysfs" ino=46177 scontext=u:r:system_server:s0 tcontext=u:object_r:sysfs_kgsl:s0 tclass=file permissive=0
03-07 12:16:47.219  4401  4441 E oiface  : client  not found, skipped
03-07 12:16:47.219  4401  4441 D oiface  : forground package is com.jurnalsaham.jurnalsahamihsg
03-07 12:16:47.221 31529 31529 I oplus.android.OplusFrameworkFactoryImpl: get feature:IOplusScreenModeFeature
03-07 12:16:47.222 31529 31529 I oplus.android.OplusFrameworkFactoryImpl: getOplusScreenModeFeature
03-07 12:16:47.222 31540 31540 E id.dana : Unknown bits set in runtime_flags: 0x40000000
03-07 12:16:47.227 31540 31540 E id.dana : Not starting debugger since process cannot load the jdwp agent.
03-07 12:16:47.230 31498 31498 I oplus.android.OplusFrameworkFactoryImpl: getOplusRedPacketManager
03-07 12:16:47.233 31498 31498 V PythonActivity: PythonActivity onCreate running
03-07 12:16:47.233 31529 31529 E libc    : Access denied finding property "ro.odm.prev.product.name"
03-07 12:16:47.234 31498 31498 V PythonActivity: About to do super onCreate
03-07 12:16:47.234 31498 31498 V SDL     : Device: RMX1971
03-07 12:16:47.234 31498 31498 V SDL     : Model: RMX1971
03-07 12:16:47.234 31498 31498 V SDL     : onCreate()
03-07 12:16:47.234 31498 31498 V PythonActivity: Did super onCreate
03-07 12:16:47.234 31498 31498 V SDL     : getting identifier
03-07 12:16:47.234 31498 31498 V SDL     : kind is layout and name lottie
03-07 12:16:47.234 31498 31498 V SDL     : result is 0
03-07 12:16:47.235 31498 31498 E jurnalsahamihs: Invalid ID 0x00000000.
03-07 12:16:47.235 31498 31498 V SDL     : couldn't find lottie layout or animation, trying static splash
03-07 12:16:47.235 31498 31498 V SDL     : getting identifier
03-07 12:16:47.235 31498 31498 V SDL     : kind is drawable and name presplash
03-07 12:16:47.235 31498 31498 V SDL     : result is 2130771969
03-07 12:16:47.236 31540 31540 E RefClass: java.lang.reflect.InvocationTargetException
03-07 12:16:47.236  2640  2666 D OplusCoreAppService: isPackageContainsOplusCertificates be called
03-07 12:16:47.237 31540 31540 I OneTrace: Mark active for pid=31540? true
03-07 12:16:47.227  1823  1823 W Binder:1823_D: type=1400 audit(0.0:212950): avc: denied { open } for path="/sys/devices/platform/soc/5000000.qcom,kgsl-3d0/kgsl/kgsl-3d0/freq_table_mhz" dev="sysfs" ino=46177 scontext=u:r:system_server:s0 tcontext=u:object_r:sysfs_kgsl:s0 tclass=file permissive=0
03-07 12:16:47.239 31529 31529 I youtube.creato: The ClassLoaderContext is a special shared library.
03-07 12:16:47.240  1823  3982 E ORMS_Platform : OplusResourceManagerPlatformUtils: readFile function exception:/sys/devices/platform/soc/5000000.qcom,kgsl-3d0/kgsl/kgsl-3d0/freq_table_mhz: open failed: EACCES (Permission denied)
03-07 12:16:47.240  4401  4441 E oiface  : get gpu freq table failed
03-07 12:16:47.243 31498 31498 V SDL     : asked to get string presplash_color
03-07 12:16:47.243 31498 31498 V SDL     : getting identifier
03-07 12:16:47.243 31498 31498 V SDL     : kind is string and name presplash_color
03-07 12:16:47.243 31498 31498 V SDL     : result is 2131034113
03-07 12:16:47.254  1823  2008 D OplusAppBwCore: onUidImportance: 10650, 230
03-07 12:16:47.255  1134  1616 D AudioPolicyService: updateUidStates_l() allowCapture=true because of on TOP AND uses VOICE_RECOGNITION OR uses HOTWORD
03-07 12:16:47.255  1134  1616 D AudioPolicyService: updateUidStates_l() current->uid=10070 current->pid=17223 allowCapture=1 UidState=5 apmStat=1
03-07 12:16:47.256 31540 31540 I oplus.android.OplusFrameworkFactoryImpl: get feature:IOplusScreenModeFeature
03-07 12:16:47.256 31540 31540 I oplus.android.OplusFrameworkFactoryImpl: getOplusScreenModeFeature
03-07 12:16:47.266 31540 31540 E libc    : Access denied finding property "ro.odm.prev.product.name"
03-07 12:16:47.269  2640  2666 D OplusCoreAppService: isPackageContainsOplusCertificates be called
03-07 12:16:47.269 31498 31573 V PythonActivity: Ready to unpack
03-07 12:16:47.271 31540 31540 I id.dana : The ClassLoaderContext is a special shared library.
03-07 12:16:47.272 31498 31498 V SDL     : onStart()
03-07 12:16:47.273 31498 31573 V pythonutil: Unpacking private app
03-07 12:16:47.273 31498 31573 V pythonutil: Data version is 1a4db24cb5d4e96ed495b9465730ae06066399a6
03-07 12:16:47.275 31498 31498 V PythonActivity: onResume()
03-07 12:16:47.275 31498 31498 V SDL     : onResume()
03-07 12:16:47.276 31498 31573 V pythonutil: Unpacking /data/app/~~ak1OTI7_vkSqagY8fJFbgA==/com.jurnalsaham.jurnalsahamihsg-MHeHCBXWTJFD243hyCDmHQ==/lib/arm64/libpybundle app
03-07 12:16:47.276 31498 31573 V pythonutil: Data version is 1a4db24cb5d4e96ed495b9465730ae06066399a6
03-07 12:16:47.276 31498 31498 D OplusInputMethodUtil: init DEBUG to false, update DEBUG_IME to false
03-07 12:16:47.303 31498 31498 I OplusFeatureCache: Milliseconds spent on init(): 16
03-07 12:16:47.305 31498 31498 D OplusSlideAnimOptHelper: scrollEffectOpt enable = false
03-07 12:16:47.307 31498 31498 D ColorViewRootUtil: initSwipState, isDisplayCompatApp false
03-07 12:16:47.307 31498 31498 D ColorViewRootUtil: mScreenHeight 2340, mScreenWidth 1080
03-07 12:16:47.310 31498 31498 D WindowManager: Add to mViews: DecorView@91342b9[PythonActivity],pkg= com.jurnalsaham.jurnalsahamihsg
03-07 12:16:47.324  1823  3982 D OppoDisplayPolicy: com.jurnalsaham.jurnalsahamihsg, no change cutoutMode: 0
03-07 12:16:47.331 31529 31529 W youtube.creato: JIT profile information will not be recorded: profile file does not exist.
03-07 12:16:47.331 31529 31529 W youtube.creato: JIT profile information will not be recorded: profile file does not exist.
03-07 12:16:47.332 31498 31498 V pythonutil: Checking pattern libsqlite3\.so against libSDL2.so
03-07 12:16:47.333 31498 31498 V pythonutil: Checking pattern libsqlite3\.so against libSDL2_ttf.so
03-07 12:16:47.333 31498 31498 V pythonutil: Checking pattern libsqlite3\.so against libSDL2_mixer.so
03-07 12:16:47.333 31498 31498 V pythonutil: Checking pattern libsqlite3\.so against libssl1.1.so
03-07 12:16:47.333 31498 31498 V pythonutil: Checking pattern libsqlite3\.so against libpybundle.so
03-07 12:16:47.333 31498 31498 V pythonutil: Checking pattern libsqlite3\.so against libmain.so
03-07 12:16:47.333 31498 31498 V pythonutil: Checking pattern libsqlite3\.so against libpython3.11.so
03-07 12:16:47.333 31498 31498 V pythonutil: Checking pattern libsqlite3\.so against libcrypto1.1.so
03-07 12:16:47.333 31498 31498 V pythonutil: Checking pattern libsqlite3\.so against libffi.so
03-07 12:16:47.333 31498 31498 V pythonutil: Checking pattern libsqlite3\.so against libsqlite3.so
03-07 12:16:47.333 31498 31498 V pythonutil: Pattern libsqlite3\.so matched file libsqlite3.so
03-07 12:16:47.333 31498 31498 V pythonutil: Checking pattern libsqlite3\.so against libSDL2_image.so
03-07 12:16:47.334 31498 31498 V pythonutil: Checking pattern libffi\.so against libSDL2.so
03-07 12:16:47.334 31498 31498 V pythonutil: Checking pattern libffi\.so against libSDL2_ttf.so
03-07 12:16:47.334 31498 31498 V pythonutil: Checking pattern libffi\.so against libSDL2_mixer.so
03-07 12:16:47.334 31498 31498 V pythonutil: Checking pattern libffi\.so against libssl1.1.so
03-07 12:16:47.334 31498 31498 V pythonutil: Checking pattern libffi\.so against libpybundle.so
03-07 12:16:47.334 31498 31498 V pythonutil: Checking pattern libffi\.so against libmain.so
03-07 12:16:47.334 31498 31498 V pythonutil: Checking pattern libffi\.so against libpython3.11.so
03-07 12:16:47.334 31498 31498 V pythonutil: Checking pattern libffi\.so against libcrypto1.1.so
03-07 12:16:47.334 31498 31498 V pythonutil: Checking pattern libffi\.so against libffi.so
03-07 12:16:47.334 31498 31498 V pythonutil: Pattern libffi\.so matched file libffi.so
03-07 12:16:47.334 31498 31498 V pythonutil: Checking pattern libffi\.so against libsqlite3.so
03-07 12:16:47.334 31498 31498 V pythonutil: Checking pattern libffi\.so against libSDL2_image.so
03-07 12:16:47.335 31498 31498 V pythonutil: Checking pattern libpng16\.so against libSDL2.so
03-07 12:16:47.335 31498 31498 V pythonutil: Checking pattern libpng16\.so against libSDL2_ttf.so
03-07 12:16:47.335 31498 31498 V pythonutil: Checking pattern libpng16\.so against libSDL2_mixer.so
03-07 12:16:47.335 31498 31498 V pythonutil: Checking pattern libpng16\.so against libssl1.1.so
03-07 12:16:47.335 31498 31498 V pythonutil: Checking pattern libpng16\.so against libpybundle.so
03-07 12:16:47.335 31498 31498 V pythonutil: Checking pattern libpng16\.so against libmain.so
03-07 12:16:47.335 31498 31498 V pythonutil: Checking pattern libpng16\.so against libpython3.11.so
03-07 12:16:47.335 31498 31498 V pythonutil: Checking pattern libpng16\.so against libcrypto1.1.so
03-07 12:16:47.335 31498 31498 V pythonutil: Checking pattern libpng16\.so against libffi.so
03-07 12:16:47.335 31498 31498 V pythonutil: Checking pattern libpng16\.so against libsqlite3.so
03-07 12:16:47.335 31498 31498 V pythonutil: Checking pattern libpng16\.so against libSDL2_image.so
03-07 12:16:47.336 31498 31498 V pythonutil: Checking pattern libssl.*\.so against libSDL2.so
03-07 12:16:47.336 31498 31498 V pythonutil: Checking pattern libssl.*\.so against libSDL2_ttf.so
03-07 12:16:47.336 31498 31498 V pythonutil: Checking pattern libssl.*\.so against libSDL2_mixer.so
03-07 12:16:47.336 31498 31498 V pythonutil: Checking pattern libssl.*\.so against libssl1.1.so
03-07 12:16:47.336 31498 31498 V pythonutil: Pattern libssl.*\.so matched file libssl1.1.so
03-07 12:16:47.336 31498 31498 V pythonutil: Checking pattern libssl.*\.so against libpybundle.so
03-07 12:16:47.336 31498 31498 V pythonutil: Checking pattern libssl.*\.so against libmain.so
03-07 12:16:47.336 31498 31498 V pythonutil: Checking pattern libssl.*\.so against libpython3.11.so
03-07 12:16:47.336 31498 31498 V pythonutil: Checking pattern libssl.*\.so against libcrypto1.1.so
03-07 12:16:47.336 31498 31498 V pythonutil: Checking pattern libssl.*\.so against libffi.so
03-07 12:16:47.336 31498 31498 V pythonutil: Checking pattern libssl.*\.so against libsqlite3.so
03-07 12:16:47.336 31498 31498 V pythonutil: Checking pattern libssl.*\.so against libSDL2_image.so
03-07 12:16:47.337 31498 31498 V pythonutil: Checking pattern libcrypto.*\.so against libSDL2.so
03-07 12:16:47.337 31498 31498 V pythonutil: Checking pattern libcrypto.*\.so against libSDL2_ttf.so
03-07 12:16:47.337 31498 31498 V pythonutil: Checking pattern libcrypto.*\.so against libSDL2_mixer.so
03-07 12:16:47.337 31498 31498 V pythonutil: Checking pattern libcrypto.*\.so against libssl1.1.so
03-07 12:16:47.337 31498 31498 V pythonutil: Checking pattern libcrypto.*\.so against libpybundle.so
03-07 12:16:47.337 31498 31498 V pythonutil: Checking pattern libcrypto.*\.so against libmain.so
03-07 12:16:47.337 31498 31498 V pythonutil: Checking pattern libcrypto.*\.so against libpython3.11.so
03-07 12:16:47.337 31498 31498 V pythonutil: Checking pattern libcrypto.*\.so against libcrypto1.1.so
03-07 12:16:47.337 31498 31498 V pythonutil: Pattern libcrypto.*\.so matched file libcrypto1.1.so
03-07 12:16:47.337 31498 31498 V pythonutil: Checking pattern libcrypto.*\.so against libffi.so
03-07 12:16:47.337 31498 31498 V pythonutil: Checking pattern libcrypto.*\.so against libsqlite3.so
03-07 12:16:47.337 31498 31498 V pythonutil: Checking pattern libcrypto.*\.so against libSDL2_image.so
03-07 12:16:47.338 31498 31498 V pythonutil: Checking pattern libSDL2\.so against libSDL2.so
03-07 12:16:47.338 31498 31498 V pythonutil: Pattern libSDL2\.so matched file libSDL2.so
03-07 12:16:47.338 31498 31498 V pythonutil: Checking pattern libSDL2\.so against libSDL2_ttf.so
03-07 12:16:47.338 31498 31498 V pythonutil: Checking pattern libSDL2\.so against libSDL2_mixer.so
03-07 12:16:47.338 31498 31498 V pythonutil: Checking pattern libSDL2\.so against libssl1.1.so
03-07 12:16:47.338 31498 31498 V pythonutil: Checking pattern libSDL2\.so against libpybundle.so
03-07 12:16:47.338 31498 31498 V pythonutil: Checking pattern libSDL2\.so against libmain.so
03-07 12:16:47.338 31498 31498 V pythonutil: Checking pattern libSDL2\.so against libpython3.11.so
03-07 12:16:47.338 31498 31498 V pythonutil: Checking pattern libSDL2\.so against libcrypto1.1.so
03-07 12:16:47.338 31498 31498 V pythonutil: Checking pattern libSDL2\.so against libffi.so
03-07 12:16:47.338 31498 31498 V pythonutil: Checking pattern libSDL2\.so against libsqlite3.so
03-07 12:16:47.338 31498 31498 V pythonutil: Checking pattern libSDL2\.so against libSDL2_image.so
03-07 12:16:47.338 31498 31498 V pythonutil: Checking pattern libSDL2_image\.so against libSDL2.so
03-07 12:16:47.339 31498 31498 V pythonutil: Checking pattern libSDL2_image\.so against libSDL2_ttf.so
03-07 12:16:47.339 31498 31498 V pythonutil: Checking pattern libSDL2_image\.so against libSDL2_mixer.so
03-07 12:16:47.339 31498 31498 V pythonutil: Checking pattern libSDL2_image\.so against libssl1.1.so
03-07 12:16:47.339 31498 31498 V pythonutil: Checking pattern libSDL2_image\.so against libpybundle.so
03-07 12:16:47.339 31498 31498 V pythonutil: Checking pattern libSDL2_image\.so against libmain.so
03-07 12:16:47.339 31498 31498 V pythonutil: Checking pattern libSDL2_image\.so against libpython3.11.so
03-07 12:16:47.339 31498 31498 V pythonutil: Checking pattern libSDL2_image\.so against libcrypto1.1.so
03-07 12:16:47.339 31498 31498 V pythonutil: Checking pattern libSDL2_image\.so against libffi.so
03-07 12:16:47.339 31498 31498 V pythonutil: Checking pattern libSDL2_image\.so against libsqlite3.so
03-07 12:16:47.339 31498 31498 V pythonutil: Checking pattern libSDL2_image\.so against libSDL2_image.so
03-07 12:16:47.339 31498 31498 V pythonutil: Pattern libSDL2_image\.so matched file libSDL2_image.so
03-07 12:16:47.339 31498 31498 V pythonutil: Checking pattern libSDL2_mixer\.so against libSDL2.so
03-07 12:16:47.339 31498 31498 V pythonutil: Checking pattern libSDL2_mixer\.so against libSDL2_ttf.so
03-07 12:16:47.339 31498 31498 V pythonutil: Checking pattern libSDL2_mixer\.so against libSDL2_mixer.so
03-07 12:16:47.340 31498 31498 V pythonutil: Pattern libSDL2_mixer\.so matched file libSDL2_mixer.so
03-07 12:16:47.340 31498 31498 V pythonutil: Checking pattern libSDL2_mixer\.so against libssl1.1.so
03-07 12:16:47.340 31498 31498 V pythonutil: Checking pattern libSDL2_mixer\.so against libpybundle.so
03-07 12:16:47.340 31498 31498 V pythonutil: Checking pattern libSDL2_mixer\.so against libmain.so
03-07 12:16:47.340 31498 31498 V pythonutil: Checking pattern libSDL2_mixer\.so against libpython3.11.so
03-07 12:16:47.340 31498 31498 V pythonutil: Checking pattern libSDL2_mixer\.so against libcrypto1.1.so
03-07 12:16:47.340 31498 31498 V pythonutil: Checking pattern libSDL2_mixer\.so against libffi.so
03-07 12:16:47.340 31498 31498 V pythonutil: Checking pattern libSDL2_mixer\.so against libsqlite3.so
03-07 12:16:47.340 31498 31498 V pythonutil: Checking pattern libSDL2_mixer\.so against libSDL2_image.so
03-07 12:16:47.340 31498 31498 V pythonutil: Checking pattern libSDL2_ttf\.so against libSDL2.so
03-07 12:16:47.340 31498 31498 V pythonutil: Checking pattern libSDL2_ttf\.so against libSDL2_ttf.so
03-07 12:16:47.340 31498 31498 V pythonutil: Pattern libSDL2_ttf\.so matched file libSDL2_ttf.so
03-07 12:16:47.340 31498 31498 V pythonutil: Checking pattern libSDL2_ttf\.so against libSDL2_mixer.so
03-07 12:16:47.340 31498 31498 V pythonutil: Checking pattern libSDL2_ttf\.so against libssl1.1.so
03-07 12:16:47.340 31498 31498 V pythonutil: Checking pattern libSDL2_ttf\.so against libpybundle.so
03-07 12:16:47.341 31498 31498 V pythonutil: Checking pattern libSDL2_ttf\.so against libmain.so
03-07 12:16:47.341 31498 31498 V pythonutil: Checking pattern libSDL2_ttf\.so against libpython3.11.so
03-07 12:16:47.341 31498 31498 V pythonutil: Checking pattern libSDL2_ttf\.so against libcrypto1.1.so
03-07 12:16:47.341 31498 31498 V pythonutil: Checking pattern libSDL2_ttf\.so against libffi.so
03-07 12:16:47.341 31498 31498 V pythonutil: Checking pattern libSDL2_ttf\.so against libsqlite3.so
03-07 12:16:47.341 31498 31498 V pythonutil: Checking pattern libSDL2_ttf\.so against libSDL2_image.so
03-07 12:16:47.341 31498 31498 V pythonutil: Loading library: sqlite3
03-07 12:16:47.347 31498 31498 V pythonutil: Loading library: ffi
03-07 12:16:47.348 31498 31498 V pythonutil: Loading library: ssl1.1
03-07 12:16:47.354 31498 31498 V pythonutil: Loading library: crypto1.1
03-07 12:16:47.355 31498 31498 V pythonutil: Loading library: SDL2
03-07 12:16:47.358 31529 31529 I Perf    : Connecting to perf service.
03-07 12:16:47.358 31498 31498 V pythonutil: Loading library: SDL2_image
03-07 12:16:47.362 31498 31498 V pythonutil: Loading library: SDL2_mixer
03-07 12:16:47.363 31529 31529 E Perf    :  perftest packageName : com.google.android.apps.youtube.creator App is allowed to use Hide APIs  
03-07 12:16:47.365 31498 31498 V pythonutil: Loading library: SDL2_ttf
03-07 12:16:47.370 31529 31529 D NetworkSecurityConfig: Using Network Security Config from resource network_security_config debugBuild: false
03-07 12:16:47.370 31498 31498 V pythonutil: Loading library: python3.5m
03-07 12:16:47.372 31498 31498 V pythonutil: Library loading error: dlopen failed: library "libpython3.5m.so" not found
03-07 12:16:47.372 31498 31498 V pythonutil: Loading library: python3.6m
03-07 12:16:47.374 31498 31498 V pythonutil: Library loading error: dlopen failed: library "libpython3.6m.so" not found
03-07 12:16:47.374 31498 31498 V pythonutil: Loading library: python3.7m
03-07 12:16:47.374 31529 31529 D NetworkSecurityConfig: Using Network Security Config from resource network_security_config debugBuild: false
03-07 12:16:47.375 31498 31498 V pythonutil: Library loading error: dlopen failed: library "libpython3.7m.so" not found
03-07 12:16:47.375 31498 31498 V pythonutil: Loading library: python3.8
03-07 12:16:47.376 31498 31498 V pythonutil: Library loading error: dlopen failed: library "libpython3.8.so" not found
03-07 12:16:47.376 31498 31498 V pythonutil: Loading library: python3.9
03-07 12:16:47.377 31498 31498 V pythonutil: Library loading error: dlopen failed: library "libpython3.9.so" not found
03-07 12:16:47.377 31498 31498 V pythonutil: Loading library: python3.10
03-07 12:16:47.378 31498 31498 V pythonutil: Library loading error: dlopen failed: library "libpython3.10.so" not found
03-07 12:16:47.378 31498 31498 V pythonutil: Loading library: python3.11
03-07 12:16:47.383  1823  2012 V ColorZoomWindowManagerService: onAnimationFinished:  r = ActivityRecord{d5fbe0b u0 com.oppo.launcher/.Launcher t2}
03-07 12:16:47.384  1823  2012 I OplusMirageDisplayManagerService: onAnimationFinished:
03-07 12:16:47.385  1823  2012 V ColorZoomWindowManagerService: onAnimationFinished:  r = ActivityRecord{c938218 u0 com.jurnalsaham.jurnalsahamihsg/org.kivy.android.PythonActivity t33108}
03-07 12:16:47.385  1823  2012 I ColorAppSwitchManagerService:  handleAppVisible , r = ActivityRecord{c938218 u0 com.jurnalsaham.jurnalsahamihsg/org.kivy.android.PythonActivity t33108}
03-07 12:16:47.385  1823  2012 I OplusMirageDisplayManagerService: onAnimationFinished:
03-07 12:16:47.386 31498 31498 V pythonutil: Loading library: main
03-07 12:16:47.388 31498 31498 V pythonutil: Loaded everything!
03-07 12:16:47.388 31498 31498 V SDL     : nativeSetupJNI()
03-07 12:16:47.389 31498 31498 V SDL     : AUDIO nativeSetupJNI()
03-07 12:16:47.390 31498 31498 V SDL     : CONTROLLER nativeSetupJNI()
03-07 12:16:47.397  1823  2011 D PowerManagerService: setScreenBrightnessOverrideFromWindowManagerInternal brightness=NaN mScreenBrightnessOverrideFromWindowManager=NaN
03-07 12:16:47.399  1150  1150 D OppoExLayer: ~Layer() sequence=14753, name=Surface(name=Task=2)/@0x825ae65 - animation-leash#0@0x7473113000
03-07 12:16:47.399  1150  1150 D OppoExLayer: ~Layer() sequence=14752, name=Surface(name=Task=33108)/@0x71419b9 - animation-leash#0@0x74730af000
03-07 12:16:47.419 31498 31498 E Parcel  : Reading a NULL string not supported here.
03-07 12:16:47.426 31498 31498 I chatty  : uid=10773(com.jurnalsaham.jurnalsahamihsg) com.lazada.android:channel identical 28 lines
03-07 12:16:47.426 31498 31498 E Parcel  : Reading a NULL string not supported here.
03-07 12:16:47.428 31498 31498 V PythonActivity: Setting env vars for start.c and Python to use
03-07 12:16:47.428 31540 31540 W id.dana : JIT profile information will not be recorded: profile file does not exist.
03-07 12:16:47.429 31498 31498 V PythonActivity: Access to our meta-data...
03-07 12:16:47.429 31540 31540 W id.dana : JIT profile information will not be recorded: profile file does not exist.
03-07 12:16:47.429 31540 31540 I chatty  : uid=10650(id.dana) identical 1 line
03-07 12:16:47.429 31540 31540 W id.dana : JIT profile information will not be recorded: profile file does not exist.
03-07 12:16:47.431 31498 31498 I PythonActivity: Surface will NOT be transparent
03-07 12:16:47.441  1823  3982 D OppoDisplayPolicy: com.jurnalsaham.jurnalsahamihsg, no change cutoutMode: 0
03-07 12:16:47.417  1823  2011 I chatty  : uid=1000(system) android.display identical 3 lines
03-07 12:16:47.418  1823  2011 D PowerManagerService: setScreenBrightnessOverrideFromWindowManagerInternal brightness=NaN mScreenBrightnessOverrideFromWindowManager=NaN
03-07 12:16:47.449  1823  3982 V WindowManager: Changing focus from null to Window{14bb1ef u0 com.jurnalsaham.jurnalsahamihsg/org.kivy.android.PythonActivity},diplayid=0
03-07 12:16:47.454  1823  3982 D Theia.NoFocusWindow: FocusWindowErrorScene cancelCheckFreezeScreen
03-07 12:16:47.454  1823  2011 D PowerManagerService: setScreenBrightnessOverrideFromWindowManagerInternal brightness=NaN mScreenBrightnessOverrideFromWindowManager=NaN
03-07 12:16:47.456 31540 31540 I Perf    : Connecting to perf service.
03-07 12:16:47.457 31498 31498 V OplusZoomWindowDecorViewHelper: setLastReportedMergedConfiguration mZoomDisplayHeight: 2340 getDecorView.DecorView@91342b9[PythonActivity]
03-07 12:16:47.459 31498 31554 E libEGL  : Invalid file path for libcolorx-loader.so
03-07 12:16:47.459 31498 31554 I AdrenoGLES-0: QUALCOMM build                   : 5af5ff1, Iff02ff076a
03-07 12:16:47.459 31498 31554 I AdrenoGLES-0: Build Date                       : 01/05/21
03-07 12:16:47.459 31498 31554 I AdrenoGLES-0: OpenGL ES Shader Compiler Version: EV031.32.02.06
03-07 12:16:47.459 31498 31554 I AdrenoGLES-0: Local Branch                     : mybrancheb4f33c0-fd8a-f1f2-ab18-5cb90179c3d8
03-07 12:16:47.459 31498 31554 I AdrenoGLES-0: Remote Branch                    : quic/gfx-adreno.lnx.1.0.r114-rel
03-07 12:16:47.459 31498 31554 I AdrenoGLES-0: Remote Branch                    : NONE
03-07 12:16:47.459 31498 31554 I AdrenoGLES-0: Reconstruct Branch               : NOTHING
03-07 12:16:47.459 31498 31554 I AdrenoGLES-0: Build Config                     : S P 10.0.7 AArch64
03-07 12:16:47.459 31498 31554 I AdrenoGLES-0: Driver Path                      : /vendor/lib64/egl/libGLESv2_adreno.so
03-07 12:16:47.462 31498 31554 I AdrenoGLES-0: PFP: 0x016ee190, ME: 0x00000000
03-07 12:16:47.463 31540 31540 E Perf    :  perftest packageName : id.dana App is allowed to use Hide APIs  
03-07 12:16:47.466 31498 31554 E libEGL  : Invalid file path for libcolorx-loader.so
03-07 12:16:47.470 31498 31554 I chatty  : uid=10773(com.jurnalsaham.jurnalsahamihsg) com.lazada.android:channel identical 43 lines
03-07 12:16:47.470 31498 31554 E libEGL  : Invalid file path for libcolorx-loader.so
03-07 12:16:47.470 31498 31498 V SDL     : surfaceCreated()
03-07 12:16:47.470 31498 31554 E libEGL  : Invalid file path for libcolorx-loader.so
03-07 12:16:47.470 31498 31498 V SDL     : surfaceChanged()
03-07 12:16:47.470 31498 31554 E libEGL  : Invalid file path for libcolorx-loader.so
03-07 12:16:47.470 31498 31554 I chatty  : uid=10773(com.jurnalsaham.jurnalsahamihsg) com.lazada.android:channel identical 1 line
03-07 12:16:47.470 31498 31554 E libEGL  : Invalid file path for libcolorx-loader.so
03-07 12:16:47.470 31498 31498 V SDL     : Window size: 1080x2083
03-07 12:16:47.470 31498 31554 E libEGL  : Invalid file path for libcolorx-loader.so
03-07 12:16:47.470 31498 31498 V SDL     : Device size: 1080x2340
03-07 12:16:47.470 31498 31554 E libEGL  : Invalid file path for libcolorx-loader.so
03-07 12:16:47.471 31498 31554 I chatty  : uid=10773(com.jurnalsaham.jurnalsahamihsg) com.lazada.android:channel identical 15 lines
03-07 12:16:47.471 31498 31554 E libEGL  : Invalid file path for libcolorx-loader.so
03-07 12:16:47.471 31498 31498 V SensorManager: RegisterListener bmi160 Accelerometer Non-wakeup type:1 delay:20000us by org.libsdl.app.SDLSurface
03-07 12:16:47.471 31498 31498 E Parcel  : Reading a NULL string not supported here.
03-07 12:16:47.472  1823  2751 D SensorService: createSensorEventConnection, mCurrentOperatingMode = 0, requestedMode = 0
03-07 12:16:47.473 31540 31540 I LoadedApk: No resource references to update in package id.dana.statement
03-07 12:16:47.473  1823  2751 W SensorService: SensorEventConnection sensor handle=11, package = org.libsdl.app.SDLSurface enable
03-07 12:16:47.473  1823  2751 E SensorService: Required app org.libsdl.app.SDLSurface, uid 10773, pid 31498
03-07 12:16:47.474 31540 31540 D NetworkSecurityConfig: Using Network Security Config from resource 2132213776 debugBuild: false
03-07 12:16:47.474  1823  2751 D SensorService: OplusSensorServiceUtils, sensorType=1
03-07 12:16:47.474  1823  2751 D SensorService: Calling batch handle==11 flags=0rate=20000000 timeout== 0
03-07 12:16:47.474  1823  2751 D SensorService: SensorDevice::batch: ident=0x7ca4671a80, handle=0x0000000b, flags=0, period_ns=20000000 timeout=0
03-07 12:16:47.474  1823  2751 D SensorService: 	>>> curr_period=50000000 min_period=20000000 curr_timeout=0 min_timeout=0
03-07 12:16:47.474  1823  2751 D SensorService: 	>>> actuating h/w BATCH 0x0000000b 20000000 0
03-07 12:16:47.474  1093  1093 I sensors-hal: batch:254, android.sensor.accelerometer/11, period=20000000, max_latency=0
03-07 12:16:47.474  1093  1093 I sensors-hal: batch:276, android.sensor.accelerometer/11, period=20000000, max_latency=0 request completed
03-07 12:16:47.474  1823  2751 D SensorService: 	>>> actuating h/w flush 11
03-07 12:16:47.474  1093  1093 I sensors-hal: flush:296, android.sensor.accelerometer/11
03-07 12:16:47.475  1093 10193 I sensors-hal: ssc_conn_resp_cb:672, resp_value = 0
03-07 12:16:47.476 31540 31540 D NetworkSecurityConfig: Using Network Security Config from resource 2132213776 debugBuild: false
03-07 12:16:47.482  1150  1150 D OppoExLayer: ~Layer() sequence=14754, name=Surface(name=501053e StatusBar)/@0xbaa88ec - animation-leash#0@0x7473116000
03-07 12:16:47.482  1150  1150 D OppoExLayer: ~Layer() sequence=14755, name=Surface(name=1412601 NavigationBar0)/@0x71346e7 - animation-leash#1@0x7473129000
03-07 12:16:47.495  1093  1093 I sensors-hal: flush:302, android.sensor.accelerometer/11 completed
03-07 12:16:47.495  1823  2751 D SensorService: recordConnection in enable
03-07 12:16:47.495  1823  2751 D SensorService: Calling activate on 11
03-07 12:16:47.495  1823  2751 D SensorService: SensorDevice::activate: ident=0x7ca4671a80, handle=0x0000000b, enabled=1, count=3
03-07 12:16:47.495  1823  2751 D SensorService: enable index=2
03-07 12:16:47.495  1823  2751 D SensorService: info.numActiveClients() = 3, info.isActive = 1
03-07 12:16:47.495  1823  2751 D SensorService: activateHardware = 0
03-07 12:16:47.496 31498 31498 V SensorManager: RegisterListener bmi160 Accelerometer Non-wakeup type:1 delay:20000us by org.libsdl.app.SDLSurface
03-07 12:16:47.496  1093 10193 I sensors-hal: ssc_conn_resp_cb:672, resp_value = 0
03-07 12:16:47.496 31498 31580 V SDL     : Running main function SDL_main from library /data/app/~~ak1OTI7_vkSqagY8fJFbgA==/com.jurnalsaham.jurnalsahamihsg-MHeHCBXWTJFD243hyCDmHQ==/lib/arm64/libmain.so
03-07 12:16:47.496 31498 31580 V PythonActivity: appConfirmedActive() -> preparing loading screen removal
03-07 12:16:47.496 31498 31580 V SDL     : nativeRunMain()
03-07 12:16:47.498 31498 31580 I python  : Initializing Python for Android
03-07 12:16:47.498 31498 31580 I python  : Setting additional env vars from p4a_env_vars.txt
03-07 12:16:47.498  1823  2392 D SensorService: flush complete event sensor==11 
03-07 12:16:47.498  1823  2392 I chatty  : uid=1000(system) SensorService identical 8 lines
03-07 12:16:47.498  1823  2392 D SensorService: flush complete event sensor==11 
03-07 12:16:47.498  1823  2392 D SensorService: First flush event for sensor==11 
03-07 12:16:47.498  1823  2392 D SensorService: flush complete event sensor==11 
03-07 12:16:47.502 31498 31580 I python  : Changing directory to the one provided by ANDROID_ARGUMENT
03-07 12:16:47.502 31498 31580 I python  : /data/user/0/com.jurnalsaham.jurnalsahamihsg/files/app
03-07 12:16:47.502 31498 31580 I python  : Preparing to initialize python
03-07 12:16:47.502 31498 31580 I python  : _python_bundle dir exists
03-07 12:16:47.502 31498 31580 I python  : calculated paths to be...
03-07 12:16:47.502 31498 31580 I python  : /data/user/0/com.jurnalsaham.jurnalsahamihsg/files/app/_python_bundle/stdlib.zip:/data/user/0/com.jurnalsaham.jurnalsahamihsg/files/app/_python_bundle/modules
03-07 12:16:47.503 31498 31580 I python  : set wchar paths...
03-07 12:16:47.508   625   625 I hwservicemanager: getTransport: Cannot find entry android.hardware.graphics.mapper@4.0::IMapper/default in either framework or device manifest.
03-07 12:16:47.508 31498 31554 I Gralloc4: mapper 4.x is not supported
03-07 12:16:47.508   625   625 I hwservicemanager: getTransport: Cannot find entry android.hardware.graphics.mapper@3.0::IMapper/default in either framework or device manifest.
03-07 12:16:47.508 31498 31554 W Gralloc3: mapper 3.x is not supported
03-07 12:16:47.522  3273  3273 E OplusNecManagerHelper: com.oplus.nec.OplusNecManager.notifyOrigSignalStrengthChanged [class android.telephony.SignalStrength, int]
03-07 12:16:47.529  6229  6247 E IHansComunication: HANS printMessageBody: RCVed message body: type = 0, port = 86870, caller_pid = 1823, caller_uid = 1000, target_pid = 31216, target_uid = 10167, pkg_cmd = -1
03-07 12:16:47.530  6229  6247 E IHansComunication: HANS printMessageBody: RCVed message body: type = 0, port = 86870, caller_pid = 1823, caller_uid = 1000, target_pid = 11175, target_uid = 10171, pkg_cmd = -1
03-07 12:16:47.530  6229  6247 E IHansComunication: HANS printMessageBody: RCVed message body: type = 0, port = 86870, caller_pid = 1823, caller_uid = 1000, target_pid = 32224, target_uid = 10455, pkg_cmd = -1
03-07 12:16:47.542  1823  3982 W ActivityManager: setGlThreads detect 31498 31554
03-07 12:16:47.542  1150  1475 D DispPerfService: onframeavailable pid=31498, slot=0, seq=14757, name=com.jurnalsaham.jurnalsahamihsg:com.jurnalsaham.jurnalsahamihsg/org.kivy.android.PythonActivity#0
03-07 12:16:47.537 31498 31498 W SDLThread: type=1400 audit(0.0:212951): avc: granted { execute } for path="/data/data/com.jurnalsaham.jurnalsahamihsg/files/app/_python_bundle/modules/zlib.cpython-311.so" dev="sda14" ino=3569407 scontext=u:r:untrusted_app:s0:c5,c259,c512,c768 tcontext=u:object_r:app_data_file:s0:c5,c259,c512,c768 tclass=file app=com.lazada.android
03-07 12:16:47.551  1823  2549 D JobScheduler.Temperature: get temperature=32.7
03-07 12:16:47.553  1823  2040 D ArtManagerInternalImpl: /data/misc/iorapd/com.jurnalsaham.jurnalsahamihsg/1021100/org.kivy.android.PythonActivity/compiled_traces/compiled_trace.pb doesn't exist
03-07 12:16:47.553  1823  3138 I ColorHansManager : unfreeze uid: 10100 package: com.nearme.gamecenter reason: F-direct scene: FastFreezerScene
03-07 12:16:47.554  1823  2040 I ActivityTaskManager: Displayed com.jurnalsaham.jurnalsahamihsg/org.kivy.android.PythonActivity: +589ms
03-07 12:16:47.554  1823  3982 D OppoDisplayPolicy: com.jurnalsaham.jurnalsahamihsg, no change cutoutMode: 0
03-07 12:16:47.555 31216 31216 I Choreographer: Skipped 31 frames!  The application may be doing too much work on its main thread.
03-07 12:16:47.556  1823  3138 I ColorHansManager : unfreeze uid: 10167 package: com.instagram.android reason: F-direct scene: FastFreezerScene
03-07 12:16:47.557  1823  3138 I ColorHansManager : unfreeze uid: 10307 package: com.truecaller reason: F-direct scene: FastFreezerScene
03-07 12:16:47.559  1823  3138 I ColorHansManager : unfreeze uid: 10455 package: com.facebook.katana reason: F-direct scene: FastFreezerScene
03-07 12:16:47.561  1823  2011 D PowerManagerService: setScreenBrightnessOverrideFromWindowManagerInternal brightness=NaN mScreenBrightnessOverrideFromWindowManager=NaN
03-07 12:16:47.561  1823  3138 I ColorHansManager : unfreeze uid: 10613 package: com.alibaba.intl.android.apps.poseidon reason: F-direct scene: FastFreezerScene
03-07 12:16:47.562  1823  3138 I ColorHansManager : uid: 10613, state: M -> D
03-07 12:16:47.563  1823  3138 I ColorHansManager : unfreeze uid: 10296 package: com.instagram.barcelona reason: F-direct scene: FastFreezerScene
03-07 12:16:47.564  1823  3138 I ColorHansManager : unfreeze uid: 10282 package: com.tokopedia.sellerapp reason: F-direct scene: FastFreezerScene
03-07 12:16:47.565  1823  3138 I ColorHansManager : uid: 10282, state: M -> D
03-07 12:16:47.566  1823  3138 I ColorHansManager : unfreeze uid: 10203 package: com.tokopedia.tkpd reason: F-direct scene: FastFreezerScene
03-07 12:16:47.566  1823  3138 I ColorHansManager : uid: 10203, state: M -> D
03-07 12:16:47.566  1823  2751 I InputDispatcher: Focus entered window: Window{14bb1ef u0 com.jurnalsaham.jurnalsahamihsg/org.kivy.android.PythonActivity} in display 0
03-07 12:16:47.567  1823  3138 I ColorHansManager : unfreeze uid: 10179 package: com.apps.MyXL reason: F-direct scene: FastFreezerScene
03-07 12:16:47.571  1823  3138 I ColorHansManager : unfreeze uid: 10171 package: com.ss.android.ugc.trill reason: F-direct scene: FastFreezerScene
03-07 12:16:47.571  1823  3138 I ColorHansManager : uid: 10171, state: M -> D
03-07 12:16:47.572  1823  3138 I ColorHansManager : unfreeze uid: 10152 package: com.lazada.android reason: F-direct scene: FastFreezerScene
03-07 12:16:47.573  1823  3138 I ColorHansManager : uid: 10152, state: M -> D
03-07 12:16:47.574  1823  3138 I ColorHansManager : unfreeze uid: 10030 package: com.shopee.id reason: F-direct scene: FastFreezerScene
03-07 12:16:47.575  1823  3138 I ColorHansManager : uid: 10030, state: M -> D
03-07 12:16:47.575 31498 31580 I python  : Initialized python
03-07 12:16:47.575 31498 31580 I python  : AND: Init threads
03-07 12:16:47.575  1823  3138 I ColorHansManager : unfreeze uid: 10009 package: org.zwanoo.android.speedtest reason: F-direct scene: FastFreezerScene
03-07 12:16:47.575 31498 31580 I python  : testing python print redirection
03-07 12:16:47.576  1823  3138 I ColorHansManager : unfreeze uid: 10006 package: com.wakeup.howear reason: F-direct scene: FastFreezerScene
03-07 12:16:47.577  1823  3138 I ColorHansManager : uid: 10006, state: M -> D
03-07 12:16:47.577 31498 31580 I python  : Android path ['.', '/data/user/0/com.jurnalsaham.jurnalsahamihsg/files/app/_python_bundle/stdlib.zip', '/data/user/0/com.jurnalsaham.jurnalsahamihsg/files/app/_python_bundle/modules', '/data/user/0/com.jurnalsaham.jurnalsahamihsg/files/app/_python_bundle/site-packages']
03-07 12:16:47.577  1823  3138 I ColorHansManager : exit fastfreezer, reason:F-direct
03-07 12:16:47.577 31498 31580 I python  : os.environ is environ({'PATH': '/product/bin:/apex/com.android.runtime/bin:/apex/com.android.art/bin:/system_ext/bin:/system/bin:/system/xbin:/odm/bin:/vendor/bin:/vendor/xbin', 'ANDROID_BOOTLOGO': '1', 'ANDROID_ROOT': '/system', 'ANDROID_ASSETS': '/system/app', 'ANDROID_DATA': '/data', 'ANDROID_STORAGE': '/storage', 'ANDROID_ART_ROOT': '/apex/com.android.art', 'ANDROID_I18N_ROOT': '/apex/com.android.i18n', 'ANDROID_TZDATA_ROOT': '/apex/com.android.tzdata', 'EXTERNAL_STORAGE': '/sdcard', 'ASEC_MOUNTPOINT': '/mnt/asec', 'BOOTCLASSPATH': '/apex/com.android.art/javalib/core-oj.jar:/apex/com.android.art/javalib/core-libart.jar:/apex/com.android.art/javalib/core-icu4j.jar:/apex/com.android.art/javalib/okhttp.jar:/apex/com.android.art/javalib/bouncycastle.jar:/apex/com.android.art/javalib/apache-xml.jar:/system/framework/framework.jar:/system/framework/ext.jar:/system/framework/telephony-common.jar:/system/framework/voip-common.jar:/system/framework/ims-common.jar:/system/framework/framework-atb-backward-compatibility.jar:/system/framework/oplus-framework.jar:/system/framework/coloros-support-wrapper.jar:/system/framework/ifaamanager.jar:/system/framework/tcmiface.jar:/system/framework/telephony-ext.jar:/system/framework/qcom.fmradio.jar:/system/framework/QPerformance.jar:/system/framework/UxPerformance.jar:/system/framework/WfdCommon.jar:/apex/com.android.conscrypt/javalib/conscrypt.jar:/apex/com.android.media/javalib/updatable-media.jar:/apex/com.android.mediaprovider/javalib/framework-mediaprovider.jar:/apex/com.android.os.statsd/javalib/framework-statsd.jar:/apex/com.android.permission/javalib/framework-permission.jar:/apex/com.android.sdkext/javalib/framework-sdkextensions.jar:/apex/com.android.wifi/javalib/framework-wifi.jar:/apex/com.android.tethering/javalib/framework-tethering.jar', 'DEX2OATBOOTCLASSPATH': '/apex/com.android.art/javalib/core-oj.jar:/apex/com.android.art/javalib/core-libart.jar:/apex/com.android.art/javalib/core-icu4j.jar:/apex/com.android.art/javalib/okhttp.jar:/apex/com.android.art/javalib/bouncycastle.jar:/apex/com.android.art/javalib/apache-xml.jar:/system/framework/framework.jar:/system/framework/ext.jar:/system/framework/telephony-common.jar:/system/framework/voip-common.jar:/system/framework/ims-common.jar:/system/framework/framework-atb-backward-compatibility.jar:/system/framework/oplus-framework.jar:/system/framework/coloros-support-wrapper.jar:/system/framework/ifaamanager.jar:/system/framework/tcmiface.jar:/system/framework/telephony-ext.jar:/system/framework/qcom.fmradio.jar:/system/framework/QPerformance.jar:/system/framework/UxPerformance.jar:/system/framework/WfdCommon.jar', 'SYSTEMSERVERCLASSPATH': '/system/framework/com.android.location.provider.jar:/system/framework/services.jar:/system/framework/ethernet-service.jar:/system/framework/oplus-services.jar:/system/framework/coloros-internal-services.jar:/system/framework/oplus-service-jobscheduler.jar:/apex/com.android.permission/javalib/service-permission.jar:/apex/com.android.wifi/javalib/service-wifi.jar:/apex/com.android.ipsec/javalib/android.net.ipsec.ike.jar', 'MY_CUSTOM_ROOT': '/my_custom', 'MY_SPECIAL_PRELOAD_ROOT': '/special_preload', 'MY_CARRIER_ROOT': '/my_carrier', 'MY_REGION_ROOT': '/my_region', 'MY_COMPANY_ROOT': '/my_company', 'MY_ENGINEER_ROOT': '/my_engineering', 'MY_ENGINEERING_ROOT': '/my_engineering', 'MY_PRODUCT_ROOT': '/my_product', 'MY_VERSION_ROOT': '/my_version', 'MY_OPERATOR_ROOT': '/my_carrier', 'MY_COUNTRY_ROOT': '/my_region', 'MY_ODM_ROOT': '/odm', 'MY_PRELOAD_ROOT': '/my_preload', 'MY_HEYTAP_ROOT': '/my_heytap', 'MY_STOCK_ROOT': '/my_stock', 'OPPO_CUSTOM_ROOT': '/my_company', 'OPPO_ENGINEER_ROOT': '/my_engineering', 'OPPO_PRODUCT_ROOT': '/my_product', 'OPPO_VERSION_ROOT': '/my_version', 'MY_MANIFEST_ROOT': '/my_manifest', 'DOWNLOAD_CACHE': '/data/cache', 'XKIT': '/system/system_ext/xbin/xkit_10', 'ANDROID_SOCKET_zygote': '21', 'ANDROID_SOCKET_usap_pool_primary': '22', 'ANDROID_ENTRYPOINT': 'main.pyc', 'ANDROID_ARGUMENT': '/data/user/0/com.jurnalsaham.jurnalsahamihsg/files
03-07 12:16:47.577 31498 31580 I python  : Android kivy bootstrap done. __name__ is __main__
03-07 12:16:47.578 31498 31580 I python  : AND: Ran string
03-07 12:16:47.578 31498 31580 I python  : Run user program, change dir and execute entrypoint
03-07 12:16:47.578  1823  3138 D OppoBasePowerManagerService: do restore jobs
03-07 12:16:47.579  1823  3144 I ColorHansManager : stateRToFFreeze--imporant case: pkgName: com.wakeup.howear, reason: lastResumeProtect
03-07 12:16:47.580  1823  3144 I ColorHansManager : stateRToFFreeze--imporant case: pkgName: org.zwanoo.android.speedtest, reason: lastResumeProtect
03-07 12:16:47.581  1823  3144 I ColorHansManager : pkg: id.dana,state: R -> F
03-07 12:16:47.582 31498 31498 V SDL     : onWindowFocusChanged(): true
03-07 12:16:47.587  1823  5657 D InputMethodManagerService: isSecurity: attribute.packageName=com.jurnalsaham.jurnalsahamihsg
03-07 12:16:47.587  1823  5657 D InputMethodManagerService: isSecurity= false (  enable=false needShow=false inBlackList=false  isExist=true )
03-07 12:16:47.578  1823  3138 I chatty  : uid=1000(system) HansManagerHand identical 2 lines
03-07 12:16:47.578  1823  3138 D OppoBasePowerManagerService: do restore jobs
03-07 12:16:47.587  1823  5657 D ColorInputMethodManagerServiceEx: onHandleImeWindowVisibleStatus handledVis: 0, switcher visible: 0, switcher active: 0, needsToShowImeSwitcher: false
03-07 12:16:47.588  3294  3294 E Parcel  : Reading a NULL string not supported here.
03-07 12:16:47.588  1823  5657 D ColorInputMethodManagerServiceEx: onHandleImeWindowVisibleStatus handledVis: 0, switcher visible: 0, switcher active: 0, needsToShowImeSwitcher: false
03-07 12:16:47.596  1823  2011 D PowerManagerService: setScreenBrightnessOverrideFromWindowManagerInternal brightness=NaN mScreenBrightnessOverrideFromWindowManager=NaN
03-07 12:16:47.596  1823  3144 I ColorHansManager : freeze uid: 10650 package: id.dana reason: F-direct scene: LcdOnScene
03-07 12:16:47.597  6229 31743 D IHansComunication: HANS sendMessageToKernel: threadId = 485849107648, netLinkSetup = 1, type = PKG, targetUid = 10650, pkgCmd = ADD_ONE_UID
03-07 12:16:47.598  1823  3144 I ColorHansManager : pkg: com.google.android.apps.youtube.creator,state: R -> F
03-07 12:16:47.600  1823  3144 I ColorHansManager : freeze uid: 10018 package: com.google.android.apps.youtube.creator reason: F-direct scene: LcdOnScene
03-07 12:16:47.600  1150  1150 E OppoExLayer: using cid as pid, cid=31498, name=Background for -SurfaceView - com.jurnalsaham.jurnalsahamihsg/org.kivy.android.PythonActivity#0
03-07 12:16:47.601  4239  4239 I GoogleInputMethodService: GoogleInputMethodService.onFinishInput():2113 
03-07 12:16:47.601  1823  2635 D OppoNwPowerService: Hans update:[10018=true][0|0] blackList:[10018]
03-07 12:16:47.602  1823  3138 I ColorHansManager : unfreeze uid: 10650 package: id.dana reason: ExecutingComponent scene: LcdOnScene
03-07 12:16:47.603  4239  4239 I Module  : DeviceLockedStatusModuleProvider$Module.updateDeviceLockedStatus():103 repeatCheckTimes = 0, locked = false
03-07 12:16:47.603  1823  3138 I ColorHansManager : pkg: id.dana,state: F -> M
03-07 12:16:47.603  1823  2011 D PowerManagerService: setScreenBrightnessOverrideFromWindowManagerInternal brightness=NaN mScreenBrightnessOverrideFromWindowManager=NaN
03-07 12:16:47.604  4239  4239 I GoogleInputMethodService: GoogleInputMethodService.onStartInput():1384 onStartInput(EditorInfo{EditorInfo{packageName=com.jurnalsaham.jurnalsahamihsg, inputType=0, inputTypeString=NULL, enableLearning=false, autoCorrection=false, autoComplete=false, imeOptions=0, privateImeOptions=null, actionName=UNSPECIFIED, actionLabel=null, initialSelStart=-1, initialSelEnd=-1, initialCapsMode=0, label=null, fieldId=-1, fieldName=null, extras=null, hintText=null, hintLocales=[]}}, false)
03-07 12:16:47.604  4239  4239 I AndroidIME: LatinIMEBase.updateInputViewCoverNavigation():314 Update input view padding, extendsTouchBelowSpace=false, bottom inset=149
03-07 12:16:47.604  1823  3144 I ColorHansManager : stateRToFFreeze--imporant case: pkgName: com.lazada.android, reason: lastResumeProtect
03-07 12:16:47.605  1823  3144 I ColorHansManager : stateRToFFreeze--imporant case: pkgName: com.tokopedia.sellerapp, reason: lastResumeProtect
03-07 12:16:47.605  4239  4239 I Module  : DeviceLockedStatusModuleProvider$Module.updateDeviceLockedStatus():103 repeatCheckTimes = 1, locked = false
03-07 12:16:47.606  1823  3144 I ColorHansManager : stateRToFFreeze--imporant case: pkgName: com.shopee.id, reason: lastResumeProtect
03-07 12:16:47.608  1823  3144 I ColorHansManager : stateRToFFreeze--imporant case: pkgName: com.instagram.barcelona, reason: lastResumeProtect
03-07 12:16:47.609  1823  3144 I ColorHansManager : stateRToFFreeze--imporant case: pkgName: com.ss.android.ugc.trill, reason: lastResumeProtect
03-07 12:16:47.604  1823  2011 D PowerManagerService: setScreenBrightnessOverrideFromWindowManagerInternal brightness=NaN mScreenBrightnessOverrideFromWindowManager=NaN
03-07 12:16:47.609  1823  2750 D ColorInputMethodManagerServiceEx: onHandleImeWindowVisibleStatus handledVis: 0, switcher visible: 0, switcher active: 0, needsToShowImeSwitcher: false
03-07 12:16:47.610  1823  3144 I ColorHansManager : stateRToFFreeze--imporant case: pkgName: com.apps.MyXL, reason: lastResumeProtect
03-07 12:16:47.612  1823  2751 D OppoDisplayPolicy: com.android.systemui, change system app cutoutMode: color always
03-07 12:16:47.612 31540 31540 I id.dana : Waiting for a blocking GC ClassLinker
03-07 12:16:47.612  1823  3144 I ColorHansManager : stateRToFFreeze--imporant case: pkgName: com.tokopedia.tkpd, reason: lastResumeProtect
03-07 12:16:47.613  1823  3144 I ColorHansManager : stateRToFFreeze--imporant case: pkgName: com.alibaba.intl.android.apps.poseidon, reason: lastResumeProtect
03-07 12:16:47.615  1150  1150 D OppoExLayer: ~Layer() sequence=14740, name=com.oppo.launcher/com.oppo.launcher.Launcher#0@0x747310c000
03-07 12:16:47.623  1823  2011 D PowerManagerService: setScreenBrightnessOverrideFromWindowManagerInternal brightness=NaN mScreenBrightnessOverrideFromWindowManager=NaN
03-07 12:16:47.623  1823  2635 D OppoNwPowerService: Hans update:[10018=false][0|0] blackList:[]
03-07 12:16:47.623  1823  3138 I ColorHansManager : unfreeze uid: 10018 package: com.google.android.apps.youtube.creator reason: ExecutingComponent scene: LcdOnScene
03-07 12:16:47.624  1823  3138 I ColorHansManager : pkg: com.google.android.apps.youtube.creator,state: F -> M
03-07 12:16:47.624  1823  2011 D PowerManagerService: setScreenBrightnessOverrideFromWindowManagerInternal brightness=NaN mScreenBrightnessOverrideFromWindowManager=NaN
03-07 12:16:47.625  1823  2008 D OplusAppBwCore: onUidImportance: 10049, 125
03-07 12:16:47.625  1134  1616 D AudioPolicyService: updateUidStates_l() allowCapture=true because of on TOP AND uses VOICE_RECOGNITION OR uses HOTWORD
03-07 12:16:47.625  1134  1616 D AudioPolicyService: updateUidStates_l() current->uid=10070 current->pid=17223 allowCapture=1 UidState=5 apmStat=1
03-07 12:16:47.625  1134  2524 D AudioPolicyService: updateUidStates_l() allowCapture=true because of on TOP AND uses VOICE_RECOGNITION OR uses HOTWORD
03-07 12:16:47.625  1134  2524 D AudioPolicyService: updateUidStates_l() current->uid=10070 current->pid=17223 allowCapture=1 UidState=5 apmStat=1
03-07 12:16:47.626  1134  2524 D AudioPolicyService: updateUidStates_l() allowCapture=true because of on TOP AND uses VOICE_RECOGNITION OR uses HOTWORD
03-07 12:16:47.626  1134  2524 D AudioPolicyService: updateUidStates_l() current->uid=10070 current->pid=17223 allowCapture=1 UidState=5 apmStat=1
03-07 12:16:47.626  1134  2524 D AudioPolicyService: updateUidStates_l() allowCapture=true because of on TOP AND uses VOICE_RECOGNITION OR uses HOTWORD
03-07 12:16:47.626  1134  2524 D AudioPolicyService: updateUidStates_l() current->uid=10070 current->pid=17223 allowCapture=1 UidState=5 apmStat=1
03-07 12:16:47.634  1823  3982 D OppoDisplayPolicy: com.android.systemui, change system app cutoutMode: color always
03-07 12:16:47.665 23306 23306 D BoundBrokerSvc: onUnbind: Intent { act=com.google.android.gms.measurement.START pkg=com.google.android.gms }
03-07 12:16:47.687 31498 31498 W SDLThread: type=1400 audit(0.0:212952): avc: granted { execute } for path="/data/data/com.jurnalsaham.jurnalsahamihsg/files/app/_python_bundle/modules/_lzma.cpython-311.so" dev="sda14" ino=3567351 scontext=u:r:untrusted_app:s0:c5,c259,c512,c768 tcontext=u:object_r:app_data_file:s0:c5,c259,c512,c768 tclass=file app=com.lazada.android
03-07 12:16:47.727 31498 31498 W SDLThread: type=1400 audit(0.0:212953): avc: granted { execute } for path="/data/data/com.jurnalsaham.jurnalsahamihsg/files/app/_python_bundle/modules/_typing.cpython-311.so" dev="sda14" ino=3568780 scontext=u:r:untrusted_app:s0:c5,c259,c512,c768 tcontext=u:object_r:app_data_file:s0:c5,c259,c512,c768 tclass=file app=com.lazada.android
03-07 12:16:47.745  1823  2591 W OplusNetworkStackService: notifyScoreChange! type = 3,score=85
03-07 12:16:47.762 31529 31529 I TetheringManager: registerTetheringEventCallback:com.google.android.apps.youtube.creator
03-07 12:16:47.765  1150  1150 D OppoExLayer: ~Layer() sequence=14763, name=Surface(name=8fa3e39 Splash Screen com.jurnalsaham.jurnalsahamihsg)/@0x1fb7856 - animation-leash#0@0x74731ca000
03-07 12:16:47.765  1150  1150 D OppoExLayer: ~Layer() sequence=14750, name=8fa3e39 Splash Screen com.jurnalsaham.jurnalsahamihsg#0@0x7473108000
03-07 12:16:47.766  1150  1150 D OppoExLayer: ~Layer() sequence=14751, name=Splash Screen com.jurnalsaham.jurnalsahamihsg#0@0x74730ac000
03-07 12:16:47.638  1823  2011 I chatty  : uid=1000(system) android.display identical 1 line
03-07 12:16:47.756  1823  2011 D PowerManagerService: setScreenBrightnessOverrideFromWindowManagerInternal brightness=NaN mScreenBrightnessOverrideFromWindowManager=NaN
03-07 12:16:47.771  1823  3982 D ConnectivityService: requestNetwork for uid/pid:10018/31529 NetworkRequest [ TRACK_DEFAULT id=18686, [ Capabilities: INTERNET&NOT_RESTRICTED&TRUSTED Uid: 10018 AdministratorUids: [] RequestorUid: 10018 RequestorPackageName: com.google.android.apps.youtube.creator] ]
03-07 12:16:47.771  1823  2512 D ConnectivityService: NetReassign [18686 : null �? 167]
03-07 12:16:47.772  1823  2474 D UntrustedWifiNetworkFactory: got request NetworkRequest [ TRACK_DEFAULT id=18686, [ Capabilities: INTERNET&NOT_RESTRICTED&TRUSTED Uid: 10018 AdministratorUids: [] RequestorUid: 10018 RequestorPackageName: com.google.android.apps.youtube.creator] ] with score 79 and providerId 6
03-07 12:16:47.772  1823  2474 D WifiNetworkFactory: got request NetworkRequest [ TRACK_DEFAULT id=18686, [ Capabilities: INTERNET&NOT_RESTRICTED&TRUSTED Uid: 10018 AdministratorUids: [] RequestorUid: 10018 RequestorPackageName: com.google.android.apps.youtube.creator] ] with score 79 and providerId 6
03-07 12:16:47.772  1823  2604 D Ethernet: got request NetworkRequest [ TRACK_DEFAULT id=18686, [ Capabilities: INTERNET&NOT_RESTRICTED&TRUSTED Uid: 10018 AdministratorUids: [] RequestorUid: 10018 RequestorPackageName: com.google.android.apps.youtube.creator] ] with score 79 and providerId 6
03-07 12:16:47.773  1823  2502 D OplusWifiNetworkFactory2: got request NetworkRequest [ TRACK_DEFAULT id=18686, [ Capabilities: INTERNET&NOT_RESTRICTED&TRUSTED Uid: 10018 AdministratorUids: [] RequestorUid: 10018 RequestorPackageName: com.google.android.apps.youtube.creator] ] with score 79 and providerId 6
03-07 12:16:47.773  3273  3273 D PhoneSwitcherNetworkRequstListener: got request NetworkRequest [ TRACK_DEFAULT id=18686, [ Capabilities: INTERNET&NOT_RESTRICTED&TRUSTED Uid: 10018 AdministratorUids: [] RequestorUid: 10018 RequestorPackageName: com.google.android.apps.youtube.creator] ] with score 79 and providerId 6
03-07 12:16:47.775  1823  2011 D PowerManagerService: setScreenBrightnessOverrideFromWindowManagerInternal brightness=NaN mScreenBrightnessOverrideFromWindowManager=NaN
03-07 12:16:47.837 31498 31498 W SDLThread: type=1400 audit(0.0:212954): avc: granted { execute } for path="/data/data/com.jurnalsaham.jurnalsahamihsg/files/app/_python_bundle/modules/math.cpython-311.so" dev="sda14" ino=3569036 scontext=u:r:untrusted_app:s0:c5,c259,c512,c768 tcontext=u:object_r:app_data_file:s0:c5,c259,c512,c768 tclass=file app=com.lazada.android
03-07 12:16:47.837 31498 31498 W SDLThread: type=1400 audit(0.0:212955): avc: granted { execute } for path="/data/data/com.jurnalsaham.jurnalsahamihsg/files/app/_python_bundle/modules/_heapq.cpython-311.so" dev="sda14" ino=3567239 scontext=u:r:untrusted_app:s0:c5,c259,c512,c768 tcontext=u:object_r:app_data_file:s0:c5,c259,c512,c768 tclass=file app=com.lazada.android
03-07 12:16:47.847 31498 31498 W SDLThread: type=1400 audit(0.0:212956): avc: granted { execute } for path="/data/data/com.jurnalsaham.jurnalsahamihsg/files/app/_python_bundle/modules/_queue.cpython-311.so" dev="sda14" ino=3567970 scontext=u:r:untrusted_app:s0:c5,c259,c512,c768 tcontext=u:object_r:app_data_file:s0:c5,c259,c512,c768 tclass=file app=com.lazada.android
03-07 12:16:47.875 31529 31598 D CompatibilityChangeReporter: Compat change id reported: 147600208; UID 10018; state: ENABLED
03-07 12:16:47.867 31498 31498 W SDLThread: type=1400 audit(0.0:212957): avc: granted { execute } for path="/data/data/com.jurnalsaham.jurnalsahamihsg/files/app/_python_bundle/modules/_opcode.cpython-311.so" dev="sda14" ino=3567688 scontext=u:r:untrusted_app:s0:c5,c259,c512,c768 tcontext=u:object_r:app_data_file:s0:c5,c259,c512,c768 tclass=file app=com.lazada.android
03-07 12:16:47.926 21100 21100 D BoundBrokerSvc: onRebind: Intent { act=com.google.android.gms.common.telemetry.service.START dat=chimera-action: cmp=com.google.android.gms/.chimera.PersistentApiService }
03-07 12:16:47.954 31498 31580 I python  : [INFO   ] [Logger      ] Record log in /data/user/0/com.jurnalsaham.jurnalsahamihsg/files/.kivy/logs/kivy_26-03-07_20.txt
03-07 12:16:47.955 31498 31580 I python  : [INFO   ] [Kivy        ] v2.3.0
03-07 12:16:47.955 31498 31580 I python  : [INFO   ] [Kivy        ] Installed at "/data/user/0/com.jurnalsaham.jurnalsahamihsg/files/app/_python_bundle/site-packages/kivy/__init__.pyc"
03-07 12:16:47.956 31498 31580 I python  : [INFO   ] [Python      ] v3.11.5 (main, Mar  6 2026, 19:02:38) [Clang 14.0.6 (https://android.googlesource.com/toolchain/llvm-project 4c603efb0
03-07 12:16:47.957 31498 31580 I python  : [INFO   ] [Python      ] Interpreter at ""
03-07 12:16:47.958 31498 31580 I python  : [INFO   ] [Logger      ] Purge log fired. Processing...
03-07 12:16:47.958  2640  2666 D OplusCoreAppService: isPackageContainsOplusCertificates be called
03-07 12:16:47.959 31529 31595 W System  : ClassLoader referenced unknown path: 
03-07 12:16:47.963 31498 31580 I python  : [INFO   ] [Logger      ] Purge finished!
03-07 12:16:47.969 31529 31620 E Parcel  : Reading a NULL string not supported here.
03-07 12:16:47.976 31529 31586 D BaseJobBuilder: set process for client: com.google.android.apps.youtube.creator
03-07 12:16:47.988  1823  1834 I system_server: Background young concurrent copying GC freed 428429(14MB) AllocSpace objects, 115(2364KB) LOS objects, 11% free, 103MB/115MB, paused 545us total 122.482ms
03-07 12:16:47.989  1823  1836 W System  : A resource failed to call release. 
03-07 12:16:47.989  1823  1836 I chatty  : uid=1000(system) FinalizerDaemon identical 1 line
03-07 12:16:47.989  1823  1836 W System  : A resource failed to call release. 
03-07 12:16:47.990  1150  1150 D OppoExLayer: ~Layer() sequence=14744, name=Surface(name=2213480 InputMethod)/@0x60f9efe - animation-leash#0@0x7456f18000
03-07 12:16:47.996 31529 31606 D BaseJobBuilder: set process for client: com.google.android.apps.youtube.creator
03-07 12:16:48.004 31529 31644 W GooglePlayServicesUtil: Google Play services out of date for com.google.android.apps.youtube.creator.  Requires 260930000 but found 260834022
03-07 12:16:48.012 31529 31606 D BaseJobBuilder: set process for client: com.google.android.apps.youtube.creator
03-07 12:16:48.020  1823  5657 D ConnectivityService: requestNetwork for uid/pid:10018/31529 NetworkRequest [ TRACK_DEFAULT id=18687, [ Capabilities: INTERNET&NOT_RESTRICTED&TRUSTED Uid: 10018 AdministratorUids: [] RequestorUid: 10018 RequestorPackageName: com.google.android.apps.youtube.creator] ]
03-07 12:16:48.020  1823  2512 D ConnectivityService: NetReassign [18687 : null �? 167]
03-07 12:16:48.021  1823  2474 D UntrustedWifiNetworkFactory: got request NetworkRequest [ TRACK_DEFAULT id=18687, [ Capabilities: INTERNET&NOT_RESTRICTED&TRUSTED Uid: 10018 AdministratorUids: [] RequestorUid: 10018 RequestorPackageName: com.google.android.apps.youtube.creator] ] with score 79 and providerId 6
03-07 12:16:48.021  1823  2474 D WifiNetworkFactory: got request NetworkRequest [ TRACK_DEFAULT id=18687, [ Capabilities: INTERNET&NOT_RESTRICTED&TRUSTED Uid: 10018 AdministratorUids: [] RequestorUid: 10018 RequestorPackageName: com.google.android.apps.youtube.creator] ] with score 79 and providerId 6
03-07 12:16:48.021  3273  3273 D PhoneSwitcherNetworkRequstListener: got request NetworkRequest [ TRACK_DEFAULT id=18687, [ Capabilities: INTERNET&NOT_RESTRICTED&TRUSTED Uid: 10018 AdministratorUids: [] RequestorUid: 10018 RequestorPackageName: com.google.android.apps.youtube.creator] ] with score 79 and providerId 6
03-07 12:16:48.021  1823  2604 D Ethernet: got request NetworkRequest [ TRACK_DEFAULT id=18687, [ Capabilities: INTERNET&NOT_RESTRICTED&TRUSTED Uid: 10018 AdministratorUids: [] RequestorUid: 10018 RequestorPackageName: com.google.android.apps.youtube.creator] ] with score 79 and providerId 6
03-07 12:16:48.021  1823  2502 D OplusWifiNetworkFactory2: got request NetworkRequest [ TRACK_DEFAULT id=18687, [ Capabilities: INTERNET&NOT_RESTRICTED&TRUSTED Uid: 10018 AdministratorUids: [] RequestorUid: 10018 RequestorPackageName: com.google.android.apps.youtube.creator] ] with score 79 and providerId 6
03-07 12:16:48.040 23306 27256 W OplusExSystemServiceHelper: checkOplusExSystemService intent getComponent is null
03-07 12:16:48.048 31529 31670 E Parcel  : Reading a NULL string not supported here.
03-07 12:16:48.049 23306 23336 E Parcel  : Reading a NULL string not supported here.
03-07 12:16:48.074 23306 27256 W SQLiteLog: (28) double-quoted string literal: "1772687808074"
03-07 12:16:48.074 23306 27256 W SQLiteLog: (28) double-quoted string literal: "1"
03-07 12:16:48.090 31529 31620 E Parcel  : Reading a NULL string not supported here.
03-07 12:16:48.156 31529 31595 W linker  : Warning: "/data/app/~~gHxMH5QTm_H4WVPMwCH1kg==/com.google.android.apps.youtube.creator-Sweej22JvdO0tDpQ0P3OnQ==/split_config.arm64_v8a.apk!/lib/arm64-v8a/libcronet.145.0.7582.0.so" unused DT entry: unknown processor-specific (type 0x70000001 arg 0x0) (ignoring)
03-07 12:16:48.159  1823  5657 D ConnectivityService: requestNetwork for uid/pid:10018/31529 NetworkRequest [ TRACK_DEFAULT id=18688, [ Capabilities: INTERNET&NOT_RESTRICTED&TRUSTED Uid: 10018 AdministratorUids: [] RequestorUid: 10018 RequestorPackageName: com.google.android.apps.youtube.creator] ]
03-07 12:16:48.160  1823  2512 D ConnectivityService: NetReassign [18688 : null �? 167]
03-07 12:16:48.160  1823  2474 D UntrustedWifiNetworkFactory: got request NetworkRequest [ TRACK_DEFAULT id=18688, [ Capabilities: INTERNET&NOT_RESTRICTED&TRUSTED Uid: 10018 AdministratorUids: [] RequestorUid: 10018 RequestorPackageName: com.google.android.apps.youtube.creator] ] with score 79 and providerId 6
03-07 12:16:48.160  1823  2474 D WifiNetworkFactory: got request NetworkRequest [ TRACK_DEFAULT id=18688, [ Capabilities: INTERNET&NOT_RESTRICTED&TRUSTED Uid: 10018 AdministratorUids: [] RequestorUid: 10018 RequestorPackageName: com.google.android.apps.youtube.creator] ] with score 79 and providerId 6
03-07 12:16:48.160  3273  3273 D PhoneSwitcherNetworkRequstListener: got request NetworkRequest [ TRACK_DEFAULT id=18688, [ Capabilities: INTERNET&NOT_RESTRICTED&TRUSTED Uid: 10018 AdministratorUids: [] RequestorUid: 10018 RequestorPackageName: com.google.android.apps.youtube.creator] ] with score 79 and providerId 6
03-07 12:16:48.161  1823  2604 D Ethernet: got request NetworkRequest [ TRACK_DEFAULT id=18688, [ Capabilities: INTERNET&NOT_RESTRICTED&TRUSTED Uid: 10018 AdministratorUids: [] RequestorUid: 10018 RequestorPackageName: com.google.android.apps.youtube.creator] ] with score 79 and providerId 6
03-07 12:16:48.161  1823  2502 D OplusWifiNetworkFactory2: got request NetworkRequest [ TRACK_DEFAULT id=18688, [ Capabilities: INTERNET&NOT_RESTRICTED&TRUSTED Uid: 10018 AdministratorUids: [] RequestorUid: 10018 RequestorPackageName: com.google.android.apps.youtube.creator] ] with score 79 and providerId 6
03-07 12:16:48.166  1823  2512 D ConnectivityService: NetReassign [no changes]
03-07 12:16:48.216  1134  1616 D AudioPolicyService: updateUidStates_l() allowCapture=true because of on TOP AND uses VOICE_RECOGNITION OR uses HOTWORD
03-07 12:16:48.216  1134  1616 D AudioPolicyService: updateUidStates_l() current->uid=10070 current->pid=17223 allowCapture=1 UidState=5 apmStat=1
03-07 12:16:48.218  2640  2666 D OplusCoreAppService: isPackageContainsOplusCertificates be called
03-07 12:16:48.221  1134  1616 D AudioPolicyService: updateUidStates_l() allowCapture=true because of on TOP AND uses VOICE_RECOGNITION OR uses HOTWORD
03-07 12:16:48.222  1134  1616 D AudioPolicyService: updateUidStates_l() current->uid=10070 current->pid=17223 allowCapture=1 UidState=5 apmStat=1
03-07 12:16:48.233 31540 31684 I id.dana : The ClassLoaderContext is a special shared library.
03-07 12:16:48.283  1823  2014 W OppoBaseWatchdog: !@WatchDog_8060
03-07 12:16:48.307 31540 31707 E Parcel  : Reading a NULL string not supported here.
03-07 12:16:48.326 31540 31707 W id.dana : ClassLoaderContext classpath size mismatch. expected=14, found=0 (DLC[];PCL[base.apk*3925541856:base.apk!classes2.dex*1962173913:base.apk!classes3.dex*2020205301:base.apk!classes4.dex*960869038:base.apk!classes5.dex*3600617649:base.apk!classes6.dex*1823250005:base.apk!classes7.dex*1981843908:base.apk!classes8.dex*1088573054:base.apk!classes9.dex*3497116053:base.apk!classes10.dex*1486754099:base.apk!classes11.dex*3789079801:base.apk!classes12.dex*556847549:base.apk!classes13.dex*1596857181:base.apk!classes14.dex*3389685568]{PCL[/system/framework/org.apache.http.legacy.jar*3372527007]#PCL[/apex/com.android.extservices/javalib/android.ext.adservices.jar*1727077579]#PCL[/system/framework/com.android.location.provider.jar*1664931834]#PCL[/system/framework/com.android.media.remotedisplay.jar*1573936315]#PCL[/apex/com.android.extservices/javalib/android.ext.adservices.jar*1727077579]} | DLC[];PCL[])
03-07 12:16:48.345  2640  2666 D OplusCoreAppService: isPackageContainsOplusCertificates be called
03-07 12:16:48.346 31540 31707 W System  : ClassLoader referenced unknown path: 
03-07 12:16:48.361  1823  2537 W ActivityManager: Unable to start service Intent { cmp=com.nearme.gamecenter/com.heytap.cdo.client.util.BatteryJobService (has extras) } U=0: not found
03-07 12:16:48.361  1823  2537 D JobScheduler: Error executing JobStatus{dc4f3b7 #u0a100/1 com.nearme.gamecenter/com.heytap.cdo.client.util.BatteryJobService u=0 s=10100 TIME=-3d7h39m53s311ms:-3d7h39m53s311ms CHARGING PERIODIC PERSISTED READY}
03-07 12:16:48.362 31540 31707 W id.dana : ClassLoaderContext classpath size mismatch. expected=14, found=11 (DLC[];PCL[base.apk*3925541856:base.apk!classes2.dex*1962173913:base.apk!classes3.dex*2020205301:base.apk!classes4.dex*960869038:base.apk!classes5.dex*3600617649:base.apk!classes6.dex*1823250005:base.apk!classes7.dex*1981843908:base.apk!classes8.dex*1088573054:base.apk!classes9.dex*3497116053:base.apk!classes10.dex*1486754099:base.apk!classes11.dex*3789079801:base.apk!classes12.dex*556847549:base.apk!classes13.dex*1596857181:base.apk!classes14.dex*3389685568]{PCL[/system/framework/org.apache.http.legacy.jar*3372527007]#PCL[/apex/com.android.extservices/javalib/android.ext.adservices.jar*1727077579]#PCL[/system/framework/com.android.location.provider.jar*1664931834]#PCL[/system/framework/com.android.media.remotedisplay.jar*1573936315]#PCL[/apex/com.android.extservices/javalib/android.ext.adservices.jar*1727077579]} | DLC[];PCL[/data/app/~~mnWExLUAsndB9OjZa3uheQ==/id.dana-R28D02D49hJf9lEY-uYVNQ==/base.apk*4051020303:/data/app/~~mnWExLUAsndB9OjZa3uheQ==/id.dana-R28D02D49hJf9lEY-uYVNQ==/base.apk!classes2.dex*3696368270:/data/app/~~mnWExLUAsndB9OjZa3uheQ==/id.dana-R28D02D49hJf9lEY-uYVNQ==/base.apk!classes3.dex*2454144948:/data/app/~~mnWExLUAsndB9OjZa3uheQ==/id.dana-R28D02D49hJf9lEY-uYVNQ==/base.apk!classes4.dex*1663270541:/data/app/~~mnWExLUAsndB9OjZa3uheQ==/id.dana-R28D02D49hJf9lEY-uYVNQ==/base.apk!classes5.dex*2859843393:/data/app/~~mnWExLUAsndB9OjZa3uheQ==/id.dana-R28D02D49hJf9lEY-uYVNQ==/base.apk!classes6.dex*3084482100:/data/app/~~mnWExLUAsndB9OjZa3uheQ==/id.dana-R28D02D49hJf9lEY-uYVNQ==/base.apk!classes7.dex*3611522391:/data/app/~~mnWExLUAsndB9OjZa3uheQ==/id.dana-R28D02D49hJf9lEY-uYVNQ==/base.apk!classes8.dex*2809805332:/data/app/~~mnWExLUAsndB9OjZa3uheQ==/id.dana-R28D02D49hJf9lEY-uYVNQ==/base.apk!classes9.dex*2629421098:/data/app/~~mnWExLUAsndB9OjZa3uheQ==/id.dana-R28D02D49hJf9lEY-uYVNQ==/base.apk!classes10.dex*2661922598:/data/app/~~mnWExLUAsndB9OjZa3uheQ==/id.dana-R28D02D49hJf9lEY-uYVNQ==/split_statement.apk*2673247635]{PCL[/system/framework/org.apache.http.legacy.jar*3372527007]#PCL[/apex/com.android.extservices/javalib/android.ext.adservices.jar*1727077579]})
03-07 12:16:48.363  1823  2537 W ActivityManager: Unable to start service Intent { cmp=com.google.android.googlequicksearchbox/com.google.android.apps.gsa.tasks.BackgroundTasksJobService (has extras) } U=0: not found
03-07 12:16:48.363  1823  2537 D JobScheduler: Error executing JobStatus{f86bacb #u0a70/-358 com.google.android.googlequicksearchbox/com.google.android.apps.gsa.tasks.BackgroundTasksJobService u=0 s=10070 TIME=-3d7h39m53s309ms:-3d7h39m53s309ms NET CHARGING PERIODIC PERSISTED READY}
03-07 12:16:48.365  1823  2537 W ActivityManager: Unable to start service Intent { cmp=com.google.android.googlequicksearchbox/com.google.android.apps.gsa.tasks.BackgroundTasksJobService (has extras) } U=0: not found
03-07 12:16:48.366  1823  2537 D JobScheduler: Error executing JobStatus{f569997 #u0a70/-350 com.google.android.googlequicksearchbox/com.google.android.apps.gsa.tasks.BackgroundTasksJobService u=0 s=10070 TIME=-3d7h39m53s311ms:-3d7h39m53s311ms PERIODIC PERSISTED READY}
03-07 12:16:48.367  1823  2537 W ActivityManager: Unable to start service Intent { cmp=com.google.android.googlequicksearchbox/com.google.android.apps.gsa.tasks.BackgroundTasksJobService (has extras) } U=0: not found
03-07 12:16:48.367  1823  2537 D JobScheduler: Error executing JobStatus{d19c8fd #u0a70/-446 com.google.android.googlequicksearchbox/com.google.android.apps.gsa.tasks.BackgroundTasksJobService u=0 s=10070 TIME=-3d7h39m53s312ms:-3d7h39m53s312ms NET PERIODIC PERSISTED READY}
03-07 12:16:48.376 31540 31707 W id.dana : Found duplicate classes, falling back to extracting from APK : /data/app/~~TdIJMiaq9PTJ9a83ycLJgA==/com.google.android.gms-EKXUOf5D_RJP4pCLSSm8cg==/split_MeasurementDynamite_installtime.apk
03-07 12:16:48.376 31540 31707 W id.dana : NOTE: This wastes RAM and hurts startup performance.
03-07 12:16:48.376 31540 31707 W id.dana : Found duplicated class when checking oat files: 'Landroid/app/AppComponentFactory;' in /data/app/~~TdIJMiaq9PTJ9a83ycLJgA==/com.google.android.gms-EKXUOf5D_RJP4pCLSSm8cg==/split_MeasurementDynamite_installtime.apk!classes2.dex and /data/app/~~mnWExLUAsndB9OjZa3uheQ==/id.dana-R28D02D49hJf9lEY-uYVNQ==/base.apk!classes6.dex
03-07 12:16:48.383  1823  2537 W ActivityManager: Unable to start service Intent { cmp=com.google.android.googlequicksearchbox/com.google.android.apps.gsa.tasks.BackgroundTasksJobService (has extras) } U=0: not found
03-07 12:16:48.383  1823  2537 D JobScheduler: Error executing JobStatus{c759784 #u0a70/-462 com.google.android.googlequicksearchbox/com.google.android.apps.gsa.tasks.BackgroundTasksJobService u=0 s=10070 TIME=-3d7h39m53s327ms:-3d7h39m53s327ms PERIODIC PERSISTED READY}
03-07 12:16:48.390  1823  1871 I ActivityManager: Killing 25179:com.google.process.gservices/u0a36 (adj 999): empty #25
03-07 12:16:48.390 31529 31595 D BaseJobBuilder: set process for client: com.google.android.apps.youtube.creator
03-07 12:16:48.392  1823  1871 I ActivityManager: Killing 28758:com.google.android.projection.gearhead:car/u0a275 (adj 955): empty #26
03-07 12:16:48.395  1134  1616 D AudioPolicyService: updateUidStates_l() allowCapture=true because of on TOP AND uses VOICE_RECOGNITION OR uses HOTWORD
03-07 12:16:48.395  1134  1616 D AudioPolicyService: updateUidStates_l() current->uid=10070 current->pid=17223 allowCapture=1 UidState=5 apmStat=1
03-07 12:16:48.396  1823  2537 W ActivityManager: Unable to start service Intent { cmp=com.google.android.googlequicksearchbox/com.google.android.apps.gsa.tasks.BackgroundTasksJobService (has extras) } U=0: not found
03-07 12:16:48.396  1823  2537 D JobScheduler: Error executing JobStatus{bc75a89 #u0a70/-484 com.google.android.googlequicksearchbox/com.google.android.apps.gsa.tasks.BackgroundTasksJobService u=0 s=10070 TIME=-3d7h39m53s343ms:-3d7h39m53s343ms NET CHARGING PERIODIC PERSISTED READY}
03-07 12:16:48.398  1823  2537 W ActivityManager: Unable to start service Intent { cmp=com.google.android.googlequicksearchbox/com.google.android.apps.gsa.tasks.BackgroundTasksJobService (has extras) } U=0: not found
03-07 12:16:48.398  1823  2537 D JobScheduler: Error executing JobStatus{bbef7f9 #u0a70/-202 com.google.android.googlequicksearchbox/com.google.android.apps.gsa.tasks.BackgroundTasksJobService u=0 s=10070 TIME=-3d7h39m53s344ms:-3d7h39m53s344ms NET CHARGING PERIODIC PERSISTED READY}
03-07 12:16:48.400  1823  2537 W ActivityManager: Unable to start service Intent { cmp=com.google.android.googlequicksearchbox/com.google.android.apps.gsa.tasks.BackgroundTasksJobService (has extras) } U=0: not found
03-07 12:16:48.400  1823  2537 D JobScheduler: Error executing JobStatus{8f2d1c1 #u0a70/-362 com.google.android.googlequicksearchbox/com.google.android.apps.gsa.tasks.BackgroundTasksJobService u=0 s=10070 TIME=-3d7h39m53s346ms:-3d7h39m53s346ms PERIODIC PERSISTED READY}
03-07 12:16:48.402  1823  2537 W ActivityManager: Unable to start service Intent { cmp=com.google.android.googlequicksearchbox/com.google.android.apps.gsa.tasks.BackgroundTasksJobService (has extras) } U=0: not found
03-07 12:16:48.402  1823  2537 D JobScheduler: Error executing JobStatus{8bedc16 #u0a70/-148 com.google.android.googlequicksearchbox/com.google.android.apps.gsa.tasks.BackgroundTasksJobService u=0 s=10070 TIME=-3d7h39m53s347ms:-3d7h39m53s347ms NET PERIODIC PERSISTED READY}
03-07 12:16:48.405  1823  2537 W ActivityManager: Unable to start service Intent { cmp=com.google.android.googlequicksearchbox/com.google.android.apps.gsa.tasks.BackgroundTasksJobService (has extras) } U=0: not found
03-07 12:16:48.405  1823  2537 D JobScheduler: Error executing JobStatus{7b956ec #u0a70/-324 com.google.android.googlequicksearchbox/com.google.android.apps.gsa.tasks.BackgroundTasksJobService u=0 s=10070 TIME=-3d7h39m53s350ms:-3d7h39m53s350ms CHARGING PERIODIC PERSISTED READY}
03-07 12:16:48.406  1823  2537 W ActivityManager: Unable to start service Intent { cmp=com.google.android.googlequicksearchbox/com.google.android.apps.gsa.tasks.BackgroundTasksJobService (has extras) } U=0: not found
03-07 12:16:48.406  1823  2537 D JobScheduler: Error executing JobStatus{6c4a3a2 #u0a70/-128 com.google.android.googlequicksearchbox/com.google.android.apps.gsa.tasks.BackgroundTasksJobService u=0 s=10070 TIME=-3d7h39m53s350ms:-3d7h39m53s350ms NET PERIODIC PERSISTED READY}
03-07 12:16:48.407  1823  2537 W ActivityManager: Unable to start service Intent { cmp=com.google.android.googlequicksearchbox/com.google.android.apps.gsa.tasks.BackgroundTasksJobService (has extras) } U=0: not found
03-07 12:16:48.407  1823  2537 D JobScheduler: Error executing JobStatus{653eb6d #u0a70/-406 com.google.android.googlequicksearchbox/com.google.android.apps.gsa.tasks.BackgroundTasksJobService u=0 s=10070 TIME=-3d7h39m53s352ms:-3d7h39m53s352ms NET PERIODIC PERSISTED READY}
03-07 12:16:48.409  1823  2537 W ActivityManager: Unable to start service Intent { cmp=com.google.android.googlequicksearchbox/com.google.android.apps.gsa.tasks.BackgroundTasksJobService (has extras) } U=0: not found
03-07 12:16:48.409  1823  2537 D JobScheduler: Error executing JobStatus{3ed959f #u0a70/-480 com.google.android.googlequicksearchbox/com.google.android.apps.gsa.tasks.BackgroundTasksJobService u=0 s=10070 TIME=-3d7h39m53s354ms:-3d7h39m53s354ms NET PERIODIC PERSISTED READY}
03-07 12:16:48.410  1823  2537 W ActivityManager: Unable to start service Intent { cmp=com.google.android.googlequicksearchbox/com.google.android.apps.gsa.tasks.BackgroundTasksJobService (has extras) } U=0: not found
03-07 12:16:48.410  1823  2537 D JobScheduler: Error executing JobStatus{1c8a2af #u0a70/-486 com.google.android.googlequicksearchbox/com.google.android.apps.gsa.tasks.BackgroundTasksJobService u=0 s=10070 TIME=-3d7h39m53s357ms:-3d7h39m53s357ms NET PERIODIC PERSISTED READY}
03-07 12:16:48.431   919   919 I Zygote  : Process 25179 exited due to signal 9 (Killed)
03-07 12:16:48.439  1823  2150 I libprocessgroup: Successfully killed process cgroup uid 10036 pid 25179 in 47ms
03-07 12:16:48.443  1823  2750 D DisplayManagerService: Display listener for pid 25179 died.
03-07 12:16:48.476 19906 20121 D HoraeHelper: getAllShellTemps tSize : 4
03-07 12:16:48.477 31540 31707 E Parcel  : Reading a NULL string not supported here.
03-07 12:16:48.479 19906 20121 D HoraeHelper: Thermal length:1
03-07 12:16:48.482  1823  1834 I system_server: Background young concurrent copying GC freed 562679(16MB) AllocSpace objects, 0(0B) LOS objects, 7% free, 107MB/115MB, paused 661us total 201.701ms
03-07 12:16:48.486  1823  2750 D DisplayManagerService: Display listener for pid 28758 died.
03-07 12:16:48.488   919   919 I Zygote  : Process 28758 exited due to signal 9 (Killed)
03-07 12:16:48.490  1823  2008 D OplusAppBwCore: onUidImportance: 10275, 1000
03-07 12:16:48.491  1823  2150 I libprocessgroup: Successfully killed process cgroup uid 10275 pid 28758 in 48ms
03-07 12:16:48.492 31540 31723 E Parcel  : Reading a NULL string not supported here.
03-07 12:16:48.494 31540 31725 E Parcel  : Reading a NULL string not supported here.
03-07 12:16:48.494 31540 31725 E Parcel  : Reading a NULL string not supported here.
03-07 12:16:48.494 21100 21933 I FontLog : (REDACTED) Received query %s, URI %s
03-07 12:16:48.494 21100 21933 I FontLog : (REDACTED) Query [%s] resolved to %s
03-07 12:16:48.494 31540 31725 E Parcel  : Reading a NULL string not supported here.
03-07 12:16:48.499 31540 31725 I chatty  : uid=10650(id.dana) pool-19-thread- identical 21 lines
03-07 12:16:48.499 31540 31725 E Parcel  : Reading a NULL string not supported here.
03-07 12:16:48.500 21100 21933 I FontLog : (REDACTED) Fetch %s end status %s
03-07 12:16:48.500 31540 31725 E Parcel  : Reading a NULL string not supported here.
03-07 12:16:48.500 31540 31725 I chatty  : uid=10650(id.dana) pool-19-thread- identical 1 line
03-07 12:16:48.503 31540 31725 E Parcel  : Reading a NULL string not supported here.
03-07 12:16:48.504 21100 21933 I FontLog : (REDACTED) Pulling font file for id = %d, cache size = %d
03-07 12:16:48.504 31540 31725 E Parcel  : Reading a NULL string not supported here.
03-07 12:16:48.505 31540 31725 E Parcel  : Reading a NULL string not supported here.
03-07 12:16:48.529 31540 31731 W AudioCapabilities: Unsupported mime audio/ffmpeg
03-07 12:16:48.529 21100 21933 I FontLog : (REDACTED) Pulling font file for id = %d, cache size = %d
03-07 12:16:48.530 31540 31731 W VideoCapabilities: Unsupported mime video/ffmpeg
03-07 12:16:48.532 31540 31731 W Utils   : could not parse long range '484-472'
03-07 12:16:48.532 31540 31731 W VideoCapabilities: Unrecognized profile/level 0/3 for video/mpeg2
03-07 12:16:48.532 31540 31731 W VideoCapabilities: Unrecognized profile/level 0/3 for video/mpeg2
03-07 12:16:48.533 31540 31731 W VideoCapabilities: Unsupported mime video/x-ms-wmv
03-07 12:16:48.546 31540 31540 I WebViewFactory: Loading com.google.android.webview version 145.0.7632.120 (code 763212003)
03-07 12:16:48.559  2640  2666 D OplusCoreAppService: isPackageContainsOplusCertificates be called
03-07 12:16:48.559 31540 31540 D ApplicationLoaders: Returning zygote-cached class loader: /system/framework/android.test.base.jar
03-07 12:16:48.564 31540 31731 I PowerProfile: target project version:   power profile : /my_product/etc/power_profile/power_profile.xml
03-07 12:16:48.571 31540 31731 E libc    : Access denied finding property "vendor.camera.aux.packagelist"
03-07 12:16:48.573  1453 12755 W ServiceManager: Permission failure: android.permission.SYSTEM_CAMERA from uid=10650 pid=31540
03-07 12:16:48.574  1453 12755 E libc    : Access denied finding property "vendor.camera.debug.raw"
03-07 12:16:48.574 31540 31731 E libc    : Access denied finding property "vendor.camera.aux.packagelist"
03-07 12:16:48.576  1453 12755 W ServiceManager: Permission failure: android.permission.SYSTEM_CAMERA from uid=10650 pid=31540
03-07 12:16:48.576  1453 12755 E libc    : Access denied finding property "vendor.camera.debug.raw"
03-07 12:16:48.578  1453 12755 W ServiceManager: Permission failure: android.permission.SYSTEM_CAMERA from uid=10650 pid=31540
03-07 12:16:48.578  1453 12755 E libc    : Access denied finding property "vendor.camera.debug.raw"
03-07 12:16:48.578  1453 12755 W ServiceManager: Permission failure: android.permission.SYSTEM_CAMERA from uid=10650 pid=31540
03-07 12:16:48.578 31540 31540 W linker  : Warning: "/data/app/~~zg4Ro5r8lpSHSrdY7DKBJQ==/com.google.android.webview-d21D06t1PRtCODeHbQ_e5Q==/base.apk!/lib/arm64-v8a/libwebviewchromium.so" unused DT entry: unknown processor-specific (type 0x70000001 arg 0x0) (ignoring)
03-07 12:16:48.579  1453 12755 W ServiceManager: Permission failure: android.permission.SYSTEM_CAMERA from uid=10650 pid=31540
03-07 12:16:48.579  1453 12755 E libc    : Access denied finding property "vendor.camera.debug.raw"
03-07 12:16:48.583 31540 31730 E Parcel  : Reading a NULL string not supported here.
03-07 12:16:48.589 31540 31731 E libc    : Access denied finding property "vendor.camera.aux.packagelist"
03-07 12:16:48.591  1453 12755 W ServiceManager: Permission failure: android.permission.SYSTEM_CAMERA from uid=10650 pid=31540
03-07 12:16:48.592  1453 12755 E libc    : Access denied finding property "vendor.camera.debug.raw"
03-07 12:16:48.594  1453 12755 W ServiceManager: Permission failure: android.permission.SYSTEM_CAMERA from uid=10650 pid=31540
03-07 12:16:48.594  1453 12755 E libc    : Access denied finding property "vendor.camera.debug.raw"
03-07 12:16:48.596 21100 31446 I PhenotypeResourceReader: unable to find any Phenotype resource metadata for id.dana
03-07 12:16:48.596  1453 12755 W ServiceManager: Permission failure: android.permission.SYSTEM_CAMERA from uid=10650 pid=31540
03-07 12:16:48.596  1453 12755 W ServiceManager: Permission failure: android.permission.SYSTEM_CAMERA from uid=10650 pid=31540
03-07 12:16:48.596  1453 12755 E libc    : Access denied finding property "vendor.camera.debug.raw"
03-07 12:16:48.597  6229  6247 E IHansComunication: HANS printMessageBody: RCVed message body: type = 4, port = 86870, caller_pid = -1, caller_uid = -1, target_pid = -1, target_uid = 10650, pkg_cmd = -1
03-07 12:16:48.620 31540 31540 E MultiApp.Impl: OplusMultiAppImpl
03-07 12:16:48.622 31540 31731 E Parcel  : Reading a NULL string not supported here.
03-07 12:16:48.626 31540 31731 E Parcel  : Reading a NULL string not supported here.
03-07 12:16:48.626 31540 31540 I cr_WVCFactoryProvider: version=145.0.7632.120 (763212003) minSdkVersion=29 multiprocess=true packageId=127 splits=config.arm64_v8a,config.en,config.xxhdpi,statement,statement.config.xxhdpi
03-07 12:16:48.628 31540 31731 E Parcel  : Reading a NULL string not supported here.
03-07 12:16:48.636  1823  2537 W ActivityManager: Unable to start service Intent { cmp=com.nearme.gamecenter/com.heytap.cdo.client.util.BatteryJobService (has extras) } U=0: not found
03-07 12:16:48.636  1823  2537 D JobScheduler: Error executing JobStatus{dc4f3b7 #u0a100/1 com.nearme.gamecenter/com.heytap.cdo.client.util.BatteryJobService u=0 s=10100 TIME=-3d7h39m53s587ms:-3d7h39m53s587ms CHARGING PERIODIC PERSISTED READY}
03-07 12:16:48.638  1823  2537 W ActivityManager: Unable to start service Intent { cmp=com.google.android.googlequicksearchbox/com.google.android.apps.gsa.tasks.BackgroundTasksJobService (has extras) } U=0: not found
03-07 12:16:48.639  1823  2537 D JobScheduler: Error executing JobStatus{f86bacb #u0a70/-358 com.google.android.googlequicksearchbox/com.google.android.apps.gsa.tasks.BackgroundTasksJobService u=0 s=10070 TIME=-3d7h39m53s585ms:-3d7h39m53s585ms NET CHARGING PERIODIC PERSISTED READY}
03-07 12:16:48.640  1823  2537 W ActivityManager: Unable to start service Intent { cmp=com.google.android.googlequicksearchbox/com.google.android.apps.gsa.tasks.BackgroundTasksJobService (has extras) } U=0: not found
03-07 12:16:48.640  1823  2537 D JobScheduler: Error executing JobStatus{f569997 #u0a70/-350 com.google.android.googlequicksearchbox/com.google.android.apps.gsa.tasks.BackgroundTasksJobService u=0 s=10070 TIME=-3d7h39m53s586ms:-3d7h39m53s586ms PERIODIC PERSISTED READY}
03-07 12:16:48.643  1823  2537 W ActivityManager: Unable to start service Intent { cmp=com.google.android.googlequicksearchbox/com.google.android.apps.gsa.tasks.BackgroundTasksJobService (has extras) } U=0: not found
03-07 12:16:48.643  1823  2537 D JobScheduler: Error executing JobStatus{d19c8fd #u0a70/-446 com.google.android.googlequicksearchbox/com.google.android.apps.gsa.tasks.BackgroundTasksJobService u=0 s=10070 TIME=-3d7h39m53s588ms:-3d7h39m53s588ms NET PERIODIC PERSISTED READY}
03-07 12:16:48.645  1823  2537 W ActivityManager: Unable to start service Intent { cmp=com.google.android.googlequicksearchbox/com.google.android.apps.gsa.tasks.BackgroundTasksJobService (has extras) } U=0: not found
03-07 12:16:48.646  1823  2537 D JobScheduler: Error executing JobStatus{c759784 #u0a70/-462 com.google.android.googlequicksearchbox/com.google.android.apps.gsa.tasks.BackgroundTasksJobService u=0 s=10070 TIME=-3d7h39m53s590ms:-3d7h39m53s590ms PERIODIC PERSISTED READY}
03-07 12:16:48.647  1823  2537 W ActivityManager: Unable to start service Intent { cmp=com.google.android.googlequicksearchbox/com.google.android.apps.gsa.tasks.BackgroundTasksJobService (has extras) } U=0: not found
03-07 12:16:48.647  1823  2537 D JobScheduler: Error executing JobStatus{bc75a89 #u0a70/-484 com.google.android.googlequicksearchbox/com.google.android.apps.gsa.tasks.BackgroundTasksJobService u=0 s=10070 TIME=-3d7h39m53s595ms:-3d7h39m53s595ms NET CHARGING PERIODIC PERSISTED READY}
03-07 12:16:48.649  1823  2537 W ActivityManager: Unable to start service Intent { cmp=com.google.android.googlequicksearchbox/com.google.android.apps.gsa.tasks.BackgroundTasksJobService (has extras) } U=0: not found
03-07 12:16:48.649  1823  2537 D JobScheduler: Error executing JobStatus{bbef7f9 #u0a70/-202 com.google.android.googlequicksearchbox/com.google.android.apps.gsa.tasks.BackgroundTasksJobService u=0 s=10070 TIME=-3d7h39m53s594ms:-3d7h39m53s594ms NET CHARGING PERIODIC PERSISTED READY}
03-07 12:16:48.650  1823  2537 W ActivityManager: Unable to start service Intent { cmp=com.google.android.googlequicksearchbox/com.google.android.apps.gsa.tasks.BackgroundTasksJobService (has extras) } U=0: not found
03-07 12:16:48.650  1823  2537 D JobScheduler: Error executing JobStatus{8f2d1c1 #u0a70/-362 com.google.android.googlequicksearchbox/com.google.android.apps.gsa.tasks.BackgroundTasksJobService u=0 s=10070 TIME=-3d7h39m53s596ms:-3d7h39m53s596ms PERIODIC PERSISTED READY}
03-07 12:16:48.648 31540 31731 I chatty  : uid=10650(id.dana) pool-19-thread- identical 7 lines
03-07 12:16:48.649 31540 31731 E Parcel  : Reading a NULL string not supported here.
03-07 12:16:48.650 31540 31750 I chromium: [0307/121648.650187:INFO:android_webview/browser/variations/variations_seed_loader.cc:67] Failed to open file for reading.: No such file or directory (2)
03-07 12:16:48.651  1823  2537 W ActivityManager: Unable to start service Intent { cmp=com.google.android.googlequicksearchbox/com.google.android.apps.gsa.tasks.BackgroundTasksJobService (has extras) } U=0: not found
03-07 12:16:48.651  1823  2537 D JobScheduler: Error executing JobStatus{8bedc16 #u0a70/-148 com.google.android.googlequicksearchbox/com.google.android.apps.gsa.tasks.BackgroundTasksJobService u=0 s=10070 TIME=-3d7h39m53s596ms:-3d7h39m53s596ms NET PERIODIC PERSISTED READY}
03-07 12:16:48.653  1823  2537 W ActivityManager: Unable to start service Intent { cmp=com.google.android.googlequicksearchbox/com.google.android.apps.gsa.tasks.BackgroundTasksJobService (has extras) } U=0: not found
03-07 12:16:48.653 31540 31731 E Parcel  : Reading a NULL string not supported here.
03-07 12:16:48.653  1823  2537 D JobScheduler: Error executing JobStatus{7b956ec #u0a70/-324 com.google.android.googlequicksearchbox/com.google.android.apps.gsa.tasks.BackgroundTasksJobService u=0 s=10070 TIME=-3d7h39m53s598ms:-3d7h39m53s598ms CHARGING PERIODIC PERSISTED READY}
03-07 12:16:48.654  1823  2537 W ActivityManager: Unable to start service Intent { cmp=com.google.android.googlequicksearchbox/com.google.android.apps.gsa.tasks.BackgroundTasksJobService (has extras) } U=0: not found
03-07 12:16:48.654  1823  2537 D JobScheduler: Error executing JobStatus{6c4a3a2 #u0a70/-128 com.google.android.googlequicksearchbox/com.google.android.apps.gsa.tasks.BackgroundTasksJobService u=0 s=10070 TIME=-3d7h39m53s599ms:-3d7h39m53s599ms NET PERIODIC PERSISTED READY}
03-07 12:16:48.656  1823  2537 W ActivityManager: Unable to start service Intent { cmp=com.google.android.googlequicksearchbox/com.google.android.apps.gsa.tasks.BackgroundTasksJobService (has extras) } U=0: not found
03-07 12:16:48.656  1823  2537 D JobScheduler: Error executing JobStatus{653eb6d #u0a70/-406 com.google.android.googlequicksearchbox/com.google.android.apps.gsa.tasks.BackgroundTasksJobService u=0 s=10070 TIME=-3d7h39m53s600ms:-3d7h39m53s600ms NET PERIODIC PERSISTED READY}
03-07 12:16:48.657  1823  2537 W ActivityManager: Unable to start service Intent { cmp=com.google.android.googlequicksearchbox/com.google.android.apps.gsa.tasks.BackgroundTasksJobService (has extras) } U=0: not found
03-07 12:16:48.657  1823  2537 D JobScheduler: Error executing JobStatus{3ed959f #u0a70/-480 com.google.android.googlequicksearchbox/com.google.android.apps.gsa.tasks.BackgroundTasksJobService u=0 s=10070 TIME=-3d7h39m53s602ms:-3d7h39m53s602ms NET PERIODIC PERSISTED READY}
03-07 12:16:48.659  1823  2537 W ActivityManager: Unable to start service Intent { cmp=com.google.android.googlequicksearchbox/com.google.android.apps.gsa.tasks.BackgroundTasksJobService (has extras) } U=0: not found
03-07 12:16:48.659  1823  2537 D JobScheduler: Error executing JobStatus{1c8a2af #u0a70/-486 com.google.android.googlequicksearchbox/com.google.android.apps.gsa.tasks.BackgroundTasksJobService u=0 s=10070 TIME=-3d7h39m53s606ms:-3d7h39m53s606ms NET PERIODIC PERSISTED READY}
03-07 12:16:48.660  1823  2537 W ActivityManager: Unable to start service Intent { cmp=com.google.android.googlequicksearchbox/com.google.android.apps.gsa.tasks.BackgroundTasksJobService (has extras) } U=0: not found
03-07 12:16:48.661  1823  2537 D JobScheduler: Error executing JobStatus{1c21645 #u0a70/-352 com.google.android.googlequicksearchbox/com.google.android.apps.gsa.tasks.BackgroundTasksJobService u=0 s=10070 TIME=-3d7h39m53s607ms:-3d7h39m53s607ms NET PERIODIC PERSISTED READY}
03-07 12:16:48.659 31540 31731 I chatty  : uid=10650(id.dana) pool-19-thread- identical 3 lines
03-07 12:16:48.660 31540 31731 E Parcel  : Reading a NULL string not supported here.
03-07 12:16:48.662 31540 31540 I cr_LibraryLoader: Successfully loaded native library
03-07 12:16:48.663 31540 31731 E Parcel  : Reading a NULL string not supported here.
03-07 12:16:48.664 31540 31540 I cr_CachingUmaRecorder: Flushed 10 samples from 10 histograms, 0 samples were dropped.
03-07 12:16:48.665 31540 31731 E Parcel  : Reading a NULL string not supported here.
03-07 12:16:48.685 31540 31731 I chatty  : uid=10650(id.dana) pool-19-thread- identical 8 lines
03-07 12:16:48.686 31540 31731 E Parcel  : Reading a NULL string not supported here.
03-07 12:16:48.690  3273  3273 E OplusNecManagerHelper: com.oplus.nec.OplusNecManager.notifyOrigSignalStrengthChanged [class android.telephony.SignalStrength, int]
03-07 12:16:48.707  1823  2751 E OplusCustomizeRestrictionManagerService: isBiometricDisabled start
03-07 12:16:48.767 31540 31740 E id.dana : No package ID 6c found for ID 0x6c0b0013.
03-07 12:16:48.770 31540 31740 I FA      : App measurement initialized, version: 155007
03-07 12:16:48.770 31540 31740 I FA      : To enable debug logging run: adb shell setprop log.tag.FA VERBOSE
03-07 12:16:48.770 31540 31740 I FA      : To enable faster debug mode event logging run:
03-07 12:16:48.770 31540 31740 I FA      :   adb shell setprop debug.firebase.analytics.app id.dana
03-07 12:16:48.787 15420 15420 W kworker/0:4: type=1400 audit(0.0:212976): avc: denied { write } for name="oplus_charge" dev="sda14" ino=2359300 scontext=u:r:kernel:s0 tcontext=u:object_r:system_data_file:s0 tclass=dir permissive=0 app=com.jurnalsaham.jurnalsahamihsg
03-07 12:16:48.708  1823  2751 I chatty  : uid=1000(system) Binder:1823_6 identical 1 line
03-07 12:16:48.711  1823  2751 E OplusCustomizeRestrictionManagerService: isBiometricDisabled start
03-07 12:16:48.815  1823  5816 D BatteryLed: getLightInColorState, oppoLightMgr empty!
03-07 12:16:48.816  3273  5050 W TelephonyPermissions: reportAccessDeniedToReadIdentifiers:id.dana:getSubscriberId:2
03-07 12:16:48.823 31540 31772 I TetheringManager: registerTetheringEventCallback:id.dana
03-07 12:16:48.828 23306 25746 W OplusExSystemServiceHelper: checkOplusExSystemService intent getComponent is null
03-07 12:16:48.829 23306 23306 D BoundBrokerSvc: onBind: Intent { act=com.google.android.gms.measurement.START pkg=com.google.android.gms }
03-07 12:16:48.832 23306 23306 D BoundBrokerSvc: Loading bound service for intent: Intent { act=com.google.android.gms.measurement.START pkg=com.google.android.gms }
03-07 12:16:48.853 31540 31775 I DpmTcmClient: RegisterTcmMonitor from: $Proxy1
03-07 12:16:48.817 31498 31498 W SDLThread: type=1400 audit(0.0:212977): avc: granted { execute } for path="/data/data/com.jurnalsaham.jurnalsahamihsg/files/app/_python_bundle/modules/_socket.cpython-311.so" dev="sda14" ino=3568214 scontext=u:r:untrusted_app:s0:c5,c259,c512,c768 tcontext=u:object_r:app_data_file:s0:c5,c259,c512,c768 tclass=file app=com.lazada.android
03-07 12:16:48.827 31498 31498 W SDLThread: type=1400 audit(0.0:212978): avc: granted { execute } for path="/data/data/com.jurnalsaham.jurnalsahamihsg/files/app/_python_bundle/modules/array.cpython-311.so" dev="sda14" ino=3568858 scontext=u:r:untrusted_app:s0:c5,c259,c512,c768 tcontext=u:object_r:app_data_file:s0:c5,c259,c512,c768 tclass=file app=com.lazada.android
03-07 12:16:48.847 31498 31498 W SDLThread: type=1400 audit(0.0:212979): avc: granted { execute } for path="/data/data/com.jurnalsaham.jurnalsahamihsg/files/app/_python_bundle/modules/_ssl.cpython-311.so" dev="sda14" ino=3568447 scontext=u:r:untrusted_app:s0:c5,c259,c512,c768 tcontext=u:object_r:app_data_file:s0:c5,c259,c512,c768 tclass=file app=com.lazada.android
03-07 12:16:48.847 31498 31498 W SDLThread: type=1400 audit(0.0:212980): avc: granted { execute } for path="/data/data/com.jurnalsaham.jurnalsahamihsg/files/app/_python_bundle/modules/binascii.cpython-311.so" dev="sda14" ino=3568879 scontext=u:r:untrusted_app:s0:c5,c259,c512,c768 tcontext=u:object_r:app_data_file:s0:c5,c259,c512,c768 tclass=file app=com.lazada.android
03-07 12:16:48.874  3273  4546 W TelephonyPermissions: reportAccessDeniedToReadIdentifiers:id.dana:getIccSerialNumber:2
03-07 12:16:48.874  3273  5050 W TelephonyPermissions: reportAccessDeniedToReadIdentifiers:id.dana:getDeviceId:2
03-07 12:16:48.889  5146 32507 E MediaProvider: Permission to access file: /storage/emulated/0/.UTSystemConfig/Global/Alvin2.xml is denied
03-07 12:16:48.896 31540 31796 E Parcel  : Reading a NULL string not supported here.
03-07 12:16:48.898 21100 21933 W ProviderHelper: Unknown dynamite feature providerinstaller.dynamite
03-07 12:16:48.920  1823  2751 D BiometricService: canAuthenticate: User=0, Caller=0, Authenticators=255
03-07 12:16:48.920  1823  2751 E OplusCustomizeRestrictionManagerService: isBiometricDisabled start
03-07 12:16:48.920  1823  2751 E OplusCustomizeRestrictionManagerService: isBiometricDisabled start
03-07 12:16:48.921  1823  2751 D BiometricService: Package: id.dana Authenticator ID: 0 Modality: 2 Reported Modality: 2 Status: 1
03-07 12:16:48.921  1823  2751 D AuthService: canAuthenticate, userId: 0, callingUserId: 0, authenticators: 255, result: 0
03-07 12:16:48.922  1823  2751 E OplusCustomizeRestrictionManagerService: isBiometricDisabled start
03-07 12:16:48.931  5146  6022 W MediaProvider: Forgot to handle a top level directory in getContentUriForFile?
03-07 12:16:48.947  5146  6022 E MediaProvider: Calling package doesn't have write permission to rename file.
03-07 12:16:48.951 31540 31805 D Amcs-ConfigCenterContext: applicationInfo: {"appId":"4B3A8BA311135","workspaceId":"default"}
03-07 12:16:48.951 31540 31805 D Amcs-ConfigCenterContext: rpcProfile: {"appId":"RTC2347987","authCode":"125c","headers":{"workspaceId":"default"},"rpcGateWayUrl":"https://gw-dana.ebuckler.com/imgw.htm","timeoutMS":0}
03-07 12:16:48.951 31540 31805 D Amcs-ConfigMonitor: Monitor event [config_initialized] with bizCode [null]
03-07 12:16:48.951 31540 31805 E ac_common_get_monitor_impl_error: Can not find any implementation for bizCode:amcslite_biz
03-07 12:16:48.951 31540 31805 W ACMonitor: Cannot find iACMonitor implementation. Please setiACMonitor.
03-07 12:16:48.970  1823  5562 W TelephonyPermissions: reportAccessDeniedToReadIdentifiers:id.dana:getSerial:-1
03-07 12:16:48.976 31540 31770 E CheckPermission: _bluetooth code = 1 
03-07 12:16:48.983 31540 31540 E ANR_LOG : >>> msg's executing time is too long
03-07 12:16:48.983 31540 31540 E ANR_LOG : Blocked msg = { when=-1s733ms what=110 target=android.app.ActivityThread$H obj=AppBindData{appInfo=ApplicationInfo{4e5c6b id.dana}} } , cost  = 1727 ms
03-07 12:16:48.983 31540 31540 E ANR_LOG : >>>Current msg List is:
03-07 12:16:48.983 31540 31540 E ANR_LOG : Current msg <1> = { when=-1s731ms what=114 target=android.app.ActivityThread$H obj=CreateServiceData{token=android.os.BinderProxy@74823c8 className=androidx.work.impl.background.systemjob.SystemJobService packageName=id.dana intent=null} }
03-07 12:16:48.983 31540 31540 E ANR_LOG : Current msg <2> = { when=-1s730ms what=121 target=android.app.ActivityThread$H obj=BindServiceData{token=android.os.BinderProxy@74823c8 intent=Intent { cmp=id.dana/androidx.work.impl.background.systemjob.SystemJobService (has extras) }} }
03-07 12:16:48.983 31540 31540 E ANR_LOG : Current msg <3> = { when=-1s730ms what=9999 target=android.app.ActivityThread$H }
03-07 12:16:48.983 31540 31540 E ANR_LOG : Current msg <4> = { when=-897ms what=0 target=android.os.Handler callback=apqx$d }
03-07 12:16:48.983 31540 31540 E ANR_LOG : Current msg <5> = { when=-710ms what=0 target=android.os.Handler callback=com.google.firebase.perf.metrics.AppStartTrace$StartFromBackgroundRunnable }
03-07 12:16:48.983 31540 31540 E ANR_LOG : Current msg <6> = { when=-517ms what=114 target=android.app.ActivityThread$H obj=CreateServiceData{token=android.os.BinderProxy@94e5c61 className=com.google.firebase.sessions.SessionLifecycleService packageName=id.dana intent=null} }
03-07 12:16:48.983 31540 31540 E ANR_LOG : Current msg <7> = { when=-517ms what=121 target=android.app.ActivityThread$H obj=BindServiceData{token=android.os.BinderProxy@94e5c61 intent=Intent { act=31540 cmp=id.dana/com.google.firebase.sessions.SessionLifecycleService (has extras) }} }
03-07 12:16:48.983 31540 31540 E ANR_LOG : Current msg <8> = { when=-408ms what=0 target=android.os.Handler callback=androidx.emoji.text.EmojiCompat$c }
03-07 12:16:48.983 31540 31540 E ANR_LOG : Current msg <9> = { when=-396ms what=0 target=android.os.Handler callback=apqx$d obj=apqx$b@a891386 }
03-07 12:16:48.983 31540 31540 E ANR_LOG : Current msg <10> = { when=-372ms what=0 target=m7.jk callback=m7.yi }
03-07 12:16:48.983 31540 31540 E ANR_LOG : >>>CURRENT MSG DUMP OVER<<<
03-07 12:16:48.983 31540 31770 D BluetoothAdapter: 267670599: getState(). Returning ON
03-07 12:16:48.998 31498 31580 I python  : [INFO   ] [Factory     ] 195 symbols loaded
03-07 12:16:48.999 31540 31770 E Parcel  : Reading a NULL string not supported here.
03-07 12:16:49.003 31540 31770 I chatty  : uid=10650(id.dana) Thread-17 identical 2 lines
03-07 12:16:49.005 31540 31770 E Parcel  : Reading a NULL string not supported here.
03-07 12:16:49.006 31540 31805 I Amcs-ConfigStorage: ** loadConfig Success! bytes = 82260.
03-07 12:16:49.006 31540 31770 E Parcel  : Reading a NULL string not supported here.
03-07 12:16:49.031 31540 31770 I chatty  : uid=10650(id.dana) Thread-17 identical 10 lines
03-07 12:16:49.033 31540 31770 E Parcel  : Reading a NULL string not supported here.
03-07 12:16:49.034 31540 31805 I Amcs-ConfigMerger: ** Cached config has 20 items.
03-07 12:16:49.034 31540 31805 D Amcs-ConfigCenter: will refreshConfig...
03-07 12:16:49.035 31540 31805 D Amcs-ConfigCenter: startDnsTask prepare
03-07 12:16:49.035 31540 31805 D Amcs-ConfigCenter: startDnsTask start
03-07 12:16:49.035 31540 31805 I Amcs-PollingScheduler: Will retry refresh for task DnsCheckScheduler after 300000 ms, mCurrentTaskIndex = 0.
03-07 12:16:49.035 31540 31805 D Amcs-ConfigCenter: start fetchConfigInternal.
03-07 12:16:49.035 31540 31805 V Amcs-ConfigMerger: get: getLastUpdateVersion = 1772785072000 [ 2026-03-06 15:17:52 ]
03-07 12:16:49.036 31540 31770 E Parcel  : Reading a NULL string not supported here.
03-07 12:16:49.055 31540 31805 D Amcs-PollingScheduler: ConfigPollingScheduler tasks: 
03-07 12:16:49.055 31540 31805 D Amcs-PollingScheduler:     0 [RpcFetchTask] - delay 5779 ms
03-07 12:16:49.055 31540 31805 D Amcs-PollingScheduler:     1 [RpcFetchTask] - delay 50648 ms
03-07 12:16:49.056 31540 31828 I Amcs-FetchScheduler: [RpcFetchTask] Will do task now! mCurrentTaskIndex = 0
03-07 12:16:49.056 31540 31828 I Amcs-DefaultConfigRpcProvider: DefaultConfigRpcProvider with bizCode [null]. fetchConfigV1
03-07 12:16:49.057 31540 31828 D Rpc     : ThreadId=[54964] invoke.object=[com.iap.ac.config.lite.facade.config.AmcsConfigRpcFacade]  methodName=[fetchConfigV1]
03-07 12:16:49.062 31540 31828 I Rpc     : Will invoke RPC:
03-07 12:16:49.062 31540 31828 I Rpc     : 	operationType = ap.mobileprod.amcs.config.local.fetch
03-07 12:16:49.062 31540 31828 I Rpc     : 	request = {"business":"default","clientVersion":"2.116.0","lastResponseTime":"1772785072000","mobileModel":"RMX1971","osVersion":"11","productId":"4B3A8BA311135_ANDROID_default","reference":"","systemType":"ANDROID","utdid":"Y3N+EivONjcDAHysWWEX2p5f"}
03-07 12:16:49.064 31540 31811 W Settings: Setting android_id has moved from android.provider.Settings.System to android.provider.Settings.Secure, returning read-only value.
03-07 12:16:49.066 31540 31811 E CheckPermission: _bluetooth code = 13 
03-07 12:16:49.089  1108  1148 E ANDR-PERF-UTIL: Failed to read /sys/class/devfreq/soc:qcom,cpu0-llcc-ddr-lat/min_freq
03-07 12:16:49.089  1108  1148 E ANDR-PERF-OPTSHANDLER: Failed to read /sys/class/devfreq/soc:qcom,cpu0-llcc-ddr-lat/min_freq
03-07 12:16:49.089  1108  1148 E ANDR-PERF-RESOURCEQS: Failed to apply optimization [13, 12]
03-07 12:16:49.089  1108  1148 E ANDR-PERF-UTIL: Failed to read /sys/class/devfreq/soc:qcom,cpu6-llcc-ddr-lat/min_freq
03-07 12:16:49.089  1108  1148 E ANDR-PERF-OPTSHANDLER: Failed to read /sys/class/devfreq/soc:qcom,cpu6-llcc-ddr-lat/min_freq
03-07 12:16:49.089  1108  1148 E ANDR-PERF-RESOURCEQS: Failed to apply optimization [13, 12]
03-07 12:16:49.090  1108  1148 E ANDR-PERF-UTIL: Failed to read /sys/class/devfreq/soc:qcom,cpu0-cpu-llcc-lat/mem_latency/ratio_ceil
03-07 12:16:49.090  1108  1148 E ANDR-PERF-OPTSHANDLER: Failed to read /sys/class/devfreq/soc:qcom,cpu0-cpu-llcc-lat/mem_latency/ratio_ceil
03-07 12:16:49.090  1108  1148 E ANDR-PERF-RESOURCEQS: Failed to apply optimization [13, 8]
03-07 12:16:49.090  1108  1148 E ANDR-PERF-UTIL: Failed to read /sys/class/devfreq/soc:qcom,cpu4-cpu-llcc-lat/mem_latency/ratio_ceil
03-07 12:16:49.090  1108  1148 E ANDR-PERF-OPTSHANDLER: Failed to read /sys/class/devfreq/soc:qcom,cpu4-cpu-llcc-lat/mem_latency/ratio_ceil
03-07 12:16:49.090  1108  1148 E ANDR-PERF-RESOURCEQS: Failed to apply optimization [13, 9]
03-07 12:16:48.925  1823  2751 E OplusCustomizeRestrictionManagerService: isBiometricDisabled start
03-07 12:16:49.090  1823  3400 I ColorGameSpaceManager: in handleApplicationSwitchInner ---- gamemode = 0 ----mModeStatus = 0
03-07 12:16:49.104 31540 31828 I DefaultTimeSyncServiceImpl: get serverTime = 1772860611123, localTime = 1772860609104
03-07 12:16:49.104 31540 31828 I Rpc-BaseRpcFacadeInvoker: http request url=https://gw-dana.ebuckler.com/imgw.htm
03-07 12:16:49.104 31540 31828 W ACMonitor: Cannot find iACMonitor implementation. Please setiACMonitor.
03-07 12:16:49.105 31540 31828 V HttpTransport-HttpUrlTransport: performRequest request = {"data":"operationType=ap.mobileprod.amcs.config.local.fetch&requestData=%5B%7B%22business%22%3A%22default%22%2C%22clientVersion%22%3A%222.116.0%22%2C%22lastResponseTime%22%3A%221772785072000%22%2C%22mobileModel%22%3A%22RMX1971%22%2C%22osVersion%22%3A%2211%22%2C%22productId%22%3A%224B3A8BA311135_ANDROID_default%22%2C%22reference%22%3A%22%22%2C%22systemType%22%3A%22ANDROID%22%2C%22utdid%22%3A%22Y3N%2BEivONjcDAHysWWEX2p5f%22%7D%5D&ts=1772860611123","headers":{"AppId":"RTC2347987","Accept-Language":"en_US","workspaceId":"default","Content-Type":"application/x-www-form-urlencoded"},"method":"POST","notFollowRedirects":false,"timeoutMilliseconds":30000,"url":"https://gw-dana.ebuckler.com/imgw.htm"}
03-07 12:16:49.105 31540 31828 E HttpTransport-HttpTransportUtils: check class [okhttp3.OkHttpClient] exception: java.lang.ClassNotFoundException: okhttp3.OkHttpClient
03-07 12:16:49.105  5299  5899 I Athena  : MemoryGuardAction: triggerMemory:2000MB, availMemory:2274MB
03-07 12:16:49.109 31540 31828 I HttpTransport-HttpUrlTransport: Https protocol, will set SSLContext.
03-07 12:16:49.110 31540 31828 I HttpTransport-HttpUrlTransport: Https protocol, set SSLContext & SSLSocketFactory successfully.
03-07 12:16:49.120 21914 22338 W Settings: Setting adb_enabled has moved from android.provider.Settings.Secure to android.provider.Settings.Global.
03-07 12:16:49.192  1823  5562 D ConnectivityService: requestNetwork for uid/pid:10650/31540 NetworkRequest [ TRACK_DEFAULT id=18690, [ Capabilities: INTERNET&NOT_RESTRICTED&TRUSTED Uid: 10650 AdministratorUids: [] RequestorUid: 10650 RequestorPackageName: id.dana] ]
03-07 12:16:49.192  1823  2512 D ConnectivityService: NetReassign [18690 : null �? 167]
03-07 12:16:49.193  1823  2474 D UntrustedWifiNetworkFactory: got request NetworkRequest [ TRACK_DEFAULT id=18690, [ Capabilities: INTERNET&NOT_RESTRICTED&TRUSTED Uid: 10650 AdministratorUids: [] RequestorUid: 10650 RequestorPackageName: id.dana] ] with score 79 and providerId 6
03-07 12:16:49.193  1823  2604 D Ethernet: got request NetworkRequest [ TRACK_DEFAULT id=18690, [ Capabilities: INTERNET&NOT_RESTRICTED&TRUSTED Uid: 10650 AdministratorUids: [] RequestorUid: 10650 RequestorPackageName: id.dana] ] with score 79 and providerId 6
03-07 12:16:49.193  1823  2474 D WifiNetworkFactory: got request NetworkRequest [ TRACK_DEFAULT id=18690, [ Capabilities: INTERNET&NOT_RESTRICTED&TRUSTED Uid: 10650 AdministratorUids: [] RequestorUid: 10650 RequestorPackageName: id.dana] ] with score 79 and providerId 6
03-07 12:16:49.193  1823  2502 D OplusWifiNetworkFactory2: got request NetworkRequest [ TRACK_DEFAULT id=18690, [ Capabilities: INTERNET&NOT_RESTRICTED&TRUSTED Uid: 10650 AdministratorUids: [] RequestorUid: 10650 RequestorPackageName: id.dana] ] with score 79 and providerId 6
03-07 12:16:49.193  3273  3273 D PhoneSwitcherNetworkRequstListener: got request NetworkRequest [ TRACK_DEFAULT id=18690, [ Capabilities: INTERNET&NOT_RESTRICTED&TRUSTED Uid: 10650 AdministratorUids: [] RequestorUid: 10650 RequestorPackageName: id.dana] ] with score 79 and providerId 6
03-07 12:16:49.241 31540 31567 I id.dana : WaitForGcToComplete blocked Background on ClassLinker for 10.793ms
03-07 12:16:49.244 31540 31858 D TCBasNative: (0x75d854d1e0)Create httpclient
03-07 12:16:49.278 19464 31871 E CheckPermission: _bluetooth code = 13 
03-07 12:16:49.302 21100 21107 I .gms.persisten: Background concurrent copying GC freed 505293(23MB) AllocSpace objects, 0(0B) LOS objects, 41% free, 33MB/57MB, paused 59us total 404.142ms
03-07 12:16:49.369 31540 31796 V NativeCrypto: Registering com/google/android/gms/org/conscrypt/NativeCrypto's 334 native methods...
03-07 12:16:49.381 31540 31900 E Parcel  : Reading a NULL string not supported here.
03-07 12:16:49.452 31540 31897 E GoogleApiManager: Failed to get service from broker. 
03-07 12:16:49.452 31540 31897 E GoogleApiManager: java.lang.SecurityException: Unknown calling package name 'com.google.android.gms'.
03-07 12:16:49.452 31540 31897 E GoogleApiManager: 	at android.os.Parcel.createExceptionOrNull(Parcel.java:2389)
03-07 12:16:49.452 31540 31897 E GoogleApiManager: 	at android.os.Parcel.createException(Parcel.java:2373)
03-07 12:16:49.452 31540 31897 E GoogleApiManager: 	at android.os.Parcel.readException(Parcel.java:2356)
03-07 12:16:49.452 31540 31897 E GoogleApiManager: 	at android.os.Parcel.readException(Parcel.java:2298)
03-07 12:16:49.452 31540 31897 E GoogleApiManager: 	at bdli.a(:com.google.android.gms@260834022@26.08.34 (150400-876566425):36)
03-07 12:16:49.452 31540 31897 E GoogleApiManager: 	at bdjj.z(:com.google.android.gms@260834022@26.08.34 (150400-876566425):150)
03-07 12:16:49.452 31540 31897 E GoogleApiManager: 	at bcpp.run(:com.google.android.gms@260834022@26.08.34 (150400-876566425):42)
03-07 12:16:49.452 31540 31897 E GoogleApiManager: 	at android.os.Handler.handleCallback(Handler.java:938)
03-07 12:16:49.452 31540 31897 E GoogleApiManager: 	at android.os.Handler.dispatchMessage(Handler.java:99)
03-07 12:16:49.452 31540 31897 E GoogleApiManager: 	at cqiw.me(:com.google.android.gms@260834022@26.08.34 (150400-876566425):1)
03-07 12:16:49.452 31540 31897 E GoogleApiManager: 	at cqiw.dispatchMessage(:com.google.android.gms@260834022@26.08.34 (150400-876566425):5)
03-07 12:16:49.452 31540 31897 E GoogleApiManager: 	at android.os.Looper.loop(Looper.java:263)
03-07 12:16:49.452 31540 31897 E GoogleApiManager: 	at android.os.HandlerThread.run(HandlerThread.java:67)
03-07 12:16:49.455 31540 31897 W GoogleApiManager: Not showing notification since connectionResult is not user-facing: ConnectionResult{statusCode=DEVELOPER_ERROR, resolution=null, message=null, clientMethodKey=null}
03-07 12:16:49.458 31540 31885 W FlagRegistrar: Failed to register com.google.android.gms.providerinstaller#id.dana
03-07 12:16:49.458 31540 31885 W FlagRegistrar: ezvf: 17: 17: API: Phenotype.API is not available on this device. Connection failed with: ConnectionResult{statusCode=DEVELOPER_ERROR, resolution=null, message=null, clientMethodKey=null}
03-07 12:16:49.458 31540 31885 W FlagRegistrar: 	at ezvh.a(:com.google.android.gms@260834022@26.08.34 (150400-876566425):13)
03-07 12:16:49.458 31540 31885 W FlagRegistrar: 	at fvmb.d(:com.google.android.gms@260834022@26.08.34 (150400-876566425):3)
03-07 12:16:49.458 31540 31885 W FlagRegistrar: 	at fvmd.run(:com.google.android.gms@260834022@26.08.34 (150400-876566425):130)
03-07 12:16:49.458 31540 31885 W FlagRegistrar: 	at fvok.execute(:com.google.android.gms@260834022@26.08.34 (150400-876566425):1)
03-07 12:16:49.458 31540 31885 W FlagRegistrar: 	at fvml.f(:com.google.android.gms@260834022@26.08.34 (150400-876566425):1)
03-07 12:16:49.458 31540 31885 W FlagRegistrar: 	at fvml.m(:com.google.android.gms@260834022@26.08.34 (150400-876566425):99)
03-07 12:16:49.458 31540 31885 W FlagRegistrar: 	at fvml.r(:com.google.android.gms@260834022@26.08.34 (150400-876566425):17)
03-07 12:16:49.458 31540 31885 W FlagRegistrar: 	at esoc.hB(:com.google.android.gms@260834022@26.08.34 (150400-876566425):35)
03-07 12:16:49.458 31540 31885 W FlagRegistrar: 	at ehjz.run(:com.google.android.gms@260834022@26.08.34 (150400-876566425):12)
03-07 12:16:49.458 31540 31885 W FlagRegistrar: 	at fvok.execute(:com.google.android.gms@260834022@26.08.34 (150400-876566425):1)
03-07 12:16:49.458 31540 31885 W FlagRegistrar: 	at ehka.b(:com.google.android.gms@260834022@26.08.34 (150400-876566425):18)
03-07 12:16:49.458 31540 31885 W FlagRegistrar: 	at ehkp.b(:com.google.android.gms@260834022@26.08.34 (150400-876566425):34)
03-07 12:16:49.458 31540 31885 W FlagRegistrar: 	at ehkr.d(:com.google.android.gms@260834022@26.08.34 (150400-876566425):25)
03-07 12:16:49.458 31540 31885 W FlagRegistrar: 	at bcmy.c(:com.google.android.gms@260834022@26.08.34 (150400-876566425):9)
03-07 12:16:49.458 31540 31885 W FlagRegistrar: 	at bcpn.q(:com.google.android.gms@260834022@26.08.34 (150400-876566425):48)
03-07 12:16:49.458 31540 31885 W FlagRegistrar: 	at bcpn.d(:com.google.android.gms@260834022@26.08.34 (150400-876566425):10)
03-07 12:16:49.458 31540 31885 W FlagRegistrar: 	at bcpn.g(:com.google.android.gms@260834022@26.08.34 (150400-876566425):191)
03-07 12:16:49.458 31540 31885 W FlagRegistrar: 	at bcpn.onConnectionFailed(:com.google.android.gms@260834022@26.08.34 (150400-876566425):2)
03-07 12:16:49.458 31540 31885 W FlagRegistrar: 	at bcpp.run(:com.google.android.gms@260834022@26.08.34 (150400-876566425):70)
03-07 12:16:49.458 31540 31885 W FlagRegistrar: 	at android.os.Handler.handleCallback(Handler.java:938)
03-07 12:16:49.458 31540 31885 W FlagRegistrar: 	at android.os.Handler.dispatchMessage(Handler.java:99)
03-07 12:16:49.458 31540 31885 W FlagRegistrar: 	at cqiw.me(:com.google.android.gms@260834022@26.08.34 (150400-876566425):1)
03-07 12:16:49.458 31540 31885 W FlagRegistrar: 	at cqiw.dispatchMessage(:com.google.android.gms@260834022@26.08.34 (150400-876566425):5)
03-07 12:16:49.458 31540 31885 W FlagRegistrar: 	at android.os.Looper.loop(Looper.java:263)
03-07 12:16:49.458 31540 31885 W FlagRegistrar: 	at android.os.HandlerThread.run(HandlerThread.java:67)
03-07 12:16:49.458 31540 31885 W FlagRegistrar: Caused by: bclf: 17: API: Phenotype.API is not available on this device. Connection failed with: ConnectionResult{statusCode=DEVELOPER_ERROR, resolution=null, message=null, clientMethodKey=null}
03-07 12:16:49.458 31540 31885 W FlagRegistrar: 	at bdiv.a(:com.google.android.gms@260834022@26.08.34 (150400-876566425):15)
03-07 12:16:49.458 31540 31885 W FlagRegistrar: 	at bcnb.a(:com.google.android.gms@260834022@26.08.34 (150400-876566425):1)
03-07 12:16:49.458 31540 31885 W FlagRegistrar: 	at bcmy.c(:com.google.android.gms@260834022@26.08.34 (150400-876566425):5)
03-07 12:16:49.458 31540 31885 W FlagRegistrar: 	... 11 more
03-07 12:16:49.471 31540 31869 E TCBasNative: Channel establishment failed: Network error during establishment. HttpCode(1001), java.io.FileNotFoundException: https://mgs-gw.m.dana.id/.eo-sec-bot/
03-07 12:16:49.500 31540 31796 I ProviderInstaller: Installed default security provider GmsCore_OpenSSL
03-07 12:16:49.512 31498 31580 I python  : [INFO   ] [Image       ] Providers: img_tex, img_dds, img_sdl2 (img_pil, img_ffpyplayer ignored)
03-07 12:16:49.557 31540 31818 W CursorWindow: Window is full: requested allocation 3849 bytes, free space 1396 bytes, window size 2097152 bytes
03-07 12:16:49.591 31498 31580 I python  : [INFO   ] [Text        ] Provider: sdl2
03-07 12:16:49.598  6229 31743 D IHansComunication: HANS sendMessageToKernel: threadId = 485849107648, netLinkSetup = 1, type = FROZEN_TRANS, targetUid = 10650, pkgCmd = PKG_CMD_MAX
03-07 12:16:49.602  6229 31743 D IHansComunication: HANS sendMessageToKernel: threadId = 485849107648, netLinkSetup = 1, type = FROZEN_TRANS, targetUid = 10018, pkgCmd = PKG_CMD_MAX
03-07 12:16:49.701 31540 31828 V HttpTransport-HttpUrlTransport: performRequest response = {"statusCode": 200,"statusMessage": "OK","data": {"resultStatus":1002,"result":{"errorCode":"1002"},"tips":"顾客太多，客官请稍后"},"headers": {"null":["HTTP/1.1 200 OK"],"Connection":["keep-alive"],"Content-Length":["91"],"Content-Type":["text/plain;charset=UTF-8"],"Date":["Sat, 07 Mar 2026 05:16:51 GMT"],"Mgw-TraceId":["218411be177286061154783771214"],"Origin-Agent-Cluster":["?0"],"Server-Time":["1772860611547"],"Set-Cookie":["spanner=D8TQP8pnpax4CNCRcDh5X5osDLQBV8UPXt2T4qEYgj0=;path=/;secure;"],"Via":["ispanner-prod-sggz00e-904.sg113x[200]"],"X-Android-Received-Millis":["1772860609635"],"X-Android-Response-Source":["NETWORK 200"],"X-Android-Selected-Protocol":["http/1.1"],"X-Android-Sent-Millis":["1772860609581"]}}
03-07 12:16:49.701 31540 31828 I DefaultTimeSyncServiceImpl: set serverTime = 1772860611547, requestCostTime = 597
03-07 12:16:49.703 31540 31828 W Rpc-BaseRpcFacadeInvoker: Cannot invoke rpc with UrlTransport! operationType = ap.mobileprod.amcs.config.local.fetch, message = RPCException: [1002] : RpcError! traceId = 218411be177286061154783771214, resultStatus = 1002, tips = 顾客太多，客官请稍后, memo = null.
03-07 12:16:49.706 31540 31828 W ACMonitor: Cannot find iACMonitor implementation. Please setiACMonitor.
03-07 12:16:49.706 31540 31828 E HttpTransport-HttpTransportUtils: check class [okhttp3.OkHttpClient] exception: java.lang.ClassNotFoundException: okhttp3.OkHttpClient
03-07 12:16:49.707 31540 31828 W ACMonitor: Cannot find iACMonitor implementation. Please setiACMonitor.
03-07 12:16:49.708 31540 31828 D Amcs-ConfigFetchTask: [RpcFetchTask] Fetch config failed! errorCode = 1002, errorMessage = RpcError! traceId = 218411be177286061154783771214, resultStatus = 1002, tips = 顾客太多，客官请稍后, memo = null., duration = 652.
03-07 12:16:49.708 31540 31828 D Amcs-ConfigMonitor: Monitor event [config_update] with bizCode [null]
03-07 12:16:49.708 31540 31828 E ac_common_get_monitor_impl_error: Can not find any implementation for bizCode:amcslite_biz
03-07 12:16:49.708 31540 31828 W ACMonitor: Cannot find iACMonitor implementation. Please setiACMonitor.
03-07 12:16:49.708 31540 31828 E Amcs-FetchScheduler: [RpcFetchTask] Fetch failed! mCurrentTaskIndex = 0, error: errorCode = 1002, errorMessage = RpcError! traceId = 218411be177286061154783771214, resultStatus = 1002, tips = 顾客太多，客官请稍后, memo = null.
03-07 12:16:49.708 31540 31828 D Amcs-FetchScheduler: ** isRequestLimited! task = RpcFetchTask, errorCode = 1002.
03-07 12:16:49.708 31540 31828 D Amcs-ConfigMonitor: Monitor event [config_rate_limited] with bizCode [null]
03-07 12:16:49.708 31540 31828 E ac_common_get_monitor_impl_error: Can not find any implementation for bizCode:amcslite_biz
03-07 12:16:49.708 31540 31828 W ACMonitor: Cannot find iACMonitor implementation. Please setiACMonitor.
03-07 12:16:49.708 31540 31828 I Amcs-ConfigFetchAllScheduler: ** Notify all fetch tasks failed.
03-07 12:16:49.708 31540 31828 E Amcs-ConfigCenter: Cannot fetch config! errorCode = Unknown, errorMessage = All fetch tasks failed..
03-07 12:16:49.708 31540 31828 D Amcs-ConfigMonitor: Monitor event [config_total_update] with bizCode [null]
03-07 12:16:49.708 31540 31828 E ac_common_get_monitor_impl_error: Can not find any implementation for bizCode:amcslite_biz
03-07 12:16:49.708 31540 31828 W ACMonitor: Cannot find iACMonitor implementation. Please setiACMonitor.
03-07 12:16:49.708 31540 31828 D Amcs-PollingScheduler: Will stop scheduler. mCurrentTaskIndex = 0
03-07 12:16:49.708 31540 31828 W Amcs-PollingScheduler: Scheduler already canceled. will skip scheduleTask.
03-07 12:16:49.739 31540 31818 W CursorWindow: Window is full: requested allocation 10799 bytes, free space 8091 bytes, window size 2097152 bytes
03-07 12:16:49.763  1485  1485 I keystore: del USRPKEY_1998c3a3-cd41-4da7-bf70-a69ba517f1c6 10650
03-07 12:16:49.764  1485  1485 I keystore: del USRSKEY_1998c3a3-cd41-4da7-bf70-a69ba517f1c6 10650
03-07 12:16:49.765  1485  1485 I keystore: del USRCERT_1998c3a3-cd41-4da7-bf70-a69ba517f1c6 10650
03-07 12:16:49.765  1485  1485 I keystore: del CACERT_1998c3a3-cd41-4da7-bf70-a69ba517f1c6 10650
03-07 12:16:49.775   685   695 D DrmLibTime: got the req here! ret=0
03-07 12:16:49.775   685   695 D DrmLibTime: command id, time_cmd_id = 770
03-07 12:16:49.775   685   695 D DrmLibTime: time_getutcsec starts!
03-07 12:16:49.775   685   695 D DrmLibTime: QSEE Time Listener: time_getutcsec
03-07 12:16:49.775   685   695 D DrmLibTime: QSEE Time Listener: get_utc_seconds
03-07 12:16:49.775   685   695 D DrmLibTime: QSEE Time Listener: time_get_modem_time
03-07 12:16:49.775   685   695 D DrmLibTime: QSEE Time Listener: Checking if ATS_MODEM is set or not.
03-07 12:16:49.776   685   695 D QC-time-services: Lib:time_genoff_operation: pargs->base = 13
03-07 12:16:49.777   685   695 D QC-time-services: Lib:time_genoff_operation: pargs->operation = 2
03-07 12:16:49.777   685   695 D QC-time-services: Lib:time_genoff_operation: pargs->ts_val = 0
03-07 12:16:49.778   685   695 D QC-time-services: Lib:time_genoff_operation: Send to server  passed!!
03-07 12:16:49.779   906   915 D QC-time-services: Daemon: Connection accepted:time_genoff
03-07 12:16:49.780 31540 31540 I Choreographer: Skipped 76 frames!  The application may be doing too much work on its main thread.
03-07 12:16:49.784   906 31938 D QC-time-services: Daemon:Received base = 13, unit = 1, operation = 2,value = 0
03-07 12:16:49.784   906 31938 D QC-time-services: Daemon:genoff_opr: Base = 13, val = 0, operation = 2
03-07 12:16:49.784   906 31938 D QC-time-services: offset is: 1 for base: 13
03-07 12:16:49.784   685   695 E QC-time-services: Receive Passed == base = 13, unit = 1, operation = 2, result = 0
03-07 12:16:49.785   685   695 D DrmLibTime: QSEE Time Listener: ATS_MODEM is set. Try to retrieve it.
03-07 12:16:49.785   906   915 E QC-time-services: Daemon: Time-services: Waiting to acceptconnection
03-07 12:16:49.785   906   915 D QC-time-services: Daemon: Connection accepted:time_genoff
03-07 12:16:49.786   906 31939 D QC-time-services: Daemon:Received base = 13, unit = 1, operation = 1,value = 0
03-07 12:16:49.786   906 31939 D QC-time-services: Daemon:genoff_opr: Base = 13, val = 0, operation = 1
03-07 12:16:49.786   906 31939 D QC-time-services: Daemon: genoff get for 13
03-07 12:16:49.786   906 31939 D QC-time-services: Daemon:Value read from QTimer mseconds = 286823211
03-07 12:16:49.786   906 31939 D QC-time-services: Daemon:Value read from RTC mseconds on boot = 189535388000
03-07 12:16:49.786   906 31939 D QC-time-services: Daemon:Value read from QTimer mseconds = 286823211
03-07 12:16:49.786   906 31939 D QC-time-services: Daemon:Value read from generic offset = 1583038413137
03-07 12:16:49.786   906 31939 D QC-time-services: Daemon:Delta read on boot mseconds = 189535374830
03-07 12:16:49.786   906 31939 D QC-time-services: Daemon:Final Time = 1772860611178
03-07 12:16:49.786   685   695 D DrmLibTime: QSEE Time Listener: Time GenOff - seconds: 1772860611
03-07 12:16:49.786   685   695 D DrmLibTime: time_getutcsec returns 0, sec = 1772860611; nsec = 0
03-07 12:16:49.786   685   695 D DrmLibTime: time_getutcsec finished! 
03-07 12:16:49.786   906   915 E QC-time-services: Daemon: Time-services: Waiting to acceptconnection
03-07 12:16:49.787   685   695 D DrmLibTime: iotcl_continue_command finished! and return 0 
03-07 12:16:49.787   685   695 D DrmLibTime: before calling ioctl to read the next time_cmd
03-07 12:16:49.788 31498 31580 I python  : [INFO   ] [Window      ] Provider: sdl2
03-07 12:16:49.797 31498 31498 W SDLThread: type=1400 audit(0.0:213024): avc: granted { execute } for path="/data/data/com.jurnalsaham.jurnalsahamihsg/files/app/_python_bundle/site-packages/kivy/graphics/cgl_backend/cgl_glew.so" dev="sda14" ino=3684113 scontext=u:r:untrusted_app:s0:c5,c259,c512,c768 tcontext=u:object_r:app_data_file:s0:c5,c259,c512,c768 tclass=file app=com.lazada.android
03-07 12:16:49.797 31498 31498 W SDLThread: type=1400 audit(0.0:213025): avc: granted { execute } for path="/data/data/com.jurnalsaham.jurnalsahamihsg/files/app/_python_bundle/site-packages/kivy/graphics/cgl_backend/cgl_gl.so" dev="sda14" ino=3684111 scontext=u:r:untrusted_app:s0:c5,c259,c512,c768 tcontext=u:object_r:app_data_file:s0:c5,c259,c512,c768 tclass=file app=com.lazada.android
03-07 12:16:49.807 31498 31498 W SDLThread: type=1400 audit(0.0:213026): avc: granted { execute } for path="/data/data/com.jurnalsaham.jurnalsahamihsg/files/app/_python_bundle/site-packages/kivy/graphics/cgl_backend/cgl_sdl2.so" dev="sda14" ino=3684121 scontext=u:r:untrusted_app:s0:c5,c259,c512,c768 tcontext=u:object_r:app_data_file:s0:c5,c259,c512,c768 tclass=file app=com.lazada.android
03-07 12:16:49.824 31498 31580 V hidapi  : initialize(true, false)
03-07 12:16:49.829 31498 31580 E libEGL  : Invalid file path for libcolorx-loader.so
03-07 12:16:49.830 31498 31580 I chatty  : uid=10773(com.jurnalsaham.jurnalsahamihsg) com.lazada.android:channel identical 8 lines
03-07 12:16:49.830 31498 31580 E libEGL  : Invalid file path for libcolorx-loader.so
03-07 12:16:49.830 31498 31580 V SDL     : setOrientation() requestedOrientation=1 width=800 height=600 resizable=true hint=Portrait
03-07 12:16:49.831 31498 31580 E libEGL  : Invalid file path for libcolorx-loader.so
03-07 12:16:49.832 31498 31580 I SDL/APP : pixel format wanted SDL_PIXELFORMAT_RGBA8888 (1), got SDL_PIXELFORMAT_RGBA8888 (1)
03-07 12:16:49.832 31498 31580 E libEGL  : Invalid file path for libcolorx-loader.so
03-07 12:16:49.833  1823  4256 D OppoDisplayPolicy: com.jurnalsaham.jurnalsahamihsg, no change cutoutMode: 0
03-07 12:16:49.836 31498 31580 E libEGL  : Invalid file path for libcolorx-loader.so
03-07 12:16:49.838  1823  2211 D DisplayPowerController: Animating brightness: target=977.0, rate=3200.0, source= 10
03-07 12:16:49.836 31498 31580 E libEGL  : Invalid file path for libcolorx-loader.so
03-07 12:16:49.838 31498 31580 I python  : [INFO   ] [GL          ] Using the "OpenGL ES 2" graphics system
03-07 12:16:49.838 31498 31580 E libEGL  : Invalid file path for libcolorx-loader.so
03-07 12:16:49.842  1823  2211 D OplusDisplayPowerControllerFeature: RECORD:onUpdatePowerState policy:3 state:2 brightness:977
03-07 12:16:49.844  1823  2011 D PowerManagerService: setScreenBrightnessOverrideFromWindowManagerInternal brightness=NaN mScreenBrightnessOverrideFromWindowManager=NaN
03-07 12:16:49.847 31498 31580 I chatty  : uid=10773(com.jurnalsaham.jurnalsahamihsg) com.lazada.android:channel identical 127 lines
03-07 12:16:49.847 31498 31580 E libEGL  : Invalid file path for libcolorx-loader.so
03-07 12:16:49.848 31498 31580 I python  : [INFO   ] [GL          ] Backend used <sdl2>
03-07 12:16:49.849  1823  2626 W LightsService: setBrightness brightness: 33.0, brightnessMode:0
03-07 12:16:49.849 31498 31580 I python  : [INFO   ] [GL          ] OpenGL version <b'OpenGL ES 3.2 V@0502.0 (GIT@5af5ff1, Iff02ff076a, 1609853540) (Date:01/05/21)'>
03-07 12:16:49.850 31498 31580 I python  : [INFO   ] [GL          ] OpenGL vendor <b'Qualcomm'>
03-07 12:16:49.851 31498 31580 I python  : [INFO   ] [GL          ] OpenGL renderer <b'Adreno (TM) 616'>
03-07 12:16:49.851  1823  4256 D OppoDisplayPolicy: com.jurnalsaham.jurnalsahamihsg, no change cutoutMode: 0
03-07 12:16:49.852 31498 31580 I python  : [INFO   ] [GL          ] OpenGL parsed version: 3, 2
03-07 12:16:49.852 31498 31580 I python  : [INFO   ] [GL          ] Texture max size <16384>
03-07 12:16:49.852 31498 31580 I python  : [INFO   ] [GL          ] Texture max units <16>
03-07 12:16:49.858  1823  2011 D PowerManagerService: setScreenBrightnessOverrideFromWindowManagerInternal brightness=NaN mScreenBrightnessOverrideFromWindowManager=NaN
03-07 12:16:49.862  1823  2626 D OplusFeatureDCBacklight: notifySfRepaintEverything begin mCurrentDCMode:-1
03-07 12:16:49.864 30928 30998 D CompatibilityChangeReporter: Compat change id reported: 150939131; UID 10296; state: ENABLED
03-07 12:16:49.867 30928 30998 D AudioManager: getStreamVolume packageName=com.instagram.barcelona, index=5, streamType=3
03-07 12:16:49.867 32224 29126 D AudioManager: getStreamVolume packageName=com.facebook.katana, index=0, streamType=1
03-07 12:16:49.868  1823  2626 W LightsService: setBrightness brightness: 87.0, brightnessMode:0
03-07 12:16:49.877  1823  2626 D OplusFeatureDCBacklight: notifySfRepaintEverything begin mCurrentDCMode:-1
03-07 12:16:49.882 32224 29126 D AudioManager: getStreamVolume packageName=com.facebook.katana, index=0, streamType=1
03-07 12:16:49.882 30928 30998 D AudioManager: getStreamVolume packageName=com.instagram.barcelona, index=5, streamType=3
03-07 12:16:49.883  1823  2626 W LightsService: setBrightness brightness: 140.0, brightnessMode:0
03-07 12:16:49.886  1823  2626 D OplusFeatureDCBacklight: notifySfRepaintEverything begin mCurrentDCMode:-1
03-07 12:16:49.896 30928 30998 D AudioManager: getStreamVolume packageName=com.instagram.barcelona, index=5, streamType=3
03-07 12:16:49.898 32224 29126 D AudioManager: getStreamVolume packageName=com.facebook.katana, index=0, streamType=1
03-07 12:16:49.902  1823  2626 W LightsService: setBrightness brightness: 194.0, brightnessMode:0
03-07 12:16:49.903 31498 31580 I python  : [INFO   ] [Window      ] auto add sdl2 input provider
03-07 12:16:49.906 31498 31580 I python  : [INFO   ] [Window      ] virtual keyboard not allowed, single mode, not docked
03-07 12:16:49.910  1823  2626 D OplusFeatureDCBacklight: notifySfRepaintEverything begin mCurrentDCMode:-1
03-07 12:16:49.916 31540 31540 I cr_ChildProcLH: ScopedServiceBindingBatch.tryActivate: false
03-07 12:16:49.918  1823  2626 D ScreenMode: enter DC and low brightness mode:false
03-07 12:16:49.918  1823  2626 W LightsService: setBrightness brightness: 247.0, brightnessMode:0
03-07 12:16:49.919 32224 29126 D AudioManager: getStreamVolume packageName=com.facebook.katana, index=0, streamType=1
03-07 12:16:49.920 30928 30998 D AudioManager: getStreamVolume packageName=com.instagram.barcelona, index=5, streamType=3
03-07 12:16:49.920  1823  2011 D PowerManagerService: setScreenBrightnessOverrideFromWindowManagerInternal brightness=NaN mScreenBrightnessOverrideFromWindowManager=NaN
03-07 12:16:49.921  1150  1407 D DispPerfService: getHwcRefreshRate,2773, check hwc mode fail, mode=-22
03-07 12:16:49.921  1150  1407 D DispPerfService: AIRefreshRate close 0,2
03-07 12:16:49.921  1150  1150 D OppoExSurfaceFlinger: RESOLUTIONSWITCH get resolution (1080, 2340) for config 0 !
03-07 12:16:49.922  1823  2626 D OppoBaseLightsService: notifyFlingerLight color=247code=21005
03-07 12:16:49.922  1823  2626 D OplusFeatureDCBacklight: notifySfRepaintEverything begin mCurrentDCMode:-1
03-07 12:16:49.921  1150  1150 I chatty  : uid=1000(system) /system/bin/surfaceflinger identical 1 line
03-07 12:16:49.921  1150  1150 D OppoExSurfaceFlinger: RESOLUTIONSWITCH get resolution (1080, 2340) for config 0 !
03-07 12:16:49.926 32224 29126 D AudioManager: getStreamVolume packageName=com.facebook.katana, index=0, streamType=1
03-07 12:16:49.926 31540 31540 I cr_CombinedPProvider: #registerProvider() provider:WV.qk@5bf18de isPolicyCacheEnabled:false policyProvidersSize:0
03-07 12:16:49.928 30928 30998 D AudioManager: getStreamVolume packageName=com.instagram.barcelona, index=5, streamType=3
03-07 12:16:49.928 31540 31540 I cr_PolicyProvider: #setManagerAndSource() 0
03-07 12:16:49.932  1823  2626 W LightsService: setBrightness brightness: 301.0, brightnessMode:0
03-07 12:16:49.941 31540 31540 I cr_DisplayManager: Is Display Topology available: false
03-07 12:16:49.944  1823  5200 D CompatibilityChangeReporter: Compat change id reported: 135634846; UID 10650; state: DISABLED
03-07 12:16:49.945  1823  2046 D CompatibilityChangeReporter: Compat change id reported: 143937733; UID 10650; state: ENABLED
03-07 12:16:49.946 32224 29126 D AudioManager: getStreamVolume packageName=com.facebook.katana, index=0, streamType=1
03-07 12:16:49.949 30928 30998 D AudioManager: getStreamVolume packageName=com.instagram.barcelona, index=5, streamType=3
03-07 12:16:49.950  1823  2626 W LightsService: setBrightness brightness: 354.0, brightnessMode:0
03-07 12:16:49.961 32224 29126 D AudioManager: getStreamVolume packageName=com.facebook.katana, index=0, streamType=1
03-07 12:16:49.962 23320 23320 D Zygote  : Forked child process 31952
03-07 12:16:49.965  1823  2046 I ActivityManager: Start proc 31952:com.google.android.webview:sandboxed_process0:org.chromium.content.app.SandboxedProcessService0:0/u0i618 for  {id.dana/org.chromium.content.app.SandboxedProcessService0:0}
03-07 12:16:49.965  1823  2626 W LightsService: setBrightness brightness: 408.0, brightnessMode:0
03-07 12:16:49.966 30928 30998 D AudioManager: getStreamVolume packageName=com.instagram.barcelona, index=5, streamType=3
03-07 12:16:49.967 31952 31952 W Zygote  : Unable to open libbeluga.so: dlopen failed: library "libbeluga.so" not found.
03-07 12:16:49.968  1485  1485 I keystore: del USRPKEY_1998c3a3-cd41-4da7-bf70-a69ba517f1c6 10650
03-07 12:16:49.969 31498 31580 I python  : [desktop_app.py.bak] UI build: Top10 subnav includes Analisis
03-07 12:16:49.969  1485  1485 I keystore: del USRCERT_1998c3a3-cd41-4da7-bf70-a69ba517f1c6 10650
03-07 12:16:49.970 31498 31580 I python  :  Traceback (most recent call last):
03-07 12:16:49.970  1485  1485 I keystore: del CACERT_1998c3a3-cd41-4da7-bf70-a69ba517f1c6 10650
03-07 12:16:49.970 31498 31580 I python  :    File "/Users/donnytakeshi/Documents/jurnal-saham-ihsg/.buildozer/android/app/main.py", line 75, in <module>
03-07 12:16:49.971 31498 31580 I python  :    File "/Users/donnytakeshi/Documents/jurnal-saham-ihsg/.buildozer/android/app/main.py", line 71, in main
03-07 12:16:49.971 31498 31580 I python  :    File "<frozen runpy>", line 229, in run_module
03-07 12:16:49.972 31498 31580 I python  :    File "<frozen runpy>", line 88, in _run_code
03-07 12:16:49.972 31498 31580 I python  :    File "/Users/donnytakeshi/Documents/jurnal-saham-ihsg/.buildozer/android/app/desktop_app_bak.py", line 9814, in <module>
03-07 12:16:49.973 31498 31580 I python  :    File "/Users/donnytakeshi/Documents/jurnal-saham-ihsg/.buildozer/android/platform/build-arm64-v8a_armeabi-v7a/build/python-installs/jurnalsahamihsg/arm64-v8a/kivy/app.py", line 955, in run
03-07 12:16:49.973 31498 31580 I python  :    File "/Users/donnytakeshi/Documents/jurnal-saham-ihsg/.buildozer/android/platform/build-arm64-v8a_armeabi-v7a/build/python-installs/jurnalsahamihsg/arm64-v8a/kivy/app.py", line 925, in _run_prepare
03-07 12:16:49.973 31498 31580 I python  :    File "/Users/donnytakeshi/Documents/jurnal-saham-ihsg/.buildozer/android/app/desktop_app_bak.py", line 9617, in build
03-07 12:16:49.973 31498 31580 I python  :  NameError: name 'ui_dp' is not defined
03-07 12:16:49.974 31498 31580 I python  : Python for android ended.
03-07 12:16:49.979 32224 29126 D AudioManager: getStreamVolume packageName=com.facebook.katana, index=0, streamType=1
03-07 12:16:49.980 31952 31952 E ocessService0:: Unknown bits set in runtime_flags: 0x40000000
03-07 12:16:49.982  1823  2626 W LightsService: setBrightness brightness: 461.0, brightnessMode:0
03-07 12:16:49.984 30928 30998 D AudioManager: getStreamVolume packageName=com.instagram.barcelona, index=5, streamType=3
03-07 12:16:49.990 32224 29126 D AudioManager: getStreamVolume packageName=com.facebook.katana, index=0, streamType=1
03-07 12:16:49.991 31952 31952 E ocessService0:: Not starting debugger since process cannot load the jdwp agent.
03-07 12:16:49.991 30928 30998 D AudioManager: getStreamVolume packageName=com.instagram.barcelona, index=5, streamType=3
03-07 12:16:49.996 31952 31952 E RefClass: java.lang.reflect.InvocationTargetException
03-07 12:16:49.997 31952 31952 I OneTrace: Mark active for pid=31952? true
03-07 12:16:49.999  1823  2626 W LightsService: setBrightness brightness: 515.0, brightnessMode:0
03-07 12:16:50.014  1823  2008 D OplusAppBwCore: onUidImportance: 99618, 230
03-07 12:16:50.015  1134  1616 D AudioPolicyService: updateUidStates_l() allowCapture=true because of on TOP AND uses VOICE_RECOGNITION OR uses HOTWORD
03-07 12:16:50.015  1134  1616 D AudioPolicyService: updateUidStates_l() current->uid=10070 current->pid=17223 allowCapture=1 UidState=5 apmStat=1
03-07 12:16:50.015  1823  2626 W LightsService: setBrightness brightness: 568.0, brightnessMode:0
03-07 12:16:50.017 31952 31952 I oplus.android.OplusFrameworkFactoryImpl: get feature:IOplusScreenModeFeature
03-07 12:16:50.017 31952 31952 I oplus.android.OplusFrameworkFactoryImpl: getOplusScreenModeFeature
03-07 12:16:50.019 32224 29126 D AudioManager: getStreamVolume packageName=com.facebook.katana, index=0, streamType=1
03-07 12:16:50.019  1823  2537 W ActivityManager: Unable to start service Intent { cmp=com.google.android.googlequicksearchbox/com.google.android.apps.gsa.tasks.BackgroundTasksJobService (has extras) } U=0: not found
03-07 12:16:50.019 30928 30998 D AudioManager: getStreamVolume packageName=com.instagram.barcelona, index=5, streamType=3
03-07 12:16:50.019  1823  2537 D JobScheduler: Error executing JobStatus{cab19a #u0a70/-370 com.google.android.googlequicksearchbox/com.google.android.apps.gsa.tasks.BackgroundTasksJobService u=0 s=10070 TIME=-3d7h39m54s966ms:-3d7h39m54s966ms NET CHARGING PERIODIC PERSISTED READY}
03-07 12:16:50.021  1823  2537 W ActivityManager: Unable to start service Intent { cmp=com.google.android.googlequicksearchbox/com.google.android.apps.gsa.tasks.BackgroundTasksJobService (has extras) } U=0: not found
03-07 12:16:50.021  1823  2537 D JobScheduler: Error executing JobStatus{6d7a8e #u0a70/-256 com.google.android.googlequicksearchbox/com.google.android.apps.gsa.tasks.BackgroundTasksJobService u=0 s=10070 TIME=-3d7h39m54s968ms:-3d7h39m54s968ms NET CHARGING PERIODIC PERSISTED READY}
03-07 12:16:50.022  1823  2537 W ActivityManager: Unable to start service Intent { cmp=com.coloros.deepthinker/com.coloros.proton.learn.schedule.TrainJobService (has extras) } U=0: not found
03-07 12:16:50.023  1823  2537 D JobScheduler: Error executing JobStatus{e63504a #1000/648162385 com.coloros.deepthinker/com.coloros.proton.learn.schedule.TrainJobService u=0 s=1000 TIME=-3d7h39m54s940ms:-3d7h39m54s940ms PERSISTED READY}
03-07 12:16:50.024  1823  2537 W ActivityManager: Unable to start service Intent { cmp=com.coloros.phonemanager/.safejob.SafeCenterJobService (has extras) } U=0: not found
03-07 12:16:50.024  1823  2537 D JobScheduler: Error executing JobStatus{981795f #1000/2009201 com.coloros.phonemanager/.safejob.SafeCenterJobService u=0 s=10563 TIME=-3d7h39m54s963ms:-3d7h39m54s963ms PERIODIC PERSISTED READY}
03-07 12:16:50.027 32224 29126 D AudioManager: getStreamVolume packageName=com.facebook.katana, index=0, streamType=1
03-07 12:16:50.032 30928 30998 D AudioManager: getStreamVolume packageName=com.instagram.barcelona, index=5, streamType=3
03-07 12:16:50.033  1823  2626 W LightsService: setBrightness brightness: 622.0, brightnessMode:0
03-07 12:16:50.037 31952 31952 E libc    : Access denied finding property "ro.odm.prev.product.name"
03-07 12:16:50.039 31952 31952 D ApplicationLoaders: Returning zygote-cached class loader: /system/framework/android.test.base.jar
03-07 12:16:50.049  1823  2626 W LightsService: setBrightness brightness: 675.0, brightnessMode:0
03-07 12:16:50.049 30928 30998 D AudioManager: getStreamVolume packageName=com.instagram.barcelona, index=5, streamType=3
03-07 12:16:50.050 32224 29126 D AudioManager: getStreamVolume packageName=com.facebook.katana, index=0, streamType=1
03-07 12:16:50.052 31952 31952 D NetworkSecurityConfig: No Network Security Config specified, using platform default
03-07 12:16:50.052 31952 31952 D NetworkSecurityConfig: No Network Security Config specified, using platform default
03-07 12:16:50.053 31952 31952 I cr_WebViewApkApp: version=145.0.7632.120 (763212003) minSdkVersion=29 processName=com.google.android.webview:sandboxed_process0:org.chromium.content.app.SandboxedProcessService0:0 splits=<none>
03-07 12:16:50.059 31952 31952 I cr_ChildProcessService: Creating new ChildProcessService pid=31952
03-07 12:16:50.065  1823  2626 W LightsService: setBrightness brightness: 729.0, brightnessMode:0
03-07 12:16:50.067 30928 30998 D AudioManager: getStreamVolume packageName=com.instagram.barcelona, index=5, streamType=3
03-07 12:16:50.068 32224 29126 D AudioManager: getStreamVolume packageName=com.facebook.katana, index=0, streamType=1
03-07 12:16:50.080 30928 30998 D AudioManager: getStreamVolume packageName=com.instagram.barcelona, index=5, streamType=3
03-07 12:16:50.083  1823  2626 W LightsService: setBrightness brightness: 783.0, brightnessMode:0
03-07 12:16:50.083 31540 31540 I cr_CombinedPProvider: #linkNativeInternal() 1
03-07 12:16:50.085 31540 31540 I cr_AppResProvider: #getApplicationRestrictionsFromUserManager() Bundle[EMPTY_PARCEL]
03-07 12:16:50.085 31540 31540 I cr_PolicyProvider: #notifySettingsAvailable() 0
03-07 12:16:50.085 31540 31540 I cr_CombinedPProvider: #onSettingsAvailable() 0
03-07 12:16:50.085 31540 31540 I cr_CombinedPProvider: #flushPolicies()
03-07 12:16:50.087 32224 29126 D AudioManager: getStreamVolume packageName=com.facebook.katana, index=0, streamType=1
03-07 12:16:50.098 30928 30998 D AudioManager: getStreamVolume packageName=com.instagram.barcelona, index=5, streamType=3
03-07 12:16:50.098 32224 29126 D AudioManager: getStreamVolume packageName=com.facebook.katana, index=0, streamType=1
03-07 12:16:50.099  1823  2626 W LightsService: setBrightness brightness: 836.0, brightnessMode:0
03-07 12:16:50.106 32224 29126 D AudioManager: getStreamVolume packageName=com.facebook.katana, index=0, streamType=1
03-07 12:16:50.108 30928 30998 D AudioManager: getStreamVolume packageName=com.instagram.barcelona, index=5, streamType=3
03-07 12:16:50.116  1823  2626 W LightsService: setBrightness brightness: 890.0, brightnessMode:0
03-07 12:16:50.121 30928 30998 D AudioManager: getStreamVolume packageName=com.instagram.barcelona, index=5, streamType=3
03-07 12:16:50.122 32224 29126 D AudioManager: getStreamVolume packageName=com.facebook.katana, index=0, streamType=1
03-07 12:16:50.132  1823  2626 W LightsService: setBrightness brightness: 943.0, brightnessMode:0
03-07 12:16:50.143 32224 29126 D AudioManager: getStreamVolume packageName=com.facebook.katana, index=0, streamType=1
03-07 12:16:50.147 30928 30998 D AudioManager: getStreamVolume packageName=com.instagram.barcelona, index=5, streamType=3
03-07 12:16:50.149  1823  2626 W LightsService: setBrightness brightness: 977.0, brightnessMode:0
03-07 12:16:50.149  1823  2211 D DisplayPowerController: Animating brightness: target=977.0, rate=3200.0, source= 10
03-07 12:16:50.156 32224 29126 D AudioManager: getStreamVolume packageName=com.facebook.katana, index=0, streamType=1
03-07 12:16:50.160 30928 30998 D AudioManager: getStreamVolume packageName=com.instagram.barcelona, index=5, streamType=3
03-07 12:16:50.169 31498 31580 I BpBinder: onLastStrongRef automatically unlinking death recipients: <uncached descriptor>
03-07 12:16:50.181 15572 15572 I adbd    : Remote process closed the socket (on MSG_PEEK)
03-07 12:16:50.206  1823  2443 W InputDispatcher: channel '14bb1ef com.jurnalsaham.jurnalsahamihsg/org.kivy.android.PythonActivity (server)' ~ Consumer closed input channel or an error occurred.  events=0x9
03-07 12:16:50.206  1823  2443 E InputDispatcher: channel '14bb1ef com.jurnalsaham.jurnalsahamihsg/org.kivy.android.PythonActivity (server)' ~ Channel is unrecoverably broken and will be disposed!
03-07 12:16:50.207  1823  4256 D DisplayManagerService: Display listener for pid 31498 died.
03-07 12:16:50.207  1823  5657 D SensorService: ~SensorEventConnection(0x7ca4671a80)
03-07 12:16:50.207  1823  5657 D SensorService: 8 active sensors
03-07 12:16:50.207  1823  5657 D SensorService: 0: disabling handle=0x0000000b
03-07 12:16:50.207  1823  5657 D SensorService: recordConnection in cleanupConnection
03-07 12:16:50.207  1823  5657 D SensorService: SensorDevice::activate: ident=0x7ca4671a80, handle=0x0000000b, enabled=0, count=3
03-07 12:16:50.207  1823  5657 D SensorService: disable index=2
03-07 12:16:50.207  1823  5657 D SensorService: 	>>> actuating h/w batch 0x0000000b 50000000 0
03-07 12:16:50.208  1150  1150 E Layer   : [Bounds for - com.jurnalsaham.jurnalsahamihsg/org.kivy.android.PythonActivity#0] No local sync point found
03-07 12:16:50.208  1093  1093 I sensors-hal: batch:254, android.sensor.accelerometer/11, period=50000000, max_latency=0
03-07 12:16:50.208  1093  1093 I sensors-hal: batch:276, android.sensor.accelerometer/11, period=50000000, max_latency=0 request completed
03-07 12:16:50.208  1823  5657 D SensorService: activateHardware = 0
03-07 12:16:50.209  1823  5657 D SensorService: removing connection 0x7ca4671a80 for sensor[0].handle=0x0000000b
03-07 12:16:50.209  1823  5657 D SensorService: removing connection 0x7ca4671a80 for sensor[1].handle=0x00000029
03-07 12:16:50.209  1823  5657 D SensorService: removing connection 0x7ca4671a80 for sensor[2].handle=0x00000033
03-07 12:16:50.209  1823  5657 D SensorService: removing connection 0x7ca4671a80 for sensor[3].handle=0x0000005b
03-07 12:16:50.209  1823  5657 D SensorService: removing connection 0x7ca4671a80 for sensor[4].handle=0x000000ac
03-07 12:16:50.209  1823  5657 D SensorService: removing connection 0x7ca4671a80 for sensor[5].handle=0x000000bf
03-07 12:16:50.209  1823  5657 D SensorService: removing connection 0x7ca4671a80 for sensor[6].handle=0x00000110
03-07 12:16:50.209  1823  5657 D SensorService: removing connection 0x7ca4671a80 for sensor[7].handle=0x00000444
03-07 12:16:50.209  1823  5401 I WindowManager: WIN DEATH: Window{14bb1ef u0 com.jurnalsaham.jurnalsahamihsg/org.kivy.android.PythonActivity}
03-07 12:16:50.209  1823  5401 W InputDispatcher: Attempted to unregister already unregistered input channel '14bb1ef com.jurnalsaham.jurnalsahamihsg/org.kivy.android.PythonActivity (server)'
03-07 12:16:50.210  1093 10193 I sensors-hal: ssc_conn_resp_cb:672, resp_value = 0
03-07 12:16:50.211  1823  5657 I InputDispatcher: Focus left window: Window{14bb1ef u0 com.jurnalsaham.jurnalsahamihsg/org.kivy.android.PythonActivity} in display 0
03-07 12:16:50.217   919   919 I Zygote  : Process 31498 exited cleanly (255)
03-07 12:16:50.217  1823  5401 V WindowManager: Changing focus from Window{14bb1ef u0 com.jurnalsaham.jurnalsahamihsg/org.kivy.android.PythonActivity} to null,diplayid=0
03-07 12:16:50.217  1150  1150 D OppoExLayer: ~Layer() sequence=14757, name=com.jurnalsaham.jurnalsahamihsg/org.kivy.android.PythonActivity#0@0x7453aec000
03-07 12:16:50.217  1150  1150 D OppoExLayer: ~Layer() sequence=14760, name=Bounds for - com.jurnalsaham.jurnalsahamihsg/org.kivy.android.PythonActivity#0@0x7453b5f000
03-07 12:16:50.217  1150  1150 D OppoExLayer: ~Layer() sequence=14761, name=SurfaceView - com.jurnalsaham.jurnalsahamihsg/org.kivy.android.PythonActivity#0@0x747306a000
03-07 12:16:50.217  1150  1150 D OppoExLayer: ~Layer() sequence=14762, name=Background for -SurfaceView - com.jurnalsaham.jurnalsahamihsg/org.kivy.android.PythonActivity#0@0x7464eea000
03-07 12:16:50.219  1823  2150 I libprocessgroup: Successfully killed process cgroup uid 10773 pid 31498 in 10ms
03-07 12:16:50.219  1823  5401 D Theia.NoFocusWindow: FocusWindowErrorScene CheckFreezeScreen
03-07 12:16:50.219  1823  2011 D PowerManagerService: setScreenBrightnessOverrideFromWindowManagerInternal brightness=NaN mScreenBrightnessOverrideFromWindowManager=NaN
03-07 12:16:50.220  1823 22248 D TheiaSocketClient: TheiaSend receive content : 4298113028:ApplicationFGCrash:1772860610220
03-07 12:16:50.220  1823  5562 D TheiaCrashMonitor: com.jurnalsaham.jurnalsahamihsgcrash
03-07 12:16:50.220  1823  5562 I ActivityManager: Process com.jurnalsaham.jurnalsahamihsg (pid 31498) has died: fg  TOP 
03-07 12:16:50.220  1823 22248 D TheiaSocketClient: send message success
03-07 12:16:50.220  1823  5562 W ContextImpl: Calling a method in the system process without a qualified user: android.app.ContextImpl.sendBroadcast:1159 com.android.server.am.OppoExtraActivityManagerService.setKeyLockModeNormal:51 com.android.server.am.ActivityManagerService.appDiedLocked:4314 com.android.server.am.ActivityManagerService$AppDeathRecipient.binderDied:1783 android.os.IBinder$DeathRecipient.binderDied:305 
03-07 12:16:50.220  1823  3350 W ContextImpl: Calling a method in the system process without a qualified user: android.app.ContextImpl.startService:1717 com.oplus.util.OplusStatisticsImpl.startService:216 com.oplus.util.OplusStatisticsImpl.sendDataToDCS:192 com.oplus.util.OplusStatisticsImpl.onCommonSync:84 com.oplus.util.OplusStatisticsImpl$1.run:124 
03-07 12:16:50.221  1746 22337 I theia_socket: recv 4298113028:ApplicationFGCrash:1772860610220
03-07 12:16:50.221  1746 22337 I theia_socket: nowEvent is not KeyEvent
03-07 12:16:50.226  1823  5562 W ActivityTaskManager: Force removing ActivityRecord{c938218 u0 com.jurnalsaham.jurnalsahamihsg/org.kivy.android.PythonActivity t33108}: app died, no saved state
03-07 12:16:50.229  1823  5562 V ColorZoomWindowManagerService: onAnimationFinished:  r = ActivityRecord{c938218 u0 com.jurnalsaham.jurnalsahamihsg/org.kivy.android.PythonActivity t33108 f}}
03-07 12:16:50.229  1823  5562 I OplusMirageDisplayManagerService: onAnimationFinished:
03-07 12:16:50.230  1823  5562 I InputDispatcher: setFocusedApplication displayId=0 <nullptr>
03-07 12:16:50.232  1150  1150 D OppoExLayer: ~Layer() sequence=14756, name=14bb1ef com.jurnalsaham.jurnalsahamihsg/org.kivy.android.PythonActivity#0@0x7456f1b000
03-07 12:16:50.232  1823  5562 I ColorHansManager : ColorHansManager : resume pkg: com.oppo.launcher, uid:10049, prev pkg: com.jurnalsaham.jurnalsahamihsg, prev uid: 10773
03-07 12:16:50.233  1823  3138 I ColorHansManager : enter fastfreezer
03-07 12:16:50.235  1823  3138 I ColorHansManager : freeze uid: 10006 package: com.wakeup.howear reason: fastfreezer|10049 scene: FastFreezerScene
03-07 12:16:50.235  1823  5562 I InputDispatcher: setFocusedApplication displayId=0 ActivityRecord{d5fbe0b u0 com.oppo.launcher/.Launcher t2}
03-07 12:16:50.236  1823  3138 I ColorHansManager : freeze uid: 10009 package: org.zwanoo.android.speedtest reason: fastfreezer|10049 scene: FastFreezerScene
03-07 12:16:50.239  1823  3461 V DCSEX-AppSwitchManager: OnAppSwitchObserver: onAppExit , info = OplusAppExitInfo = {  targetName = com.jurnalsaham.jurnalsahamihsg hasResumingActivity = true resumingPackageName = com.oppo.launcher resumingActivityName = com.oppo.launcher.Launcher resumingWindowMode = 1 isResumingMultiApp = false isResumingFirstStart = false extension = Bundle[{taskId=2, uid=10049}]}
03-07 12:16:50.239  1823  8266 D DCSEX-AppLaunchEventRecorder: onAppSwitch from = com.jurnalsaham.jurnalsahamihsg to = com.oppo.launcher
03-07 12:16:50.239  1823  8266 D DCSEX-AppLaunchEventRecorder: recordExitApp = com.jurnalsaham.jurnalsahamihsg
03-07 12:16:50.240  1823  3138 I ColorHansManager : freeze uid: 10650 package: id.dana reason: fastfreezer|10049 scene: FastFreezerScene
03-07 12:16:50.240  1823  3461 I ColorResourcePreloadManager: resume pkg: com.oppo.launcher, uid:10049, prev pkg: com.jurnalsaham.jurnalsahamihsg, prev uid: 10773
03-07 12:16:50.241 15661 15680 W OppoGuardElf: ThermalControlUtils: mForegroundPkg=com.oppo.launcher
03-07 12:16:50.241  1823  3461 V DCSEX-AppSwitchManager: OnAppSwitchObserver: onAppEnter , info = OplusAppEnterInfo = {  windowMode = 1 targetName = com.oppo.launcher multiApp = false firstStart = false launchedFromPackage = null intent = Intent { act=android.intent.action.MAIN cat=[android.intent.category.HOME] flg=0x10000100 cmp=com.oppo.launcher/.Launcher } extension = Bundle[{taskId=2, uid=10049}]}
03-07 12:16:50.241  1823  3138 I ColorHansManager : freeze uid: 10018 package: com.google.android.apps.youtube.creator reason: fastfreezer|10049 scene: FastFreezerScene
03-07 12:16:50.242  4264 10786 D ZoomAppController: ignore onAppEnter: Invalid cvActionFlag = 0
03-07 12:16:50.242  1823  8266 E OplusTrack-ApkInfoUtil: java.lang.NullPointerException: Attempt to invoke virtual method 'java.lang.Object android.os.Bundle.get(java.lang.String)' on a null object reference
03-07 12:16:50.242  1823  8266 W System.err: java.lang.NullPointerException: Attempt to invoke virtual method 'java.lang.Object android.os.Bundle.get(java.lang.String)' on a null object reference
03-07 12:16:50.242  1823  8266 W System.err: 	at com.oplus.statistics.h.b.d(ApkInfoUtil.java:136)
03-07 12:16:50.242  1823  8266 W System.err: 	at com.oplus.statistics.b.b.a(TrackEvent.java:141)
03-07 12:16:50.242  1823  8266 W System.err: 	at com.oplus.statistics.b.b.<init>(TrackEvent.java:47)
03-07 12:16:50.242  1823  8266 W System.err: 	at com.oplus.statistics.b.a.<init>(CommonBean.java:37)
03-07 12:16:50.242  1823  8266 W System.err: 	at com.oplus.statistics.c.a(OplusTrack.java:223)
03-07 12:16:50.242  1823  8266 W System.err: 	at com.oplus.statistics.e.a.a$a.a(AppLaunchEventRecorder.java:143)
03-07 12:16:50.242  1823  8266 W System.err: 	at com.oplus.statistics.e.a.a$a.a(AppLaunchEventRecorder.java:102)
03-07 12:16:50.242  1823  8266 W System.err: 	at com.oplus.statistics.e.a.-$$Lambda$2fHLmT8JZlr5OzkT2xnqiCVdLEk.onAppSwitch(Unknown Source:2)
03-07 12:16:50.242  1823  8266 W System.err: 	at com.oplus.statistics.c.b.a(AppSwitchMonitor.java:97)
03-07 12:16:50.243  1823  8266 W System.err: 	at com.oplus.statistics.c.b.lambda$yF2sSrETF4wpk07pjuI1ubPVnB8(Unknown Source:0)
03-07 12:16:50.243  1823  8266 W System.err: 	at com.oplus.statistics.c.-$$Lambda$b$yF2sSrETF4wpk07pjuI1ubPVnB8.accept(Unknown Source:4)
03-07 12:16:50.243  1823  8266 W System.err: 	at java.util.concurrent.CopyOnWriteArrayList.forEach(CopyOnWriteArrayList.java:832)
03-07 12:16:50.243  1823  8266 W System.err: 	at com.oplus.statistics.c.b.b(AppSwitchMonitor.java:97)
03-07 12:16:50.243  1823  8266 W System.err: 	at com.oplus.statistics.c.b.lambda$fX4Hi7f3z5t3AW9aa0q-E6iGF5w(Unknown Source:0)
03-07 12:16:50.243  1823  8266 W System.err: 	at com.oplus.statistics.c.-$$Lambda$b$fX4Hi7f3z5t3AW9aa0q-E6iGF5w.run(Unknown Source:4)
03-07 12:16:50.243  1823  8266 W System.err: 	at java.util.concurrent.ThreadPoolExecutor.runWorker(ThreadPoolExecutor.java:1167)
03-07 12:16:50.243  1823  8266 W System.err: 	at java.util.concurrent.ThreadPoolExecutor$Worker.run(ThreadPoolExecutor.java:641)
03-07 12:16:50.243  1823  8266 W System.err: 	at java.lang.Thread.run(Thread.java:923)
03-07 12:16:50.243  1823  8266 W OplusTrack-TrackEvent: appId is empty
03-07 12:16:50.244  1823  3138 I ColorHansManager : freeze uid: 10152 package: com.lazada.android reason: fastfreezer|10049 scene: FastFreezerScene
03-07 12:16:50.244  1823  5562 E OppoThermalStats: Error getting package info: com.oppo.launcher
03-07 12:16:50.246  1823  5562 D OplusKeepAliveManager: TOP_APP is ProcessRecord{56fcff4 3294:com.oppo.launcher/u0a49} uid is 10049
03-07 12:16:50.250  1823  3138 I ColorHansManager : freeze uid: 10282 package: com.tokopedia.sellerapp reason: fastfreezer|10049 scene: FastFreezerScene
03-07 12:16:50.252  1823  3138 I ColorHansManager : freeze uid: 10030 package: com.shopee.id reason: fastfreezer|10049 scene: FastFreezerScene
03-07 12:16:50.254  1823  3138 I ColorHansManager : freeze uid: 10167 package: com.instagram.android reason: fastfreezer|10049 scene: FastFreezerScene
03-07 12:16:50.255  1823  3138 I ColorHansManager : freeze uid: 10296 package: com.instagram.barcelona reason: fastfreezer|10049 scene: FastFreezerScene
03-07 12:16:50.256  1823  3138 I ColorHansManager : freeze uid: 10171 package: com.ss.android.ugc.trill reason: fastfreezer|10049 scene: FastFreezerScene
03-07 12:16:50.257  1823  3138 I ColorHansManager : freeze uid: 10307 package: com.truecaller reason: fastfreezer|10049 scene: FastFreezerScene
03-07 12:16:50.258  1823  3138 I ColorHansManager : freeze uid: 10179 package: com.apps.MyXL reason: fastfreezer|10049 scene: FastFreezerScene
03-07 12:16:50.259  1823  3138 I ColorHansManager : freeze uid: 10455 package: com.facebook.katana reason: fastfreezer|10049 scene: FastFreezerScene
03-07 12:16:50.260  1216  1265 W .statistics.ro: Accessing hidden method Landroid/telephony/OplusTelephonyManager;->getInstance(Landroid/content/Context;)Landroid/telephony/OplusTelephonyManager; (blacklist, linking, denied)
03-07 12:16:50.262  1216  1265 E libc    : Access denied finding property "gsm.serial"
03-07 12:16:50.262  1216  1265 E libc    : Access denied finding property "vendor.gsm.serial"
03-07 12:16:50.264  1823  3138 I ColorHansManager : freeze uid: 10203 package: com.tokopedia.tkpd reason: fastfreezer|10049 scene: FastFreezerScene
03-07 12:16:50.265  1823  3138 I ColorHansManager : freeze uid: 10100 package: com.nearme.gamecenter reason: fastfreezer|10049 scene: FastFreezerScene
03-07 12:16:50.265  1823  3138 I ColorHansManager : freeze uid: 10613 package: com.alibaba.intl.android.apps.poseidon reason: fastfreezer|10049 scene: FastFreezerScene
03-07 12:16:50.257  1216  1216 W dcs-thread-DcsW: type=1400 audit(0.0:213027): avc: denied { read } for name="u:object_r:oplus_nw_exported_system_prop:s0" dev="tmpfs" ino=21222 scontext=u:r:priv_app:s0:c512,c768 tcontext=u:object_r:oplus_nw_exported_system_prop:s0 tclass=file permissive=0 app=com.nearme.statistics.rom
03-07 12:16:50.274  3294  3294 E Parcel  : Reading a NULL string not supported here.
03-07 12:16:50.278  3294  3294 E Parcel  : Reading a NULL string not supported here.
03-07 12:16:50.279  1823  1823 I OppoPhoneWindowManager: KeyLockModeReceiver KeyLockMode: 0 ProcessName: com.jurnalsaham.jurnalsahamihsg
03-07 12:16:50.281  1823  2008 I ColorHansManager : uid: 10773, state: F -> D
03-07 12:16:50.282  1823  2008 D OplusAppBwCore: onUidImportance: 10773, 1000
03-07 12:16:50.282  1823  2008 D OplusAppBwCore: onUidImportance: 10049, 100
03-07 12:16:50.282  1150  1150 D OppoExLayer: ~Layer() sequence=14748, name=Task=33108#0@0x74730c5000
03-07 12:16:50.282  1150  1150 D OppoExLayer: ~Layer() sequence=14749, name=ActivityRecord{c938218 u0 com.jurnalsaham.jurnalsahamihsg/org.kivy.android.PythonActivity#0@0x74730d1000
03-07 12:16:50.282  1134  2524 D AudioPolicyService: updateUidStates_l() allowCapture=true because of on TOP AND uses VOICE_RECOGNITION OR uses HOTWORD
03-07 12:16:50.282  1134  2524 D AudioPolicyService: updateUidStates_l() current->uid=10070 current->pid=17223 allowCapture=1 UidState=5 apmStat=1
03-07 12:16:50.282  1823  2011 W ActivityManager: setHasOverlayUi called on unknown pid: 31498
03-07 12:16:50.286  1823  5063 D OppoDisplayPolicy: com.oppo.launcher, change system app cutoutMode: color always
03-07 12:16:50.287  1823 15557 E ANDR-PERF-JNI: UXEngine Trigger - Returning null
03-07 12:16:50.295  1823  5063 V WindowManager: Changing focus from null to Window{6f358e8 u0 com.oppo.launcher/com.oppo.launcher.Launcher},diplayid=0
03-07 12:16:50.298  3294  3615 E Parcel  : Reading a NULL string not supported here.
